:020000040800F2
:10000000900900204D010008550100085701000823
:10001000590100085B0100085D01000800000000B4
:100020000000000000000000000000005F01000868
:10003000610100080000000063010008CD190008FC
:1000400067010008670100086701000867010008F0
:1000500067010008670100086701000867010008E0
:1000600067010008670100086701000867010008D0
:1000700067010008670100086701000867010008C0
:1000800067010008670100086701000867010008B0
:100090006701000800000000000000006701000880
:1000A0006701000867010008670100086701000890
:1000B0006701000867010008670100086701000880
:1000C0006701000867010008670100086701000870
:1000D0006701000867010008670100086701000860
:1000E00067010008670100080000000067010008C0
:1000F0006701000867010008670100086701000840
:10010000670100086701000867010008670100082F
:10011000670100086701000867010008670100081F
:10012000670100086701000867010008670100080F
:10013000DFF80CD000F03CF8004800471D1E000816
:100140009009002080F3088862B608470648804777
:1001500006480047FEE7FEE7FEE7FEE7FEE7FEE7AC
:10016000FEE7FEE7FEE7FEE7D119000831010008CF
:10017000D2B201E000F8012B491EFBD270470022E9
:10018000F6E710B513460A4604461946FFF7F0FF96
:10019000204610BD30B504460020034600E05B1C3D
:1001A000934203D2E05CCD5C401BF8D030BD000030
:1001B0001CB509480090094801900546009C06E0DE
:1001C000E06840F0010394E8070098471034AC421F
:1001D000F6D3FFF7B1FF0000FC2000081C21000847
:1001E0002DE9F0439DB00DF12C0942F21408484668
:1001F0004821C4F20208FFF7C2FF01AC20462821C3
:10020000FFF7BDFF40F22310C4F2675048F80C0C12
:1002100048F6AB10CCF6EF5048F80C0C42F63B20F9
:10022000C0F6190048F8080C46F67F60C4F65D4039
:1002300048F8080C44F25100C5F67F50C8F878021F
:1002400042F26370C4F2CE6042F25401C8F8780200
:100250000020C0F600014FF6FF7200BF51F82030B9
:100260006FF002061D68AFB287EA1547974203D0C8
:100270000136F7D302E000BF49F82050974240F022
:10028000978001301228E9D1DDE90B0100226FF3DC
:100290001F3061F31B409DF83410C0F6FF72CDE9AA
:1002A0000101DDE90E0102F1805200F00F0061F35F
:1002B00014401099039011986FF3DF2102EA004077
:1002C00008440490DDE912011A9A6FF3DF2061F30C
:1002D0001A400590DDE914011B9B00F03F0061F31B
:1002E000154006901698189900F03F000790BDF849
:1002F0005C006FF31F3340EA0140BDF864100890C2
:1003000041EA024009901C9842F2C40160F31B4389
:1003100042F29C000022C0F60000C0F600010A93E1
:1003200003E000BF01320A2A0FD050F822301D68C6
:1003300051F8226054F822703540AF42F2D01D6867
:1003400025EA060637431F60ECE7D8F8EC2142F0B7
:100350000102C8F8EC2100BF00BF00BF00BF00BF12
:1003600000BF00BF00BF00BF00BFD8F8EC2122F0E3
:100370000102C8F8EC21002250F822301B6851F825
:10038000227054F822603B409E4211D101320A2A69
:10039000F2D1D8F8000040F08040C8F80000D8F84A
:1003A000000040F00040C8F800001DB0BDE8F08338
:1003B00001F022FD002804BF002070472DE9F04322
:1003C00081B0804601F002F9002847D04FF20004C6
:1003D000CFF6FF7404F5012001F00AFB00283DD0A0
:1003E00004F58054B4F5AE2FF4D348F2000947F673
:1003F000FF6400274FF0FF35C0F60009C0F2050486
:1004000007EB0906284631464FF4807200F06AFF78
:10041000054607F5002031464FF4807201F060FC7C
:10042000E0B1A74207F58077EAD9E843C8F80000B1
:100430006A464FF400204FF4B02100F073FF68B11A
:100440000098D8F80020904208D14FF400204FF4D3
:10045000B02101F0D7F801B0BDE8F083002001B071
:10046000BDE8F0832DE9F0418846A8B148F20004C8
:10047000054600274FF0FF30C0F60004EE1BB6F52E
:10048000807F28BF4FF480763919324600F02AFF6A
:100490003744AF42F2D301E04FF0FF3080EA08006A
:1004A0000130B0FA80F04009BDE8F08148F2000C5C
:1004B000C0F6000C4EF2100EDCE90001EFF31082E2
:1004C00072B6CEF2000E00224FF0FF33CEF80020BD
:1004D000CEF80420CEF808200EEB82040132082A60
:1004E000C4F87031C4F87032F6D14EF60452CEF230
:1004F00000024FF020631360C2F804C0FFF722FE31
:10050000FEE700002DE9F04F89B0002791460D4627
:100510008346CDE90777CDE90577CDE90377CDE9C6
:10052000017701F06FF818B100F060FA20B10027F0
:10053000384609B0BDE8F08F4FF4805048F2000A09
:1005400002900B20C0F6000A089002A801A9CDF87D
:100550001CA000F077F88046D0BBCDB340F28407F2
:100560000026C2F2000700BFAC1B4FF48070B4F548
:10057000807F28BF044638464FF48071FF22FFF782
:10058000F7FD06EB0B003946224601F0F9FA70B38D
:10059000002000BF395CFF2904D10130B0F5807F15
:1005A000F8D106E006EB0A0101203A4600F0AEF968
:1005B000E8B906EB0A0039464FF48072FFF7EAFD0E
:1005C000A8B9B8F1000F03D106F58076AE42CBD3BF
:1005D00000F090F9B8F1000FA9D100F0F7FF002862
:1005E000A5D028464946FFF73DFF0746A0E700F0A3
:1005F00081F99CE710B5026A04464FF400204FF4DD
:10060000B021FFF77FFF002804BF002010BD0521A7
:100610002046E160BDE8104001F074B8B0B5044672
:1006200000F0D2FA054640F20400C2F20000007861
:10063000611C18BF044400BF00F0C6FA401BA04272
:10064000FAD3B0BD2DE9F04F81B040F26C0BC2F28D
:10065000000B9BF80020012A03D1022001B0BDE865
:10066000F08F8846016805460120B1F5006F8BF8D0
:10067000000018DA02292ED0042940F0298142F224
:100680001004C4F2020400F09FFA00F57A7600BF6D
:100690002068C50348D500F097FAB042F8D3002D82
:1006A00000F1158146E02AD0B1F5805F40F010815D
:1006B00042F21007C4F2020700F086FA00F57A76DB
:1006C0003868C40352D500F07FFAB042F8D3002C4A
:1006D00000F1FD8050E042F21007C4F2020700F082
:1006E00073FA00F57A7600BF3868C4037AD500F053
:1006F0006BFAB042F8D3002C00F1E98077E042F2C7
:100700001007C4F2020700F05FFA00F57A7600BF26
:100710003868C40340F1A38000F056FAB042F7D322
:10072000002C00F1D4809FE048F211002060002DE1
:1007300000F1CD800020CBF80400606844F2213144
:1007400040F0040060604FF00060C1F234210160AD
:1007500000F03AFA00F57A752068C00340F1C180D4
:1007600000F032FAA842F7D30320BEE048F21100AD
:100770003860002C00F1AB804FF0FF30C8F800006B
:10078000D5E9054004EBC030844280F0A0804FF0F2
:10079000FF0900BF786840F480507860C4F800908A
:1007A00000F012FA00F57A7A3868C60306D500F030
:1007B0000BFA5045F8D3032004E000BF48F21100C3
:1007C000386000207968002E21F48051796000F1B2
:1007D0008580D5E9051204F5004401EBC2318C4255
:1007E000D8D375E048F211003860002C6FD44FF078
:1007F000FF30C8F80000D5E9014004EB0020844236
:1008000065D24FF0FF0A00BF0020CBF804007868E3
:1008100040F002007860C4F800A000F0D5F900F5BF
:100820007A7900BF3868C60306D500F0CDF948458F
:10083000F8D3032004E000BF48F211003860002024
:100840007968002E21F00201796047D4D5E90112C0
:1008500004F5807401EB02218C42D5D338E048F2D4
:1008600011003860002C32D44FF0FF30C8F800007F
:10087000D5E9034004EBC020844228D24FF0FF09A1
:10088000786840F400607860C4F8009000F09CF94B
:1008900000F57A7A3868C60306D500F095F9504518
:1008A000F8D3032004E000BF48F2110038600020B4
:1008B0007968002E21F4006179600FD4D5E9031224
:1008C00004F5006401EBC2218C42D9D300E0012081
:1008D00000218BF8001001B0BDE8F08FC8F800408F
:1008E000F6E748F2110020600020616821F0040161
:1008F0006160EDE742F21400C4F20200016841F0C9
:10090000004101600068C043C00F70472DE9F0430B
:1009100081B040F26C04C2F200042078012803D1B7
:10092000022001B0BDE8F08301200B06207002D048
:1009300001B0BDE8F08342F2140588469146C4F246
:10094000020500F041F900F57A7700BF55F8040C74
:10095000C60307D500F038F9B842F7D30320002EBC
:1009600007D53EE048F2110045F8040C0020002EA7
:1009700037D42868494640F001002860EFF3108022
:10098000EFF3108372B64246002303E004323F2B9C
:100990003B460AD251F8046B5F1C3F2F1660F5D11D
:1009A0002E6846F400262E60F0E780F3108800F0F1
:1009B0000BF900F57A7700BF55F8040CC60305D58E
:1009C00000F002F9B842F7D3032004E048F2110026
:1009D00045F8040C00202968002E21F0010129604F
:1009E000A6D40021217001B0BDE8F08342F20800D6
:1009F000C4F20200C168B1F1FF3FC4BF00207047DC
:100A000040F22311C4F26751016048F6AB11CCF6F5
:100A1000EF510160C068C00F704700000A68002AEB
:100A200008BF70472DE9F04F83B000F1200341F279
:100A30000006019300F13844C4F60006072340F293
:100A4000004E4FEAB425B04208BF0423C4F2010EA1
:100A5000042D38BF4FEAB42300244FF0010C0026C8
:100A6000002700930AE000BF0A68013732FA07F353
:100A700006F1040604F1020400F09C800CFA07FA67
:100A800012EA0A08F0D04A6842F01002122A16D17F
:100A90006FF00302DDF804C002EA57025CF802B00E
:100AA00006F01C030F25D1F810909D402BEA050598
:100AB00009FA03F32B434CF802304FF0010C0322E8
:100AC000036802FA04F54A686FEA050BAB4302F0CB
:100AD0000305A5402B43122A036013D80CFA02F336
:100AE00013F0061F0ED08368CD6803EA0B03A54000
:100AF0002B4383604368C2F3001523EA0A03BD4019
:100B00002B434360C3688D6803EA0B03A5402B4366
:100B1000D200C360A8D541F21803C4F202031A68D8
:100B20004FF6144A42F001021A601A68CFF6FF7AB3
:100B300002F001020292029A27F00302724452F874
:100B40000A9006F00C050F23AB4029EA030C009B2A
:100B500003FA05F545EA0C0342F80A30DEF8009086
:100B60004B6849EA0805DA0358BF29EA0805CEF8B8
:100B70000050DEF804909A0349EA080558BF29EAB4
:100B80000805CEF80450DEF80890DA0249EA0805B4
:100B900058BF29EA0805CEF80850DEF80C204FF0BF
:100BA000010C42EA08059B0258BF22EA0805CEF86C
:100BB0000C5059E703B0BDE8F04F70471823002AE6
:100BC00008BF2823C150704740F28810C2F20000CD
:100BD0000068704740F2040040F28811C2F2000041
:100BE000C2F2000100780A681044086070470000F3
:100BF00080B5042000F05EF8032000F005F800F056
:100C00002BF8002080BD0000B0B540F20402C2F213
:100C1000000240F200011278C2F200014FF47A7330
:100C20000968B3FBF2F20446B1FBF2F1084600F0AA
:100C300043FB072C4FF001050CD858B94FF0FF309B
:100C400021460022002500F009F840F20800C2F217
:100C5000000004602846B0BD7047000010B54EF695
:100C60000C5CCEF2000CDCF80030C3F3022E8EF0E8
:100C70000704032C28BF0324BEF104034FF0FF3EFA
:100C80000EFA04F438BF0023A14399400EFA03F38F
:100C90009A43114300F1604200F00F03490102F54D
:100CA0006442043B6344002848BF03F10C02117006
:100CB00010BD00004EF60C51CEF200010A684FF64E
:100CC000FF031A4060F30A2242F0806040F0FD709A
:100CD00008607047002804BF012070474168B1F5E3
:100CE000827F1CBF0021C1612DE9F047002585628C
:100CF00090F8551029B980F85450044600F052F885
:100D00002046022180F855100168C3680A68B3F5CF
:100D1000E06F22F040020A6098BF012543F40062B0
:100D2000B2F5706F4FEA053C1CBF00258562D0E923
:100D30000154D0E9042E05F4827A03F4006304F42C
:100D40000449534402F00208D0E906674B440EF010
:100D5000010E434406F40072046A734407F0380736
:100D6000856A1A4404F080043A4405F4005522438D
:100D70002A430A600422436A02EA164203F400434B
:100D800042EA0C021A444A60CA6922F40062CA614B
:100D900000210122816580F85520BDE8F047084612
:100DA00070470000704700002DE9F04381B0044611
:100DB00040681D461746B0F5827F0E4602D1A068F6
:100DC000002869D094F85400012803D1022001B012
:100DD000BDE8F0834FF0010984F85490FFF7F4FE6A
:100DE00094F85510012955D18046002E4FF001008E
:100DF00018BF002F00F08580042084F855000020E3
:100E0000A065A663A787E7872063A086E0862168A0
:100E1000C4E91100D4E902204B68B0F5E06F23F477
:100E2000805398BF03F58053B2F5004F4B6008D153
:100E300021680A6822F040020A600A6822F48042AF
:100E40000A6021680A68520603D40A6842F0400228
:100E50000A60E18FB0F5E06F2BD8002944D06E1CFA
:100E60000BE000BF007BA16B0870A06B0130A0639A
:100E7000E08F0138E087E08FB0B320688168C90750
:100E8000F0D1FFF7A1FE002EF5D0A0EB0800A8429C
:100E9000F1D327E0022034E0042084F855002046F6
:100EA000314632463B46009500F006F901B0BDE8F8
:100EB000F083C9B16E1C09E0C068A16B21F8020B78
:100EC000A163E08F0138E087E08F68B12068816816
:100ED000C907F1D1FFF778FE002EF5D0A0EB08008E
:100EE000A842F1D303200CE020462946424600F0F8
:100EF00069FC00281CBF2020A065A06D002818BF39
:100F00000120002184F8559084F8541001B0BDE808
:100F1000F08300002DE9F04381B0044690F85400BE
:100F2000012803D1022001B0BDE8F0834FF0010891
:100F30001D460F46164684F85480FFF745FE94F888
:100F4000551001295DD18146002F4FF0010018BFD7
:100F5000002E00F0A880032084F855000020A06532
:100F60002763A686E686A063A087E087A26831464D
:100F7000B2F5004FC4E9110008D12068026822F0E0
:100F800040020260026842F4804202602068026807
:100F9000520603D4026842F04002026062680139DE
:100FA000E368B2FA82F2B1FA81F152094909B3F564
:100FB000E06F41EA020126D931B137F8021BC16066
:100FC0002763E08E0138E086E08E002841D06F1C58
:100FD0000AE000BF216B31F8022BC2602163E08E72
:100FE0000138E086E08EA0B3206881688907F1D4DB
:100FF000FFF7EAFD002FF5D0A0EB0900A842F1D3DE
:1010000025E002204FE039B139780173206B0130BF
:101010002063E08E0138E086E08ED0B16F1C0AE0DC
:10102000216B09780173206B01302063E08E013859
:10103000E086E08E68B1206881688907F0D4FFF708
:10104000C3FD002FF5D0A0EB0900A842F1D3032087
:1010500029E020464FF4C0512A464B4600F0E8FBF9
:1010600068B9204629464A4600F056FC38B9204661
:101070004FF4C0612A464B4600F0DAFB28B1A06D60
:1010800040F02000A0652020A065A06838B90020AD
:1010900000902068C1680091806800900098A06D61
:1010A000002818BF0120002184F8558084F85410CE
:1010B00001B0BDE8F08300002DE9F04381B00446A3
:1010C00090F85400012803D1022001B0BDE8F0835C
:1010D00001201E4615460F4684F85400FFF774FDA4
:1010E00094F855108146012973D1002F4FF001006B
:1010F00018BF002D00F0D580002E00F0D28094F8AB
:10110000550004281CBF052084F855000020A06568
:10111000A563E687A6872763E686C4E911002068F1
:10112000A686E1684268B1F5E06F22F4805298BF6C
:1011300002F5805242600268520603D4026842F00F
:10114000400202606268731EB2FA82F2B3FA83F35D
:10115000DDF8208052095B09B1F5E06F43EA020136
:1011600046D931B137F8021BC1602763E08E0138E0
:10117000E086012608F10105E08E10B9E08F002815
:1011800072D02068816889070CD5E18E51B1012E9B
:1011900008D1216B002631F8022BC2602163E18E59
:1011A0000139E1868168C9070AD0E18F41B1C06881
:1011B000A16B012621F8020BA163E08F0138E087C3
:1011C000FFF702FD002DD7D0A0EB09004045D3D397
:1011D00048E06068B0F5827F08D104294FF0020032
:1011E0005FD1A16800293FF480AF5AE0022058E0A7
:1011F00039B139780173206B01302063E08E0138FA
:10120000E086012608F10105E08E08B9E08F58B3A9
:101210002068816889070DD5E18E59B1012E09D169
:10122000216B002609780173206B01302063E08E6A
:101230000138E08620688168C9070BD0E18F49B189
:10124000007BA16B01260870A06B0130A063E08FCA
:101250000138E087FFF7B8FC002DD5D0A0EB0900DE
:101260004045D1D303201CE020464FF4C0514246F4
:101270004B4600F0DDFA68B9204641464A4600F088
:101280004BFB38B920464FF4C06142464B4600F054
:10129000CFFA78B1A06D40F02000A0652020A065B5
:1012A0000120012184F85510002184F8541001B068
:1012B000BDE8F0830020F4E7411E0020B0EB116F81
:1012C0001CBF012070474EF21002CEF200025160A6
:1012D0004EF62351CEF20001E0230B7007219060FF
:1012E00011607047002A08BF7047B0B548F2203E31
:1012F0004FF0000CCEF6B85E11F80C3058400023C9
:101300008EEA5004C50708BF44082046072B03F1A6
:101310000103F5D30CF1010C9445EDD1BDE8B040CB
:10132000704700002DE9F047C0B081460020B0EBC7
:10133000596F36D18A46A1B3904692B3C9F1007174
:101340008A452ED848F220344FF0FF356F46CEF64E
:10135000B85400BF5646BAF5807F28BF4FF4807658
:1013600048463946324600F00BFCE8B1002000BF89
:10137000395C4D40002100BF2A4684EA5505D30759
:1013800008BF5508072901F10101F5D30130B0422A
:10139000EED1BAEB060AB144DCD1E843C8F800004C
:1013A000012040B0BDE8F087002040B0BDE8F087E4
:1013B000002804BF002070472DE9F04794B0044690
:1013C00000F0D8FB002800F080800AAD40F202084F
:1013D00044F655694FF4801029462822CFF203487D
:1013E000C5F6490900F0CCFBC8B30A984FF0000AD3
:1013F000484536D10B98012833D10E98404530D15D
:101400000D98083810F1070F2BD310986FF4B02106
:10141000084448F20701CFF6FA71884221D348F216
:1014200020324FF0FF300021CEF6B8526B5C5840AE
:10143000002300BF064682EA5000F70708BF700885
:10144000072B03F10103F5D301312429EED11399C0
:1014500048400130B0FA80F04FEA501A01E04FF0F6
:10146000000A41F200006D46C0F210002946282211
:1014700000F086FBC8B1009848454FF0000015D138
:101480000199012912D1049941450FD103980838D7
:1014900010F1070F09D306986FF4B021084448F201
:1014A0000701CFF6FA7188422DD200204AEA0001E6
:1014B000C9070AD0BAF1000F0BD020B10C980299DD
:1014C000401A002805DD0AA804E0002014B0BDE899
:1014D000F0876846D0E900E8D0E90237D0E9046532
:1014E000D0F818C0D0E90821C069C4E90821C4E9CE
:1014F00006C00120C4E900E8C4E90237C4E9046574
:1015000014B0BDE8F08748F220324FF0FF300021E0
:10151000CEF6B8526B5C5840002300BF074682EA03
:101520005000FE0708BF7808072B03F10103F5D32D
:1015300001312429EED1099948400130B0FA80F0F8
:101540004009B3E7016844F65562C5F64902914285
:1015500017D14168012914D101690222CFF2034257
:1015600091420ED1C168083911F1070F09D3816981
:101570006FF4B022114448F20702CFF6FA7291429A
:1015800001D20020704710B548F2203E4FF0FF31E5
:101590004FF0000CCEF6B85E10F80C20514000223F
:1015A0000B468EEA5101DC0708BF5908072A02F1F1
:1015B0000102F5D30CF1010CBCF1240FECD1406A0F
:1015C00048400130B0FA80F0400910BD48F20001F7
:1015D000C0F600010A6802F16040B0F5803F4FF0AC
:1015E00000000ED812F0070218BF704748680022AA
:1015F000A0F10061A1F50041B1F5B02F38BF012283
:10160000104070472DE9F047C2B082466FF40020C9
:101610001AEA000F4FF0000070D147F6F8738946C0
:101620000839C0F20503994268D890466946504689
:10163000082200F0A5FA002854D0009901F160407A
:10164000B0F5803F4FF0000058D811F0070155D198
:10165000019A48F20003C0F600039A424ED312F0FA
:1016600001074BD022F0010009EB030290424FF03A
:10167000000043D24146B0EB5A6F3AD1B9F1000FA6
:1016800037D0CAF10072914533D848F220354FF077
:10169000FF3402AECEF6B8554F46B9F5807F28BF6D
:1016A0004FF48077504631463A4600F069FAE8B187
:1016B000002000BF315C4C40002100BF224685EA7B
:1016C0005404D30708BF5408072901F10101F5D3D9
:1016D0000130B842EED1B9EB0709BA44DCD1E2439C
:1016E000012004E0002042B0BDE8F0870020414620
:1016F000FFE7511AB1FA81F14909084042B0BDE84B
:10170000F0870000002804BF0020704770B594B037
:10171000064600F02FFA00284CD00AA8FFF748FE32
:10172000002844F655604FF00102C5F649000C99B7
:10173000C6E9000218BF4A1C0220B260CFF2034083
:1017400048F2203230614FF0FF300021CEF6B8521F
:10175000735C5840002300BF054682EA5000EC0746
:1017600008BF6808072B03F10103F5D301312429D1
:10177000EED1B168C0437062C8074FF4801504BF52
:1017800041F20005C0F21005284600F031F988B199
:1017900028463146282200F0A3FA58B16946284667
:1017A000282200F0EDF928B1694630462822FEF7DC
:1017B000F1FC10B1002014B070BD6846FFF7C2FE06
:1017C00014B070BD70B5044640681546B0F5827F10
:1017D0000E460BD1A068B0F5004F02D0B0F5806F77
:1017E00004D12068016821F04001016020463146A3
:1017F0002A4600F091F828B1A06D40F02000A065C5
:10180000032070BD6068B0F5827F0FD1A068B0F58D
:10181000004F02D0B0F5806F08D120464FF4C06170
:1018200032462B4600F004F80028E5D1002070BDB8
:101830002DE9F04F83B04FF000091E4690460D464B
:1018400083468DF80790FFF7BFF9301A00EB0807C1
:10185000FFF7BAF940F20001C2F200010968232241
:101860005143090DDBF800A079430291DAF8081022
:1018700029424DD0064608F1010404E0DBF80000DF
:101880008068284217D0B5F5C06F05D19AF80C00D2
:101890008DF807009DF80700002CEFD0FFF794F9B2
:1018A000801BB8420AD202980299002808BF074656
:1018B000481E0290E2E74FF0000929E0DBE9000151
:1018C0004268B1F5827F22F0E00242600BD1DBF882
:1018D0000810B1F5004F02D0B1F5806F03D1016857
:1018E00021F040010160DBF82810B1F5005F07D15D
:1018F000016821F400510160016841F40051016068
:1019000001208BF8550000208BF854004FF003099C
:10191000484603B0BDE8F08FF0B581B015460E46DD
:101920000446FFF751F9281A8719FFF74DF940F2DD
:101930000001C2F200010968C1F3CB317943009183
:1019400021688968090602D4002001B0F0BD05466F
:10195000013603E0206880680006F5D5002EF9D036
:10196000FFF732F9401BB84207D2009800990028CF
:1019700008BF0746481E0090ECE7D4E90001426822
:10198000B1F5827F22F0E00242600AD1A168B1F590
:10199000004F02D0B1F5806F03D1016821F0400102
:1019A0000160A16AB1F5005F07D1016821F400511F
:1019B0000160016841F400510160012084F8550084
:1019C000002084F85400032001B0F0BDFFF702B9F5
:1019D00080B5FEF705FC4EF68850CEF20000016897
:1019E00041F4700101604FF0006140F8801C80BD3F
:1019F00001460020B0EB516F5BD140F28412C2F27D
:101A000000021278D20708BF7047F0B583B0642097
:101A10000E4600F019F9002847D040F20044C4F601
:101A2000000406208DF80B0020464FF48051002260
:101A30000027FFF7C3F840F21000C2F200000DF1DA
:101A40000B0101226423FFF765FA054620464FF497
:101A500080510122FFF7B2F83DBB21208DF806002E
:101A6000300E8DF80700300C8DF80800F02000EAE9
:101A700016208DF8090020464FF4805100228DF881
:101A80000A70FFF79BF840F21000C2F200000DF15F
:101A9000060105226423FFF73DFA054620464FF470
:101AA00080510122FFF78AF825B1002003B0BDE87C
:101AB000F040704741F2883000F0C6F8F6E70000C9
:101AC00070B582B040F200449F2040F28416C4F604
:101AD00000048DF807000020C2F200068DF8060011
:101AE000ADF80400307020464FF480510122FFF71A
:101AF00065F80120FEF792FD20464FF48051002248
:101B0000FFF75CF840F21000C2F200000DF107018F
:101B100001226423FFF7FEF930B120464FF48051D3
:101B20000122FFF74BF810E040F21000C2F2000073
:101B300001A903226423FFF737F9054620464FF435
:101B400080510122FFF73AF815B1002002B070BDB4
:101B50009DF80400FF3810F1FE0F4FF0000007D38E
:101B60009DF80610192903D1642000F06DF830703B
:101B700002B070BD40F28410C2F2000000787047DD
:101B80002DE9F04782B00027B7EB506F57D11446CC
:101B9000002A54D000290D461FBF40F28411C2F222
:101BA000000109785FEAC17149D0C0F100718C422F
:101BB00045D813218DF80310010E40F200488DF82E
:101BC0000410010CC4F600088DF80510010A8DF808
:101BD00006108DF8070040464FF480510022FEF7B2
:101BE000EDFF40F21000C2F200000DF103010522EA
:101BF0006423FFF78FF918B1B0FA80F0470918E0B5
:101C000040F210094FF6FF7AC2F200094FF6FF7654
:101C1000544538BF26464846294632466423FFF7D6
:101C2000C3F8B0FA80F14FEA511710B9A41B35443C
:101C3000ECD140464FF480510122FEF7BFFF3846F9
:101C400002B0BDE8F08700002DE9F04F81B040F20E
:101C5000004A0546C4F6000AFEF7B6FF40F2100738
:101C600006464FF0050BC2F200070DF103080DF117
:101C7000020900BF50464FF4805100228DF803B096
:101C8000FEF79CFF3846414601226423FFF742F9E4
:101C9000B8B93846494601226423FFF785F804465F
:101CA00050464FF480510122FEF788FF7CB99DF821
:101CB0000200C0070FD0FEF787FF801BA842D9D3D0
:101CC00005E050464FF480510122FEF777FF0020D7
:101CD00001B0BDE8F08F012001B0BDE8F08F000039
:101CE0002DE9F04F83B00027B7EB506F0ED11446AB
:101CF00062B10E4600291FBF054640F28410C2F2B1
:101D00000000007818BF5FEAC07003D1384603B006
:101D1000BDE8F08FC5F100708442F7D840F2004B67
:101D200040F21008C4F6000BC2F20008E8B2C0F599
:101D3000807A6420544538BFA246FFF785FF00280B
:101D400057D006208DF80B0058464FF480510022E2
:101D50000027FEF733FF40460DF10B0101226423FB
:101D6000FFF7D8F8814658464FF480510122FEF71C
:101D700025FFB9F1000FC9D112208DF80600280EF9
:101D80008DF80700280C8DF80800280A8DF8090046
:101D900058464FF4805100228DF80A50FEF70EFF8E
:101DA00040460DF1060105226423FFF7B3F8D0B9D0
:101DB0001FFA8AF2404631466423FFF7ABF8074624
:101DC00058464FF480510122FEF7F8FE8FB94FF4C8
:101DD000FA70FFF739FF60B15544B4EB0A0456447A
:101DE000A4D1012792E758464FF480510122FEF713
:101DF000E5FE00278AE700004EF60C50BFF34F8F38
:101E0000CEF200000168042201F4E061C0F2FA524F
:101E100011430160BFF34F8F00BFFDE78CB041F26B
:101E200034040027C4F202040597CDE90377CDE915
:101E30000177206840F2004840F0080020602068E8
:101E4000C4F6000800F008000B900B98206808F515
:101E5000806540F01000206020684FF4005100F0D1
:101E600010000B900B98284601224FF400590126D0
:101E7000FEF7A4FECDE9019601AE28463146CDE934
:101E80000377FEF7CBFD40464FF4805101224FF41B
:101E90008055FEF793FE404631460195FEF7BEFDA4
:101EA000FEF7A6FE42F2EC00C0F6000000785828CB
:101EB00040F080800597CDE90377CDE90177206870
:101EC00001A940F008002060206800F008000B9095
:101ED0000B9854F8180C40F4804044F8180C54F84F
:101EE000180C00F480400B900B984FF46040019068
:101EF000022002900490032005904046FEF78EFDDC
:101F000040F2100043F60001C2F20000C4F20001EA
:101F10004FF482724FF4E0634FF40076082580E8B6
:101F2000860007210762C0E90337C0E90576C5616D
:101F3000C0E90A71FEF7CEFE00283DD1FFF7C0FDD3
:101F4000002839D001AC2046FFF732FA0546FFF7EA
:101F50003DFB002D31D004990139062966D8DFE810
:101F600001F0041B61565A64640000285ED0DDE96C
:101F7000071205460020FFF745FB002857D004F163
:101F80002000FEF717FA002851D00220049001A883
:101F9000FFF7B8FB002849D00799089A0020FEF700
:101FA000B1FA00283ED00320049001A8FFF7AAFB55
:101FB00037E000BFFEE700BFFEE7B8B348F200021B
:101FC000C0F600024EF21003D2E90001EFF31087D1
:101FD00072B6CEF2000300274FF0FF361F605F603D
:101FE0009F6000BF03EB87050137082FC5F87061BC
:101FF000C5F87062F6D14EF60453CEF200034FF0EE
:1020000020671F605A60FEF79DF800BFFEE748B1E9
:10201000DDE9070103E028B109994FF4B020FEF78C
:1020200021FA30B901A8FEF7E5FA10B9FEE7002D54
:10203000FCD0FEF73BFA02E008C8121F08C1002AD4
:10204000FAD170477047002001E001C1121F002A39
:10205000FBD170471051FF1F1451FF1F1851FF1F74
:102060004851FF1F4C51FF1F0056FF1F0456FF1F12
:102070000052FF1F0452FF1F4051FF1F4451FF1F1A
:102080000852FF1F2051FF1F2451FF1F2851FF1F1F
:102090002C51FF1F3051FF1F3451FF1F08220240F7
:1020A0000C22024020220240282202402422024028
:1020B0001C2202402C220240102202401422024024
:1020C00018220240FF0FFF0FFF0000000F001F004B
:1020D000FF07FF1FFF07FF073F003F003F00000013
:1020E000FFFFFFFFFFFFFFFFFF0FFF0F58494E5F8E
:1020F000504F5745525F424C5F5631002021000837
:1021000000000020100000003620000830210008E8
:102110001000002080090000462000080000000098
:1021200000127A000100000008000000000000001A
:1080000050D8002045810008653301080515010896
:1080100061330108E18C0008A1A301080000000001
:108020000000000000000000000000007D5E01086C
:1080300099CF000800000000013B0108FD65010820
:108040005F8100085F8100085F8100085F81000890
:108050005F8100085F8100085F8100085F81000880
:108060005F8100085F8100085F810008D5A20008D9
:10807000E1A20008EDA200085F8100085F8100080E
:108080005F8100085F8100085F8100085F81000850
:108090005F81000800000000000000009DCF000884
:1080A0005F8100085F8100085F8100085F81000830
:1080B0005F8100085F8100085F8100085F81000820
:1080C0005F8100085F8100085F8100085F81000810
:1080D0005F81000889A3010895A301085F8100085A
:1080E0005F8100085F810008000000005F810008D8
:1080F0005F8100085F8100085F8100085F810008E0
:108100005F8100085F8100085F8100085F810008CF
:108110005F8100085F8100085F8100085F810008BF
:108120005F8100085F8100085F8100085F810008AF
:10813000DFF80CD000F018FB00480047A5B7010895
:1081400050D800200648804706480047FEE7FEE773
:10815000FEE7FEE7FEE7FEE7FEE7FEE7FEE7FEE7F7
:1081600001660108318100082DE9F05F0546002015
:1081700092469B4688460646814640241BE0284698
:1081800041464746224600F04DFA53465A46C01A29
:10819000914110D311461846224600F034FA2D1AA8
:1081A00067EB01084F4622460120002100F02BFA20
:1081B00017EB00094E41201EA4F10104DFDC484604
:1081C00031462A464346BDE8F09F2DE9F0410024A0
:1081D000061B254671F1000605DA01240027D0EBC5
:1081E000070067EB0101161E73F1000605DA002790
:1081F000D2EB0702012567EB0303FFF7B5FF8646C5
:108200000E4617469C46AC4204D00025D0EB050E26
:1082100065EB010624B10020D2EB000760EB030CF4
:10822000704631463A466346BDE8F08100487047E3
:1082300088C3010810B50446FFF7F8FF0068005D29
:1082400000F0010010BDA0F16101192900D820380B
:10825000704710B5431A934209D28318881803E077
:1082600010F8011D03F8011D521EF9D210BD40EA9D
:1082700001039B0703D009E008C9121F08C0042AA4
:10828000FAD203E011F8013B00F8013B521EF9D28B
:1082900010BDD2B201E000F8012B491EFBD270479D
:1082A0000022F6E710B513460A4604461946FFF7C2
:1082B000F0FF204610BD10B5044604E00B7800F82E
:1082C000013B03B1491C521EF8D2204610BD421C8E
:1082D00010F8011B0029FBD1801A704710B500224D
:1082E00000E0521C835C8C5CA34201D1002BF8D1CE
:1082F000D8B2E1B2401A10BD30B5044600200346A2
:1083000000E05B1C934203D2E05CCD5C401BF8D0E4
:1083100030BD30B505460020034600E05B1C9342AB
:1083200005D2EC5CC85C201A01D1002CF6D130BD1E
:108330000FB400B58DB010A909900B9000914FF0CB
:10834000FF300A9000200C900548069005480790E1
:108350006A4609A80F9900F089F90DB05DF814FB81
:1083600089860008A78600082DE9FF5F1D464FF0AB
:10837000FF3BD5E9014691465F464FF00008A969E9
:108380007F1C01988847296A824688470028F6D1D1
:10839000BAF1FF3F0CD024F4C064002E19DD600652
:1083A00014D5BAF12B0F09D0BAF12D0F0ED103E07D
:1083B000584604B0BDE8F09F44F48064A9697F1C6E
:1083C00001988847761E8246002E02DDBAF1300FF2
:1083D00003D0B9F1000F26D032E0A969761E44F42B
:1083E00000747F1C019888478246002E05DDBAF193
:1083F000780F06D0BAF1580F03D0B9F1000F10D0A2
:108400001EE0B9F1000F02D0B9F1100F18D1A9691F
:10841000761E24F400747F1C019888478246102041
:1084200002E0082000E00A20814609E008FB090874
:10843000A969761E44F400747F1C0198884782461F
:10844000002E05DD4946504600F0FCF80028EDDA24
:10845000E96901988847A00502D46FF00100A8E7F8
:10846000E00725D1600613D5600502D5C8F10000EC
:1084700000E0404629680A1D2A600968220501D5E6
:10848000087015E0220701D5088011E008600FE0B0
:108490002868011D29600068210502D580F8008048
:1084A00006E0210702D5A0F8008001E0C0F80080B6
:1084B00038467EE72DE9FF5FD2E901A74FF00008BB
:1084C000916999461446DDF838B0464601988847C8
:1084D000054659EA0B0005D009E0A169761C019810
:1084E00088470546216A284688470028F5D1681C38
:1084F00003D05FEACA7005D015E04FF0FF3004B03A
:10850000BDE8F09F2068011D2160D0F800800AE0DE
:108510005FEACA7001D108F8015BA169761C7F1E71
:10852000019888470546002F1ADD681C18D0B9F15C
:10853000000F0DD0E81705EBD060421120F01F00AE
:1085400059F822102A1A012090400142E0D107E098
:10855000BBF1000FDCD1216A284688470028D7D01C
:10856000E16901988847BBF1000F07D1002E05DDB6
:108570005FEACA7002D1002188F80010A068B842F2
:1085800003DDBBF1000F03D017B16FF00100B6E7B8
:108590003046B4E72DE9F05F93460F468046044627
:1085A000002613F05FFCD0F80090824614F8015BBF
:1085B0002DB1FFF73BFE0068405DC007F6D12B2DC3
:1085C00002D02D2D1AD0641E0021CAF800105A4680
:1085D0003946204600F078F8014627B13868A042B5
:1085E00001D1C7F80080DAF80000022809D0CAF8E3
:1085F0000090700505D54842BDE8F09F46F48066BE
:10860000E2E70846F8E7202A04DB203A00FA02F104
:10861000002070479140C2F1200320FA03F3194370
:1086200090407047202A04DB203A21FA02F0002112
:10863000704721FA02F3D040C2F120029140084372
:10864000194670473A2800D2303820F02002412ADB
:1086500001D3A2F13700884201D34FF0FF307047B9
:10866000026811441378016018467047D1600449CC
:1086700051610449116200211161114600F08CB86A
:108680006186000835820008426842B1016811F82D
:10869000013B23B1521EC0E9001218467047012168
:1086A000C160881E704742685AB1C368016843B907
:1086B00083688B4205D0491E521CC0E9001200207D
:1086C00070474FF0FF3070472DE9F05F8246007829
:1086D000002715468B460AF10104B946302801D01F
:1086E0009DB113E014F8010B0127782803D0582816
:1086F00001D045B10AE00DB1102D07D1002710259A
:1087000014F8010B02E0082500E00A250026B04617
:108710000EE005FB080005FB06F1012701EB104602
:108720001FFA80F8B6F5803F00D3B94614F8010B64
:108730002946FFF787FF0028EBDABBF1000F05D0D1
:108740000FB1641E00E05446CBF80040B9F1000FB1
:1087500006D013F087FB02210160C81EBDE8F09F20
:1087600048EA0640FAE700001CB5094800900948AD
:1087700001900546009C06E0E06840F0010394E8A3
:10878000070098471034AC42F6D3FFF7D5FC000041
:10879000C46F0208E46F02082DE9F34F8BB04FF06D
:1087A000000801F10C000C464FF0010B46460DF19C
:1087B000080A01906269012101989047051E2DD099
:1087C000252D2CD0216A8847C0B16269012101980A
:1087D0009047216A88470028F7D1411E62690198B5
:1087E000904700E0761CA1690B988847216A88476A
:1087F0000028F7D1E1690B988847DBE7A1690B985E
:1088000088470746A84201D1761CD3E7E1690B9857
:1088100088477F1C02D1B8F1000F6FD046E10027D6
:1088200062693D463946019890472A2804D1626919
:108830000121019890470125DFF8849262690121A6
:1088400001989047A0F130010A290AD24F45E5DC92
:1088500007EB870100EB4107303FDFD445F01005FF
:10886000ECE7E90601D46FF000476C280AD04C28E9
:1088700014D0682815D06A280DD074281CD07A2806
:108880001AD01DE062690121019890476C2802D03E
:1088900045F0040514E045F002050DE045F0200523
:1088A0000AE06269012101989047682802D045F0EA
:1088B000080505E045F400656269012101989047CB
:1088C000C4E9015765283DD019DC58287AD00CDC62
:1088D000452837D004DC252826D0412831D131E085
:1088E00046282FD047282CD12CE05B2877D0612850
:1088F00028D063287CD0642823D15AE0D0E06F28A8
:1089000048D008DC66281DD067281BD0692821D0F4
:108910006E2816D127E0702845D0732868D07528B6
:1089200047D078280DD14DE0A1690B9888470546BE
:1089300025283FF469AFE1690B9888476D1C3FF427
:108940006AAFB3E023466A466FF001000B99AFF3BC
:1089500000809EE045F040006060A80723464FF08D
:10896000000236D43EE0E8077FF447AF2068011DDF
:1089700021600068290501D506701BE7290701D58C
:10898000068017E7A90703D5F117C0E9006111E7D1
:1089900006600FE745F040006060A80723464FF0EF
:1089A000080216D41EE040F60E0125EA01006060C0
:1089B00016E045F040006060A80723464FF00A0229
:1089C00007D40FE045F040006060A80708D52346B3
:1089D00010226FF001000B99AFF3008059E007E01F
:1089E000234610226FF001000B99FFF7BDFC50E009
:1089F0004FF000094F464B46632802D05B2806D053
:108A000040E0E80601D40120A06001273AE0626955
:108A10000121019890475E2805D14FF00109626954
:108A2000494601989047216939B900210A465346C1
:108A300043F82120491C0829FADBB0B3216969B940
:108A4000C11700EBD16253110AEB830122F01F0220
:108A5000821A01200B68904003430B606269012178
:108A6000019890475D28E8D1B9F1000F09D00020A6
:108A7000514651F82020D24341F82020401C0828BC
:108A8000F7DB02AB224600976FF001000B99FFF76E
:108A900011FD00280CDA401C08D1BBF1000F05D0F5
:108AA0004FF0FF300DB0BDE8F08FFFE74046F9E72B
:108AB000E90701D108F1010806444FF0000B79E6FF
:108AC000CCCCCC0CB0B5044600688168C90701D194
:108AD0000020B0BD816821F00101816005F0BAFA83
:108AE000054600BF20688068C007F1D005F0B2FAE3
:108AF000401B0328F6D3E06A40F01000E062206BD0
:108B000040F0010020630120B0BD00002DE9F043DA
:108B10009DB00DF12C0942F2140848464821C4F2D8
:108B20000208FFF7BDFB01AC20462821FFF7B8FB88
:108B300040F22310C4F2675048F80C0C48F6AB1012
:108B4000CCF6EF5048F80C0C42F63B20C0F619006A
:108B500048F8080C46F67F60C4F65D4048F8080CFB
:108B600044F25100C5F67F50C8F8780242F26370B3
:108B7000C4F2CE604CF28C31C8F878020020C0F606
:108B800001014FF6FF7200BF51F820306FF002066E
:108B90001D68AFB287EA1547974203D00136F7D375
:108BA00002E000BF49F82050974240F09780013022
:108BB0001228E9D1DDE90B0100226FF31F3061F3C8
:108BC0001B409DF83410C0F6FF72CDE90101DDE9CC
:108BD0000E0102F1805200F00F0061F31440109971
:108BE000039011986FF3DF2102EA004008440490DB
:108BF000DDE912011A9A6FF3DF2061F31A40059044
:108C0000DDE914011B9B00F03F0061F31540069065
:108C10001698189900F03F000790BDF85C006FF3BC
:108C20001F3340EA0140BDF86410089041EA024059
:108C300009901C984CF2FC3160F31B434CF2D43089
:108C40000022C0F60100C0F601010A9303E000BF54
:108C500001320A2A0FD050F822301D6851F82260E4
:108C600054F822703540AF42F2D01D6825EA06065E
:108C700037431F60ECE7D8F8EC2142F00102C8F856
:108C8000EC2100BF00BF00BF00BF00BF00BF00BF9E
:108C900000BF00BF00BFD8F8EC2122F00102C8F8E5
:108CA000EC21002250F822301B6851F8227054F851
:108CB00022603B409E4211D101320A2AF2D1D8F8FB
:108CC000000040F08040C8F80000D8F8000040F0F4
:108CD0000040C8F800001DB0BDE8F08312F050FD60
:108CE000FEE70000002808BF704710B5044640F2B8
:108CF0000900C2F200000078C0071ED040F20860F0
:108D0000C2F2000000683222C16A514348F21F5289
:108D10003231C5F2EB12A1FB02125109816305F059
:108D200099F940F22C712044C2F20001086040F22F
:108D30002870C2F2000001210170BDE810407047A8
:108D4000F0B581B006F0BCFE00284FF0000441D021
:108D50004DF68361C4F21B31A0FB0112910C44F269
:108D60004022C0F20F02904238BF0121B0FBF1F067
:108D700044F6D352C1F26202A0FB02024E1E100A58
:108D8000022140F20865022888BF110AC2F20005DC
:108D90004F1E2846042107F0E1FF28680121866262
:108DA000C762EF604462846340F20900C2F20000CF
:108DB000017040F22870C2F20000047040F22C7082
:108DC000C2F2000004602846042107F09FFFB0FAB9
:108DD00080F04409204601B0F0BD000040F2287147
:108DE000C2F200010A78012A0FD140F22C72C2F2BD
:108DF00000021268801A48BF704740F20860C2F251
:108E000000000068002282630A70704740F2090186
:108E1000C2F200010028087018BF704740F20860D5
:108E2000C2F2000000680021816340F22870C2F2A3
:108E3000000001707047000070B586B00146002048
:108E40000029CDF81300CDE90300029000F0C580A1
:108E500043F28064C2F200042078012810D143F26A
:108E60007566C2F2000630780D4660B940F20040E7
:108E7000C4F600004FF4807105F0E0F8012802D13B
:108E8000002006B070BD05F0E5F843F27862C2F24A
:108E9000000213680146C01A0A284FF00000C0F013
:108EA0009C80116030708DF8170040F268400526F4
:108EB000C2F200000DF117022A210123009605F0ED
:108EC00093FD50B940F26840C2F2000002AA2A2184
:108ED0000F23009605F086FA88B143F27460C2F25F
:108EE000000001780131CAB28A4208BF01700078DF
:108EF00003284FF0000070D3207006B070BD43F21D
:108F000074609DF80A20C2F200000021017012F086
:108F10000F0228466A7120D09DF80B109DF80C3086
:108F200001F00F0643EA062540F20A039DF80D20E2
:108F3000C2F200039DF80E401E7802F00F03032ECC
:108F400044EA03231DD0022E17D0012E0FBFC5F116
:108F5000EF051E462B46354619E043F27C62C2F20D
:108F6000000212880171028043F27E62C2F20002A6
:108F700012880321428081712EE040F23F16F31ADD
:108F800005E040F23F16761BC3F1EF053346B3F51B
:108F90009F7FC8BF40F23F13EF2D23EAE373A8BFC2
:108FA000EF2525EAE57612093F2903804680027104
:108FB00001D8012105E001F0C001402914BF0221C0
:108FC0000321817143F27C60C2F20000038043F20E
:108FD0007E60C2F200000680012006B070BD000075
:108FE000B0B540F20044C4F6000420464FF40071CE
:108FF0000022002505F028F80A2004F0A5FE2046EE
:109000004FF40071012205F01FF8322004F09CFE9D
:1090100043F27560C2F20000057043F27460C2F260
:109020000000057005F016F843F27861C2F2000105
:10903000086040F26840C2F200002A2105220523A0
:1090400005F0BEF8B0FA80F043F280614009C2F248
:1090500000010870B0BD000043F28060C2F2000061
:109060000078704743F27560C2F200000121017080
:109070007047000040F20A01C2F200010870704718
:10908000B0B543F28064C2F20004207800BB40F225
:109090006840C2F200002A2101220523012505F0C3
:1090A0008FF800284FF0000018BFB0BD43F2756183
:1090B000C2F20001087043F27461C2F2000108704C
:1090C00004F0C8FF43F27861C2F200010860257025
:1090D0000120B0BD43F2A861C2F200014A7E012A1C
:1090E00021D1B0B5D1E9021444F2402281FB000144
:1090F000C0F20F0200230025FFF767F802196FF096
:10910000004041EBE471831A75EB0103BDE8B04008
:10911000B8BF7047D2F100404FF0FF308841A8BF80
:109120004FF000421046704743F2A861C2F20001BE
:109130000A7E012A1FD110B5D1E900244AF220137A
:10914000C0F207030021C2FB003144F24022C0F20A
:109150000F0218460023FFF738F8021941EBE471BB
:109160000029BDE8104008D44FF6FF70131A71F1C2
:109170000001B8BF104680B27047002080B270472F
:10918000F0B597B0044601AF384621465822FFF7A4
:1091900060F8216845F25252DDF858C0C5F6430226
:1091A0000020914216905BD1A08805285AD1208AD0
:1091B00044F69111884255D1E088582852D148F29E
:1091C00020334FF0FF300022CEF6B853B95C484050
:1091D000002100BF054683EA5000EE0708BF68087B
:1091E000072901F10101F5D30132582AEED180EAB5
:1091F0000C0001304FF0000032D1E168B0EB114FAC
:109200002ED14CF2765E04F112024FF0FF354FF092
:10921000000CC0F6010E00241EF8043021FA03F001
:10922000C00712D032F8230068B102EB83067688BB
:10923000BCEB163F07D1002D03D432F82560B042B5
:1092400001D9002003E0012000E004202B4640F07B
:109250000400042806D101340120102C1D46DBD166
:1092600017B0F0BD002017B0F0BD0000002808BF07
:10927000704780B543F2A861C2F200016422FEF794
:10928000E8FF80BD40F21000C2F2000000687047A5
:109290002DE9F04FCDB016AE44F2402B30465821A8
:1092A000FF22C0F20F0BFF25FEF7F3FF684658219F
:1092B000FF22FEF7EEFF43F2A869C2F2000948461A
:1092C0006421FEF7EDFF44F68451C2F20001002054
:1092D000086040F20800C2F20000C9F800B0C9F806
:1092E00008B0057011F03AFE002800F086824EF2B8
:1092F0000007C0F2FF1744F24C1837A938462C2259
:10930000C5F6430811F0F0FE002842D037984045DA
:109310003FD1BDF8E0004FF0000A013801283AD8EB
:10932000BDF8E2002C2836D1BE4637AF8ECF42AD15
:109330008EC5DDE93B120DF1F40CCDE946129CE837
:10934000AC1048F2203048A93446CEF6B850ACC133
:1093500000224FF0FF3342AF4C9200BFBD5C6B4028
:10936000002500BF194680EA5303CE0708BF4B080B
:10937000072D05F10105F5D301322C2AEED183EA40
:109380000C000130B0FA80F04FEA501A26467746BA
:1093900001E04FF0000A07F580502CA92C2211F0B3
:1093A000A3FE002843D02C9840455DD1BDF8B40001
:1093B0000025013801283BD8BDF8B6002C2837D14C
:1093C00034462CAE4ECE42AD4EC5DDE93012DDE95D
:1093D000353C32AECDE9461246CE48F220304B93B2
:1093E00048ABBE46CEF6B85046C300224FF0FF331E
:1093F00042AD4C92A95C4B40002100BF1E4680EA62
:109400005303F70708BF7308072901F10101F5D3DA
:1094100001322C2AEED183EA0C000130B0FA80F040
:10942000450926467746BAF1000F04D120E0002511
:10943000BAF1000F1CD0BDF8020144F6911140F2C0
:10944000080A44F684548842C2F2000AC2F20004B8
:1094500027D1399907F5807016AAB84600F0BCFAF2
:1094600007468DB9002022E00025BAF1000FE2D1B5
:1094700040F2080A44F68454B8460027C2F2000AB3
:10948000C2F20004002DEDD0BDF8D60044F69111D3
:1094900088420BD12E9908F588506A4600F09CFA54
:1094A00005E0B8460127002DEED1DBE70120694633
:1094B00006F10C0E334607EA000601F10C021231E8
:1094C000012E03F1120637D12E9F399D45F2525CD1
:1094D000781B0128C5F6430CC0F28A80DDE93165AE
:1094E0000123C9F80860BDF8CE6027608AF8003013
:1094F000DDE92F37A9F81260BDF8B460C9E900377B
:10950000BDF8CC30C9F80C50BDF8D070BDF8D250C1
:10951000012E9DF8D460A9F81030A9F81470A9F8AC
:10952000165040F08D80002E18BF012689F8186073
:109530000026C9E902B689E04FB339AF8BCF89E87D
:109540008A00BDF8FA303D9DA9F81230BDF8E03030
:109550002060BDF8F800C9F80C50BDF8FC10BDF84B
:10956000FE509DF800710022012B8AF80020A9F816
:109570001000A9F81410A9F8165040F09480002F9C
:1095800018BF012789F81870C9E902B291E00028D4
:1095900000F033812EAF89CFC9E90037BDF8CE7016
:1095A000319EA9F81270BDF8B470206001208AF8CD
:1095B0000000329DC9F80860BDF8CC00BDF8D0307D
:1095C000BDF8D260012F9DF8D470C9F80C50A9F8ED
:1095D0001000A9F81430A9F8166040F0CE80002FD2
:1095E00018BF012789F818700027C9E902B7CAE037
:1095F00025603AAD27CDC9F80C5089E80700BDF8C1
:10960000FA00BDF8F810A9F81200BDF8E000BDF8A6
:10961000FC20BDF8FE309DF80051002701288AF893
:109620000070A9F81010A9F81420A9F8163070D10C
:10963000002D18BF012589F81850C9E902B76EE05E
:1096400006F00105C6F3400689F8185099F818503D
:1096500089F819602E409DF8D55089F81A604FF0AE
:109660000006B5B1BDF8D6509BB244F69110DB09A7
:10967000281A182B4FF00003BFB2B0FA80F088BF51
:109680000123FF094009182F88BF0126334003EA50
:10969000000600980123604589F81B6089F81C309A
:1096A00000F0A080A9E007F0010289F81820C7F3B4
:1096B000400299F8183089F819201A409DF80131B4
:1096C00089F81A204FF00002B3B1BDF8023180B220
:1096D00044F69117C009DB1B18284FF0000089B22F
:1096E000B3FA83F388BF0120C9095B09182988BF31
:1096F0000122104000EA030289F81B20169945F266
:109700005252C5F643020120914289F81C0074D1DF
:1097100030E005F00100C5F3400789F8180099F81A
:1097200018009DF8013189F8197038404FF0000792
:1097300089F81A00B3B1BDF8020189B244F6911359
:10974000C909C01A18294FF0000192B2B0FA80F08E
:1097500088BF0121D2094009182A88BF0127394052
:1097600001EA000716980121604589F81B7089F805
:109770001C1042D17246314634E007F00106C7F3AF
:10978000400789F8186099F8186089F8197037400F
:109790009DF8D56089F81A704FF00007B6B1BDF892
:1097A000D66080B244F69115C009761B18284FF098
:1097B00000009BB2B6FA86F688BF0120DB09760965
:1097C000182B88BF0127384000EA060789F81B706C
:1097D000009B45F25257C5F643070120BB4289F86A
:1097E0001C000AD110684022C9F8200009F12400A9
:1097F000FEF72FFD4DB0BDE8F08F4DB0BDE8F08F06
:109800002DE9F04F83B00029029100F0948043F2DB
:10981000A865C2F20005D5F820904CF2765A4FF0B8
:10982000FF3E0026C0F6010A4FF0FF314FF0FF3B2C
:109830004FF0FF3C4FF0FF32019100BF1AF80630A5
:1098400029FA03F7FF070BD005EB830838F8247FCC
:10985000B84207D1B8F80230029C012723801AE0F1
:10986000042718E02C46BCF1000F654648BF1D4692
:10987000002A4CBF1A46AC46874207D900275946F2
:109880009B46BEF1000F48BF9E4603E000275946A5
:109890009B460193254647F00403042B40F08D803E
:1098A0000136102ECAD1BCF1000F29D4DDE90134F4
:1098B000002B54BF1A46E646BEF1000F44BF0A46CD
:1098C000DE4605F1240101EB8E0301EB820631F83F
:1098D0002E7031F8222059887588801A491BBA1ACF
:1098E00081FB000102EBD27300294FEA63074FEAC4
:1098F000E27324D4C01941EBE771FEF766FC29E05E
:10990000EA7E012A17D1AA8A2B8AE98A6D8AC01AAF
:10991000491BD21A029C81FB000102EBD273002981
:109920004FEA63074FEAE27328D4C01941EBE771AD
:10993000FEF74BFC2DE0002003B0BDE8F08FFE17D2
:10994000381A66EB0101FEF740FC40424FF000027E
:1099500062EB0101401951F1000140F6FF7248BF6E
:10996000002021EAE171831A71F100014FF000013A
:10997000B8BF0121002908BF10461DE0FE17381AA4
:1099800066EB0101FEF721FC40424FF0000262EB62
:109990000101421940F6FF7041F10001131A71F103
:1099A00000034FF00003B8BF0123002B1CBF10467B
:1099B0000B46002B48BF00202080012003B0BDE8EB
:1099C000F08F00000F288FBF00204CF28651C0F6A8
:1099D000010131F8100070472DE9F04FBFB028AFFA
:1099E0001446894639465C2211F07EFB002800F0BF
:1099F000EC80289D681C17D0BDF8A460052E1AD1F4
:109A000028A920465822FEF724FC2046FFF7B8FB81
:109A1000002800F0DA80A068A0EB0900B0FA80F01E
:109A200040093FB0BDE8F08F4FF0FF3020600120CB
:109A30003FB0BDE8F08F0DF15C0840464421FEF7D1
:109A40002FFC042E4FF000005AD0032E40F004816A
:109A500002AF28A938465422FEF7FBFB029845F2D4
:109A60005252C5F643025040BDF80E20049992B2FE
:109A700082F05402104381EA09010843DDF858E0FE
:109A8000B0FA80F04FF0000A4FEA501CCDF858A011
:109A900073D148F22031BDF814B0BDF816A0CEF64F
:109AA000B8514FF0FF320023F85C4240002000BF65
:109AB000164681EA5202F50708BF7208072800F12E
:109AC0000100F5D30133542BEED12CABD5430FCB92
:109AD00017AE0FC6DDE9300132AFCDE91B01CFCFA4
:109AE00020931F923B9A38AB1E911D900BCB269270
:109AF00023AA229721960BC2BCF1000F40D164E04B
:109B000045F252522A993E9BC5F6430295423E9039
:109B100040F0A280BDF8A6205C2A40F09D80494517
:109B200040F09A80DDF8ACB0B0EB5B4F40F0948031
:109B300048F22030BDF8B0A0CEF6B8504FF0FF315B
:109B400000220193BB5C5940002300BF0E4680EA0F
:109B50005101F50708BF7108072B03F10103F5D385
:109B600001325C2AEED1CD4307F1120117A844223D
:109B7000FEF76FFBDDF804E002E0BCF1000F24D03B
:109B800075454FF0000067D144F691118A4563D1C5
:109B900020465821FEF784FB45F252500521C5F6B8
:109BA0004300C0F2580142F6E86E4CF2865784E852
:109BB000030204F112010022C0F6020EC0F60107F2
:109BC0004FF0010CA4F810A00EE000203FB0BDE85B
:109BD000F08F336841F82030E3680CFA00F0184346
:109BE000E0600132112A19D02BFA02F0C007F8D038
:109BF00038F8220000284FF000002DD008EB820634
:109C00007388B0EB133F27D13EF8123037F810506D
:109C1000AB42DED001301028F8D1E2E748F2203222
:109C20004FF0FF300021CEF6B85200BF635C5840C1
:109C3000002300BF074682EA5000FE0708BF7808ED
:109C4000072B03F10103F5D301315829EED1C043AD
:109C500060652046FFF794FA3FB0BDE8F08F000042
:109C6000002848D0016844F24C12C5F643029142E4
:109C700041D18188013901293DD80146C0882C286D
:109C80004FF0000018BF7047F0B58BB091E80C5052
:109C900001F110078DE80C5001F1200C9CE80C102C
:109CA000F0CF48F22031CDE908234FF0FF32EE46E5
:109CB000CEF6B851CDE90445CDE906670A9000BF5C
:109CC0001EF800305A400023144681EA5202E5078C
:109CD00008BF6208072B03F10103F5D301302C28DC
:109CE000EED182EA0C000130B0FA80F040090BB0EE
:109CF000BDE8F040704700207047000010B543F207
:109D0000A864C2F2000420466421FEF7C9FA44F2B6
:109D10004020C0F20F002060A06010BD2DE9F04F80
:109D2000C3B040F2100946F6DE30C2F20009C0F6B8
:109D3000020038AC48F22036C9F8000020462C2139
:109D4000CEF6B856FEF7ACFA44F24C1044F68458FE
:109D5000C5F64300C2F2000838900220D8F800107F
:109D600043F2A86BC0F22C00C2F2000B39904D1CDC
:109D70009BE80F000DF1EC0C8CE80700BBF810001D
:109D8000BBF81610ADF8FC00DBF81200ADF80211BC
:109D9000CDF8FE009BF818009BF819109BF81B20CB
:109DA00061F341008DF8040144F69110ADF806010D
:109DB00000204FF0FF313A953E938DF805214290F7
:109DC000225C5140002200BF0B4686EA5101DF07AA
:109DD00008BF5908072A02F10102F5D301302C28E7
:109DE000EED1C8430DF15C0A429050465821FEF76F
:109DF00057FA45F25250C5F6430017900520DBF89C
:109E00002070C0F25800189044F69110CDE919570F
:109E10000AF11205ADF86C000BF12401284640222E
:109E2000FEF717FA4FF0000CBCEB174F6FD14CF256
:109E3000765E4FF0FF30C0F6010E00221EF80230B1
:109E400027FA03F4E40713D035F8234074B105EB87
:109E500083014988BCEB113F08D1002803D435F8B1
:109E600020108C4202D9002404E000BF012400E04D
:109E70000424034644F00400042848D10132102A87
:109E80001846DBD14FF0FF30002100BF1AF8012047
:109E900050400022034686EA5000DF0708BF5808FA
:109EA000072A02F10102F5D301315829EED1C0434E
:109EB0002C9011F013F910B911F050F898B340F24A
:109EC000080AC2F2000A9AF800604EF20004C0F2DA
:109ED000FF14002E08BF04F58054204610F0BAFE8F
:109EE000F8B144F4807517A92846582211F0B2FA47
:109EF000D8B101A92846582211F0F6F8B8B117A830
:109F000001A95822FEF7F8F998B141A003E046F6FE
:109F10008C50C0F60200C9F80000002043B0BDE834
:109F2000F08F29A0F7E723A0F5E72CA0F3E732A0F4
:109F3000F1E701A8FFF724F9B0B138A920462C2297
:109F400011F088FAA8B12DA920462C2211F0CCF8E6
:109F5000A0B138A82DA92C22FEF7CEF998B146F66B
:109F6000A150C0F60200D6E746F6DB50C0F602006C
:109F7000D1E746F67250C0F60200CCE746F65950DB
:109F8000C0F60200C7E72DA8FFF76AFE68B1B6FA6F
:109F900086F040093A998AF800000120C8F80010BC
:109FA0008BF81C0043B0BDE8F08F46F6C050C0F6F9
:109FB0000200B0E7464C4153485F494E49545F4662
:109FC00041494C4544000000464C4153485F4552CE
:109FD0004153455F4641494C45440000464C41537E
:109FE000485F43555256455F57524954455F464175
:109FF000494C454400000000464C4153485F4355DE
:10A000005256455F524541445F4641494C454400E4
:10A01000464C4153485F43555256455F5245414473
:10A020004241434B5F4D49534D415443480000006A
:10A030002DE9F0479AB043F2A864C2F20004054645
:10A0400001A821466422FEF704F9A76843F2C05133
:10A050006FF07400C9F29E5146F6813244F684587E
:10A0600040F20809C7FB0510C2F63C32C2F20008F4
:10A07000C2F20009891AD8F800A099F800606FF0C0
:10A08000E80188410FD243F2A860C2F2000001A9A2
:10A090006422FEF7DEF80020C8F800A089F800600E
:10A0A0001AB0BDE8F0874BF6C05287FB0501CFF62A
:10A0B000F0724FF0FF33FEF788F8A7F52A2142F23D
:10A0C000C072A1F56661C0F209029142DBD800F5C9
:10A0D000F42144F2402201F59071C0F20F02914246
:10A0E000D1D8E0600120217E60760020A176207723
:10A0F000FFF714FE014601200029C4D0D0E700007C
:10A10000F0B599B043F2A864C2F2000416460F46B7
:10A110000546684621466422FEF79BF8102D06D3BB
:10A1200040F21000C2F2000029A101604DE004EBF2
:10A1300085008784C6840120216AA84008434FF027
:10A14000000CBCEB104F20622ED14CF276524FF037
:10A15000FF36C0F601020023D75C20FA07F1C907D9
:10A1600014D004EB870131F8245F6DB14988BCEB52
:10A17000113F09D1002E04D404EB8601898C8D4255
:10A1800002D900253E4602E0012500E0042545F005
:10A190000401042908D10133102BDDD1FFF7BEFDE6
:10A1A00058B1012019B0F0BD40F2100046F68C51B4
:10A1B000C2F20000C0F60201016043F2A860C2F2E0
:10A1C000000069466422FEF744F8002019B0F0BD93
:10A1D000504F494E545F494E44455800A0F52A223D
:10A1E00042F2C173A2F56662C0F209039A4201F518
:10A1F000F42303F5907C44F241234FF00002C0F2B7
:10A200000F0338BF01229C454FF0000338BF0123E4
:10A210001A40012A4FF0000C0BD143F2A863C2F29E
:10A220000003C3E90201197E01205876997683F86C
:10A230001CC01046704700008446B0F5486F4FF0D0
:10A2400000001CD3B2F5FA4F19D8994217D994459A
:10A2500028BF704710B543EA010E0024B4EB1E3F3F
:10A260000BD143F2A864C2F200040120A4F810C08C
:10A270006182A282E382A4F81B00BDE8104070470F
:10A28000A0F52A2242F2C173A2F56662C0F2090368
:10A290009A424FF0000201F2DC5C40F6B93338BF5D
:10A2A00001229C454FF0000338BF01231A40012AC8
:10A2B0004FF0000C0BD143F2A863C2F20003C3E9D4
:10A2C0000001597E01201876997683F81CC010464B
:10A2D0007047000040F29C30C2F2000003F064BB03
:10A2E00040F2E030C2F2000003F05EBB40F22440D6
:10A2F000C2F2000003F058BB2DE9F04FADF20C4D57
:10A30000DDF834B4DDF830849A4617460E468146AF
:10A3100001E000BF013630782028FBD00928F9D0B1
:10A320003046FDF7D4FF012806EB00010BDB0846A1
:10A3300003E000BFB042014606D910F8012D202AE3
:10A34000F8D0092AF6D00846002505703078002894
:10A3500001F0948008AC2046314640F2BF12FDF770
:10A36000AAFF9DF820008DF8DF5140B1013C00BFED
:10A37000FDF769FF04F8010F60780028F8D108980C
:10A3800044F65011C2F24401884200F0EC800FF60E
:10A39000C06108A80A22FDF7AFFF002800F0FF8087
:10A3A00009F0ACFF002847D0089844F25351C2F29C
:10A3B0005401884200F0288146F2FD61C0F6020196
:10A3C00008A80322FDF798FF002800F01D810FF672
:10A3D0008C6108A80822FDF78FFF002800F0148187
:10A3E00046F69201C0F6020108A80922FDF784FF93
:10A3F000002800F0098146F66821C0F6020108A88D
:10A400000A22FDF779FF002800F0FE8046F6701161
:10A41000C0F6020108A80722FDF76EFF002800F031
:10A42000F38046F21271C0F6020108A80622FDF779
:10A4300063FF002800F0E88010F0BAF900B346F29C
:10A44000FD61C0F6020108A80322FDF755FF0028B0
:10A4500000F0228146F69201C0F6020108A8092206
:10A46000FDF74AFF002800F0178146F66821C0F684
:10A47000020108A80A22FDF73FFF002800F00C8126
:10A4800046F2FD61C0F6020108A80322FDF734FF81
:10A49000002800F0218146F60511C0F6020108A847
:10A4A0000522FDF729FF002800F07F8146F677118D
:10A4B000C0F6020108A80522FDF71EFF002800F0E3
:10A4C0006D810FF6A45108A80922FDF715FF002899
:10A4D00000F0648146F63621C0F6020108A8072282
:10A4E000FDF70AFF002800F018820FF6885108A82F
:10A4F0000B22FDF701FF002800F00F820FF68051BC
:10A5000008A80522FDF7F8FE002800F006820FF6E5
:10A51000785108A8DAAA01F015FB78B90FF6705146
:10A5200008A8DAAA01F00EFB40B90FF6705108A88E
:10A53000DAAA01F007FB002800F0B485DA9847F6A4
:10A54000015148F67E72411ACFF6FF72914200F235
:10A55000A18446F6F02146F6D922C0F60201C0F6E3
:10A56000020200F088BF99F8970D012862D199F88E
:10A57000940DB9F8902D8DF8940244F64D70C4F204
:10A580004450CDF8990244F24410C5F643700027B8
:10A590000926CDF89502A5AB4846032194E082AE8A
:10A5A0003046FEF763FE46F64521C0F6020108A8D4
:10A5B0000E22FDF7A1FE002854D046F2D86108AC67
:10A5C000C0F6020120460E22FDF796FE002840F05C
:10A5D000B28104F10D0700BF17F8014F202CFBD00A
:10A5E000FDF724FE0068005D202840F0A481A5A9A5
:10A5F00038460A22FDF7CEFFA59900BF0A78202A27
:10A6000040F0E2800131F9E799F8970D01281CD15B
:10A6100099F8940DA5AC46F67C718DF89402601CF7
:10A62000C0F602011122FDF714FEB9F8902D0027A3
:10A63000122646E046F61B0746F2CD32C0F6020768
:10A64000C0F602020FF6644370E246F67C77C0F66D
:10A65000020746F2CD3246F69523C0F60202C0F656
:10A66000020363E299F8970D012840F081800520EC
:10A670008DF894028A989DF82412CDF89502102046
:10A68000B9F8902D8DF899128DF89A0200270726B7
:10A69000A5AB4846072117E099F8970D012870D11E
:10A6A00099F8940DA5AC46F6A4718DF89402601C3F
:10A6B000C0F602011322FDF7CCFDB9F8902D00275A
:10A6C0001426484603212346CDE9006702F012F91B
:10A6D0000DF20C4DBDE8F08F46F60221C0F60201E6
:10A6E00008A80A22FDF708FE002800F0928046F62E
:10A6F00016310DF25B37D7AEC0F6020108A8D9AA11
:10A70000D8ABCDE90067FDF713FE032840F0B48015
:10A7100078A80EF00DFE43F63464C2F200042068FF
:10A72000002818BF484540F09B8209F029F900280D
:10A7300000F0B48299F8970D012840F0558399F8FC
:10A74000940D8DF8680344F25350C5F25330CDF8A0
:10A75000690344F64970C5F64E70CDF86D0344F2B6
:10A760004130C4F65410CDF8710344F2565065E3FD
:10A770008A9B9DF8247246F27E22C0F60202DAAC71
:10A78000D5E146F6A47746F2CD3246F62F13C0F651
:10A790000207C0F60202C0F60203C7E1484602F013
:10A7A00007F80DF20C4DBDE8F08F46F6051146F6A0
:10A7B0001C12C0F60201C0F60202484601F0D8FEA3
:10A7C0000DF20C4DBDE8F08F002A40F0B38099F8EF
:10A7D000971D0F28D99040F2F281002900F09C8249
:10A7E00099F8940DB9F8902D8DF8940244F64960CB
:10A7F000C4F24450CDF8950245F65870C5F6307055
:10A80000CDF8990243F23150ADF89D0200270B2696
:10A81000C1E69BA809F0A4F8DDE99B739DF87D6271
:10A8200046F6823282ADC0F6020228464021CDE9CA
:10A83000007611F0FDFA99F8970D012840F0B281E9
:10A8400099F8940D82AC8DF868032046FDF73FFD22
:10A8500085B2DAAE701CA02D28BFA02521462A465D
:10A86000FDF7F7FCB9F8902D6F1C00254846022132
:10A870003346CDE9007529E746F2B76108ADC0F669
:10A88000020128460822FDF737FD002800F0D68196
:10A8900046F60D01C0F6020108A80722FDF72CFDBF
:10A8A000002800F01E8246F60431C0F6020108A816
:10A8B0000922FDF721FD002800F09B8246F6AF211A
:10A8C000C0F6020108A80922FDF716FD002800F0D5
:10A8D000208399F8970D012840F0828399F8940D10
:10A8E000B9F8902D8DF8680345F25530C5F64570DE
:10A8F000CDF8690345F24670C5F25F30CDF86D03BF
:10A9000044F25410C5F25450CDF8710353208DF821
:10A91000750300270E26DAAB3EE600264846394688
:10A9200052464346CDE900B602F052F80DF20C4D06
:10A93000BDE8F08FA59146F6F111C0F6020108A816
:10A940001122FDF7D9FCB8B346F69011C0F602010A
:10A9500008A80F22FDF7D0FC002852D009F010F80B
:10A9600020B90FF025FF002800F0EF8099F8970D2F
:10A97000012840F0CA8099F8940DB9F8902D8DF80F
:10A98000940244F64640C5F24130CDF8950245F6B2
:10A990004870C5F24250CDF8990245F65310C5F201
:10A9A0005F20CDF89D0245F24540C5F65210CDF826
:10A9B000A10200271126EEE599F8970D012872D122
:10A9C000A5A809F0D9FB09F099FC43F28161C2F214
:10A9D000000109788DF86C0208468DF86D12FEF7BB
:10A9E000F1FFBDF89612BAF1000F4FF00004ADF878
:10A9F0006E02ADF8701200F0BD80BAF83400010AA2
:10AA0000BAE0002000240FF069FB09F017FB43F2C5
:10AA10009465C2F20005287801281FD109F06EFC68
:10AA2000E0B99BA80EF084FCA5A809F0A5FB9DF851
:10AA3000740298B99DF8990280B943F28866C2F20F
:10AA4000000630880FF060FC70880FF01DFB43F2A9
:10AA500084610020C2F200012870086099F8970D07
:10AA600043F28461C2F2000101280C6052D199F8CE
:10AA7000940DB9F8902D8DF8940245F24F50C5F21F
:10AA80005400CDF8950245F25540C4F65F70CDF8FC
:10AA9000990244F24660ADF89D0200270B26A5AB53
:10AAA0004846022110E69BA809F066FB09F026FC47
:10AAB00043F28161C2F200010F7804463846FEF786
:10AAC00081FF0794BDF86EB2BAF1000F064614BFBD
:10AAD000BAF834804FF00008504609F089FA9DF822
:10AAE00070120446084609F01FFB0546049446F21E
:10AAF0001542A5AC079BCDE90076CDE902B8C0F6BA
:10AB000002022046B021059514E046F69077C0F683
:10AB100002079EE546F63C7746F2B53246F69F13AD
:10AB2000C0F60207C0F60202C0F60203A5AC20463A
:10AB3000A021009711F07CF948462146002202F03E
:10AB4000A3F90DF20C4DBDE8F08F09F0D7FB43F2ED
:10AB500084640028C2F2000453D02068814550D09C
:10AB600046F6952146F6C122C0F60201C0F6020261
:10AB700000F081BC002000218DF8720250468DF853
:10AB8000731209F035FA8DF874029DF89802B9F83D
:10AB9000902D0A278DF875029BAB48460921CDE917
:10ABA000007493E546F2B53246F63323DAACC0F6CC
:10ABB0000202C0F602032046A0210095BAE7002950
:10ABC00000F0B7808DF89402C0B2FEF7FBFE8A99C0
:10ABD000D99AADF8950221FA02F000F0010006EBD7
:10ABE0008201496A8DF897029DF82402B9F8902DE8
:10ABF000A6918DF89C0200270926A5AB484608219E
:10AC000062E546F2EC61C0F6020108A8D9AA00F09C
:10AC100099FF002800F0B18078A809F0ADFA9DF8FE
:10AC2000E401002800F0AD8146F69F21C0F6020144
:10AC300046F6AE12C0F6020200F01DBC43F63460C8
:10AC4000C2F200000068484500F0018199F8970DB4
:10AC5000012800F0DB8046F64877C0F60207F2E1F3
:10AC600099F8970D012840F0BA8099F8940DB9F839
:10AC7000902D8DF8680344F64C10C4F64E30CDF894
:10AC8000690344F25F20C5F25530CDF86D035920B9
:10AC90008DF8710300270A26DAAB7DE4B8F1000FC6
:10ACA00008D09DF8E801C00704D198F805000128F4
:10ACB00040F0518199F8970D012840F0028199F8F0
:10ACC000940DDAAC46F628718DF86803601CC0F666
:10ACD00002011222FDF7BDFAB9F8902D00271326C4
:10ACE000EFE443F63460C2F200000068484500F02B
:10ACF000248199F8970D012800F0888046F648775E
:10AD000046F2CD3246F61403C0F60207C0F6020240
:10AD1000C0F60203DAAC0AE746F6F46746F2CD3233
:10AD200046F65323C0F60207C0F60202C0F602033D
:10AD3000FCE6C1B204460846FEF744FE8A99D99A59
:10AD4000074621FA02F006EB82018A8CC98C9DF835
:10AD5000243200F00100CDE9010246F2F242DAAD00
:10AD6000CDE90313C0F602022846A021234600972E
:10AD700011F05EF848462946E0E646F23B71C0F61F
:10AD8000020108A812224FF6FB75FDF7B5FA00285C
:10AD900000F0B38146F21871C0F6020108A8122231
:10ADA000FDF7AAFA002800F0488146F20171C0F6CA
:10ADB000020108A81122FDF79FFA002800F09C81EB
:10ADC00046F22A71C0F6020108A81122FDF794FA92
:10ADD0000525002818BF012018BF00258EE146F682
:10ADE000B877C0F6020770E046F61877C0F602079B
:10ADF0006BE043F63460C2F200000068484500F0A2
:10AE00000D8199F8970D012840F0278199F8940D4C
:10AE10008DF8680344F64C10C4F64E30CDF8690343
:10AE200044F65F60C5F24F40CDF86D0344F65F70A5
:10AE3000C4F65760CDF8710345F24520B9F8902D5E
:10AE4000ADF8750300270F26DAABFFF7A5BB05F1B8
:10AE50000804D5A920460A22FDF79CFBD59EA642F0
:10AE60003DD0317820293AD10546701CFDF72FFAE4
:10AE7000D99030B110F0010103D1B0F5C07F40F29C
:10AE8000178246F24D7146F63512C0F60201C0F641
:10AE90000202F0E280B20FF037FA002800F0AC8036
:10AEA000DA9B46F6F622A5ACC0F602022046402107
:10AEB00010F0BEFF46F6F021C0F6020148462246D9
:10AEC0007CE446F62877C0F6020746F2CD3246F615
:10AED0006013C0F60202C0F60203DAAC27E699F866
:10AEE000970D012840F0AB8099F8940DB9F8902D9A
:10AEF0008DF8680344F64670C4F65250CDF86903E5
:10AF000045F24140ADF86D0300270726DAABFFF7A5
:10AF100043BB08F041FC002800F0AD8043F63460EC
:10AF2000C2F200000021016046F6B82146F2E47248
:10AF3000C0F60201C0F602023FE408F0E3FC46F668
:10AF40001401C0F60201002800F09E8046F27D72D6
:10AF5000C0F6020231E4D998DDE9D72108F086FC79
:10AF6000002800F09680C4F800900EF0C7F946F66D
:10AF7000601146F66C42C0F60201C0F60202FFF70D
:10AF80001CBCD9980F2840D8C0B2FEF71BFD08F0B2
:10AF9000B9FDD0B3D99843F28165C2F2000528709B
:10AFA00043F28860C2F20000C4F800900EF0C0F9CD
:10AFB00043F294612878C2F2000101220A70FEF780
:10AFC00001FD0FF0A1F901200FF088F846F69F214E
:10AFD00046F25B72C0F60201C0F60202FFF7EDBB5B
:10AFE00046F6587746F2CD32C0F60207C0F60202A6
:10AFF0000FF6AC03DAAC9AE546F6F021C0F6020192
:10B0000046F60402C0F6020235E246F69F2146F6F5
:10B010007C22C0F60201C0F602022CE208F0E6FB38
:10B0200046F60D31C0F60201002800F0BC8046F65D
:10B030000A12C0F60202FFF7C0BB04355DE046F617
:10B04000EE57C0F6020746F2CD3246F24D73C0F617
:10B050000202C0F60203DAAC69E546F6487746F22A
:10B06000CD3246F60D33C0F60207C0F60202C0F636
:10B070000203DAAC5BE546F6B82146F2BA72C0F6D6
:10B080000201C0F60202F6E146F2D072C0F60202F8
:10B09000F1E146F6601146F62402C0F60201C0F660
:10B0A0000202E8E10FF2887108A8DAAA00F04AFD6E
:10B0B00078B90FF2847108A8DAAA00F043FD40B90C
:10B0C0000FF2807108A8DAAA00F03CFD002800F019
:10B0D0003E81DA9841F641714EF22212411ACFF6C2
:10B0E000FF7291426DD846F64011C0F6020146F655
:10B0F0002D02C0F60202BEE101250020B0B346F2E7
:10B10000C561C0F6020108A8D9AA00F01BFDE0B392
:10B11000504608F06DFF00284AD0D9984FF6FF71CD
:10B120000138884244D278A809F026F80020002689
:10B130000EF0D4FF08F082FF01F0EEF943F28165D2
:10B14000C2F200052878BDF86413BDF8E22126603C
:10B15000FEF7D6FF002849D046F6330146F6EF0247
:10B16000C0F60201C0F60202FFF727BB28B2514623
:10B1700009F0A4FD46F67C11C0F6020170B146F25A
:10B180008672C0F60202FFF718BB46F6952146F616
:10B190000C22C0F60201C0F602026CE146F64E0235
:10B1A000C0F6020267E146F27972C0F6020262E17D
:10B1B00046F6330146F67202C0F60201C0F60202FC
:10B1C00059E180B20EF060FF002800F0B480DA9BF5
:10B1D00046F25572A5ACC0F602022046402110F09E
:10B1E00027FE46F64011C0F6020167E62C78D99D8D
:10B1F000BDF8E261FEF746F8CDE9005646F2E532C9
:10B20000A5AD0746C0F602022846A02123460297B4
:10B2100010F00EFE48462946002201F035FEFEF7EA
:10B2200031F846F29271C0F60201FDF757F830B9D5
:10B230000FF08EFE01464846002201F025FEFEF783
:10B2400021F846F633010246C0F6020113E100BFC1
:10B2500043414C20504F494E5420000043414C2064
:10B26000534554200000000047455420494E464FA6
:10B2700000000000474554205354415455530000EA
:10B2800053594E43000000005345542056200000FF
:10B2900053455420564F4C54200000005345542031
:10B2A000564F4C544147452000000000504944008F
:10B2B00042080020A5A9D99006EB40077C78A4F1AC
:10B2C0003003092B07D9A4F14103062B4FF0FF33BC
:10B2D00038BFA4F13703BC78A4F13007092F07D990
:10B2E000A4F14107062F4FF0FF3738BFA4F137070D
:10B2F000002B25D4B7F1FF3F22DD47EA03130B549F
:10B3000001308242D990D7D1A5A9284608F0A6FBE2
:10B31000002800F0A8809BA808F022FB9C9B82AC30
:10B320000FF280522046402110F082FD46F24D710E
:10B33000C0F60201C2E546F64011C0F602015FE622
:10B3400046F24D71C0F602010FF25C5293E046F6F0
:10B350007011C0F6020108A80722FCF7CDFF0028F3
:10B3600075D046F21271C0F6020108A80622FCF759
:10B37000C3FF00286BD046F6CE01C0F6020108A834
:10B380000822FCF7B9FF002800F08B800FF2C441BF
:10B3900008A80622FCF7B0FF002800F0828046F6DD
:10B3A000BF11C0F6020108A80622FCF7A5FF00287D
:10B3B00000F093800FF2A44108A80C22FCF79CFF38
:10B3C000002800F08A8046F66911C0F6020108A83C
:10B3D0000722FCF791FF002800F091800FF28841CE
:10B3E00008A80622FCF788FF002800F0888046F6AF
:10B3F000C601C0F6020108A80822FCF77DFF00285C
:10B4000000F087800FF2684108A80622FCF774FF5D
:10B4100000287ED00FF2604108A8DAAA00F092FB63
:10B42000002800F08080DA9B41F289304EF68A4194
:10B43000181ACFF6FF71884200F2B78046F6450130
:10B4400046F6D412C0F60201C0F6020213E008F07C
:10B4500097FAB8B146F6D52146F6A402C0F6020125
:10B46000C0F6020207E046F24D7146F62512C0F61C
:10B470000201C0F60202484601F060F90DF20C4DDF
:10B48000BDE8F08FB8F1000F1AD098F80400B8B1F9
:10B4900000200EF023FE46F6D521C0F60201FFF78C
:10B4A000C7BB00200EF01AFE08F0C8FD46F6D521F5
:10B4B000C0F6020146F6FC02C0F60202FFF77DB9B3
:10B4C00001200EF00BFE46F6D521C0F6020146F62D
:10B4D0007412C0F60202FFF770B900200EF0FEFDF4
:10B4E00008F0F8FC00200EF015FE46F6BF1146F6F7
:10B4F000D602C0F60201C0F60202FFF75EB941F2C1
:10B500009370012109F8001046F62111C0F60201DE
:10B51000DDE741F29370002109F8001046F6211191
:10B52000C0F60201C6E746F63D21C0F6020108A8B2
:10B530000822FCF7E1FE78B346F6FC21C0F60201D2
:10B5400008A80822FCF7D8FE30B346F60011C0F672
:10B55000020108A80522FCF7CFFEB0B346F6403141
:10B56000C0F6020108A882AA9BABFCF7E1FE022804
:10B5700066D1B8F1000F0AD0A5A80DF0D9FE9DF84C
:10B580009C0220B998F80500002800F0B78046F624
:10B59000EC21C0F60201F6E048465146424601F071
:10B5A00021F80DF20C4DBDE8F08F46F65232A5ACF5
:10B5B000C0F6020220464021C9F88C3D10F038FC4C
:10B5C00046F64501C0F6020178E440F24070C2F24E
:10B5D000000041F28471441801270DF5257A41F2EB
:10B5E00094780FF2B42B54F810EC54F80C1C54F867
:10B5F000082C54F8045CD4F800C034F8226C34F8F9
:10B60000200CA6A3301A012F08BF5B466FF39F20C2
:10B61000CDE9022546F23052CDE900E105905046D1
:10B62000C021C0F60202CDF810C010F001FC48465F
:10B630005146002201F028FC013F4444D3D01DE7CD
:10B6400046F62E31C0F6020108A882AA9BABFCF791
:10B650006FFE022811D1B8F1000F09D0A5A80DF096
:10B6600067FE9DF89C0218B998F80500002863D081
:10B6700046F63C11C0F6020185E046F66A31D7AFC6
:10B68000D8AEC0F6020108A878AAD9ABCDE9006708
:10B69000FCF74EFE042811D1B8F1000F09D0A5A87F
:10B6A0000DF046FE9DF89C0218B998F80500002898
:10B6B0006ED046F26671C0F6020164E046F6920171
:10B6C000C0F6020108A80922FCF716FE10B346F6E0
:10B6D0006821C0F6020108A80A22FCF70DFE002826
:10B6E00040D046F68B11C0F6020108A80522FCF7EF
:10B6F00003FE00286CD063A164A2BCE682989B99EB
:10B70000FEF7BEFD48B309F0F5F846F6EC21C0F6A9
:10B7100002011CE0B8F1000F09D0A5A80DF008FE49
:10B720009DF89C0218B998F80500002860D046F6EC
:10B730009B01C0F6020126E082989B99FEF74EFD20
:10B7400046F63C11C0F6020100283FF4D0AC46F2A8
:10B75000F872C0F60202FFF730B846F6EC21C0F6E8
:10B760000201C4E4B8F1000F09D0A5A80DF0E0FD76
:10B770009DF89C0218B998F80500002845D046F6B7
:10B780007221C0F6020146F62872C0F6020272E685
:10B7900078980022B2EB104F21D1D999B2EB114F1A
:10B7A0001DD1D89A0027B7EB124F18D1D79BB7EB12
:10B7B000134F14D180B289B292B29BB2FEF73CFD16
:10B7C00068B109F097F846F26671C0F60201BEE76B
:10B7D00046F29411C0F602014846FFF7AFB946F2AF
:10B7E000667146F6C512C0F60201C0F6020242E6D4
:10B7F000FEF794FA46F69B01C0F6020198B146F6B0
:10B800004F12C0F60202FEF7D8BFFEF777FA09F032
:10B8100071F846F6722146F6E412C0F60201C0F64F
:10B820000202FEF7CABF46F2A572C0F6020222E685
:10B83000534554204920000053455420435552524B
:10B84000200000005345542043555252454E542089
:10B85000000000004F55542030000000434C45418B
:10B8600052204641554C54004C4F472031000000B7
:10B870004C4F4720300000004C4F47205241544568
:10B8800020000000554E4B4E4F574E005553455F1C
:10B8900048454C50000000005553420042540000FF
:10B8A00046570000256C7500484558002DE9F043C7
:10B8B00081B040F24074C2F20004204642F6287182
:10B8C000FCF7EEFC40F28860C2F20000C4F89C0D68
:10B8D00040F2D460C2F2000042F23051605041F2B6
:10B8E0006C7040F2FF3121524FF43C50F021215254
:10B8F00025200221002203F0ADFD26200221002296
:10B9000003F0A8FD04F688554FF001084FF0280910
:10B9100041F294760127012485F80B8AC5F804903A
:10B9200002F098FB2860686905F11801012205F012
:10B93000EDFCB0FA80F040090440013F3544EBD003
:10B94000252003F075FD262003F072FD43F66010FC
:10B95000C2F200000121017008F012F880B940F233
:10B9600040750127C2F200050FF21C0841F29476DF
:10B9700028464146012201F087FA013F3544F7D0BD
:10B98000204601B0BDE8F0835B44454255475D2049
:10B990005553423D5553415254312042543D564730
:10B9A00036333238412F55534152543220313135DC
:10B9B00032303020384E310D0A0000002DE9F041C0
:10B9C00090B1D0F89C1D79B141F266714418EFF343
:10B9D0001085EFF3108172B694F82C1019B92188F4
:10B9E0006288914205D10DB1BDE8F08162B6BDE833
:10B9F000F081668821888046B1428CBF20884FF450
:10BA00008060801BE18887B28F4228BF0F460029E3
:10BA100008BF0746012084F82C00A78002F01AFB1B
:10BA2000C4F8260005B962B6D8F89C0D08EB0601EB
:10BA300041F2A1121144BAB205F0D2FC0028D3D0D1
:10BA4000EFF31080EFF3108172B60021002884F824
:10BA50002C10A18018BFBDE8F08162B6BDE8F0816E
:10BA60002DE9F04383B043F6A914C2F20004070A9B
:10BA70006770070C0A9DA770070E2070E770217190
:10BA800062712A880B99A271120AE2711A0A237252
:10BA900062728A8EB1F840306281A3810A8DCB6ACE
:10BAA000E28123614A6CCB6B6261A361AA8891F841
:10BAB0005A30A28391F8582091F8597062F34103EB
:10BAC000D1E9142167F38203401AA377C4F81F0059
:10BAD000C4F8232043F660116888C2F20001097897
:10BAE000A4F8270043F6A810C2F2000001220129A1
:10BAF000027024D140F2407443F6A9150126C2F227
:10BB000000044FF000084FF02909C2F2000541F28D
:10BB1000947702E0013E3C4411D194F8970D01283E
:10BB2000F8D1B4F8920D06210130A4F8920D82B23A
:10BB300020462B46CDE9009800F0DCFEEAE703B092
:10BB4000BDE8F083F0B581B0044600284FF0000056
:10BB500018BF002901D101B0F0BD002AFBD0084672
:10BB600017460E46FCF7B3FB0546204631462A46EB
:10BB7000FCF7CFFBF0B92819441E00BF14F8015F91
:10BB8000202DFBD0FCF752FB0068405D202811D12E
:10BB9000694620460A22FCF7FDFC00990A78202A13
:10BBA00001D10131FAE722B900913860012001B0DA
:10BBB000F0BD0091002001B0F0BD00002DE9F04F74
:10BBC000ADF53B7D43F66017C2F200073F78139056
:10BBD000012F40F01C8443F2946409A8C2F20004CF
:10BBE0000EC02078012820D108F088FBE8B90DF2BA
:10BBF0004A200DF09DFB22A808F0BEFA9DF85202E3
:10BC000098B99DF88D0080B943F28865C2F20005AD
:10BC100028880EF079FB68880EF036FA43F28461CA
:10BC20000020C2F20001207008600DF24A200130AD
:10BC3000049022A8411C069140F24071C2F200011A
:10BC400001F29F2201F2DB131692023841F2947244
:10BC50001C910021039013E05046FFF7AFFE1C99A2
:10BC600041F29472114414981C911699159B002866
:10BC700000F10100114413441691014640F0C083C5
:10BC800040F24070C2F20000149101FB020AEFF38F
:10BC90001080EFF3108172B641F291711AF8011021
:10BCA000012917D141F262713AF8011041F2917203
:10BCB00041F2647752442AF80710002741F26E716E
:10BCC00017702AF8017041F2707101220AF8012000
:10BCD000AAF8CA7100B962B641F262700AEB000CB0
:10BCE00041F264700AEB000741F270700AEB000841
:10BCF00041F26E7050441D9041F2A1505044179093
:10BD00000AF5EA70129041F2937050440D9041F29E
:10BD100066705044119041F268705044109041F2A6
:10BD2000A11050440F9041F2787050440AF6A15E81
:10BD30000E904FF000090126002015931B90CDF8BE
:10BD400068C0CDE9188E1E970DE00A46411C11808F
:10BD500017990C54BBF1FF0F4FF0000038BF0120C2
:10BD600030423FF479AFEFF31082EFF3108072B6F8
:10BD7000BCF800003988CB46884203D192B962B63C
:10BD800010E000BF3B881EF803503B8800270133BA
:10BD90009CB2B7EB942F1E9F18BF00233B8002B9C3
:10BDA00062B62C4688423FF457AF9AF8970D0BF1D4
:10BDB0000109002846D1BAF8CA01002842D1E0B2F0
:10BDC000A5283FD00D28C5D00A280BD198F800002F
:10BDD000012840F0CA801D98002188F800100180D9
:10BDE000B8E700BF98F800000028B3D1A4F17F00A5
:10BDF000C0B2A128AED31D990888B0F5DF7FA4D9C1
:10BE000000200880AAF8CA010120274622AC46F289
:10BE1000CD3288F800002046A021C0F602020FF2C1
:10BE20005C630FF24C65009510F002F85046214615
:10BE30003C461E9F002201F027F8DDE9188EDDF850
:10BE400068C087E7139AE1B250461FAB0FF0DCFBE6
:10BE5000002800F0C2829DF87C00DDF868C001284F
:10BE60001B98DDE9188E00F101001B9040F0B982AB
:10BE7000BDF880204FF63B71A2F1C60080B2884227
:10BE8000C0F0AF82DDF88480079298F80060013A34
:10BE900001201FFA82FCBDF87E30AAF8970D86F0CB
:10BEA00001008CF00401089450EA0104AAF8903DC6
:10BEB0000C968AF8946D16D1D8F80100DAF8841D32
:10BEC000884210D0CAF8840D12984FF43B61164690
:10BED000CDF81480E0461D46FCF7E2F9C446DDF8D3
:10BEE00014802B463246B4FA84F0169E4FEA501E58
:10BEF000002006E000F53B70B0F53B6F06F53B76A1
:10BF000051D01C990C1894F8DA110129F2D1B4F827
:10BF1000D4119942EED1B4F8D611079A4546984605
:10BF2000914207D1159908442946FCF7E5F9002804
:10BF300000F083800C9846F668718DF888000698AA
:10BF4000C0F602011122FCF784F950460321424653
:10BF500022AB00261225CDE9005600F0CBFCDDF81F
:10BF600068C0DDE9188E089C3BE21D9D1799288862
:10BF700000220A5401208AF8980D1B980B9E274630
:10BF80000A9C0130139A099B1B905046CDE900464C
:10BF90003C461E9FFEF7B0F9DDE9188EDDF868C05B
:10BFA000002028801DE20C980023013823288DF8FA
:10BFB000883000F2428100240026DFE810F0E30020
:10BFC000EF00CE000B011101D900F400F9002400AC
:10BFD0002400A300D400B2008100FE000101290169
:10BFE00024017700B7002C017C00AD009E00720197
:10BFF0007201720172017201DE0085004601410189
:10C00000A800C9000901BCF1080F40F04A8146F6BA
:10C010004030079246F62E320C99D8F80560C0F6EB
:10C020000200C0F60202D8F80130092908BF024612
:10C0300022A84FF4E0710096F7E0B4F8D811EFF3BE
:10C040001080EFF3108272B6119F3A88109B1B8804
:10C05000D21A40F2FF3323EA02028A420BD20E9A2E
:10C060000028116801F101011160089C1E9F40F039
:10C07000B48162B6B1E10F9D61B100BF16F8012F26
:10C080003B880139EA543A8802F101026FF39F229A
:10C090003A80F3D1089C00B962B65046FFF78EFC97
:10C0A000DDF868C0DDE9188E1E9F9AE146F6F113AF
:10C0B000C0F60203F5E046F60013C0F60203F0E016
:10C0C0000FF234460124ECE0BCF10C0F40F0E980A3
:10C0D000D8F80130D8F80560D8F8094007920FF277
:10C0E000B43222A84FF4E071CDE90064644676468C
:10C0F0000FF09EFEB646A4469DE046F60513C0F638
:10C100000203CEE046F69203C0F60203C9E046F60B
:10C110000433C0F60203C4E046F68B13C0F60203F4
:10C12000BFE046F64523C0F60203BAE0BCF1010FBA
:10C1300040F0B78098F80100012800F2B28046F67E
:10C14000C60146F66913C0F60201C0F6020356E0C6
:10C1500046F6AF23C0F60203A3E046F66136C0F60A
:10C16000020601249DE046F66823C0F6020398E02B
:10C1700046F6BF13C0F6020393E046F60223C0F66C
:10C1800002038EE0BCF1040F40F08B800D9901207A
:10C1900046F677130870C0F6020382E046F63623AF
:10C1A000C0F602037DE046F63D23C0F6020378E0C8
:10C1B00046F6FC23C0F6020373E0CAA6012470E031
:10C1C000BCF1020F6DD1B8F901300792BAA229E093
:10C1D000CEA366E046F65836C0F60206012460E0BB
:10C1E000BCF1010F5DD198F80100012859D846F63D
:10C1F000CE0146F67013C0F60201C0F60203002815
:10C2000008BF0B464DE046F69013C0F6020348E027
:10C21000AEA6012445E0BCF1020F42D1B8F80130CE
:10C220000792A2A222A84FF4E071664674460FF06E
:10C23000FFFDA646B446079A00230024002630E0FE
:10C2400046F60D03C0F602032BE0BCF1050F28D320
:10C25000D8F8013007928BA222A84FF4E071CDF8F4
:10C2600014E008F1040664460FF0E2FD039AA446C8
:10C27000211F104416F8012F46F6B5031209C0F627
:10C2800002039A5C013900F8022F327802F00F02A3
:10C290009A5C4270EED10023079ADDF814E08370B7
:10C2A000CBE7E3B1BEF1000F0FD10C9805280CD0FD
:10C2B0000C98142809D00C988CF0020180F015001D
:10C2C000084318BF5FEA024009D122A84FF4E07189
:10C2D000254614468FA20FF0ABFD22462C466FF088
:10C2E000010010FA82F0B0FA80F0400920400128E5
:10C2F00007D1B8F8013022A84FF4E07132460FF0B0
:10C3000097FD9DF8880090B39AF8950D129B411CFB
:10C3100001F003018AF8951D4FF43B72BDF87E10C1
:10C320008AF8960D10FB023550431952BDF8802053
:10C33000002021990124A880E81DAC716A80FBF7D8
:10C3400088FF8AF8994D139A0B9CDDE9093650460F
:10C3500022A9CDE90064FDF7CFFFA888089C002141
:10C3600000288AF8991D04BF0020A87135E09AF8CA
:10C37000970D012818D19AF8940D46F600718DF8A2
:10C380004A020498C0F602011722FBF762FFBAF8CE
:10C39000902D504603210DF24A2300261825CDE9A1
:10C3A000005600F0A7FA17E00DF24A2446F2CD320B
:10C3B00046F6612346F600762046A021C0F602022A
:10C3C000C0F60203C0F6020600960FF031FD50469B
:10C3D0002146002200F058FD089CDDF868C0DDE928
:10C3E000188E1B980026022838BF0126BBF1FE0FCD
:10C3F0003FF632AC1B980228FFF4B5ACFFF72CBC1B
:10C4000007F0BEFADDF82C90DDE9095A18B10DF5F8
:10C410003B7DBDE8F08F40F240744FF00108C2F25E
:10C42000000441F29476012703E000BF013F344449
:10C43000EDD1D4F88C0D94F8972D0028D4F8881DF0
:10C4400008BF2820002A024608BF6422632888BF4C
:10C4500002461398401A9042E8D3139920462A4680
:10C460005346C4F8881DCDE9009800F0B1FADDE725
:10C47000544F4F5F4C4F4E47000000004C494E4513
:10C48000000000004657204441544120256C75208F
:10C4900000000000465720424547494E20256C7554
:10C4A000202530386C5820256C7500004C4F4720F3
:10C4B000524154452025750043414C20504F494E70
:10C4C00054205354455020256400000043414C2023
:10C4D000504F494E542043415054555245202575E4
:10C4E0000000000043414C20504F494E542053540B
:10C4F000415254202575000043414C20504F494E75
:10C500005420474554202575000000005245424FF5
:10C510004F54000025730000B0B58EB043F2946410
:10C52000C2F20004207801281FD107F0E7FEE0B92D
:10C530000BA80CF0FDFE01A807F01EFE9DF83400CC
:10C5400098B99DF8090080B943F28865C2F20005E8
:10C5500028880DF0D9FE68880DF096FD43F28461BD
:10C560000020C2F20001207008600EB0B0BD0000D3
:10C57000F0B5ABB0044690F8970D154601281ED1D2
:10C5800094F8940D8DF80B002846FBF7A0FE86B2B8
:10C590000DF10B07781CA02E28BFA0262946324695
:10C5A000FBF757FEB4F8902D0136002520460221F6
:10C5B0003B46CDE9006500F09DF92BB0F0BD46F299
:10C5C000B5320DF10B060B46C0F602023046A02133
:10C5D00000950FF02DFC20463146002200F054FC5F
:10C5E0002BB0F0BD2DE9F04FB5B0044690F8970D93
:10C5F000154601280E461CA832D1FCF737FE9DF8DF
:10C600008A009DF888109DF8892061F341009DF80B
:10C610008B1062F382009DF88C2061F3C30062F3FB
:10C6200004101CAB8DF848000FCBCDF84D10CDF8A1
:10C6300049002098BDF88410CDF85900BDF8860057
:10C64000002ECDF85120CDF85530ADF85D10ADF885
:10C650005F0055D0B6F84010706CADF8611052E034
:10C66000FCF704FE002E14BFB6F840000020109026
:10C670009DF88A00BDF8841011909DF88C00BDF8DB
:10C6800086200F90002E9DF888909DF889A09DF837
:10C690008B80BDF88070BDF882B014BF706C002034
:10C6A000DDE91CC3DDE91EE6002D14BF6D88002501
:10C6B000CDE90A1210990E95CDE90C100F9840F2B1
:10C6C0002805CDE9053EC2F2000546F25A42119B0B
:10C6D000CDE9030CC0F6020228464FF48071CDE983
:10C6E000087BCDE9009ACDF8088007960FF0A0FBF3
:10C6F00020462946002200F0C7FB35B0BDE8F08F88
:10C700000020ADF861004FF00007CDF8630015B1CF
:10C710006888010A01E000200021B4F8902D8DF80E
:10C7200067008DF86810212612AB20460A21CDE95A
:10C73000006700F0DFF835B0BDE8F08FF0B5ABB0C2
:10C74000044690F8970D154601281ED194F8940DD3
:10C750008DF80B002846FBF7BAFD86B20DF10B07EA
:10C76000781CA02E28BFA02629463246FBF771FD73
:10C77000B4F8902D01360025204603213B46CDE933
:10C78000006500F0B7F82BB0F0BD46F2CD320DF1E8
:10C790000B060B46C0F602023046A02100950FF0B2
:10C7A00047FB20463146002200F06EFB2BB0F0BD67
:10C7B0002DE9F041FCB0064690F8970D012835D1DF
:10C7C00040F20620C0F20320029040F68040C7F6F7
:10C7D000005003906420C1F6407004900220D6F807
:10C7E0008C1DC0F214000590002908BF2821080AFA
:10C7F0008DF8190041F2F630C4F69110CDF81A0008
:10C8000010208DF818108DF81E000EF067FC0546FC
:10C8100006F0AAFD60F341054FF4E1308DF81F509A
:10C8200008900DF0C5FF90B3082138E00DF0C0FF6F
:10C8300027A723A1002818BF0F460DF0B9FF50B954
:10C8400002A806F0BBFD30B10598013806289CBF50
:10C8500021A151F820700EF041FC054606F084FD40
:10C8600046F2AB220DF130080446C0F60202404603
:10C870004FF4E0712B46CDE900470FF0D9FA30466E
:10C880004146002200F000FB7CB0BDE8F0810CA81E
:10C8900006F094FD9DF83C10002808BF0146B6F84C
:10C8A000902D8DF8241000271D2502AB3046042161
:10C8B000CDE9005700F01EF87CB0BDE8F08100BF64
:10C8C00053455454494E47535F4255535900000055
:10C8D0004E4F4E45000000007267020814690208BE
:10C8E0005A690208EE67020846690208E46702080E
:10C8F0007D6702082DE9F041F4B07A9F0DF104083C
:10C900000446404600970EF03FFE002840D094F8C1
:10C91000991D41F26672012904EB02071DD194F8BA
:10C92000961D4FF43B7211FB0242B2F8D81102F58A
:10C93000EA750B18B3F5087F0DD8294401F1CC0234
:10C94000064601A910463246FBF783FCA98830460B
:10C950003144A98001E00021A971EFF31081EFF3C8
:10C96000108272B63A887B88D21A40F2FF3323EAEB
:10C970000202824205D37B9B8BB100F5A0739342E8
:10C980000DD9D7F8120000F10100C7F8120011B15B
:10C9900074B0BDE8F08162B674B0BDE8F08141F2D8
:10C9A000A1122244A8F1010313F8016F3D88013858
:10C9B00056553E8806F101066FF39F263E80F3D15F
:10C9C00001B962B62046FEF7F9FF74B0BDE8F08108
:10C9D0002DE9F04FD9B00446DDE9629841F2747058
:10C9E00016460F4604EB000584B1B9F1000F18BFDD
:10C9F000002B07D0002E1CBF94F8970D5FEAC07083
:10CA000040F0C18094F8980D012803D1002C18BF84
:10CA1000002E02D159B0BDE8F08F002BFAD0B9F149
:10CA2000000FF7D038A807F0A7FB4CA80CF080FC4B
:10CA300030889DF8E5103490B0892C913690B9F982
:10CA400002009DF8E6103590BDF830012B9137902B
:10CA5000BDF832013A993090BDF8E00026912F9050
:10CA60009DF83801BDF9EC102E90BDF8E20025913B
:10CA70003C99339096F85A0024913D993290B6F83B
:10CA8000400023913E993190706C2291D6E90121AA
:10CA900027909DF8E400CDE92821D6E904219DF8EE
:10CAA000E7A0BDF8EEB0D6E914982A922D9107F0D0
:10CAB0003BFB0DF1680E29686A68B6F834C08EE851
:10CAC000071027989DF80461CDE9100A26983F9D2C
:10CAD000129025983B4613902498409FCDE9140B63
:10CAE0002398CDE91E651690229840F228161790DB
:10CAF0003098C2F2000608902F9846F291520990A1
:10CB00002E98379D0A902C9820970B902B98639F16
:10CB10000C903398C0F602020D9032984FF41071C9
:10CB20000E903198CDE918980F90349807950090A1
:10CB30002898019029980290369803902A9804909A
:10CB40002D9805903598069030460FF071F9012820
:10CB500007DB002086F83F02204631463A4600F0C7
:10CB600093F9002F7FF456AF9DF8E40000283FF4BE
:10CB700051AF07F0D3FA01462046002200F084F9B5
:10CB800059B0BDE8F08FB8F1000F03D0E87F01285D
:10CB90007FF440AF56A80CF0CBFB4CA807F0ECFAA2
:10CBA000D6E91401D6E90423399030883A91ADF8DA
:10CBB000EC00D6E901013E92CDF8EE00B089CDF847
:10CBC000F210ADF8F600B9F802005699ADF8000180
:10CBD000CDF802114C98B6F84010CDF80601ADF82A
:10CBE0000A11706CB18E4390ADF810119DF8600180
:10CBF0009DF8351196F85A2061F341009DF85411C3
:10CC000062F3820096F8582061F3C30096F8591039
:10CC100062F3041096F84E2038973F9399F810303D
:10CC2000002918BF2030002A18BF40F04000002B18
:10CC300018BF40F080009DF837118DF812010220D6
:10CC4000002918BF03208DF813019DF83401B6F8B0
:10CC500048108DF81401D6F84A00ADF81511CDF83A
:10CC60001701DDE95302316ACDF81B01CDF81F2110
:10CC70002868B8F1000FADF823016868ADF82711F6
:10CC8000ADF82501706AADF82901B9F80000ADF8DA
:10CC90002B0105D0B4F8920D0130A4F8920D01E0FB
:10CCA000B4F8900D4D2782B238AB20460521CDE96E
:10CCB0000078FFF71FFEB8F1000F7FF4ABAE9DF8D0
:10CCC000340100283FF4A6AE43F6A810C2F20000DB
:10CCD0000778002F3FF49EAEB4F8902D43F6A913C9
:10CCE0000026C2F2000320460621002F18BF292784
:10CCF000CDE90076FFF7FEFD59B0BDE8F08F0000EA
:10CD000043F66011C2F200010978012918BF70478B
:10CD10002DE9F04F81B040F2407583460126C2F202
:10CD2000000541F262744FF0000A42F210790127C7
:10CD300009E000BF2846FEF741FE41F29470013F32
:10CD4000054440F07B8005EB040898F82E0001288C
:10CD50003ED1D8F82600ABEB0000142838D3EFF30F
:10CD60001089EFF3108072B6D5F89C0D04F032F8FC
:10CD7000D5F89C0DCDF800A001680A6800924968BA
:10CD8000012200910099B8F80010A8F8021005F5EA
:10CD90005A61A8F80CA0A5F8CAA188F80E6088F816
:10CDA0002FA088F82EA004F0B1FA20B188F82E60E8
:10CDB000C8F826B004E0D8F81E000130C8F81E00FC
:10CDC000B9F1000F41F2627442F2107900D162B6FB
:10CDD00098F830000128ADD1D5F89C0D4068B8F81E
:10CDE0000810002801FB09F108BF4FF4E130B1FB46
:10CDF000F0F0D8F82A102830ABEB0101814299D924
:10CE0000EFF31086EFF3108072B6D5F89C0D04F0A6
:10CE100009F8B8F80400002EA8F80600A8F808A041
:10CE200088F830A0D8F822004FF0010600F1010088
:10CE3000C8F822007FF47EAF62B67BE701B0BDE8A0
:10CE4000F04F7047002808BF7047F0B581B0044626
:10CE500043F66010C2F20000007888B106F090FD41
:10CE600070B940F240750126C2F2000541F2947794
:10CE700028462146012200F007F8013E3D44F7D044
:10CE800001B0BDE8F0407047F0B583B0002818BF8E
:10CE900000290AD118B190F8983D012B03D1002840
:10CEA00018BF00291FD103B0F0BD90F8973D012BAA
:10CEB000F0D1002AF7D1044608460D46FBF707FAE1
:10CEC00081B2B1F5E07FB4F8902D88BF4FF4E070E7
:10CED000002786B220460B212B46CDE90067FFF7DD
:10CEE00009FD03B0F0BD41F2667300EB03041AB113
:10CEF00094F82D30012BD6D10546084617460E462C
:10CF0000FBF7E5F9EFF3108CEFF3108172B621888F
:10CF10006288891A40F2FF3222EA0101884204D86D
:10CF20007FB100F5A07088420BD9D4F81200BCF193
:10CF3000000F00F10100C4F81200B4D162B603B0D2
:10CF4000F0BD32782846EAB141F2A1114318751CB0
:10CF50004FF0000E27880137BEB2BEEB962F18BFE8
:10CF600000276688B9B2B14207D021885A54278079
:10CF700015F8012B002AEDD104E0D4F8121001318C
:10CF8000C4F81210BCF1000F00D162B603B0BDE8C6
:10CF9000F040FEF713BD0000FEE700004FF4807084
:10CFA00000F070BFEFF3108072B600BFFEE7000024
:10CFB00080B540F24860C2F20000016800224A6376
:10CFC00043F21971C2F200010A7043F61801C2F26D
:10CFD00000010A70002103F099FEB0FA80F043F6D8
:10CFE00009714009C2F20001087080BDC9B1B0F5F5
:10CFF000C87F02DAB0F5AF7F0ADCB0F5C87F43F630
:10D0000018004FF00001C2F20000A8BF012101701A
:10D0100043F61800C2F200000078002818BF642010
:10D0200006E043F61800C2F20000012101706420FE
:10D0300043F60971C2F20001097801291AD143F2BD
:10D04000197CC2F2000C9CF80020904208BF704787
:10D0500040F24862C2F20002126848F21F51D36ADD
:10D06000C5F2EB1101334343A3FB0113590951638B
:10D070008CF800007047000070B582B004460020B4
:10D08000019094F82800012802D1022002B070BD5E
:10D09000012084F828002046FBF714FD002846D123
:10D0A0000646E06A41F2021188430230E06240F233
:10D0B0000400C2F200000568022002F007FAB5FB86
:10D0C000F0F040000190019810B101980138F9E7A3
:10D0D00020688168C90722D1816841F00801816018
:10D0E00000F0B8FF054600BF20688168090705D534
:10D0F00000F0B0FF401B0A28F6D910E0816841F02B
:10D100000401816000F0A6FF054600BF206880682A
:10D11000400711D500F09EFF401B0B28F6D30120DD
:10D1200010216FF01202E36A1A401143E1620021FC
:10D1300084F8281002B070BD01216FF00302304660
:10D14000F1E70000B0B581B00022009290F82820ED
:10D15000012A01D1022179E04A680123062A02EB63
:10D16000820C80F8283005D8026802F1340E6FF086
:10D1700004020AE003680C2A87BF03F12C0E6FF04B
:10D18000400203F1300E6FF022026244DEF800C06C
:10D190001F230C6893402CEA030304FA02F21A439B
:10D1A000CEF80020D1F800E002680EEB4E04102308
:10D1B000BEF1090F88BF1E3C88BF0C2352F803C084
:10D1C00007258968A5402CEA0505A1402943D150CF
:10D1D0002EF001014FF0000C10294FF0000133D167
:10D1E000016842F20042C4F20102914205D0C16AD4
:10D1F00041F02001C162012126E09268120222D48E
:10D200008A68BEF1100F42F400028A601BD140F21E
:10D210000401C2F2000109684DF68362C4F21B32B8
:10D22000A1FB0212910C01EB8101490000910099D0
:10D2300049B100BF009901390091009900294FF0D0
:10D240000001F7D100E0002180F828C0084601B0B5
:10D25000B0BD00000068C06C70470000002804BF2B
:10D260000120704770B50446C06A30B900202063C1
:10D2700084F82800204600F09FF820688168C907DC
:10D2800002D1002001211AE0816821F001018160B2
:10D2900000F0E0FE054600BF20688068C007F0D0BF
:10D2A00000F0D8FE401B0328F6D3E06A002140F0CE
:10D2B0001000E062206B40F0010020630120E36A6F
:10D2C000E26A49B313F0100126D141F2021122EAB9
:10D2D00001010231E162D4E90015236AD4E9022692
:10D2E000134345F48072012E08BF1546B6F5807FC2
:10D2F00008BF154694F818C0227CBCF1010F43EA20
:10D30000420E16D16AB1E26A42F02002E262226B5A
:10D3100042F0010222630CE042F01000E0620120C2
:10D3200070BDE2694EF60003CFF6FF7303EB4232A5
:10D3300015434A6841F2FF63CFF6FF431A402A4380
:10D340004A608A684FF2FD73CFF6E1731A4042EAF1
:10D350000E02012E8A6005D0B6F5807F02D0BCF1A6
:10D36000010F26D162690023CFF6F07303EB02535D
:10D37000CA6A22F470021A43CA6289684FF6FE62D2
:10D38000CFF63F721140714507D100212163E16A58
:10D39000012262F30101E16270BDE06A40F0100019
:10D3A00020F00200E062206B40F0010020630120C9
:10D3B00070BD0023DCE7000080B586B0006842F253
:10D3C0000042C4F2010200219042CDE90411CDE9EE
:10D3D0000211019101D006B080BD41F21800C4F2E3
:10D3E0000200026842F400720260026802F40072F5
:10D3F0000092009AC26942F00402C261C06900F062
:10D40000040000900098012001900320CDE9020162
:10D4100001A94FF0904000F041FD06B080BD000032
:10D420002DE9F04182B000260D460446019600F039
:10D4300011FE21688A68D20539D48046C86A10F482
:10D44000700F3ED040F20400C2F20000066842F2C3
:10D4500092470220C1F2492702F038F8216844F6C9
:10D4600024130A69B6FBF0F0C2F292431A4206D1C5
:10D47000CA6844F62413C0F292031A4229D00A69FA
:10D480003A4206D1CA6842F29243C0F249031A42B4
:10D490002DD00A6949F24923C0F224031A424FF001
:10D4A000FC0225D1C968194208BF932220E0E06A36
:10D4B00040F02000E06284F82860012002B0BDE85E
:10D4C000F08120680068800741D435B36F1C18D004
:10D4D0001DE00A693A424FF01A0209D1C96842F2C6
:10D4E0009243C0F24903194208BF122200E093227E
:10D4F000019902FB00F7B94229D275B16E1C17D011
:10D500001EE020680168890721D4002FFAD000F0BE
:10D51000A1FDA0EB0800A842F3D9E06A40F00400A6
:10D52000E062002084F82800032002B0BDE8F0810A
:10D530000198013001900198B84208D2002EF7D02E
:10D5400000F088FDA0EB0800A842F1D9E5E72068CB
:10D55000E16A41F40071E162806800F46020B0F596
:10D56000602F0CD1207C50B9E06A20F48070E0621A
:10D57000E06AC00403D4E06A40F00100E0620020E9
:10D5800002B0BDE8F0810000B0B582B0044690F86A
:10D590002800012802D1022002B0B0BD01210020E4
:10D5A00084F82810019022689368DB0735D19068D1
:10D5B0004DF6836140F0010090606FF01000106044
:10D5C00040F20400C2F200000068C4F21B31A0FB6C
:10D5D0000101880C00EB8000800000BF01900198E1
:10D5E00010B101980138F9E700F034FD054600BF9D
:10D5F00020688068C00725D100F02CFD401B03285F
:10D60000F6D3E06A002140F01000E062206B40F0A9
:10D6100001002063012084F82810B9B142F2044CC3
:10D620002168E26AC4F2010C40F201339A430CF51E
:10D630007F7302F580729942E2620CD0E26A22F4B2
:10D64000801510E0002001210029E7D1002184F895
:10D65000281002B0B0BDDCF8002012F4702FEDD01D
:10D66000E26A42F48015E562E26A0025D2044FF0D6
:10D67000000244BF226B22F0040222636FF0020218
:10D6800084F828500A608A6802F46022B2F5602F9C
:10D690000AD1994203D08A6842F4A00207E0DCF87C
:10D6A000002012F4702FF6D08A6842F480128A604B
:10D6B00002B0B0BDB0B5044690F82800012804BF00
:10D6C0000220B0BD0121206884F828108268D207AA
:10D6D00002D1002001BB25E0816821F001018160B9
:10D6E00000F0B8FC054600BF20688068C00710D075
:10D6F00000F0B0FC401B0328F6D3E06A002140F0A4
:10D700001000E062206B40F001002063012019B995
:10D7100008E00020012129B1E16A41F201129143A0
:10D720000131E162002184F82810B0BD014690F873
:10D730002100022813D10868D1E90FC3026822F042
:10D740000E020260026822F001020260012000FA6B
:10D7500003F2CCF8042081F82100002002E004202C
:10D7600088630120002281F82020704790F8211062
:10D77000022927D1026840F2040C1368C4F2020C9B
:10D7800023F00E03136013680CF17C018A4223F02E
:10D79000010111601AD940F20841C4F202018A4223
:10D7A0004ED040F21C41C4F202018A4241D040F204
:10D7B0003041C4F202018A4246D14FF48073CCF862
:10D7C000003457E004218163012070474321C4F2F3
:10D7D00002018A420EDD6B21C4F202018A421BDC87
:10D7E0004421C4F202018A423BD05821C4F2020112
:10D7F0008A4222E00821C4F202018A422FD01C2171
:10D80000C4F202018A4232D03021C4F202018A42BB
:10D8100013D14FF480722BE06C21C4F202018A42D2
:10D8200022D08021C4F202018A4206D14FF08072D8
:10D830001EE01023CCF800341CE04FF4803217E0D7
:10D840000123CCF8003415E00CF588614FF48033E7
:10D850008A4208BF4FF48053CCF800340AE001221A
:10D8600006E04FF4805203E04FF4801200E01022F3
:10D87000CCF80020416B4FF480720029028404BF71
:10D880000020704780B58847002080BD41F2180213
:10D89000C4F202020068A2F5416398424FF6F833E1
:10D8A000CBF6FD730AD218444CF6CD4300F58060E8
:10D8B000CCF6CC43A0FB0303180909E018444CF64E
:10D8C000CD43CCF6CC43A0FB0303072000EB1310A1
:10D8D00080B581B0136840F2080C43F00103136077
:10D8E0001268C4F2010C02F001020092009A20F0CA
:10D8F0000302182352F80CE003EAC0007F238340A0
:10D900002EEA030301FA00F0184342F80C0001B0BC
:10D9100080BD000000284FF0010141D0F0B540F279
:10D9200004430268C4F202034FF6F83403F1040E14
:10D93000CBF6FD74D2F800C0724538BF04F58064A0
:10D940004CF6CD451444CCF6CC45A4FB05452CF053
:10D95000010440F2000C6FF00307C4F2020C07EA66
:10D96000950514604FF000040CF5806601FA05F18E
:10D97000146054609460D4603CBF0026C4F2020678
:10D98000C0E90F65724538BF0CF10403196000212E
:10D99000C0E90A44C0E90C4484630484BDE8F04053
:10D9A00008467047806B704710B5D0E90FE3D0F898
:10D9B00000C0DEF80020DCF80010DA4054072DD556
:10D9C00011F004042AD0DCF80010890605D4DCF834
:10D9D000001021F00401CCF800100422C4F202026D
:10D9E00002F17C018C4567D940F20841C4F2020182
:10D9F0008C4500F0B08040F21C41C4F202018C451D
:10DA000000F0A28040F23041C4F202018C4540F0A7
:10DA1000A6804FF48061C2F80014EAE0940730D584
:10DA200011F002042DD0DCF80010890608D4DCF8CF
:10DA3000001021F00A01CCF80010012180F821101B
:10DA40000422C4F2020202F17C018C4548D940F262
:10DA50000841C4F202018C4500F0B48040F21C4140
:10DA6000C4F202018C4500F0A48040F23041C4F2BF
:10DA700002018C4540F0B0804FF40071C2F80014F0
:10DA8000C6E0120740F1CA8011F0080108BF10BDBE
:10DA9000DCF8001021F00E01CCF80010012101FA91
:10DAA00003F2CEF804208163016B4FF480720029E9
:10DAB000028440F0A080B1E04321C4F202018C4511
:10DAC00023DD6B21C4F202018C4530DC4421C4F219
:10DAD00002018C457AD05821C4F202018C4537E00E
:10DAE0004321C4F202018C4544DD6B21C4F20201E2
:10DAF0008C4551DC4421C4F202018C4500F0808049
:10DB00005821C4F202018C4559E00821C4F20201F7
:10DB10008C4552D01C21C4F202018C4567D03021C3
:10DB2000C4F202018C4513D14FF4806160E06C2196
:10DB3000C4F202018C454CD08021C4F202018C4514
:10DB400006D14FF0806153E04021C2F8001450E04C
:10DB50004FF480214CE00421C2F8001449E002F5A2
:10DB600088634FF480219C4508BF4FF48041C2F880
:10DB700000143EE00821C4F202018C453ED01C2175
:10DB8000C4F202018C4541D03021C4F202018C451F
:10DB900015D14FF400713AE06C21C4F202018C45BA
:10DBA00031D08021C4F202018C4508D14FF00071C0
:10DBB0002DE02021C2F800142AE0042118E04FF4DF
:10DBC000003124E00221C2F8001421E04FF480412A
:10DBD0000EE04FF480010BE002F588634FF4003152
:10DBE0009C4508BF4FF40051C2F8001410E04021DA
:10DBF0001160C16A91B1BDE810400847022106E0FA
:10DC00004FF4005103E04FF4001100E020211160B7
:10DC1000816A0022002980F82020ECD110BD00008C
:10DC2000002804BF012070472DE9F04140F2000CAC
:10DC3000C4F2020C01684FF6F8320CF58163CBF6A2
:10DC4000FD72994238BF02F580624CF6CD430A441A
:10DC5000CCF6CC43A2FB03236FF003040CF58062E7
:10DC600004EA9303D0E9017ED0F80C803CBF002287
:10DC7000C4F20202C0E90F230A6843F6F0739A4324
:10DC800000F110063A4378CE42EA0E0242EA080258
:10DC90001A4322432A4332430A6000214FF4807220
:10DCA00081630284BDE8F0410846704790F820C0C7
:10DCB000BCF1010F04BF02207047F0B590F821C0FD
:10DCC0004FF0010EBCF1010F80F820E023D14FF09E
:10DCD000020C80F821C04FF0000CC0F838C0D0E929
:10DCE00000C4C56AC66BDCF80070102C27F0010771
:10DCF000CCF80070006C0EFA00F070600846CCF8AA
:10DD0000043004BF10460A46CCF80800CCF80C20BA
:10DD100035B10E200BE0002180F820100220F0BD6C
:10DD2000DCF8000020F00400CCF800000A20DCF849
:10DD300000100843CCF80000DCF8000040F00100BF
:10DD4000CCF800000020F0BDB0B5044600F082F928
:10DD5000054640F22200C2F200000078611C18BFA4
:10DD6000044400BF00F076F9401BA042FAD3B0BDD6
:10DD7000002908BF70472DE9F04F81B041F200073C
:10DD800000F13843C4F60007072240F2004A4FEA88
:10DD9000B324B84208BF0422C4F2010A00F1200EE5
:10DDA000042C38BF4FEAB32200230026002700923C
:10DDB00026E000BF026803249C40224302606FF00B
:10DDC000030202EA570506F01C085EF805900F22D0
:10DDD00002FA08F229EA02024EF805208268A243FC
:10DDE0008260426822EA0C024260C268A243C260BA
:10DDF000013731FA07F206F1040603F1020336D0C7
:10DE0000012202FA07FC1CEA0108F1D0AAF57B7591
:10DE100027F0030206F00C0B0F24AA5804FA0BF9A2
:10DE2000009C02EA090204FA0BF4A242C2D1DAF819
:10DE30000020BC0822EA0802CAF80020DAF8042010
:10DE400022EA0802CAF80420DAF8082022EA0802C6
:10DE5000CAF80820DAF80C2022EA0802CAF80C20D6
:10DE600055F8242022EA090245F82420A2E701B04F
:10DE7000BDE8F04F70470000B0F5807F18BF7047D5
:10DE8000FBF7F0B840F21441C4F201010A68024203
:10DE900014BF08607047FFF7EFBF00000A68002A50
:10DEA00008BF70472DE9F04F83B000F1200341F225
:10DEB0000006019300F13844C4F60006072340F23F
:10DEC000004E4FEAB425B04208BF0423C4F2010E4D
:10DED000042D38BF4FEAB42300244FF0010C002674
:10DEE000002700930AE000BF0A68013732FA07F3FF
:10DEF00006F1040604F1020400F09C800CFA07FA13
:10DF000012EA0A08F0D04A6842F01002122A16D12A
:10DF10006FF00302DDF804C002EA57025CF802B0B9
:10DF200006F01C030F25D1F810909D402BEA050543
:10DF300009FA03F32B434CF802304FF0010C032293
:10DF4000036802FA04F54A686FEA050BAB4302F076
:10DF50000305A5402B43122A036013D80CFA02F3E1
:10DF600013F0061F0ED08368CD6803EA0B03A540AB
:10DF70002B4383604368C2F3001523EA0A03BD40C4
:10DF80002B434360C3688D6803EA0B03A5402B4312
:10DF9000D200C360A8D541F21803C4F202031A6884
:10DFA0004FF6144A42F001021A601A68CFF6FF7A5F
:10DFB00002F001020292029A27F00302724452F820
:10DFC0000A9006F00C050F23AB4029EA030C009BD6
:10DFD00003FA05F545EA0C0342F80A30DEF8009032
:10DFE0004B6849EA0805DA0358BF29EA0805CEF864
:10DFF0000050DEF804909A0349EA080558BF29EA60
:10E000000805CEF80450DEF80890DA0249EA08055F
:10E0100058BF29EA0805CEF80850DEF80C204FF06A
:10E02000010C42EA08059B0258BF22EA0805CEF817
:10E030000C5059E703B0BDE8F04F70470069084045
:10E0400018BF0120704700001823002A08BF2823AA
:10E05000C15070474BF64C00C2F200000068704798
:10E06000002804BF01207047F0B581B0044690F845
:10E070003D0028B9002084F83C00204601F002F958
:10E08000242084F83D002068016821F0010101602E
:10E0900001F016FD636848F2A16CC0F2010C40F675
:10E0A0000011C0F23D0163453CBF48F28041C0F21F
:10E0B0001E01884202D2012001B0F0BD4DF68361FD
:10E0C000C4F21B31A0FB01122168970CD1F804E0C7
:10E0D0004FF496762EF03F0545EA92454D60774322
:10E0E00048F638160D6AC0F24106A7FB067625F001
:10E0F0003F07634538BF960C721C3A430A62CA69EF
:10E1000048F2A0664CF6FF77C0F20106B34222EA5D
:10E11000070C0AD801385A00B0FBF2F001306FF357
:10E120001F30042898BF042020E0A2681927002A85
:10E1300008BF032701385F43B0FBF7F701373F05FE
:10E1400009D052B119225A43B0FBF2F00422013037
:10E1500062F31F3008E0012008E003EB4302B0FB4C
:10E16000F2F001306FF31F3040F4004040EA0C0041
:10E17000C8610868D4E9072320F0C00010431843A1
:10E180000860886848F2FF3204F10C0790438CCF96
:10E1900018431043A6698860C86820F0FF00384320
:10E1A0003043C860086840F001000860002020216A
:10E1B000206484F83D10206384F83E0001B0F0BD77
:10E1C0002DE9F04F83B01D46914688460446FFF77F
:10E1D00041FF94F83D1020291CD107462068806932
:10E1E000860713D5FFF736FFC01B1A28F6D3002089
:10E1F0002021206384F83D1084F83E00216C002E1D
:10E2000041F02001216484F83C0003D494F83C00E0
:10E21000012803D1022003B0BDE8F08F012120685E
:10E2200084F83C100168C90703D1016841F001017D
:10E2300001600168B9F1020F21F4006101604FF043
:10E24000240084F83D004FF00000206440F20000FC
:10E25000CFF6FF70E06208F0FE00019098BF4FF02B
:10E260000209CDF800904FF0010B05F1010A4FF0C3
:10E27000A00905E000980BF1010B834500F0A68092
:10E280002068016841F480710160406910F001006C
:10E2900022D180F0010806E02068406910F00100FA
:10E2A00080F0010818D1BAF1000FF5D0FFF7D2FEC7
:10E2B00015B1C01BA842EFD900212020216384F8AA
:10E2C0003D0084F83E10206C40F0200020645FEA9E
:10E2D000C87084F83C1075D1206801990161FFF77E
:10E2E000B9FE216807464A69496994F83D30A02B78
:10E2F0001FD012F0020008BF11F4806019D100BFD6
:10E30000FFF7A8FE35B1C01BA84288BF84F83D9036
:10E3100002E000BF84F83D9020684169406994F8AC
:10E320003D20A02A05D011F0020108BF10F4806042
:10E33000E6D0202084F83D00206841690268890702
:10E3400042F4007202601ED46FF48061416100BF2C
:10E350002068806986077FF58DAFFFF77BFEC01BC5
:10E360001A28F5D300212020216384F83D0084F889
:10E370003E10206C002E40F02000206484F83C10F9
:10E380007FF578AF1EE0002102914169029180691A
:10E390000290029820688069850719D5FFF75AFE18
:10E3A000C01B1A28F6D300202021206384F83D10DA
:10E3B00084F83E00216C002D41F02001216484F896
:10E3C0003C0006D5012003B0BDE8F08F012000E03D
:10E3D0000020202184F83D10002184F83C1003B077
:10E3E000BDE8F08F2DE9F04F81B09946164688467A
:10E3F0000446FFF72FFE94F83D1020291ED1DDF8CA
:10E4000028A0054620688069870713D5FFF722FEFC
:10E41000401B1A28F6D300202021206384F83D10E9
:10E4200084F83E00216C002F41F02001216484F823
:10E430003C0003D494F83C00012803D1022001B031
:10E44000BDE8F08F0121206884F83C100168C907FD
:10E4500003D1016841F001010160016821F400610C
:10E460000160222184F83D10102184F83E10002123
:10E4700021646662A4F82A90618D21850021CFF67F
:10E48000FF71E162E16A026811F5803F42F4806247
:10E49000026018BF01295CD1016841F480710160FC
:10E4A000406910F0010029D180F001060AF101074E
:10E4B00007E000BF2068406910F0010080F001060D
:10E4C0001CD1002FF6D0FFF7C5FDBAF1000F02D026
:10E4D000401B5045EED900202021206384F83D10D8
:10E4E00084F83E00216C41F020012164F10784F89A
:10E4F0003C0003D0012001B0BDE8F08F2069B0F5E9
:10E50000804F03D148F00100C1B280E0062000EA4C
:10E51000D819206809F1F0010161416909071ED489
:10E520004169490500F190800AF101064EB1FFF7FB
:10E5300091FDBAF1000F00F04B82401B504500F2F4
:10E54000478220684169090709D441694905EDD529
:10E550007AE00829A0D0216B11299DD0A0E720687E
:10E560005FFA88F101614169890717D4416949055A
:10E570006AD40AF101064EB1FFF76CFDBAF1000F43
:10E5800000F02682401B504500F22282206841693B
:10E59000890703D441694905EDD555E00020009075
:10E5A000206841690091816900910099016841F4F6
:10E5B00080710160406910F0010026D180F00106F1
:10E5C0000AF1010707E000BF2068406910F0010070
:10E5D00080F0010619D1002FF6D0FFF73BFDBAF10C
:10E5E000000F02D0401B5045EED9002020212063AF
:10E5F00084F83D1084F83E00216C41F02001216434
:10E60000F10784F83C007FF475AF49F0F101206810
:10E610000161416989072BD44169490514D40AF184
:10E62000010600BF4EB1FFF715FDBAF1000F00F073
:10E63000CF81401B504500F2CB812068416989079A
:10E6400016D441694905EDD5016841F400710160B6
:10E650006FF48061416100202021206384F83D1027
:10E6600084F83E00206C40F0040020640120A9E101
:10E67000208D022826D001280ED0002838D1002075
:10E6800000902068416900918169009100990168BA
:10E6900041F40071016037E02068016821F4806175
:10E6A0000160EFF3108072B600200090206841698D
:10E6B0000091816900910099016841F40071016045
:10E6C00062B621E02068016841F400610160EFF367
:10E6D000108072B600200090206841690091816925
:10E6E00000910099016821F48061016062B60BE03D
:10E6F0002068016841F48061016000210091416956
:10E700000091806900900098208D002800F05481CD
:10E710004FF001080AF1010B4FF00009202734E007
:10E72000C4F8309084F83D7084F83E90206C40F03E
:10E7300020002064F00784F83C907FF4DBAEEFF318
:10E74000108072B62068616A026842F4007202604A
:10E7500000690870606A218D01306062481E208562
:10E76000608D0138608562B62068616A0069087052
:10E77000606A218D01306062481E2085608D0138FD
:10E780006085208D002800F0178104281ED2022801
:10E7900037D0012853D100BF206841694E06E3D429
:10E7A0004169C90600F1F180FFF754FCBAF1000F8E
:10E7B00002D0401B5045EFD9C4F8309084F83D702A
:10E7C00084F83E90206C40F02000EEE02068416923
:10E7D0004E0600F1C5804169C90600F1AB80FFF724
:10E7E00039FCBAF1000F02D0401B5045EED9C4F8F5
:10E7F000309084F83D7084F83E90206C40F020000A
:10E80000A8E02068406910F0040098D188EA9006DA
:10E8100008E000BF2068406910F0040088EA900614
:10E820007FF48DAFBBF1000FF4D0FFF713FCBAF10A
:10E83000000F3FF475AF401B5045EBD970E72068DF
:10E84000406910F0040024D188EA900607E000BF78
:10E850002068406910F0040088EA900619D1BBF1E5
:10E86000000FF5D0FFF7F6FBBAF1000F02D0401B06
:10E870005045EDD9C4F8309084F83D7084F83E904E
:10E88000206C40F020002064F00784F83C907FF476
:10E8900031AE2068016821F480610160EFF31080DF
:10E8A00072B62068616A00690870606A2168013088
:10E8B0006062208D01382085608D0138608548694F
:10E8C00010F0040023D188EA900606E02068406931
:10E8D00010F0040088EA900619D1BBF1000FF5D0C2
:10E8E000FFF7B8FBBAF1000F02D0401B5045EDD93D
:10E8F000C4F8309084F83D7084F83E90206C40F06D
:10E9000020002064F00784F83C907FF4F3AD206889
:10E91000616A026842F40072026000690870606A0D
:10E92000218D01306062481E2085608D0138608530
:10E9300062B619E7CDF8009041690091016841F095
:10E94000010101600098C4F8309084F83D7084F8AB
:10E950003E90206C002E206484F83C907FF5CAAD78
:10E960002068616A00690870606A228D0130013A8E
:10E97000606222852168628D013A62854A69520788
:10E980007FF5FFAE09690170F2E6CDF800904169AC
:10E990000091016841F0010101600098C4F83090D5
:10E9A00084F83D7084F83E90206C002E206484F83A
:10E9B0003C903FF5D9AE9DE5202084F83D00002035
:10E9C00084F83E00002184F83C1001B0BDE8F08FCF
:10E9D00000202021206384F83D1084F83E00206C44
:10E9E00040F0200041E600002DE9F04782B09A4651
:10E9F000164688460446FFF72DFB94F83D10202963
:10EA00001ED1DDF82890054620688069870713D558
:10EA1000FFF720FB401B1A28F6D30020202120639B
:10EA200084F83D1084F83E00216C002F41F0200155
:10EA3000216484F83C0003D494F83C00012804D1FC
:10EA40000226304602B0BDE8F0870121206884F834
:10EA50003C100168C90703D1016841F00101016060
:10EA6000016821F400610160212184F83D1010212A
:10EA700084F83E10002121646662A4F82AA0618D0A
:10EA800021850021CFF6FF71E162E16A11F5803F37
:10EA900018BF012955D1016841F4807101604069B6
:10EAA00010F0010025D180F0010609F1010706E010
:10EAB0002068406910F0010080F0010619D1002F94
:10EAC000F6D0FFF7C7FAB9F1000F02D0401B484556
:10EAD000EED900202021206384F83D1084F83E0008
:10EAE000216C41F020012164F10784F83C0040F0E2
:10EAF000EA802069B0F5804F01D1FE2128E0062090
:10EB000000EAD8112068F0310161416909071ED47B
:10EB1000416949053AD409F1010600BF4EB1FFF73A
:10EB200099FAB9F1000F00F0D080401B484500F27F
:10EB3000CC8020684169090709D441694905EDD5B0
:10EB400024E00829A7D0216B1229A4D0A7E7FF2130
:10EB5000206801EA08010161416989072CD44169F3
:10EB6000490513D409F101064EB1FFF773FAB9F163
:10EB7000000F00F0AA80401B484500F2A6802068E4
:10EB80004169890718D441694905EDD5016841F407
:10EB9000007101606FF480614161002020212063D9
:10EBA00084F83D1084F83E00216C41F0040121649A
:10EBB00084F83C00012644E700260196206841695C
:10EBC0000191806901900198208D002854D009F1AD
:10EBD000010700BF206850F8141F09060FD4016810
:10EBE000490556D4002FF5D0FFF734FAB9F1000FDC
:10EBF0004FF0200151D0401B4845EBD94DE0D4F8EF
:10EC000024E02268704610F8013B13616062608D59
:10EC100001386085B4F828C01046ACF101032385A3
:10EC200050F8141F49070DD519040BD09EF8011098
:10EC300011610EF102016162618D01396185ACF1F2
:10EC400002012185016802E0206850F8141F49077D
:10EC50000FD4016849051CD4002FF5D0FFF7FAF94D
:10EC6000B9F1000F4FF0200117D0401B4845EBD9F8
:10EC700013E0208D0028ADD12068016841F40071B7
:10EC80000160202084F83D0084F83E6084F83C60F8
:10EC9000D7E66FF480610160042100202022206308
:10ECA00084F83D2084F83E00226C1143216484F8EE
:10ECB0003C00206C042806D120680126016841F43C
:10ECC00000710160BDE60126BBE600202021206323
:10ECD00084F83D1084F83E00216C41F0200166E785
:10ECE0002DE9F04F83B0984691460E460446FFF753
:10ECF000B1F994F83D10202922D10E9FDDF830B0F3
:10ED0000054600BF206880695FEA807A14D5FFF766
:10ED1000A1F9401B1A28F5D300202021206384F894
:10ED20003D1084F83E00216CBAF1000F41F0200143
:10ED3000216484F83C0003D494F83C00012803D1FA
:10ED4000022003B0BDE8F08F0121206884F83C1058
:10ED50000168C90703D1016841F001010160016840
:10ED60004A4621F400610160222084F83D004020E1
:10ED700084F83E00002020640D98C4F824B060851B
:10ED8000608D314620850020CFF6FF70E06220467E
:10ED90004346CDE9007502F0B7FB18B1012003B07E
:10EDA000BDE8F08F208D022826D001280ED0002843
:10EDB00038D1002002902068416902918169029156
:10EDC0000299016841F40071016037E02068016830
:10EDD00021F480610160EFF3108072B60020029090
:10EDE000206841690291816902910299016841F4A8
:10EDF0000071016062B621E02068016841F40061A1
:10EE00000160EFF3108072B6002002902068416923
:10EE10000291816902910299016821F48061016087
:10EE200062B60BE02068016841F480610160002156
:10EE3000029141690291806902900298208D002818
:10EE400000F04A814FF0010807F1010B4FF0000973
:10EE50004FF0200A33E0C4F8309084F83DA084F8E5
:10EE60003E90206C40F020002064F00784F83C9035
:10EE700094D1EFF3108072B62068616A026842F4A0
:10EE80000072026000690870606A218D0130606262
:10EE9000481E2085608D0138608562B62068616AF1
:10EEA00000690870606A218D01306062481E20850B
:10EEB000608D01386085208D002800F00D810428C8
:10EEC0001CD2022833D001284ED100BF20684169EE
:10EED0004E06E3D44169C90600F1E780FFF7BAF8AE
:10EEE00017B1401BB842F1D9C4F8309084F83DA066
:10EEF00084F83E90206C40F02000E6E020684169F4
:10EF00004E0600F1BD804169C90600F1A380FFF7FC
:10EF1000A1F817B1401BB842F0D9C4F8309084F87A
:10EF20003DA084F83E90206C40F02000A2E02068D4
:10EF3000406910F004009CD188EA900608E000BF08
:10EF40002068406910F0040088EA90067FF491AFD1
:10EF5000BBF1000FF4D0FFF77DF8002F3FF47BAF3B
:10EF6000401BB842ECD976E72068406910F00400F5
:10EF700021D188EA900606E02068406910F004007C
:10EF800088EA900617D1BBF1000FF5D0FFF762F8C1
:10EF900017B1401BB842EFD9C4F8309084F83DA0B7
:10EFA00084F83E90206C40F020002064F00784F844
:10EFB0003C907FF4F3AE2068016821F48061016029
:10EFC000EFF3108072B62068616A00690870606AA9
:10EFD000216801306062208D01382085608D013804
:10EFE0006085486910F0040021D188EA900606E0A7
:10EFF0002068406910F0040088EA900617D1BBF140
:10F00000000FF5D0FFF726F817B1401BB842EFD933
:10F01000C4F8309084F83DA084F83E90206C40F015
:10F0200020002064F00784F83C907FF4B7AE20689D
:10F03000616A026842F40072026000690870606AE6
:10F04000218D01306062481E2085608D0138608509
:10F0500062B623E7CDF8089041690291016841F05A
:10F06000010101600298C4F8309084F83DA084F852
:10F070003E90206C002E206484F83C907FF58EAE8C
:10F080002068616A00690870606A228D0130013A67
:10F09000606222852168628D013A62854A69520761
:10F0A0007FF509AF09690170FCE6CDF80890416968
:10F0B0000291016841F0010101600298C4F83090AA
:10F0C00084F83DA084F83E90206C002E206484F8E3
:10F0D0003C903FF5E3AE61E6202084F83D0000203F
:10F0E00084F83E0084F83C0003B0BDE8F08F0000D7
:10F0F0002DE9F04F83B0994616460F460446FEF7B9
:10F10000A9FF94F83D10202922D1DDF83880DDF8E0
:10F1100030B00546206880695FEA807A14D5FEF732
:10F1200099FF401B1A28F5D300202021206384F882
:10F130003D1084F83E00216CBAF1000F41F020012F
:10F14000216484F83C0003D494F83C00012803D1E6
:10F15000022003B0BDE8F08F0121206884F83C1044
:10F160000168C90703D1016841F00101016001682C
:10F17000324621F400610160212084F83D004020E6
:10F1800084F83E00002020640D98C4F824B0608507
:10F19000608D394620850020CFF6FF70E062204662
:10F1A0004B46CDE9008502F0C9FA002865D1208DD3
:10F1B000A8B308F1010600BF206850F8141F090623
:10F1C0000FD40168490540D4002EF5D0FEF742FF68
:10F1D000B8F1000F4FF020013BD0401B4045EBD968
:10F1E00037E0606A2168034613F8012B0A61228D1B
:10F1F0006362531E2385678D013F67854F697F07D3
:10F200000AD51B0408D0437802300B616062901E5F
:10F210002085608D01386085208D0028CCD1204666
:10F2200041462A4602F06EFBF8B92068016841F4B5
:10F2300000710160202084F83D00002084F83E0029
:10F2400084F83C0003B0BDE8F08F6FF4806101608A
:10F25000042100202022206384F83D2084F83E0011
:10F26000226C1143216484F83C00206C042804D1F2
:10F270002068016841F400710160012003B0BDE81D
:10F28000F08F000070B586B00446006845F2004576
:10F29000C4F20005A8424FF000000590CDE903003C
:10F2A000CDE901002DD141F21006C4F20206F0684A
:10F2B000022140F40010F060F06800F400100090AB
:10F2C0000098706A40F008007062706A00F00800F0
:10F2D00000900098C020019012200290012003901D
:10F2E000CDE9041040F20040C4F6000001A9FEF789
:10F2F000D5FD306840F400103060306820F4001014
:10F300003060206805F58061884201D006B070BD8C
:10F3100041F21004C4F20204E068022140F48000CB
:10F32000E060E06800F4800000900098606A40F0BF
:10F3300008006062606A00F00800009000984FF4D6
:10F34000406001901220029001200390CDE904104A
:10F3500040F20040C4F6000001A9FEF79FFD2068BE
:10F3600040F480002060206820F48000206006B017
:10F3700070BD000040F222004BF64C01C2F20000CA
:10F38000C2F2000100780A6810440860704700006B
:10F3900080B5042000F08AF8032000F005F800F0A2
:10F3A0002BF8002080BD0000B0B540F22202C2F26E
:10F3B000000240F204011278C2F200014FF47A73A5
:10F3C0000968B3FBF2F20446B1FBF2F1084601F022
:10F3D0007FF9072C4FF001050CD858B94FF0FF30DA
:10F3E00021460022002500F035F840F22400C2F248
:10F3F000000004602846B0BD82B041F21800C4F29B
:10F400000200016841F001010160016801F00101A1
:10F4100001910199416841F080514160406800F0DC
:10F42000805000900098042002B000F03FB8000027
:10F43000002848BF704700F01F01012202FA01F1C5
:10F440001C2202EAD0004EF20012CEF200028150DD
:10F450007047000010B54EF60C5CCEF2000CDCF8E4
:10F460000030C3F3022E8EF00704032C28BF0324C0
:10F47000BEF104034FF0FF3E0EFA04F438BF002340
:10F48000A14399400EFA03F39A43114300F16042FD
:10F4900000F00F03490102F56442043B6344002875
:10F4A00048BF03F10C02117010BD00004EF60C5164
:10F4B000CEF200010A684FF6FF031A4060F30A22F9
:10F4C00042F0806040F0FD700860704780B5411EDA
:10F4D0001F294FF0000000F20581DFE811F0200045
:10F4E000810003010301030103010301030103017F
:10F4F0000301030103010301030103014C000301A4
:10F5000003010301030103010301030103010301DB
:10F51000030103010301030103010301A20041F2FE
:10F520000400C4F20200C16940F202320A40B2F59E
:10F53000817F04BF4FF4004080BD01F44071B1F5FC
:10F54000407F0ED0B1F5007F40F0BF80026A920785
:10F5500044BF49F6404080BDB1F5407F1CBF00204C
:10F5600080BD50F8040C4DF66C418003C0F20201DE
:10F5700001EAE07080BD41F20401C4F20201486A70
:10F58000B0F1FF3F40F3988051F8040CC0015CBF1C
:10F59000002080BD0A684FF4400000EAD21002F457
:10F5A000701318444CF22443800CC0F6010342F45B
:10F5B0000032185C02F44032B2F5403F40F09880CF
:10F5C0000A684CF26443C2F34042C0F601039A5CFD
:10F5D00043F20063C0F26E135843B0FBF2F08CE0CC
:10F5E00041F20400C4F2020000684CF20002C1F2D1
:10F5F000000200EA0201B1F5404F4FF000004EDA80
:10F60000002900F0B580B1F5804F00F0B980B1F568
:10F61000004F67D100F068FA4AF6AB21CAF6AA217A
:10F62000A2E041F20400C4F20200426B02F00F01BA
:10F6300008291EBF12F00802002080BD082903D14E
:10F6400050F8041C89034ED450F8041CC9015CBF57
:10F65000002080BD02684FF4400101EAD21102F49B
:10F66000701319444CF22443890CC0F6010342F490
:10F670000032595C02F44032B2F5403F27D10268B3
:10F680004CF26443C2F34042C0F601039A5C43F279
:10F690000063C0F26E135943B1FBF2F11CE06BD072
:10F6A00044F20003C1F2000399426DD0914219D196
:10F6B00000F01AFA000980BD486A46F6004180064B
:10F6C000C0F2DC2101EAE07080BD002080BD41F283
:10F6D0000022C0F27A025143406B00F00F0001306B
:10F6E000B1FBF0F080BD43F20060C0F26E1080BD4F
:10F6F00041F20022C0F27A02504309680022C8F2A7
:10F70000C0021140B1F1FF3F12DC11F1FF4F1EDAD0
:10F71000B1F1004F13D044F625124100C2F29242DB
:10F72000A1FB0212C2EB400002EB5000800880BD3A
:10F73000B1F5000F10DA002918BF80BD40004AF66D
:10F74000AB21CAF6AA21A0FB0101480880BD1CBF5D
:10F75000002080BD800880BD1CBF400880BD4CF6E5
:10F76000CD414000CCF6CC41A0FB0101880880BD12
:10F7700000F0BAF9400880BD00F0B6F9C00880BDBD
:10F7800000F0B2F9800880BD00F0AEF94AF6AB2176
:10F79000CAF6AA21A0FB0101C80880BD2DE9F041ED
:10F7A00082B00446007841F22006C007C4F2020687
:10F7B00050D056F8040C5FEAC0080BD456F8040C7D
:10F7C00040F0805046F8040C56F8040C00F08050CD
:10F7D0000190019847F20007C4F200073868C0059D
:10F7E00012D4386840F480703860FEF733FC054668
:10F7F0003868C00508D4FEF72DFC401B6428F7D9F3
:10F80000032002B0BDE8F081306810F4407012D0DF
:10F81000616801F4407188420DD03068316820F48D
:10F82000407241F4803131603168C00721F4803189
:10F830003160326047D13068616820F4407008431D
:10F84000B8F1000F306005D456F8040C20F0805059
:10F8500046F8040C206881070DD4C10618D4800630
:10F8600005D5B069216920F00F000843B061002080
:10F8700002B0BDE8F08156F81C1C43F6FF72CEF6CC
:10F88000FF72A3681140194346F81C1CC106E6D557
:10F89000E168B268B1F1004F05D142F00041B160BA
:10F8A0008006DED4E3E722F00042B26056F81C2C5A
:10F8B0004FF6FF73C7F63F731A40114346F81C1CFE
:10F8C0008006CED4D3E7FEF7C5FB054641F2883764
:10F8D00030688007AFD4FEF7BDFB401BB8424FF045
:10F8E0000300F5D9C4E70000002804BF01207047D9
:10F8F0002DE9F04381B042F20008C4F20208044648
:10F90000D8F800000D4600F00F0081420CD9D8F85D
:10F91000000020F00F002843C8F80000D8F80000CD
:10F9200000F00F00A84263D1206841F2040981076A
:10F93000C4F2020917D5410705D5D9F8001041F4E2
:10F94000E061C9F80010010705D5D9F8001041F4AD
:10F950006051C9F80010D9F80010A26821F0F00138
:10F960001143C9F80010C00739D1D8F8000000F0E1
:10F970000F0085420CD2D8F8000020F00F00284379
:10F98000C8F80000D8F8000000F00F00A8422FD1FE
:10F990002068410707D5D9F80010E26821F4E0613A
:10F9A0001143C9F80010000708D5D9F800002169F3
:10F9B00020F4605040EAC100C9F80000D9F80010F6
:10F9C000C1F3810243F20060C0F26E10DFE802F082
:10F9D000025C360241F20020C0F27A0054E0606816
:10F9E00059F8041C022807D0012824D1890305D422
:10F9F000012001B0BDE8F083C901F9D5D9F80010A4
:10FA000021F003010843C9F80000FEF723FB064676
:10FA100041F28837D9F80000616800F00C00B0EBC3
:10FA2000810FA2D0FEF716FB801BB842F2D903204B
:10FA300001B0BDE8F0838907DAD5DFE74FF4400273
:10FA400002EAD11201F470131A444CF26643920C8C
:10FA5000C0F6010341F400319A5C01F44031B1F584
:10FA6000403F0CD1D9F800104CF2A643C1F34041FD
:10FA7000C0F60103595C5043B0FBF1F004E041F2E1
:10FA80000020C0F27A005043D9F800104CF2E04256
:10FA9000C1F30311C0F60102515C40F2040220FAE6
:10FAA00001F140F22400C2F200000068C2F200023C
:10FAB0001160FFF779FC002001B0BDE8F083000081
:10FAC00040F2040041F20401C2F20000C4F202015B
:10FAD000006809684CF2F042C1F30221C0F601024D
:10FAE000515CC8407047000040F2040041F204013C
:10FAF000C2F20000C4F20201006809684CF2F04250
:10FB0000C1F3C221C0F60102515CC8407047000039
:10FB1000002804BF012070472DE9F04182B004465F
:10FB2000007841F20006C007C4F202066CD070688B
:10FB300000F00C00042809D13068800364D56068A7
:10FB4000002861D1012002B0BDE8F081706800F0AA
:10FB50000C00082803D17068C003EDD47068606899
:10FB6000B0F5803F1DD1306820F4803030603068BF
:10FB700020F480203060FEF76DFA0546306880037F
:10FB800009D5FEF767FA401BC8284FF00300F5D9E6
:10FB900002B0BDE8F081B06BA16820F4407008436A
:10FBA000B063656830682DB1B5F5A02F09D0B5F503
:10FBB000803F0AD020F480303060306820F480200C
:10FBC00005E040F480203060306840F480303060E0
:10FBD000FEF740FA002D054613D000BF30688003C1
:10FBE00012D4FEF737FA401BC8284FF00300F5D9AE
:10FBF000CEE700BFFEF72EFA401BC8284FF00300E7
:10FC0000C6D830688003F5D42078800713D5706893
:10FC100010F00C0F08D0706800F00C00082836D1E6
:10FC20007068C00333D470683068800703D560699A
:10FC3000012840F022812078C00616D420780007E1
:10FC400070D5E169706A002948D040F00100706207
:10FC5000FEF700FA054600BF706A80074FD4FEF732
:10FC6000F9F9401B0228F7D934E0A169B06A11B351
:10FC700040F01000B062FEF7EDF90546B06A80066C
:10FC8000DCD4FEF7E7F9401B0228F7D922E06169CE
:10FC90003068002900F09C8040F001003060FEF7E1
:10FCA000D9F9054630688007C5D4FEF7D3F9401B63
:10FCB0000228F7D90EE020F01000B062FEF7CAF972
:10FCC000054600BFB06A8006B8D5FEF7C3F9401BF1
:10FCD0000228F7D9032002B0BDE8F08120F001002E
:10FCE0007062FEF7B7F90546706A80071AD5FEF70D
:10FCF000B1F9401B02284FF00300F5D948E740F264
:10FD00000400C2F20000006844F6D351C1F262015F
:10FD1000A0FB0101480A019000BF0198411E002884
:10FD20000191F9D12078400740F18D80F0695FEAB8
:10FD3000C00808D4F06940F08050F061F06900F02C
:10FD400080500090009847F20007C4F2000738681E
:10FD5000C00512D4386840F480703860FEF77AF934
:10FD6000054600BF3868C00507D4FEF773F9401B8D
:10FD700064284FF00300F5D90AE7E068012819D19B
:10FD8000306A20F001003062306A20F004003062F6
:10FD9000FEF760F9054600BF306A800704D5FEF71C
:10FDA00059F9401B0328F7D3306A216920F0180065
:10FDB00008433062E568306A1DB1052D1AD0012D67
:10FDC0001CD020F001003062306A20F0040017E0FF
:10FDD00020F001003060FEF73DF9054630688007ED
:10FDE0007FF529AFFEF736F9401B02284FF00300DC
:10FDF000F4D9CDE640F004003062306A40F00100F2
:10FE00003062FEF727F9002D054612D041F28837FF
:10FE1000306A800710D4FEF71DF9401BB8424FF03E
:10FE20000300F5D9B4E600BFFEF714F9401B032820
:10FE300002D2306A8007F7D4B8F1000F03D4F0691A
:10FE400020F08050F061256A9DB1706800F00C00D0
:10FE5000082816D1012D10D07068616A00F4803234
:10FE60008A420AD10021C6F23C01A26A08409042AF
:10FE700003D1002002B0BDE8F081012002B0BDE84E
:10FE8000F081306820F080703060FEF7E3F8022DDA
:10FE900005460BD13068800113D5FEF7DBF8401B17
:10FEA00002284FF00300F5D972E600BF30688001E8
:10FEB000DFD5FEF7CFF8401B02284FF00300F5D93D
:10FEC00066E670684FF6FF71C9F6C071D4E9092380
:10FED0000840104318437060306840F08070306014
:10FEE000FEF7B8F8044600BF30688001C1D4FEF7C1
:10FEF000B1F8001B02284FF00300F5D948E60000D6
:10FF0000002804BF0120704710B5022180F8551069
:10FF1000016804460A6822F040020A6000F070F8A6
:10FF20000020A06584F8550084F8540010BD00003E
:10FF3000002804BF012070474168B1F5827F1CBFD3
:10FF40000021C1612DE9F0470025856290F8551028
:10FF500029B980F85450044600F08EF8204602215A
:10FF600080F855100168C3680A68B3F5E06F22F0A5
:10FF700040020A6098BF012543F40062B2F5706F39
:10FF80004FEA053C1CBF00258562D0E90154D0E949
:10FF9000042E05F4827A03F4006304F40449534404
:10FFA00002F00208D0E906674B440EF0010E43440C
:10FFB00006F40072046A734407F03807856A1A442D
:10FFC00004F080043A4405F4005522432A430A60B1
:10FFD0000422436A02EA164203F4004342EA0C0296
:10FFE0001A444A60CA6922F40062CA6100210122EF
:10FFF000816580F85520BDE8F0470846704700004D
:020000040801F1
:10000000B0B543F600050446C4F20005006805F5E6
:100010007841884214D141F21800C4F2020001680C
:1000200021F4805101604FF090402021FDF7A0FEA7
:100030004FF090408021FDF79BFEE06CFDF76AFCDD
:100040002068A84218BFB0BD41F21800C4F20200F7
:10005000416840F2004421F48041C4F6000441604C
:1000600020464FF40051FDF783FE20464FF44041F7
:10007000BDE8B040FDF77CBE2DE9F04786B043F601
:1000800000080446C4F20008006808F5784100271B
:100090008842CDE90477CDE90277019750D141F24A
:1000A0003400C4F2020050F81C1C01AD41F4805130
:1000B00040F81C1C50F81C1C022601F480510091D1
:1000C000009901684FF0030941F0040101600068E4
:1000D000294600F0040000900098202001904FF085
:1000E0009040CDE902660496CDF81490FDF7D6FE57
:1000F0004FF0800A4FF090402946CDE901A6CDE9A6
:100100000376CDF81490FDF7C9FE40F29C35082027
:10011000C2F20005C4F20200102185E883042846DB
:100120000621C5E90477C5E90677FDF7AFFB284648
:10013000E5646C62FDF774FD002818BFFCF732FF20
:100140002068404502D006B0BDE8F08741F2340097
:10015000C4F2020050F8181C40F2004441F48041FF
:1001600040F8181C50F8181CC4F6000401F4804133
:1001700000910099016801AD41F00801016000683B
:10018000022600F00800009000984FF40050019003
:10019000032720462946CDE9026604960597FDF718
:1001A0007DFE4FF44040CDE90106002003A9C1C106
:1001B00020462946FDF772FE06B0BDE8F087000034
:1001C0002DE9F04381B0044640681D461746B0F55E
:1001D000827F0E4602D1A068002869D094F85400AE
:1001E000012803D1022001B0BDE8F0834FF00109DE
:1001F00084F85490FDF72EFF94F85510012955D13D
:100200008046002E4FF0010018BF002F00F08580BF
:10021000042084F855000020A065A663A787E7871F
:100220002063A086E0862168C4E91100D4E9022099
:100230004B68B0F5E06F23F4805398BF03F580530B
:10024000B2F5004F4B6008D121680A6822F04002E5
:100250000A600A6822F480420A6021680A6852062D
:1002600003D40A6842F040020A60E18FB0F5E06F03
:100270002BD8002944D06E1C0BE000BF007BA16B83
:100280000870A06B0130A063E08F0138E087E08F39
:10029000B0B320688168C907F0D1FDF7DBFE002EFE
:1002A000F5D0A0EB0800A842F1D327E0022034E00B
:1002B000042084F855002046314632463B460095DE
:1002C00000F006F901B0BDE8F083C9B16E1C09E089
:1002D000C068A16B21F8020BA163E08F0138E087B1
:1002E000E08F68B120688168C907F1D1FDF7B2FEDF
:1002F000002EF5D0A0EB0800A842F1D303200CE0BB
:1003000020462946424605F0B5FC00281CBF2020A7
:10031000A065A06D002818BF0120002184F8559029
:1003200084F8541001B0BDE8F08300002DE9F043DB
:1003300081B0044690F85400012803D1022001B096
:10034000BDE8F0834FF001081D460F46164684F8BD
:100350005480FDF77FFE94F8551001295DD1814648
:10036000002F4FF0010018BF002E00F0A8800320DE
:1003700084F855000020A0652763A686E686A06362
:10038000A087E087A2683146B2F5004FC4E91100AA
:1003900008D12068026822F040020260026842F43C
:1003A0008042026020680268520603D4026842F06C
:1003B0004002026062680139E368B2FA82F2B1FA7F
:1003C00081F152094909B3F5E06F41EA020126D9EA
:1003D00031B137F8021BC1602763E08E0138E08637
:1003E000E08E002841D06F1C0AE000BF216B31F87D
:1003F000022BC2602163E08E0138E086E08EA0B35C
:10040000206881688907F1D4FDF724FE002FF5D01C
:10041000A0EB0900A842F1D325E002204FE039B15A
:1004200039780173206B01302063E08E0138E0865B
:10043000E08ED0B16F1C0AE0216B09780173206B4C
:1004400001302063E08E0138E086E08E68B12068DC
:1004500081688907F0D4FDF7FDFD002FF5D0A0EBF2
:100460000900A842F1D3032029E020464FF4C051EF
:100470002A464B4605F034FC68B9204629464A46D0
:1004800005F0A2FC38B920464FF4C0612A464B461D
:1004900005F026FC28B1A06D40F02000A0652020CA
:1004A000A065A06838B9002000902068C16800915C
:1004B000806800900098A06D002818BF01200021DE
:1004C00084F8558084F8541001B0BDE8F083000032
:1004D0002DE9F04381B0044690F85400012803D17F
:1004E000022001B0BDE8F08301201E4615460F46EC
:1004F00084F85400FDF7AEFD94F8551081460129AB
:1005000073D1002F4FF0010018BF002D00F0D580EF
:10051000002E00F0D28094F8550004281CBF05205E
:1005200084F855000020A065A563E687A6872763A9
:10053000E686C4E911002068A686E1684268B1F544
:10054000E06F22F4805298BF02F580524260026848
:10055000520603D4026842F0400202606268731ED1
:10056000B2FA82F2B3FA83F3DDF8208052095B0914
:10057000B1F5E06F43EA020146D931B137F8021B09
:10058000C1602763E08E0138E086012608F101058D
:10059000E08E10B9E08F002872D02068816889074A
:1005A0000CD5E18E51B1012E08D1216B002631F816
:1005B000022BC2602163E18E0139E1868168C9079F
:1005C0000AD0E18F41B1C068A16B012621F8020B6E
:1005D000A163E08F0138E087FDF73CFD002DD7D007
:1005E000A0EB09004045D3D348E06068B0F5827FB6
:1005F00008D104294FF002005FD1A16800293FF41F
:1006000080AF5AE0022058E039B139780173206B8D
:1006100001302063E08E0138E086012608F10105F3
:10062000E08E08B9E08F58B32068816889070DD53E
:10063000E18E59B1012E09D1216B00260978017391
:10064000206B01302063E08E0138E08620688168ED
:10065000C9070BD0E18F49B1007BA16B012608705F
:10066000A06B0130A063E08F0138E087FDF7F2FC5A
:10067000002DD5D0A0EB09004045D1D303201CE0CC
:1006800020464FF4C05142464B4605F029FB68B95D
:10069000204641464A4605F097FB38B920464FF4BC
:1006A000C06142464B4605F01BFB78B1A06D40F09F
:1006B0002000A0652020A0650120012184F85510AC
:1006C000002184F8541001B0BDE8F0830020F4E765
:1006D000411E0020B0EB116F1CBF012070474EF28D
:1006E0001002CEF2000251604EF62351CEF200010C
:1006F000E0230B70072190601160704790F83C2058
:10070000012A04BF02207047B0B501F108053CCDB5
:10071000D1E900CE23F47C5322F470521A432EF414
:10072000F0431A432CF4E0431A4324F4C0431A4321
:100730002A43C96922F480420368114359640021A5
:1007400080F83C100020B0BD90F83C20012A4FF00A
:10075000020219D080B580F83D2002685368D2F8B3
:1007600008C0D1E9001E23F0700319432CF0800368
:1007700043EA0E03516093600121002280F83D108E
:1007800080F83C20BDE8804010467047002804BF38
:100790000120704710B5044690F83D0028B90020AC
:1007A00084F83C00204600F00DF8022084F83D005B
:1007B0002068211D05F036FF012084F83D0000204F
:1007C00010BD000070B586B0044640F20046C4F289
:1007D0000006216841F2340506F59432C4F20205A0
:1007E00000209142CDE90400CDE90200019022D120
:1007F00055F81C1C41F4006145F81C1C55F81C1CE4
:1008000001F4006100910099296841F00401296018
:10081000296801F00401009100994FF48071019161
:100820000221CDE9021004200491059001A94FF0A6
:100830009040FDF733FB2068B0F1804F24D155F88C
:10084000180C002140F0010045F8180C55F8180C60
:1008500000F0010000900098286840F0080028602F
:10086000286800F0080000900098082001900220FD
:100870000290CDE903100620059040F20040C4F636
:10088000000001A9FDF70AFB2068B04201D006B0C4
:1008900070BD55F8180C002140F0020045F8180C06
:1008A00055F8180C00F0020000900098286840F0FD
:1008B00008002860286800F00800009000981020C8
:1008C000019002200290CDE903100620059040F22D
:1008D0000040C4F6000001A9FDF7E0FA06B070BDC3
:1008E00090F83C20012A4FF002024AD080B5012343
:1008F00080F83C3080F83D20D0F800C04FF6777289
:10090000DCF8083023EA0202CCF808200B683F2B01
:100910001CDD5F2B37DD602B59D0B3F5005F00F095
:100920009680702B25D1D1E901E3C968DCF8082055
:1009300043EA0E0322F47F4243EA01211143CCF83B
:100940000810DCF8081041F0770110E01F2B03DCE1
:1009500033B1102B04D00CE0202B01D0302B08D168
:10096000DCF8081021F07001194341F00701CCF8C0
:1009700008100121002280F83D1080F83C20BDE8DD
:10098000804010467047402B41D0502BF1D1D1F818
:1009900004E0C968DCF82030DCF8202022F00102F5
:1009A000CCF82020DCF8182022F0F00242EA0111F5
:1009B00023F00A0242EA0E02CCF81810CCF82020EC
:1009C000DCF8081041F0570121F02001CFE7D1F801
:1009D00004E0C968DCF8203023F01003CCF82030A4
:1009E000DCF81830DCF8202023F4704322F0A00259
:1009F00043EA013142EA0E12CCF81810CCF820205C
:100A0000DCF8081041F0670121F01001AFE7D1F8E0
:100A100004E0C968DCF82030DCF8202022F0010274
:100A2000CCF82020DCF8182022F0F00242EA011174
:100A300023F00A0242EA0E02CCF81810CCF820206B
:100A4000DCF8081041F0470121F030018FE7D1E9CF
:100A500001E3C968DCF8082043EA0E0322F47F4270
:100A600043EA01211143CCF80810DCF8081041F4E6
:100A700080417CE790F83C30012B4FF0020300F0FE
:100A800025814FEAB2024FF0010C032A80F83CC0E6
:100A900080F83D3000F215812DE9F043DFE802F0E7
:100AA00002C54790036843F200471A6AC4F201077F
:100AB00022F001021A621E6A1A465D6852F8188F07
:100AC0008C68D1F800E026F00206BB4246EA040634
:100AD00005D042F60044C4F20104A34205D1CC681B
:100AE00026F00C0624F004042643BB4205D042F64F
:100AF0000044C4F20104A34206D1D1E9054725F41C
:100B000040752C4344EA070528F0730444EA0E07B5
:100B10005D609F614F6809695F631E629F6947F06E
:100B200008079F619F6927F004079F61C4E003687D
:100B300043F200471A6AC4F2010722F480721A6273
:100B40001E6A1A46D3F804E052F81C8F8C68D1F85C
:100B5000009026F40076BB4246EA042605D042F611
:100B60000044C4F20104A34207D1CC6840F2FF451F
:100B7000240226F44066AC432643BB4205D042F62D
:100B80000044C4F20104A34206D1D1E905452EF484
:100B90004057254347EA051E28F0730444EA090438
:100BA000C3F804E0DC614F680969DF631E62DF6936
:100BB00047F00807DF61DF6927F00407DF617BE0AA
:100BC000036843F200441A6AC4F2010422F480521A
:100BD0001A621A46D3F820E05E6852F81C8F0D683E
:100BE0008F68A34205D042F60044C4F20104A34238
:100BF00004D14C6926F4804646EA84162EF400544B
:100C000044EA073728F4E64444EA05255E60DD61DE
:100C10004E6809691E641F62DF6947F40067DF617F
:100C2000DF6927F48067DF6145E0036843F200492C
:100C30001A6AC4F2010922F010021A621E6A1A46E8
:100C40005D6852F8188F8C68D1F800E026F0200615
:100C50004B4546EA041605D042F60044C4F20104AE
:100C6000A34207D126F0C004CE686FF0400707EA20
:100C7000061626434B4505D042F60044C4F2010453
:100C8000A34206D1D1E9054725F440653C4345EA36
:100C9000840528F4E64444EA0E275D609F614F68AE
:100CA00009699F631E629F6947F400679F619F699E
:100CB00027F480679F610902136819431160BDE83A
:100CC000F043002380F83DC080F83C301846704760
:100CD000002804BF0120704710B5044690F83D007D
:100CE00028B9002084F83C00204600F00DF80220CE
:100CF00084F83D002068211D05F094FC012084F853
:100D00003D00002010BD000070470000006801F0A9
:100D10001F010122036A02FA01F123EA01020262C1
:100D2000026A114343F20042C4F20102904201629E
:100D300005D042F60041C4F20101884203D1416C62
:100D400041F400414164816801F00701062903D0A4
:100D5000016841F00101016000207047024600680F
:100D600001F01F014FF0010C036A0CFA01F123EAB4
:100D70000101016243F20043016AC4F20103984297
:100D8000016205D042F60041C4F2010188420DD152
:100D9000016A41F21113194208D1016A40F2444339
:100DA000194203D1416C21F400414164016A41F2CE
:100DB0001113194208D1016A40F24443194203D188
:100DC000016821F0010101600121002082F83D103D
:100DD0007047000010B504460068C16821F49071A6
:100DE000C160416921F0010141614169490613D5A2
:100DF000416921F040014161206C68B100214163EB
:100E0000FCF794FC40B1206CFCF7CCFD202803D10A
:100E10001020A064032010BD00202021608784F8EA
:100E2000461010BD10B504460068C16821F0C0012D
:100E3000C1604169090613D5416921F08001416112
:100E4000E06B68B100214163FCF770FC40B1E06BDE
:100E5000FCF7A8FD202803D11020A064032010BDBA
:100E600000202021608684F8451010BD10B582B0A6
:100E700040F240710122C2F2000141F2947300BFBE
:100E8000D1F89C4D844203D0013A1944F8D0002196
:100E9000F9B141F27C728C1821680131216000683F
:100EA000C16821F02001C160C16821F48071C16076
:100EB000416921F001014161002101910168019125
:100EC000406801900198012020756075FDF7C2F817
:100ED000E06002B010BD000070B582B001680D681E
:100EE000CE684C6905F02F02202A06F0200217D1A7
:100EF000B2B190F84620222A10D18268B2F5805F04
:100F000002D10269002A7CD04968426B531C4363BA
:100F10001170418F01390A0441875DD002B070BD64
:100F20005FEA057C1EBF04F0010406F4907313EB26
:100F3000040349D1EA060DD516F010020AD00022AA
:100F400001920A680446019249680191019900F0F2
:100F5000F5F82046290625D516F0800122D090F814
:100F600045102129DAD18168B1F5805F03D101698B
:100F7000002900F0D3800168C26A0B6812F8013BB7
:100F80004B60C262418E01390A044186C6D10068B5
:100F9000C16821F08001C160C16841F04001C160B9
:100FA00002B070BD6906B9D516F04001B6D001682F
:100FB000CA6822F04002CA60202180F8451002B0C1
:100FC000BDE8704000F068BAEB0718BF16F48073F4
:100FD0001FD16B0723D427E00168CA6822F02002E2
:100FE000CA60CA6822F48072CA604A6922F00102AB
:100FF0004A61202180F8461002B0BDE8704000F040
:10100000AFB9426B49686FF35F2122F8021B42635C
:101010007FE7836C43F0010383646B0704D51CB145
:10102000836C43F002038364AB0704D51CB1836C6B
:1010300043F004038364BCF1000F04D51CB1836C3E
:1010400043F008038364836C002B3FF467AFAB0667
:1010500029D542B390F84620222A24D18268B2F5DD
:10106000805F02D10269002A60D04968426B531C3C
:1010700043631170418F01390A04418713D101681C
:101080000446CA6822F02002CA60CA6822F480724C
:10109000CA604A6922F001024A61202180F84610A4
:1010A00000F05EF9204601684A69836C02F0400254
:1010B00003F00803D21825D0CA6822F49072CA60DF
:1010C0004A6922F001024A61202280F846204A69DA
:1010D00052061ED54A6922F040024A61016CC1B134
:1010E00046F62D12C0F60102044608464A63FCF794
:1010F0003DFB00283FF412AF206C416B02B0BDE80D
:10110000704008470446FFF7B1FE0020A06402B01B
:1011100070BD02B0BDE87040FFF7A8BE0168C26AAA
:101120000B6832F8023B6FF35F2329E7426B496893
:101130006FF35F2122F8021B42639BE770470000B8
:10114000002804BF0120704710B5044690F8450000
:1011500028B9002084F84400204600F035F8242007
:1011600084F845002068C16821F40051C160204620
:1011700005F028FC94F82000400610D52068616A2C
:101180004269B1F5805F22F4805242EA0102426175
:1011900005D14169A26A21F4C0411143416120682F
:1011A000016921F490410161416921F02A01416105
:1011B000C16841F40051C16000202021A06484F87E
:1011C000451084F8461010BDF0B587B044F20046D3
:1011D0000446C4F20006006806F574410027884200
:1011E000CDE90577CDE90377029743D141F2340089
:1011F000C4F2020050F81C1C41F4804140F81C1C51
:1012000050F81C1C01F4804101910199016841F0E2
:10121000040101600068012100F0040001900198C0
:101220004FF4C060029002200390CDE904100690B4
:1012300002A94FF09040FCF731FE40F2E0351C204F
:10124000C2F20005C4F202001021802285E883006A
:1012500028460C21C5E90327C5E90577EF61FCF7AE
:1012600015FB2846FCF7DCFC002818BFFBF79AFEAC
:10127000E5636C622068B04201D007B0F0BD41F276
:101280003400C4F2020050F8181C41F4003140F858
:10129000181C50F8181C01F40031019101990168E3
:1012A00041F0040101600068012100F00400019098
:1012B00001980C20029002200390CDE904100690C2
:1012C00002A94FF09040FCF7E9FD1C20C4F2020097
:1012D00040F224451430C2F2000510210022802380
:1012E00085E80F0028460E21C5E90422C5E906223B
:1012F000FCF7CCFA2846FCF793FC002818BFFBF754
:1013000051FEE5636C6207B0F0BD0000034690F843
:10131000460020280AD100294FF0010018BF002AFA
:1013200000D1704793F84400012801D10220704792
:101330005963002022211A875A87986483F846103F
:10134000196883F84400CA6842F48072CA604A6926
:1013500042F001024A61CA6842F02002CA60704746
:1013600040F240710122C2F2000141F2947C00BFC0
:10137000D1F89C3D834203D0013A6144F8D000216A
:10138000F1B141F26270084490F82E20002A18BF93
:1013900070470288002301321FFA82FCB3EB9C2FB6
:1013A00018BF0022B0F802C093B2634509D1D0F84B
:1013B00012200132C0F81220012280F82F2007E00D
:1013C000704791F8A0CD03880B4483F8A1CD02802B
:1013D000D1F89C0D01F55A610122FFF797BF00007B
:1013E00090F84530202B1CBF0220704770B5964600
:1013F00000294FF0010218BFBEF1000F03D1BDE874
:1014000070401046704790F84420012A01D1022212
:10141000F5E7012280F8442000222123C162A0F8D0
:1014200030E0A0F832E0826480F845300368D0F8FC
:101430003CC046F69514C0F6010446F6BD1546F6C6
:101440003916C0F60105C0F60106CCF82840CCF8E4
:1014500034201A1D044660467346CCF82C50CCF854
:101460003060FCF723FC206800226FF0400101602F
:1014700084F84420EFF3108072B62068C16821F030
:101480000801C160C16841F00801C160416941F0D3
:101490008001416162B6B2E7014640F2407001222C
:1014A000C2F2000041F2947CD0F89C3D8B4203D004
:1014B000013A6044F8D00020002808BF704741F28C
:1014C00068710144EFF3108CEFF3108372B60B8850
:1014D0004A881A440A800A88B2F5806F03D30A88C2
:1014E000A2F580620A800022BCF1000F4A8081F8D8
:1014F0002A2018BFFAF762BA62B6FAF75FBA00009C
:1015000070470000FEE700002DE9F04F83B004466D
:101510000068DDF834B00C9E0768994647F4806790
:1015200007600768904647F48073036040698A4605
:1015300010F0010024D180F00107751C07E000BF06
:101540002068406910F0010080F0010718D1002DDB
:10155000F6D0FCF77FFD1EB1A0EB0B00B042EFD937
:1015600000202021206384F83D1084F83E00216C87
:1015700041F020012164F90784F83C0040F0CE805E
:1015800020680AF0FE0AC0F810A0416989072AD431
:101590004169490512D4771C4FB1FCF75BFD002E61
:1015A00000F0C080A0EB0B00B04200F2BB802068CE
:1015B0004169890717D441694905EDD5016841F4AE
:1015C000007101606FF4806141610020202120637F
:1015D00084F83D1084F83E00216C41F00401216440
:1015E00084F83C009AE000200290206850F8141F14
:1015F00002914168029102990168090617D4771C8B
:1016000005E000BF206850F8141F09060FD40168D8
:1016100049056BD4002FF5D0FCF71CFD002E4FF0D0
:10162000200167D0A0EB0B00B042EBD962E020684C
:10163000B9F1010F1ED04FEA1821016150F8141FB3
:10164000090616D4771C04E0206850F8141F090618
:101650000FD40168490549D4002FF5D0FCF7FAFCF6
:10166000002E4FF0200145D0A0EB0B00B042EBD98B
:1016700040E020685FFA88F10161206850F8141F8B
:10168000090615D4771C04E0206850F8141F0906D9
:101690000ED40168490529D4002FF5D0FCF7DAFCF7
:1016A0004FF0200136B3A0EB0B00B042ECD921E0A3
:1016B000206800220168334641F4807101602046B1
:1016C0004FF00111CDF800B000F052F930BB2568A1
:1016D0004AF001070221C0F20101204632465B4672
:1016E0002F6103B0BDE8F04F00F07CB96FF480616A
:1016F0000160042100202022206384F83D2084F82A
:101700003E00226C1143216484F83C00206C0428C4
:1017100004D12068016841F400710160012003B028
:10172000BDE8F08F00202021206384F83D1084F86C
:101730003E00216C41F0200151E700002DE9F04FFF
:1017400081B00446006890460268DDF82CB042F48F
:101750008072026040690A9E994610F001008A4634
:1017600024D180F00107751C07E000BF20684069A4
:1017700010F0010080F0010718D1002DF6D0FCF721
:1017800069FC1EB1A0EB0B00B042EFD90020202174
:10179000206384F83D1084F83E00216C41F0200164
:1017A0002164F90784F83C0040F09C8020680AF02E
:1017B000FE010161416989072BD44169490513D4B0
:1017C000771C00BF4FB1FCF745FC002E00F08E8067
:1017D000A0EB0B00B04200F28980206841698907C4
:1017E00017D441694905EDD5016841F400710160E4
:1017F0006FF48061416100202021206384F83D1056
:1018000084F83E00216C41F00401216484F83C001E
:1018100068E000200090206850F8141F0091416893
:10182000009100990168090616D4771C05E000BFF5
:10183000206850F8141F09060ED40168490539D4F0
:10184000002FF5D0FCF706FC4FF02001B6B3A0EB5B
:101850000B00B042ECD931E0B9F1010F1ED0206885
:101860004FEA1821016150F8141F090616D4771C9D
:1018700005E000BF206850F8141F09060ED4016867
:10188000490517D4002FF5D0FCF7E4FB4FF02001F9
:10189000A6B1A0EB0B00B042ECD90FE02068416884
:1018A00041F4006141605FFA88F10161002001B0FC
:1018B000BDE8F08F6FF480610160042100202022D8
:1018C000206384F83D2084F83E00226C114321649B
:1018D00084F83C00206C042804D12068016841F49D
:1018E00000710160012001B0BDE8F08F00202021CF
:1018F000206384F83D1084F83E00216C41F0200103
:1019000083E70000F0B581B004460068154650F842
:10191000143F5A0715D40E464F1C04E0206850F8B7
:10192000141F49070DD4016849050DD4002FF5D0C7
:10193000FCF790FB4FF0200156B1401BB042EDD9AF
:1019400006E0002001B0F0BD6FF480610160042169
:1019500000202022206384F83D2084F83E00226C81
:101960001143216484F83C00012001B0F0BD000067
:101970002DE9F047DDF820801D469246814601F4AE
:101980007F0018278CB25E1CB0F5803F08BF14277B
:10199000D9F80000C0592040001BB0FA80F040097F
:1019A00082451BD1002EF3D0FCF754FB1DB1A0EBF8
:1019B0000800A842ECD900202021C9F8300089F89D
:1019C0003D1089F83E00D9F8401041F02001C9F8D7
:1019D000401089F83C000120BDE8F0870020BDE8F8
:1019E000F08700002DE9F0410446006898464369FD
:1019F0008FB203EA0701B94202D10020BDE8F081AD
:101A00004169490514D41646551C00BF45B1FCF781
:101A100021FB4FF020019EB1A0EB0800B0420FD88F
:101A2000206841693940B942E7D041694905EDD59F
:101A3000016841F4007101606FF48061416104212B
:101A400000202022206384F83D2084F83E00226C90
:101A50001143216484F83C000120BDE8F0810000BE
:101A600011288FBF03A04CF2F841C0F6010151F8D4
:101A700020007047554E4B4E4F574E00B0B584B0C6
:101A80000446002818BF00290CD1002C4FF000009C
:101A900000F0C28001216177A16960610131A1611B
:101AA00004B0B0BD50B20028EFD4002BEDD00898A0
:101AB0000028EAD0099D002DE7D022715200A081B4
:101AC000E58100202546D2B221606381C4F806007A
:101AD00045F8100FA4F81D00606108461146022267
:101AE0000523FCF76DFB58B1A069217F421C481CFF
:101AF000C1B28142A26108BF2077206802211BE0A9
:101B0000206870B12179022203AB4FF0050CCDE9BA
:101B100000324900FE220123CDF808C0FDF7E0F8AD
:101B200098B1A069217F421C481CC1B28142A261C8
:101B300008BF207720680321617708B1006C00E0BE
:101B400000206061002004B0B0BDBDF80C0045F27B
:101B5000494140BA8842E0801DD1206878B121799E
:101B600002220DF10E034FF0050CCDE900324900C1
:101B7000FF220123CDF808C0FDF7B2F8B8B1A06983
:101B8000217F421C481CC1B28142A26108BF20775C
:101B900020680521D0E7A069217F421C481CC1B202
:101BA0008142A26108BF207720680421C4E7BDF804
:101BB0000E006FF0010201BA02EA114142F2602206
:101BC000914240BA208129D12046002144F2970257
:101BD00000F0AAF970B362892046052100F0A4F94B
:101BE000A0B3204600212A4600F066F9D0B304F1E4
:101BF00012022046052100F05FF900283ED0288817
:101C000044F29701884245D1608A618988424DD16A
:101C10000020A0830120A07704B0B0BDA069217F7F
:101C2000421C481CC1B28142A26108BF20772068D3
:101C3000062181E7A069217F421C481CC1B2814274
:101C4000A26108BF20772068072175E7A069217F7E
:101C5000421C481CC1B28142A26108BF20772068A3
:101C6000082169E7A069217F421C481CC1B281425A
:101C7000A26108BF2077206809215DE7A069217F64
:101C8000421C481CC1B28142A26108BF2077206873
:101C90000A2151E7A069217F421C481CC1B2814240
:101CA000A26108BF207720680B2145E7A069217F4A
:101CB000421C481CC1B28142A26108BF2077206843
:101CC0000C2139E72DE9F04182B043F63865C2F2C4
:101CD00000050C460646A842884603D12046F7F781
:101CE000F9F9804644F69051C2F20001701B01F1EF
:101CF0002802B0FA80F008BF01F1340216884709C3
:101D0000FCF7A8F905463846414622463346009579
:101D100003F07AFB02B0BDE8F081000000284FF02C
:101D2000000218BF002901D110467047827F012AA6
:101D300018D12DE9F04186B00268B2B105460079AC
:101D40000C46052102230DF11207CDE90073029123
:101D500041001046062201230126FCF7C1FFB0B165
:101D600000221BE000221046704700220126CAB95B
:101D70008169027F4B1C511CCAB28A42836108BF31
:101D8000017701681122427731B3096C25E09DF893
:101D90001300012200F0080086EAD00628462146FA
:101DA000002AE5D01EB100228283426117E002685A
:101DB000D2B1054600790C46022105AB0527CDE9D5
:101DC000003141001046042201230297FCF788FFEE
:101DD00068B1002600220EE000214161002206B019
:101DE000BDE8F041104670470026002205E0BDF82E
:101DF00014000122C6BA28462146BAB18846818914
:101E000004467143FFF75EFF20682146D0B109798F
:101E100002220DF116030527CDE900324900012306
:101E20000297FCF75DFF78B1002212E08169027F22
:101E30004B1C511CCAB28A42836108BF01770168FA
:101E40000F22A0E7002205E0BDF81600012200BA2B
:101E5000000C2146A2B18B8982B25E4300EB92074F
:101E6000012E4FF000051DDBB8B244F24022A6FB64
:101E70000001C0F20F020023F6F776F9214612E0C6
:101E800088690A7F431C501CC2B282428B6108BF22
:101E9000087708680D224A77002814BF006C0020DC
:101EA00048619BE700200122A8F80070C8E90160A2
:101EB0008D834D6193E700000346002A4FF0000038
:101EC00008BF7047B0B584B0D3F800E0BEF1000F92
:101ED00018D018798C46144602210DF10E02052502
:101EE000CDE9002141007046624601230295FCF7CE
:101EF000F7FE08B1002005E0BDF80E0000BA000CA6
:101F00002080012004B0BDE8B0407047002808BF21
:101F100070470021C0E90011C0E90211C0E90411B5
:101F2000C0E906117047000003460068002804BF9E
:101F30000020704780B584B08C4651BA1A79ADF84C
:101F40000E1002210DF10E034FF0050ECDE9003108
:101F5000510062460123CDF808E0FDF7C9F8B0FA58
:101F600080F0400904B080BD43F68160C2F20000F9
:101F70000078012818BF704770B58AB043F68066B4
:101F8000C2F200063078A0BB01203070684602F033
:101F9000F3F89DF8054002F0D5F80546FCF75AF82D
:101FA00002462046294603F025FEFCF753F803F0CD
:101FB0004BFA43F68464C2F20004204603F07CF836
:101FC00043F61901C2F200010A7810430870FCF7C9
:101FD00041F843F67865C2F200052946224602F030
:101FE000F3FCFCF737F82946224602F005FD0020F5
:101FF00030700AB0BDE87040704700002DE9F04F26
:1020000083B0EF294FF0000A00F285808709042F82
:1020100000F28180002A7ED0002B7CD0C0F5A07712
:10202000BFB2974238BF3A46C1F1F007BFB29F42F4
:1020300038BF3B460244013A0B445C1E030A8DF84C
:102040000900100A02AE40F200488DF80A008DF82F
:102050000B202A200D4631460422C4F600088DF8D4
:10206000083001F087F8200A4FF0000A8DF80A00C6
:102070002B20314604228DF808A08DF809508DF8E8
:102080000B4001F077F82C208DF807004FF09040BE
:1020900010210022FBF7D8FF404601210022FBF768
:1020A000D3FF40F20B09C2F2000999F800000128A1
:1020B0001FD140F2105B00240DF107060127C2F288
:1020C000000B00BF38041DD0BDB2802D28BF802575
:1020D000FFF74AFF584631462A460A23FEF726F9FB
:1020E000002804BF7F1B2E44002818BF0446E9D0F7
:1020F00054B14FF0904010210122FBF7A5FF89F861
:1021000000A008E0FFF730FF4046012101224FF018
:10211000010AFBF799FF504603B0BDE8F08F0000BD
:102120002DE9F04F91B008920F46DDE91C21109285
:10213000DDE91A25099201F0FE02042A12D10028D5
:1021400018BF002D13D01D91024610983946CDE9D5
:102150001B501046DDE908271A9711B0BDE8F04F73
:1021600000F0C2BB0028069018BF002D02D111B0AC
:10217000BDE8F08F481EC0B2022806D84CF2A84134
:10218000C0F6010151F8200003E044F65860C0F6A3
:1021900002000F9028780028E9D0BB42E7D20F99BF
:1021A00041F2121A0A7B1099C1F2111ACE0A0C964A
:1021B000C1F3451601F01F010B960A9102EB820153
:1021C0004C007900029205910D9701940299A9B1F2
:1021D0000F994FF0000B0A68002100BF12F8016B45
:1021E0003F2E04D10F9F7F6807EB010B0D9F8642A6
:1021F0000AD00A318C42F1D102E000BF4FF0000B4F
:10220000BBF1000F07D1B2E70F98406800EB010B5C
:10221000BBF1000FABD09BF80100CDE903530028C0
:1022200078D004984FF0000980B2079000200E90FB
:10223000DDF824800CE000BF9BF8010009F10109E2
:1022400081450E9808F1010800F101000E9061D25D
:10225000FFF78AFE09989BF9032048440899104427
:102260008842E9D29BF800000028E5D09BF90210D3
:10227000079B42441944DDE9056306FB023C0E9AC4
:1022800002FB00F39BB207E035462CF811500131F8
:10229000013803F10103CFD0B942F8D2BBF808608E
:1022A000B6EB530F0CD90F9A5E089568BBF8064041
:1022B0002E44365DDD0706F00F0408BF340900E048
:1022C00000243CF81160002CDED0109D0E2CDCD8D0
:1022D0000C9A84F00F05F70A624317FB05220732B8
:1022E0000B9FA2FB0A2EC6F34512674312FB057231
:1022F0000732A2FB0A2706F01F020A9E744312FB54
:1023000005420732A2FB0A2444EACE2242EA4715DC
:102310000D9FBAE7039D049B15F8010F019C00284F
:102320003FF425AF9BF804100B4499B2B942FFF477
:102330004DAF1CE7002808BF7047F0B581B002FB25
:1023400001F666B11C460546002700BF380608BFE7
:10235000FFF70AFE25F817400137BE42F6D101B05B
:10236000BDE8F040704700002DE9F04F8DB0DDE989
:1023700016958C4606900238C5F10101ACF10107B3
:1023800001904FEA4C004FF0000A9B460C920897D0
:1023900000900A93CDF82C90CDF81CC017E000BF38
:1023A0000AF10100099F0346691E002F5CBF5B1AFA
:1023B0000D460B9A07EB4301013109F10109013A7E
:1023C000ABF1010B554582460B9240F32B810991ED
:1023D000FFF7CAFD0A98DDF818E0DDF81CC0471BBE
:1023E000BEF1000F05EB00043CD016980C99504448
:1023F000884237D2002C35D4674533DA27EAE776AE
:1024000064450899B8BF2146B1422BDB891B0123E3
:1024100013FA81F399B2994224D1B6B2B44521D9C5
:102420000C9A80B282421DD9ACEB06008842B8BF3C
:1024300001461FFA81F8FFF797FDDDE906ECB8F1D8
:10244000000F0FD000991FFA89F04143019B01EB67
:1024500046014FEA48001944189B023821F8023F10
:10246000FAD100BFBEF1000F3AD01698B0EB0A00C7
:1024700036D40C99884233DA002C31D467452FDAF0
:1024800027EAE77764450899A8BF0C46BC4227DBDA
:10249000E11B012313FA81F399B2994220D1BCB216
:1024A000A4451DD90C9A80B2824219D9ACEB040024
:1024B0008842B8BF01468EB2FFF756FDDDE906EC53
:1024C00076B10B98009980B24143019B01EB440126
:1024D00070001944189B023821F8023FFAD100BF5E
:1024E0002BEAEB70049080B2ACEB000142000A983A
:1024F000BEF1000FA0EB0A070AEB0004059149D0DA
:1025000016980C992844884244D2674542DA27EA53
:10251000E7716445089E38BF26468E423ADB731A3F
:1025200003924FF0010818FA83F3DDF80C809AB299
:1025300002929A4242462DD189B28C452AD983B261
:102540000C98984226D9DDF80880ACEB0100404594
:10255000B8BF80460293FFF707FDDDE90232DDE9EF
:1025600006EC5FEA084015D004980599301A01304E
:1025700080B28142B8BF0846009980B201FB0321B6
:10258000019B4000194400BF189B023821F8023F0C
:10259000FAD100BFBEF1000F3FF402AF16980C99BC
:1025A000401B8842BFF4FCAE6745BFF6F9AE27EA90
:1025B000E7716445089B28BF1C468C42FFF6F0AECD
:1025C000631A012717FA83F39FB29F427FF4E8AEA4
:1025D00089B28C457FF6E4AE86B20C98B0427FF6A5
:1025E000DFAEACEB0100B842B8BF07460392FFF77D
:1025F000BBFC039A38043FF4D3AE04980599201A23
:10260000013080B28142B8BF08460099019B01FBAE
:10261000062180B240001944189B023821F8023F7D
:10262000FAD1BDE60DB0BDE8F08F0000002808BF6C
:1026300070472DE9F04381B0099F87B30A9E76B3B6
:102640008B422CD2089CA24229D9121B1FFA82F875
:10265000464538BFB046B8F1000F20D0CA1ABA427A
:10266000B8BF174604FB01F2520002EB43020B9D78
:102670001044BEB2871E4FEA4109002404E000BFA7
:10268000013444454F440AD0FFF76EFC002EF7D0CA
:1026900030463946013821F8025FFBD1F0E701B03E
:1026A000BDE8F043704700002DE9F04F8DB00028E1
:1026B00000F01781DDF85CE0BEF1000F00F0118141
:1026C000DDF860C0BCF1000F00F00B81169EDDE963
:1026D000197465460C96E64538BF7546C5F347063E
:1026E000BE4238BF6F083E0600F0CC80CDF82CC04B
:1026F0000490F8B2834640008046864553FA87F03E
:10270000CDE90921CDF814E0089307903BD0079854
:102710000A9980B2884236D20C99099A8A4232D9F3
:102720000C99099A511A8AB20B99914238BF0A46FC
:102730004AB305990A9BA1EB4B01164689B21A1AB6
:102740008A42B8BF11461FFA81F90C995D005943BE
:10275000490001EB4000049900270844A0F1020A57
:1027600004E000BF0137B742AA440CD0FFF7FCFBDE
:10277000B9F1000FF6D05046494600BF013920F8A4
:10278000024FFBD1EEE70B9840450C985844069059
:1027900039D008980A99884235D20698099980B2AA
:1027A000814230D90B99099A069BA1EB0801D21AF4
:1027B00096B289B2B14238BF0E4626B30A9A089B38
:1027C000059FD11AB942A8BF394650438FB2400085
:1027D000049900EB43000844851E4FEA420A4FF07B
:1027E000000904E009F10109B14555440BD0FFF798
:1027F000BBFB002FF6D02846394600BF013920F830
:10280000024FFBD1EEE70698CDF804B085B20095F3
:102810000798D94683B20793DDF810B00A9EDDF819
:1028200024805846314642460294FFF79DFD0898A1
:1028300005996FEA0907084438441FFA80FA584698
:10284000314642465346CDE900590294FFF78CFDCC
:10285000DDE90B1042460844384485B2CDE9005901
:10286000079B584631460294FFF77EFDCDE9179449
:10287000584631464246534616950DB0BDE8F04FD6
:10288000FFF772BD8B422CD20C9FBA4229D90C9F04
:10289000D21B1FFA82F9CC4538BFE146B9F1000FCF
:1028A0001FD0CA1A7245B8BF96460C9A1FFA8EF608
:1028B0004A43520002EB43021044851E4FEA41088E
:1028C000002703E001374F4545440AD0FFF74CFB92
:1028D000002EF7D028463146013920F8024FFBD1AF
:1028E000F0E70DB0BDE8F08F2DE9F04F89B00D464F
:1028F0001599139C052941F2D24140F2B666C0F603
:102900000201C0F6020608BF0E4621784FF00E07FE
:10291000049608BF12270029079700F09280AB4267
:1029200080F08F80129FDDF850B0D21B38BF00229C
:10293000089207FB05F200EB420001906800069048
:1029400048B2002802D4C8B22EE000BF01F0E00077
:10295000C0280DD1607800F0C002802A08D101F0B3
:102960001F0100F03F0040EA811002221DE000BF7D
:1029700001F0F000E02816D16778A7B107F0C00297
:102980003F20802A4FF001020FD194F802C00CF0D2
:10299000C006802E09D1080367F38B100CF03F01AD
:1029A0000844032201E03F2001221599144480B21B
:1029B00003931FFA83FA029400F066FA07468078C0
:1029C0000AF101060730C008059001984FF0000891
:1029D00000EB4A0907E000BF079808F101088045AD
:1029E0000698814422D0089880451FD0FFF7BCFA92
:1029F000B8780028F0D0AA45EED2DDE9041208FB31
:102A000002110022BB88D4080B441B5D02F00704AE
:102A1000A3401B0602F1010348BF29F812B083420C
:102A2000DAD23244AA421A46ECD3D5E7029C039A82
:102A3000217831B1B8781044431C98B2A842FFF411
:102A40007FAF09B0BDE8F08F80B582B0844600202A
:102A500000214FF4A072F023CDF800C000F0BEF8C2
:102A600002B080BD80B582B0DDF810C0CDE900C2F3
:102A700000F002F802B080BD2DE9F04F85B0EF29DB
:102A800028D814468209042A24D81BB314B30E9EF6
:102A900006B30F9FA7421DD3C0F5A072A24238BF54
:102AA0001446C1F1F0029A4238BF134622461D4631
:102AB000FFF7A4FA70B1002D00F08680A8B2029052
:102AC000B01E40F21055049078000022C2F20005BA
:102AD00001900BE005B0BDE8F08F039A0298013237
:102AE000824204980199084404906DD20392FFF742
:102AF0003BFA002CF1D04FF0000A0020201A81B2DE
:102B0000B1F5007F88BF4FF400701FFA80F8B8F16C
:102B1000000F12D0049943F60922C2F2000201EB21
:102B20004A01023A434600BF31F8027F013B3FBAF7
:102B30004FEA174722F8027FF6D140F20B01C2F2AA
:102B400000010978012925D14FEA40095FEA0940CF
:102B500028D043F609264FF0000BC2F2000600BF52
:102B60005FEA09401CD01FFA89F7802F28BF802711
:102B7000FFF7FAF9284631463A460A23FDF7D6FB15
:102B8000002804BFA9EB07093E44002818BF83466C
:102B9000E6D001E04FF0010BBBF1000F07D00DE0D4
:102BA000FFF7E2F94FF0000BBBF1000F06D108EB85
:102BB0000A001FFA80FAA245A0D38EE740F20B016B
:102BC0000020C2F2000108704FF090401021012255
:102BD00005B0BDE8F04FFBF737BA00002DE9F04F24
:102BE00081B0EF2972D898468309042B6ED8002A49
:102BF0006CD0B8F1000F69D00A9F43F60929C0F5DF
:102C0000A07EC1F1F00C3D0A6FF00103C2F2000991
:102C100040F2FE3409EB03060233A342B570F770AD
:102C2000F8D11FFA8EF5AA4238BF15461FFA8CF26A
:102C3000424538BF90462A464346FFF7DFF9002851
:102C400044D008FB05F7002F46D040F20B0840F2B5
:102C5000105AC2F20008C2F2000A00BF98F8000041
:102C6000B7F5007FBB4628BF4FF4007B012821D178
:102C700043F609254FEA4B090024C2F2000500BFC4
:102C80005FEA09401AD01FFA89F6802E28BF8026F5
:102C9000FFF76AF95046294632460A23FDF746FBFC
:102CA000002804BFA9EB06093544002818BF0446D4
:102CB000E6D000E001242CB10BE000BFFFF754F98F
:102CC000002434B9B7EB0B07C8D105E001B0BDE86B
:102CD000F08F002088F800004FF090401021012272
:102CE00001B0BDE8F04FFBF7AFB90000421E042A67
:102CF00019D80FF2140044F2605100EB8203C0F6C1
:102D000002010E20DFE802F013030A14080043F664
:102D1000E421C0F602010AE01220704745F628714E
:102D2000C0F6020103E044F65861C0F60201487B98
:102D3000704700002DE9F0410D4601F0FE01042925
:102D400080464BD1B8F1000F56D098F8000000260D
:102D500080B952E0C1B2012788B2294608EB0704C6
:102D600000F092F88078311818F807004E1C0028FF
:102D7000A04642D041B20029ECD500F0E001C029C4
:102D80000ED198F8011001F0C002802A08D100F09D
:102D90001F0001F03F0141EA80110227DCE700BF7C
:102DA00000F0F001E02917D198F80120A2B102F05B
:102DB000C0033F21802B4FF00107CDD198F802C00E
:102DC0000CF0C003802BC7D1000362F38B100CF012
:102DD0003F0101440327BFE73F21BCE7B8F1000FE3
:102DE00012D0681EC0B2022814D84CF2A841C0F616
:102DF000010151F8200011E000260120D6FA50FE12
:102E00001FFA8EF0BDE8F0814FF0000E1FFA8EF031
:102E1000BDE8F08144F65860C0F6020098F8006002
:102E20002EB390F80CC04FF0000E0CEB8C014B0051
:102E300008E000BF0027002F1CBF39798E4418F826
:102E4000016FB6B1BCF1000FF4D002680025002775
:102E500012F8011B3F2904BF44686719B14203D02F
:102E60000A35AB42F4D1E6E741684F19E3E74FF08A
:102E7000000E807B1FFA8EF1814228BFAEEB000E60
:102E80001FFA8EF0BDE8F081B0B54FF6127E40F229
:102E9000E423C0F6010E4FF0010CC0F60203052931
:102EA00008BF9E4603460021A32000BF42185408D5
:102EB00004EB44053EF815509D4234BF0CEB520123
:102EC00020468142F2D3A2294FF03F00EAD801EB1D
:102ED00041013EF8110098424FF03F00E2D10EEB65
:102EE0004100B0BD2DE9F04383B040F20B08C2F2BF
:102EF000000801264FF090401021012288F8006060
:102F0000FBF7A2F840F20045C4F60005284601216F
:102F10000122FBF799F840F2C854C2F2000420469F
:102F200000214FF00009FDF7F1FE20680022C16A80
:102F3000C0F8349028460221FBF786F80A20FAF7F9
:102F400003FF284602210122FBF77EF87820FAF7DA
:102F5000FBFE01200021002200F00CF97820FAF796
:102F6000F3FE11200021002200F004F97820FAF786
:102F7000EBFE0DF10B0505273A20294601228DF8BD
:102F80000B7000F0F7F81A208DF80B00C5202946C9
:102F9000012200F0EFF860208DF80B003620294662
:102FA000012200F0E7F843F60820C2F200004CF2DC
:102FB0005F5180F80090C0F60101B220052200F0B8
:102FC000D9F8B720294601228DF80B7000F0D2F80D
:102FD0003F208DF80B00BB202946012200F0CAF8E3
:102FE0002C208DF80B00C0202946012200F0C2F8E9
:102FF000C220294601228DF80B6000F0BBF80F209B
:103000008DF80B00C3202946012200F0B3F82020E0
:103010008DF80B00C4202946012200F0ABF8C62031
:10302000294601228DF80B6000F0A4F84CF264519F
:10303000C0F60101D020022200F09CF803208DF898
:103040000B00E8202946012200F094F84CF2405190
:10305000C0F60101E920032200F08CF84CF2515136
:10306000C0F60101E0200E2200F084F84CF243513A
:10307000C0F60101E1200E2200F07CF821200021A1
:10308000002200F077F87820FAF75EFE2920002170
:10309000002200F06FF87820FAF756FE0020002199
:1030A0004FF4A072F023CDF80090FFF797FD204673
:1030B0000021FDF72BFE20685022C16A01EB81013F
:1030C00002EB011148F21F52C5F2EB12A1FB0212F2
:1030D0005109416398F8000003B0BDE8F083000097
:1030E000B0B540F2C855C2F200050446642828462F
:1030F0004FF0000128BF6424FDF708FE286848F25D
:103100001F52C16AC5F2EB1201316143A1FB0212E9
:1031100051094163B0BD0000012884BF0020704701
:10312000F0B581B043F60824C2F2000401462078CD
:1031300081424FF001001AD0602240F20B060129B3
:1031400008BF6FF05F02C2F200060D468DF8032043
:10315000377830700DF103013620012200F00AF8B3
:10316000307800EA0701012808BF2570317001B0EE
:10317000F0BD00002DE9F04F81B014468B4640F2BF
:1031800000488DF803004FF0904010210022C4F653
:103190000008FAF759FF4046012100220125FAF7FD
:1031A00053FF40F20B00C2F200000078012826D144
:1031B00040F2105900250DF103074FF0010AC2F249
:1031C000000900BF5FEA0A4016D01FFA8AF6802E77
:1031D00028BF8026FEF7C8FE4846394632460A23F5
:1031E000FDF7A4F8002804BFAAEB060A374400281C
:1031F00018BF0546E6D002E0FEF7B6FE0025002C1B
:1032000018BFBBF1000F2AD040F20B09C2F200092F
:103210006DBB4046012101220125FAF715FF99F8FF
:103220000000012823D140F210560025C2F200060A
:10323000200419D0A7B2802F28BF8027FEF794FE64
:10324000304659463A460A23FDF770F8002804BF75
:10325000E41BBB44002818BF0546E9D007E040F254
:103260000B09C2F2000902E0FEF77EFE00254FF0D6
:10327000904010210122FAF7E7FE002D1CBF00202C
:1032800089F8000001B0BDE8F08F000010B50446D9
:1032900000284FF0000018BF002900D110BD53B224
:1032A000002B48BF10BDC4E90010C4E90200500063
:1032B0002271C2B20846114602220523FAF780FFA6
:1032C00060B1A068217B421C481CC1B28142A2604F
:1032D0001CBF002010BD2073002010BD01206073B2
:1032E00010BD0000A0B30246006888B3537B012BD9
:1032F0002ED1B0B582B040F6FF74A14238BF0C4663
:1033000040218DF805102109154612798DF8061017
:1033100021018DF807104FF0050C51000DF1050249
:103320000323CDF800C0FBF75FFB98B1A8682A7BA8
:10333000431C501CC2B229468242AB6008BF0873CE
:10334000087B03284FF0000028BF487302B0B0BDCF
:1033500000207047002028730120EC8002B0B0BD2F
:10336000FEE70000FEE70000F0B581B04CF26651C8
:10337000C0F601014FF000600F22F4F7BDFFD0B19D
:1033800047F6F0764CF266544FF00065C0F6000642
:10339000C0F601042F46B54207D07D1C28462146C1
:1033A0000F22F4F7A9FF0028F4D10020B74238BF5C
:1033B000012001B0F0BD012001B0F0BD002804BF24
:1033C000002070472DE9F04794B0044607F086FED0
:1033D000002800F080800AAD40F2020844F65569EA
:1033E0004FF4801029462822CFF20348C5F6490938
:1033F00007F07AFEC8B30A984FF0000A484536D164
:103400000B98012833D10E98404530D10D980838DB
:1034100010F1070F2BD310986FF4B021084448F235
:103420000701CFF6FA71884221D348F220324FF0DB
:10343000FF300021CEF6B8526B5C5840002300BF2D
:10344000064682EA5000F70708BF7008072B03F111
:103450000103F5D301312429EED1139948400130FD
:10346000B0FA80F04FEA501A01E04FF0000A41F242
:1034700000006D46C0F210002946282207F034FEF5
:10348000C8B1009848454FF0000015D101990129B5
:1034900012D1049941450FD10398083810F1070F54
:1034A00009D306986FF4B021084448F20701CFF61B
:1034B000FA7188422DD200204AEA0001C9070AD0D9
:1034C000BAF1000F0BD020B10C980299401A0028D5
:1034D00005DD0AA804E0002014B0BDE8F0876846C6
:1034E000D0E900E8D0E90237D0E90465D0F818C087
:1034F000D0E90821C069C4E90821C4E906C0012057
:10350000C4E900E8C4E90237C4E9046514B0BDE8C1
:10351000F08748F220324FF0FF300021CEF6B8524B
:103520006B5C5840002300BF074682EA5000FE074C
:1035300008BF7808072B03F10103F5D301312429D3
:10354000EED1099948400130B0FA80F04009B3E764
:10355000016844F65562C5F64902914217D14168A7
:10356000012914D101690222CFF2034291420ED106
:10357000C168083911F1070F09D381696FF4B022CE
:10358000114448F20702CFF6FA72914201D20020AC
:10359000704710B548F2203E4FF0FF314FF0000C5D
:1035A000CEF6B85E10F80C20514000220B468EEA91
:1035B0005101DC0708BF5908072A02F10102F5D3BF
:1035C0000CF1010CBCF1240FECD1406A48400130F1
:1035D000B0FA80F0400910BD2DE9F047C2B0824634
:1035E0006FF400201AEA000F4FF0000070D147F688
:1035F000F87389460839C0F20503994268D89046A5
:1036000069465046082207F06FFD002854D0009903
:1036100001F16040B0F5803F4FF0000058D811F044
:10362000070155D1019A48F20003C0F600039A42FF
:103630004ED312F001074BD022F0010009EB030238
:1036400090424FF0000043D24146B0EB5A6F3AD15E
:10365000B9F1000F37D0CAF10072914533D848F262
:1036600020354FF0FF3402AECEF6B8554F46B9F5CF
:10367000807F28BF4FF48077504631463A4607F0A6
:1036800033FDE8B1002000BF315C4C40002100BF99
:10369000224685EA5404D30708BF5408072901F1DC
:1036A0000101F5D30130B842EED1B9EB0709BA44B4
:1036B000DCD1E243012004E0002042B0BDE8F08705
:1036C00000204146FFE7511AB1FA81F1490908404B
:1036D00042B0BDE8F0870000002804BF002070471A
:1036E00070B594B0064607F0F9FC00284CD00AA843
:1036F000FFF764FE002844F655604FF00102C5F65E
:1037000049000C99C6E9000218BF4A1C0220B260A9
:10371000CFF2034048F2203230614FF0FF300021F9
:10372000CEF6B852735C5840002300BF054682EACB
:103730005000EC0708BF6808072B03F10103F5D31D
:1037400001312429EED1B168C0437062C8074FF43B
:10375000801504BF41F20005C0F21005284607F0AD
:1037600079FA88B128463146282207F073FE58B10D
:1037700069462846282207F0B7FC28B1694630463A
:103780002822F4F7B9FD10B1002014B070BD6846CE
:10379000FFF7DEFE14B070BD10B58AB06846FFF7C3
:1037A0000DFE44F62C64C2F2000468B103980728A9
:1037B00001D0012808D1062003906846FFF78CFF4E
:1037C00028B900200AB010BD607C0028F9D143F66A
:1037D00018710020C2F20001C4E90000C4E902002F
:1037E0002061087001200AB010BD0000B0B58AB099
:1037F00044F62C65C2F20005287C012808D1687CBB
:10380000012805D143F61874C2F20004207810B1E3
:1038100000200AB0B0BD6846FFF7D0FD00284FF089
:10382000000020D0039907291DD1069829688842F5
:10383000EED10798A9688842EAD10598E9688842DC
:10384000E6D1012003906846FFF746FF0028DFD04D
:1038500001202070FAF7FEFB43F61C72014601209E
:10386000C2F2000211600AB0B0BD00002DE9F043C1
:103870008BB014468946064607F030FC30B144F65A
:103880002C68C2F2000898F8100018B100200BB0A4
:10389000BDE8F0834FF000008CB36FF4B02148F224
:1038A00007023144CFF6FA72914228D344F65561AB
:1038B000C2F20001097811BB01A8FFF77FFD20B11A
:1038C000049820F001000228E0D006F6FF7010F402
:1038D0007F250AD0002700BF384607F0BBF9002833
:1038E000D4D007F58057AF42F6D30020C8E9006076
:1038F000C8E90294C8F81000012088F810000BB045
:10390000BDE8F083B0B58AB044F62C65C2F200057C
:10391000287C012821D1687CF8B9D5E900108842BB
:103920001BD1AA680020FFF757FE0146002091B185
:103930006C4620462821F4F7B3FC07200390D5E914
:1039400002012A6807902046CDE90512FFF7C4FE60
:1039500018B1012068740AB0B0BD00200AB0B0BD33
:10396000002808BF704780B544F62C61C2F2000100
:1039700091E80C50096980E80C50016180BD00009D
:1039800044F62C6044F65561C2F20000C2F2000118
:10399000007C0978084300F001007047B0B58AB098
:1039A00051B344F65564C2F20004217821B344F6C1
:1039B0005861C2F200010968411AB1F5FA6F1BD3D0
:1039C00043F6FC11C2F200010A68821AB2F57A7F4E
:1039D00012D3054608606846FFF7F0FC58B103981B
:1039E000032808D1042003906846FFF775FE0028DD
:1039F0001CBF00202070284643F61871C2F2000157
:103A00000978012908D143F61C71C2F20001096846
:103A1000401AB0F5FA7F01D20AB0B0BD07F09EFEA1
:103A2000B0B58AB044F655650446C2F200050020E0
:103A300028706846FFF7C2FC70B1039803280BD1C9
:103A40000120287044F65860C2F20000046043F67A
:103A5000FC10C2F2000004600AB0B0BDF0B5B1B015
:103A600044F62C67C2F200073B7C012B12D10446BE
:103A7000A2F1C10010F1C00F4FF000003DD3E1B33F
:103A80007B7CDB0739D17868A04203D33B681B1BE2
:103A90009A4202D9002031B0F0BDA04214D9001BD7
:103AA0008242F7D80D4601A92046144607F01CFBB8
:103AB0000028EFD001A928462246F4F71DFCB0FAF1
:103AC00080F0400931B0F0BD20460E46154607F0A3
:103AD000C1FC0028DED001A920462A4607F004FBDD
:103AE0000028D7D001A930462A46F4F705FC002863
:103AF000D0D1786828447860012031B0F0BD000052
:103B0000FEE700002DE9F0479AB044F60467C2F2E0
:103B10000007044640F230783879C2F2000898F87D
:103B20000010C0B2002818BF0120084347F6015119
:103B3000611A89B248F67F720023914238BF01238F
:103B400043EA0006F00740F08B802546B4F5FA4FB3
:103B500028BF4FF4FA45B5F5486F98BF4FF4486554
:103B600001A92846F5F74CFE10B1BDF8040036E077
:103B70004AF640004FF6F0026FF00101C8F66940C6
:103B8000C0F24D02E5FB020147F66012CFF6FE726D
:103B90004FF0FF334FF0FF35F4F717FB4EF288621A
:103BA000CFF6E072131A75EB01034FF00003B8BFB4
:103BB0000123002B1CBF02460D46280340EA125188
:103BC00046F26030CFF2AE1010EB02304CF2C06221
:103BD00041F10101C0F22D020023F4F7C5FA40F2D1
:103BE0003279C2F200090DF1040AA9F8000050462A
:103BF000F5F73CFB002502E00135102D0DD0E8B2B1
:103C0000F5F7E0FEA042F7D10998E840C007F3D0ED
:103C10000AEB8500C08CA9F8000044F66C60C2F283
:103C200000000021018044F65C60C2F200000180C7
:103C300044F65F60C2F20000017044F65E60C2F2BA
:103C40000000017044F66060C2F2000001600120D3
:103C5000B961C7F80710C7F80B10F97388F80000AE
:103C60000120B0431AB0BDE8F08700002DE9F04F05
:103C700081B014460D46064601F018FA00EB4000EC
:103C8000B0F5FA7F98BF4FF4FA70A4B194F85A10C7
:103C9000012914D194F8581001290CD194F8591025
:103CA00001294FF000010BD1626DB21A824298BF18
:103CB000012139B901E0002121B900220BE00021E6
:103CC0000029FAD043F6E813C2F20003226D1B6804
:103CD000D21A18BF012243F6DC13002AC2F20003F5
:103CE0001CBF676D1F60AF79012F07D1B5F9047054
:103CF000B7F5487F02DB30460A2117E01B68F31A4C
:103D0000834211D2C9B11AB3E06A43F60163216D4F
:103D100043F6E812C0F24903C2F200029842116071
:103D200019DB3046052101E0304601212A462346B1
:103D300001B0BDE8F04F01F023B843F67060C2F265
:103D40000000002101704BF62400C2F20000017057
:103D500001B0BDE8F08FA06B616C8142C8BF08461E
:103D60004BF22031C0F2810188421CDC44F6046130
:103D7000C2F2000109884FF47A725143884212DC82
:103D800040F23070C2F2000090F800B0B4F8348015
:103D900043F6686ABBF1000FC2F2000A06D00020A9
:103DA000CAF800603DE030460621BFE743F664698B
:103DB00044F68C50C2F20009C2F20000B9F80020AB
:103DC0000788BA4215D9DAF80000864211D0331AB2
:103DD00040F2CF214FF4347C1846E2FB6C0103F52E
:103DE00034720023F4F7C0F9B84288BF0746A9F837
:103DF0000070BBF1000F4FF00000CAF8006010D156
:103E0000B9F8001049F69A12C1F69912A1FB0223E3
:103E1000B3F5967F98BF4FF496731944414538BF68
:103E2000012048F2E801884502D9304604217DE7A7
:103E300090B143F67060C2F200000178002943F6A9
:103E40006C61C2F2000102BF012202700E600868BC
:103E5000301A6428E9D205E043F67060C2F200002F
:103E60000021017043F66460C2F2000001881FFA6D
:103E700088F289B200238A4228BF01235BEA03014A
:103E800008D144F68C51C2F200010988884588BFE8
:103E900041460180208DB0F57A6F15D24BF6240093
:103EA000C2F20000017800294BF62001C2F20001A5
:103EB00002BF012202700E600868301AC828FFF4A1
:103EC00047AF3046022131E74BF62400C2F2000032
:103ED00000213CE7F0B581B040F60000C4F60000D8
:103EE0004FF400510122FAF7AFF844F66C60002459
:103EF000C2F20000048044F65C60C2F2000004805C
:103F000044F65F60C2F20000047044F65E60C2F2E4
:103F10000000047044F6606040F22276C2F20000B5
:103F2000C2F200060460308844F60465C2F200055F
:103F30006C71AC61C5F80740C5F80B40EC73F0B18B
:103F400043F29860C2F20000407B012817D143F28F
:103F50009860C2F2000000210027FFF7C3F940B1CA
:103F6000E869378001306F80E861FAF773F82862FA
:103F700005E046F6F550C0F60200F8F763FF43F699
:103F80000870C2F20000047043F6E810C2F20000AC
:103F9000046043F67060C2F2000004704BF6240027
:103FA000C2F20000047043F61A00C2F2000004706E
:103FB00040F23070C2F20000047003A02C71F8F7D8
:103FC00041FF012001B0F0BD5B4641554C545D20DE
:103FD000636C65617265643B206F757470757420E5
:103FE00072656D61696E73204F46460D0A000000D0
:103FF00040F23070C2F20000007801281CBF00209F
:10400000704744F60461C2F20001487901284FF07C
:10401000000011D10979002918BF704740F22270C1
:1040200040F23271C2F20000C2F200010088098839
:10403000401AB0FA80F0400970470000F0B581B036
:1040400040F60000C4F600004FF400510122F9F7D9
:10405000FBFF44F66C600024C2F20000048044F6CA
:104060005C60C2F20000048044F65F60C2F20000AF
:10407000047044F65E60C2F20000047044F66060B2
:1040800040F22276C2F20000C2F2000604603088DC
:1040900044F60465C2F200056C71AC61C5F80740D6
:1040A000C5F80B40EC73F0B143F29860C2F2000027
:1040B000407B012817D143F29860C2F20000002132
:1040C0000027FFF70FF940B1E869378001306F80B2
:1040D000E861F9F7BFFF286205E046F6F550C0F643
:1040E0000200F8F7AFFE40F23070C2F20000047038
:1040F00043F60870C2F20000047043F6E810C2F202
:104100000000046043F67060C2F2000004704BF6D9
:104110002400C2F20000047001B0F0BD43F61A00A2
:10412000C2F20000704700000A2882BF46F6D9603C
:10413000C0F6020070474CF2B441C0F6010151F8DC
:104140002000704744F60460C2F200004079012864
:1041500006D140F23070C2F200000078012805D18B
:1041600040F22270C2F200000088704744F65C60A2
:10417000C2F2000000887047002808BF7047B0B541
:1041800044F60461C2F200014C6901F10805D1E96D
:1041900000CE2CCD446100F108042CC4C0E900CE4F
:1041A0008A69D1E90835C969C0E90835C0E906213D
:1041B00040F60001C4F60001044608464FF40051E1
:1041C000F9F73CFF0138B0FA80F0400984F8240088
:1041D000BDE8B04070470000F0B581B0F9F73AFF94
:1041E000064640F60000C4F600004FF400510122DC
:1041F000F9F72AFF44F60464C2F20004204628219D
:10420000F4F74EF844F68C500025C2F20000058009
:1042100040F23070C2F20000057044F66C60C2F2E9
:104220000000058044F65C60C2F20000058044F6A0
:104230005F60C2F20000057044F65E60C2F20000EA
:10424000057044F66060C2F20000056043F6087035
:10425000C2F20000057043F6E810C2F200000560EB
:1042600043F67060C2F2000005704BF62400C2F203
:104270000000057043F69C10C2F20000066043F691
:104280001A00C2F2000043F2986640F222770570ED
:104290006420C2F2000640F2BC41C2F20007208056
:1042A000C2F20001304660223D80A561C4F807508B
:1042B000C4F80B50E573FEF7E9FFE0B1707B01280D
:1042C00018D143F29860C2F2000000210025FFF7E8
:1042D00009F848B1E0693D8001306580E061F9F797
:1042E000B9FE0125206206E046F6F550C0F6020050
:1042F000F8F7A8FD0025284601B0F0BD40F2307067
:10430000C2F20000007870472DE9F04F81B044F60A
:104310005F670025C2F200073D7044F65E67C2F297
:10432000000744F65C633D7044F66067C2F2000328
:10433000C2F2000744F66C623D6044F604671980DF
:1043400040F6E441C2F20002C2F2000788424FF494
:104350004861BD61C7F80750C7F80B50FD73108066
:1043600088BFA0F164018FB247F69C414FF4FA4632
:1043700088424FF4FA4438BF00F16404B7F5FA4FAD
:1043800038BF3E464AF6400B46F2603A4FF6F00818
:104390004FF44862B6F5486F98BF164669463046F6
:1043A000C8F6694BCFF2AE1AC0F24D08F5F728FAFD
:1043B0004EF28869CFF6E07918B1BDF80000554695
:1043C00028E06FF001015846E6FB080147F660124D
:1043D000CFF6FE724FF0FF334FF0FF36F3F7F5FEE6
:1043E000B9EB000276EB0102B8BF0125002D0CBF2E
:1043F00048460E46310341EA10511AEB00304FF0A7
:10440000010251414CF2C062C0F22D020023554618
:10441000F3F7AAFE1FFA84FA5646BAF5FA4F28BFF8
:104420004FF4FA461FFA80F8B6F5486F98BF4FF47C
:1044300048660DF102013046F5F7E2F910B1BDF81A
:1044400002002DE04FF6F0006FF00101C0F24D00C8
:10445000E6FB00B147F66012CFF6FE7258464FF009
:10446000FF334FF0FF34F3F7B0FEB9EB000274EB0B
:1044700001024FF00002B8BF0122002A1CBF814692
:104480000C46200340EA195115EB09304FF00102A8
:1044900051414CF2C062C0F22D020023F3F764FEDA
:1044A00080B2A8EB000001280CDBAAEB070100EEAC
:1044B000101A01EE100AB8EEC00AB8EE411A80EEEA
:1044C000010A01E09FED0B0A44F66460C2F20000AD
:1044D00080ED000AF9F7BEFD44F67461C2F20001F6
:1044E000086044F604610120C2F20001486101B095
:1044F000BDE8F08F6A5465412DE9F04F81B0002985
:1045000000F04A8144F68C5B0B8843F29868C2F253
:10451000000BC2F20008BBF80050ABF800304B882B
:1045200044F6046998F80D70C2F20009A9F8003049
:104530004FF0000389F80630E7B943F69C13C2F246
:1045400000031F68C71BB7F57A7F13D3186043F2C7
:10455000986340F2BC4CC2F20003C2F2000C064663
:1045600018460F46614614466022FEF78FFE30461D
:1045700039462246CB79002B4FD099F80430002BD6
:1045800000F0B48040F60000C4F600004FF4005183
:104590000122F9F759FD44F66C610020C2F20001D6
:1045A000088044F65C61C2F20001088044F65F6155
:1045B000C2F2000140F22275087044F65E61C2F258
:1045C0000005C2F200012A88087044F66061C2F258
:1045D0000001002A086089F80500C9F81800C9F828
:1045E0000700C9F80B0089F80F0000F0D58098F893
:1045F0000D00012840F0D08043F29860C2F2000024
:1046000000210026FEF76EFE002800F08480D9F815
:104610001C002E80A9F802605EE040F23070C2F209
:1046200000000025057043F60870C2F20000057016
:1046300043F6E810C2F20000056043F67060C2F273
:10464000000005704BF62400C2F20000057040F631
:104650000000C4F600004FF400510122F9F7F4FC09
:1046600044F66C60C2F20000058044F65C60C2F261
:104670000000058044F65F60C2F2000040F222763E
:10468000057044F65E60C2F20006C2F20000318896
:10469000057044F66060C2F200000029056089F8E8
:1046A0000550C9F81850C9F80750C9F80B5089F8D7
:1046B0000F5071D098F80D0001286DD143F2986029
:1046C000C2F2000000210025FEF70CFE18B3D9F855
:1046D0001C003580A9F802500130C9F81C00F9F718
:1046E000B9FCC9F8200001B0BDE8F08F43F60873AB
:1046F000C2F200031F78BFB1BBF80030AB4243D019
:1047000043F66467AB42C2F2000731D83E88B34239
:1047100088BF3B802DE046F6F550C0F6020001B0A0
:10472000BDE8F04FF8F78EBB43F6E817C2F200077A
:1047300000263E6043F67067C2F200073E704BF6FB
:104740002407C2F200073E7001271F7043F6DC13F6
:10475000C2F200031860BBF8003043F66467C2F28F
:1047600000073B8043F66863C2F2000318600BE069
:104770003B8043F66863C2F20003186043F670633F
:10478000C2F2000300271F7004468A461746FFF74F
:104790006DFA99F8043013B101B0BDE8F08F40F222
:1047A000307CC2F2000C44F66C659CF80030C2F21A
:1047B00000052D88012BBBF80030ADB29BB2A5EBF4
:1047C000030599F80560B5FA85F54FEA55152046B9
:1047D00051463A4605EA060504D140F23273C2F268
:1047E000000304E035B140F22273C2F20003B3F8D3
:1047F00000E00AE018462E46654600F0D9FBAC46BC
:10480000354651463A46864620469CF80030012BF4
:1048100023D144F66C6600950025C2F2000635806F
:1048200044F65C66C2F20006358044F65F66C2F26A
:104830000006357044F65E66C2F20006357044F636
:104840006066C2F200063560C9F81850C9F8075012
:10485000C9F80B5089F80F50009D99F80560012E9A
:1048600008D140F22276C2F200063688B64501D160
:104870002B433AD198F80D30012B36D143F2986092
:10488000C2F20000714665467646FEF72BFD18B36E
:1048900040F22270C2F200000680D9F81C00A9F88C
:1048A00002600130C9F81C00F9F7D4FB2978C9F877
:1048B000200021B9BBF800003146FFF725FD40F686
:1048C0000000C4F600004FF400510022F9F7BCFBD1
:1048D000012089F8050005E046F6F550C0F6020013
:1048E000F8F7B0FA3A465146204601B0BDE8F04F1D
:1048F00000F082B8704700002DE9F04397B0DDF872
:104900007C90B9F1000F28D044F60467C2F200078A
:104910007E79012E21D143F60876C2F20006367860
:10492000012E1AD13E79C6B99A421E46C8BF164614
:10493000B1B13F884FF47A756F43BE424FF0000724
:104940004BF220344FF00005C8BF0127C0F28104AC
:10495000A642C8BF01252F4367B917B0BDE8F08351
:1049600043F60065C0F249050027AE42C8BF0127E3
:10497000002FF2D00D462099904606461F46684605
:1049800019B15C22F3F765FC02E05C21F3F788FCC7
:104990001E9A69463B4630463DB101F1340701F1AC
:1049A00044060621CDF8388004E001F1280701F122
:1049B0002C06052133603A806B464A4600F0E0F948
:1049C00017B0BDE8F0830000A1B144F6046CC2F258
:1049D000000C9CF80530012B0CD143F60873C2F291
:1049E00000031B78012B18BF70479CF804300BB9EB
:1049F000FFF73CB970470000002941D0CB79012B6B
:104A000018BF70472DE9F04F81B02DED068B44F6AD
:104A10000465C2F200056B79012B2CD12B7953BBB5
:104A200040F23073C2F200031B7823BB44F66C6380
:104A3000C2F2000309881B8899421CD17AB192F80E
:104A40005A1001290BD192F85810012907D192F878
:104A50005910012903D1576DC11B152911D344F6F3
:104A60005F610020C2F20001087044F66061C2F28A
:104A70000001E8710860BDEC068B01B0BDE8F04FA5
:104A8000704744F65E6EC2F2000E9EF8001044F6C7
:104A9000686C0129C2F2000C0CD1146DDCF80060C6
:104AA000B442E8D031B144F67061C2F20001096845
:104AB000791A00E0002144F67066C2F20006376001
:104AC000978E146DDA1B4FF001061346CCF80040A8
:104AD0008EF8006048BF5342EF810027652B4FF0EE
:104AE0000006AA60A961AF8138BF0126642BEE7170
:104AF0005DD84E1E142E5AD200EE102A44F664627F
:104B00009FED682AC2F20002B8EEC00A92ED001AC8
:104B100020EE022A82EE018A44F65F69C2F20009A1
:104B200099F8002044F65C67002A40F22272C2F233
:104B30000007C2F2000211D116883C88361B02EE33
:104B4000106AB8EEC22A44F6606632EE482AC2F213
:104B5000000686ED002A012689F80060092B8AD319
:104B600002EE101A9FED503AB8EE422A82EE032A66
:104B700044F66068C2F20008398832EE022A22EE5A
:104B8000000A80EE010A98ED001A31EE000A01EEEB
:104B9000101AB8EE419A30EE090A38EE000AB5EE66
:104BA000400AF1EE10FA0DDA9FED400A13E044F6E8
:104BB0005F60C2F20000077044F66060C2F200005D
:104BC000076058E79FED3A1AB4EE410AF1EE10FA89
:104BD000C8BFB0EE410A1788B7EE002A01EE107A7E
:104BE000B8EE411A31EE02AAB4EE4A0AF1EE10FA1A
:104BF0000CDCBFEE002A31EE022AB4EE420AB0EE1F
:104C000040AAF1EE10FAB8BFB0EE42AA9FED290A11
:104C100044F6746B31EE000AB4EE40AA9FED260A0A
:104C2000F1EE10FA31EE000AB4EE40AAB6EE000A38
:104C30003AEE000A4FF000014FF00002BDEEC00A4C
:104C4000C2F2000BC8BF0122F1EE10FAB8BF012179
:104C5000DBF8003010EE106AC9073446A0EB0303FE
:104C600018BF3C46D10708BF34460A2B38BF3C4624
:104C7000BC4206D08246204600F0EAF968B1CBF883
:104C800000A029693AEE490AE01B30EE480AA881E3
:104C9000481C88ED000A2861EDE6002089F8000034
:104CA000E9E600BFCDCC4CBE00007AC40000000095
:104CB00000F07F45666626BF6666263F01460530E2
:104CC00082B2C00340EA520082B2052A4FF00000CF
:104CD00049D8012303FA02F212F02D0F08BF7047E2
:104CE00040F23070C2F20000007801283AD1F0B5ED
:104CF00081B044F60464C2F20004607901284FF0E8
:104D0000000032D1227982BB40F2227740F2327524
:104D1000C2F20007C2F2000538882A8890424FF09C
:104D2000000022D12A885618B0EB163F1DD143F25D
:104D30009860C2F20000407B012815D143F29860D0
:104D4000B1B2C2F20000FEF7CDFA80B1E0693E8058
:104D500001306680E061F9F77DF9206201202E8044
:104D600001B0F0BD00207047002001B0F0BD46F654
:104D7000F550C0F60200F8F765F8002001B0F0BD6C
:104D80002DE9F04FC3B01E460F46044612922BB9D0
:104D90002CAE30465C21F3F783FA4194139444F629
:104DA000046A40F2227540F60004C2F2000AC2F220
:104DB0000005C4F600049AF805B0B5F80090204646
:104DC0004FF400510122F9F73FF99AF804004FF02F
:104DD000000800288AF8058077D1BBF1000F18BFC2
:104DE0004FF0020B1398129D39465A464B468AF8EB
:104DF0000470CDF844B0CDE90056F6F731FE4CF220
:104E0000B44BCDF840900A2FC0F6010B92BF5BF86F
:104E100027C046F6D96CC0F6020C139C5AA214A8FF
:104E200060212346CDF800C007F002F80A2F92BF98
:104E30005BF8270046F6D960C0F602000F90B08EEE
:104E4000D6F83CB01390B5F9040023462A88B6F88A
:104E50004070348D96F85A50D6E914CED6F82C907E
:104E6000766CCDE90AB00F98CDF838C00090119853
:104E70000DF1040C9AF807108CE807001098A3EBCA
:104E80000E0ECDE90C5E0490139843F61A05C2F29B
:104E9000000546F62A62CDE90507C0F6020228465B
:104EA0004FF4A071CDE90896079406F0C1FF14A84D
:104EB000F7F7C8FF2846F7F7C5FF40F2227540F61E
:104EC0000004C2F20005C4F6000440F23070C2F2E1
:104ED000000080F8008020464FF400510122F9F7CD
:104EE000B3F844F66C60C2F20000A0F8008044F60B
:104EF0005C60C2F20000A0F8008044F65F60C2F27D
:104F0000000080F8008044F65E60C2F2000080F885
:104F1000008044F66060C2F20000C0F8008028887B
:104F20008AF80580CAF81880CAF80780CAF80B808A
:104F30008AF80F80D8B143F29860C2F20000407B3B
:104F4000012814D143F29860C2F20000002100262B
:104F5000FEF7C8F970B1DAF81C002E800130AAF80B
:104F60000260CAF81C00F9F775F8CAF8200043B0CF
:104F7000BDE8F08F46F6F550C0F60200F7F762FF85
:104F800043B0BDE8F08F00BF5B4641554C545D20F7
:104F9000743D256C7520726561736F6E3D257320BD
:104FA0006F75747075743D4F46460D0A0000000021
:104FB00010B582B00446B0F5FA4F28BF4FF4FA445A
:104FC000B4F5486F98BF4FF448640DF106012046D0
:104FD000F4F716FC10B1BDF8060036E04AF64000C2
:104FE0004FF6F0026FF00101C8F66940C0F24D02C1
:104FF000E4FB020147F66012CFF6FE724FF0FF337A
:105000004FF0FF34F3F7E1F84EF28862CFF6E0722A
:10501000131A74EB01034FF00003B8BF0123002BF8
:105020001CBF02460C46200340EA125146F2603093
:10503000CFF2AE1010EB02304CF2C06241F1010130
:10504000C0F22D020023F3F78FF880B202B010BD3A
:1050500043F29861C2F20001497B01291CBF002084
:105060007047B0B5044643F29860C2F20000214692
:10507000FEF738F988B140F2227044F60465C2F2B6
:105080000000C2F200050480E8696C800130E8612C
:10509000F8F7E0FF28620120B0BD46F6F550C0F6F3
:1050A0000200F7F7CFFE0020B0BD000040F20C0078
:1050B000C2F200000068704710B54FF0000468B1FC
:1050C00044F69051C2F200015C22F3F7C2F844F6B4
:1050D0000060C2F20000017804700C46204610BD4A
:1050E0002DE9F04FB9B043F66410C2F200008146DA
:1050F000FCF70CFF43F63860C2F20000FCF706FF35
:10510000ABA0F7F79FFE40F268460027ADA4C2F2BD
:1051100000060FF2B42A0DF1240B4FF0000802E054
:105120000137032F14D0E55D3046690001220223C8
:10513000F9F746F80028F3D15846282152462B4665
:1051400006F076FE5846F7F77DFE08F10108E7E71E
:1051500009AC5FFA88F3A3A22046282106F068FE76
:105160002046F7F76FFE40F2684544F69056C2F2CB
:105170000005C2F2000600274FF0050C4FF0C80EE4
:105180004846294640224FF4A0533780C6E90177AC
:10519000B781C6E90B77B786C6E90E77A6F84070E7
:1051A0007764C6E91477C6E90477C6E90677C6E9E5
:1051B000087737854C46CDE900ECFCF75FFC43F6F9
:1051C0003869C2F2000986F858004FF00A0C4FF413
:1051D000C87E4846294645224FF42063CDE900ECBD
:1051E000FCF74CFC86F85900A069D9F8181046F66F
:1051F000FC08C6E90801A07FC0F602080028607F0D
:1052000094F804A046F65711454686F85A70C0F641
:10521000020118BF0D46FCF723FCB4F806B0228942
:10522000D4E905E1CDE9020B46F6724B238ACDE9BC
:1052300000A504A8C0F6020B09ADB4F812C008918D
:1052400080E80C106EA32846C0215A46CDF81CE019
:1052500006F0EEFD2846F7F7F5FD99F81E1099F8CF
:105260001D0099F80440002946F65711C0F60201C6
:1052700018BF8846FCF7F4FBB9F806E0B9F8082037
:10528000D9E905C1B9F81030CDE90048CDE9020EE1
:1052900004A809ACB9F8125008912CC059A32046B3
:1052A000C0215A46CDF81CC006F0C2FD2046F7F7D3
:1052B000C9FDF8F7CFFE014643F6EC10C2F200003C
:1052C000016043F6A410C2F20000016043F60C70C6
:1052D000C2F20000016043F63060C2F200000760D5
:1052E00043F61070C2F20000076043F60420C2F2D9
:1052F0000000076040F22470C2F20000076043F62D
:105300009410C2F20000016043F6E410C2F2000003
:10531000016043F6A010C2F20000016040F2387054
:10532000C2F20000C0E9007743F22070C2F2000030
:10533000C0E9007744F60060C2F20000012202706A
:1053400043F65A10C2F20000077043F62270C2F210
:105350000000078044F6FE20C2F20000078044F2FD
:105360001030C2F20000016043F62070C2F200006B
:10537000077044F21430C2F20000027044F6FC20C0
:10538000C2F20000077044F22030C2F20000077041
:1053900096F8580096F8592044F6F423C2F2000318
:1053A000B764C6F84B701040196039B0BDE8F08F93
:1053B0005B493243312D5343414E5D20535441529A
:1053C000540D0A00154045005B493243312D5343CB
:1053D000414E5D20464F554E44203078253032589E
:1053E0000D0A00005B493243312D5343414E5D208D
:1053F000454E4420636F756E743D25750D0A00009F
:10540000494E00004F55540010B584B0964643F6FF
:105410008162C2F200029C461378012B11D143F63F
:10542000846343F678640A4601460698C2F2000394
:10543000C2F20004CDE901437346CDF800C0FFF786
:105440005BFA04B010BD00002DE9F04F85B0824634
:1054500043F6EC10C2F2000040F20C010268C2F206
:1054600000010968AAEB020244F6905540F2247B41
:1054700043F6641843F638698A42C2F20005C2F264
:10548000000BC2F20008C2F20009C0F09382DBF800
:1054900000308A4203F10103CBF8003006D943F60D
:1054A0000421C2F200010A6801320A6095F859101D
:1054B000C0F800A0012911D143F65861C2F20001E1
:1054C0004846FCF72BFC99F81C100446032922BF20
:1054D000002089F81E0085F8590000E0002495F8A6
:1054E0005800012840F0BD8043F68416C2F2000641
:1054F00040463146FCF712FC98F81C102040032966
:1055000022BF002188F81E1085F85810012840F0AD
:10551000A880D6E901123088C5E90B1243F658611C
:10552000C2F20001288508884968A5F8400069642E
:10553000F3F7FAFD696C81460846F3F7CBFD4FF4AB
:105540007A7109FB01F142F63D3201F56171C0F655
:105550001A12A1FB0212B0EB921F4FF00004C8BF59
:10556000A0EB9214012C4FF0000709DB44F240221B
:10557000A4FB0901C0F20F020023F2F7F5FD074674
:10558000F8F768FD296D002944F21431C2F20001D8
:1055900023D06A6D821A152A1FD343F62273002284
:1055A000C2F200031A8044F6FE23C2F200031A80FE
:1055B00001230B7044F6FC23C2F200031A7044F27C
:1055C0002033C2F2000385F84E20A5F848201A7057
:1055D00044F6F422C2F2000210600A78012A5ED179
:1055E00044F6F422C2F200021268821AC82AC0F0FD
:1055F0008C8044F2203EC2F2000E9EF8002044F25D
:10560000183844F2163344F21C3CC2F20008C2F2CD
:105610000003C2F2000C42B901268EF80060CCF8FB
:105620000000A3F80090A8F80090B8F80060B14519
:1056300038BFA8F800901E88B14588BFA3F8009035
:105640001E88B8F80020B21A152A1CD3A8F80090BA
:1056500043F66418CCF80000A3F80090C2F20008EA
:1056600053E095F85800012804D195F85900002816
:1056700040F01B8143F65A110020C2F2000185F868
:105680005A0008700BE1DCF8002043F66418821A17
:10569000B2F5C87FC2F2000837D300220A7044F680
:1056A000FC21C2F200010A78BC4632B901220A701C
:1056B00044F6F821C2F20001086044F6FE22C2F26C
:1056C0000002118841F26F264B1CC0F28306A3FB37
:1056D000066743F62876C2F2000626F8119044F2D7
:1056E0002436C2F2000646F8210043F62270C2F2C8
:1056F000000001884FF4FA7607FB16338F087C2FE1
:10570000674613809CBF0131018043F65A10C2F2F4
:1057100000000178A5F834900029C5E90E4700F093
:105720009A8043F6A410C2F200000168AAEB0101BE
:105730001429C0F09C8029882A8D4FF0000C531A40
:1057400004976CF10007DE1CC0F800A047F10000D0
:10575000073E70F1000003EB977028BF01EB900249
:10576000D5E90B01D5E9013EC717C61A2A8067EBB8
:10577000E377F21C47F1000816EB977647F1000734
:10578000B608073A46EA877678F1000228BF9819EA
:105790006860B1EB0E006CF10002C31C42F1000620
:1057A00010EB927042F10002800840EA8270DA1F2A
:1057B000AB8976F1000228BF0EEB0001A9EB0300D4
:1057C000653810F1C90FA96014D3B9EB03006CF16F
:1057D0000001C21C41F1000710EB917041F1000182
:1057E000073A4FEA900077F1000240EA817028BF43
:1057F00003EB0009D5E90401E217231A62EBE0721A
:10580000DF1C42F1000613EB927342F100029B0889
:1058100043EA8272FB1FA5F80C9076F1000328BFC3
:105820008418049E43F66418701A6CF10002C31CBD
:1058300042F1000710EB927042F10002800840EA4A
:105840008270DA1FC2F200082C6177F1000228BFD3
:105850000E186E610BE0298DD5E90B2329800121FB
:10586000C5E90123A5F80C90C5E904470170F8F7D4
:10587000F1FB296D49B143F630626B6DC2F2000253
:105880001768C31ABB4288BF13600131C5E9141001
:10589000012043F6386985F85A00C2F2000944F63F
:1058A0000060C2F200000121017043F69411C2F2BF
:1058B00000010868C1F800A082451CBF95F8591086
:1058C0005FEAC17170D0296944F6D35301F5FA72C9
:1058D000C1F26203A2FB0323C3F38F124FF60B63E3
:1058E000C0F2E733994240F23873C2F2000388BF36
:1058F0004FF6FF72D3E9007BAAEB000000230029DA
:10590000D8BF1A46E2FB007BD046D5E906A26969FA
:10591000049243F22072C2F20002D2E900464FF430
:105920006162E1FB004638465946F2F71DFC8146AC
:1059300050440391A861204631464FF46162002330
:10594000C246F2F711FCDDF810804FF46162A9FB4A
:1059500002C3A0FB02E24044E86103984FF461698E
:1059600000FB0930B7EB0C0340F238776BEB00001B
:10597000C2F20007C7E9003001FB092043F66418B2
:1059800040F2247B43F63869B4EB0E0143F22072F7
:10599000C2F20008C2F2000BC2F2000966EB00007E
:1059A000C2F20002C2E90010D8F81800D9F81810A5
:1059B000C5E90801F8F74EFB44F21031C2F20001CC
:1059C0000A68821A142A2DD395F85A200860012AF1
:1059D00004D1696D411A1529C0F0B68043F62272D0
:1059E0000021C2F20002118044F6FE22C2F200023F
:1059F000118044F21432C2F200020123137044F603
:105A0000FC22C2F20002117044F22032C2F2000203
:105A100085F84E10A5F84810117044F6F421C2F232
:105A20000001086043F6E410C2F200000168AAEB2E
:105A30000101B1F57A7F44D395F85810C0F800A061
:105A400091B943F6641040F268410527C826C2F2B6
:105A50000000C2F2000140224FF4A053CDE90067DC
:105A6000FCF70CF885F8580095F8590098B943F6FA
:105A7000386040F268410A274FF4C876C2F200004D
:105A8000C2F2000145224FF42063CDE90067FBF725
:105A9000F5FF85F8590095F85800012802D195F8CE
:105AA000590010B9002085F85A00D8F81800D9F824
:105AB0001810C5E9080144F60060C2F20000012197
:105AC000017043F6A010C2F200000168AAEB0101C8
:105AD000B1F57A7F35D343F60C77C2F20007396807
:105AE00043F61076C0F800A000248A45C2F20006F2
:105AF0004FF000000BD0286D3368AAEB0102C01AEA
:105B00004FF47A71A0FB01010023F2F72DFBA5F8F9
:105B10004A0043F63060C2F2000001684FF6FF729F
:105B2000914238BF0A46296DA5F84C20316043F6F2
:105B30000421C2F20001C7F800A00C60CBF80040BD
:105B4000046005B0BDE8F08F44F21431C2F20001E8
:105B5000097800297FF466AF44F6FC21C2F2000107
:105B6000097801297FF45EAF44F6F821C2F2000102
:105B70000968411AB1F57A7FFFF454AF43F62271F8
:105B8000C2F200010A885AB343F6287744F224335C
:105B90004FF0000C4FF6FF71C2F20007C2F2000393
:105BA000002603E0013A07F1020711D053F8044B35
:105BB000041BE4087C2CF5D83C8889B28C42B6B230
:105BC0000CF1010C38BF2146B44288BF2646E9E7F4
:105BD0001FFA8CF20020711A012A88BF012001E00F
:105BE0000121002085F84E00002808BF0146A5F8D5
:105BF000481017E710B543F62074C2F2000423786A
:105C000043F6267C43F6247E012BC2F2000CC2F23E
:105C1000000E08D19CF80030834204D1BEF8003059
:105C2000994208BF10BD8CF8000044F6F420C2F27F
:105C30000000026044F214300123C2F2000003703D
:105C400044F6FC20AEF80010C2F200000021017002
:105C500044F22030C2F20000017043F62270C2F21A
:105C60000000018044F6FE20C2F200002370018093
:105C700010BD000070B5044640681546B0F5827F3F
:105C80000E460BD1A068B0F5004F02D0B0F5806F82
:105C900004D12068016821F04001016020463146AE
:105CA0002A4600F091F828B1A06D40F02000A065D0
:105CB000032070BD6068B0F5827F0FD1A068B0F599
:105CC000004F02D0B0F5806F08D120464FF4C0617C
:105CD00032462B4600F004F80028E5D1002070BDC4
:105CE0002DE9F04F83B04FF000091E4690460D4657
:105CF00083468DF80790F8F7ADF9301A00EB0807E6
:105D0000F8F7A8F940F20401C2F200010968232261
:105D10005143090DDBF800A079430291DAF808102D
:105D200029424DD0064608F1010404E0DBF80000EA
:105D30008068284217D0B5F5C06F05D19AF80C00DD
:105D40008DF807009DF80700002CEFD0F8F782F9D6
:105D5000801BB8420AD202980299002808BF074661
:105D6000481E0290E2E74FF0000929E0DBE900015C
:105D70004268B1F5827F22F0E00242600BD1DBF88D
:105D80000810B1F5004F02D0B1F5806F03D1016862
:105D900021F040010160DBF82810B1F5005F07D168
:105DA000016821F400510160016841F40051016073
:105DB00001208BF8550000208BF854004FF00309A8
:105DC000484603B0BDE8F08FF0B581B015460E46E9
:105DD0000446F8F73FF9281A8719F8F73BF940F21B
:105DE0000401C2F200010968C1F3CB31794300918B
:105DF00021688968090602D4002001B0F0BD05467B
:105E0000013603E0206880680006F5D5002EF9D041
:105E1000F8F720F9401BB84207D2009800990028F3
:105E200008BF0746481E0090ECE7D4E9000142682D
:105E3000B1F5827F22F0E00242600AD1A168B1F59B
:105E4000004F02D0B1F5806F03D1016821F040010D
:105E50000160A16AB1F5005F07D1016821F400512A
:105E60000160016841F400510160012084F855008F
:105E7000002084F85400032001B0F0BDFEE70000CC
:105E80002DE9F04782B00020FCF7DEFD4FF64850C8
:105E9000C0F60100D0F80080B8F1030F42D34CF2F5
:105EA000A65944F6023700240220C0F60109C2F2C6
:105EB00000074FF0000A002619F8041059B311FA30
:105EC00086F2B2F5A07F26D809EB0402527819F8C1
:105ED0000000E51C42EA00200139B2B201360B068F
:105EE00027F81200F8D1B0B2B0F5A07F0BD11FFA9D
:105EF0008AF100204FF4A072012300970026FCF7DE
:105F0000B1FD0AF1010A601D404504D21FFA8AF171
:105F1000F0292C46D0D31FFA8AF0F02804BF02B033
:105F2000BDE8F08740F6830002B0BDE8F047FCF71B
:105F30008BBD0000B0B584B040F2683042F2004141
:105F40000024C2F20000C4F20101C0E900140125DE
:105F50004FF460210394CDE901440476C0E9024482
:105F6000047445610162F7F779F9002818BFF7F763
:105F700019F80520039040F26830C2F2000001A930
:105F8000CDE90145F7F7DEF8002818BFF7F70AF862
:105F900040F26830C2F20000F7F76EF8002818BF30
:105FA000F7F700F804B0B0BD80B582B041F214003C
:105FB000C4F202000168002241F0010101600068A2
:105FC000012100F00100019001980B20F9F742FA3D
:105FD0000B20F9F72DFA0C2005210022F9F73AFAE7
:105FE0000C20F9F725FA0D2005210022F9F732FAE5
:105FF0000D2002B0BDE88040F9F71ABA2DE9F04152
:1060000086B0002641F234000596CDE90366CDE95D
:106010000166C4F202000168002241F0040101603F
:10602000016801F0040100910099016841F0080144
:106030000160016801F0080100910099016841F0D8
:106040001001016000684FF4004100F01000009062
:1060500000984FF09040F7F7F7FF4FF09040102175
:1060600001224FF00108F7F7EFFF48F2100001ACF2
:10607000CDE901084FF090402146CDE90366F7F7DE
:106080000DFF40F20045C4F60005284640F203210A
:106090000022F7F7D9FF28464FF480510122F7F785
:1060A000D3FF41F20320CDE9010828462146CDE97E
:1060B0000366F7F7F3FE4FF4807001900020C1F201
:1060C0002100CDE9020828462146F7F7E7FE05F54D
:1060D000806528464FF4005101224FF40057F7F72E
:1060E000B3FF28462146CDE90178CDE90366F7F7ED
:1060F000D5FE172000210022F9F7ACF91720F9F797
:1061000097F906B0BDE8F08180B540F2684045F2ED
:106110000041C2F20000C4F2000141F680220023D7
:106120004FF4804CC0F2060280E80E00C0E9033C48
:10613000C0E90533C0E90733F7F792FF002808BF2D
:1061400080BDBDE88040F6F72DBF000080B540F26D
:10615000BC4045F60001C2F20000C4F2000141F665
:10616000802200234FF4804CC0F2060280E80E002B
:10617000C0E9033CC0E90533C0E90733F7F770FF16
:10618000002808BF80BDBDE88040F6F70BBF0000C7
:1061900070B596B00BAC20462C21F2F781F80120A7
:1061A00010904FF000500025022615902046CDE9B2
:1061B0000955CDE90755CDE90555CDE90355CDE99B
:1061C00001550B96CDE91365F9F7A2FC002818BF1D
:1061D000F6F7E8FE0F20CDE9060606A80621CDE970
:1061E00008550A95F9F780FB002818BFF6F7DAFE84
:1061F0000220019044F20000C1F20000039001A8C7
:10620000F9F7CCFA002818BFF6F7CCFE16B070BD2F
:1062100010B540F21050C2F2000043F2000C00230F
:106220004FF4E061C4F2010C4FF482724FF4007E2F
:106230001024C0E9023107210362C0E900C2C0E9AD
:106240000433C0E906E4C0E90A31F9F759FE002831
:1062500018BFF6F7A7FE40F21050C2F20000F9F79F
:1062600067FE002808BF10BDBDE81040F6F79ABED3
:1062700010B540F26C50C2F2000043F6000C00234F
:106280004FF4E061C4F2000C4FF482724FF4007ED0
:106290000824C0E9023107210362C0E900C2C0E955
:1062A0000433C0E906E4C0E90A31F9F729FE002801
:1062B00018BFF6F777FE40F26C50C2F20000F9F713
:1062C00037FE002808BF10BDBDE81040F6F76ABED3
:1062D00010B596B040F2C85042F600420021C2F21A
:1062E0000000C4F2010241F61F431591CDE91311DC
:1062F000CDE91111CDE90F11CDE90D11CDE90B114A
:10630000CDE90911CDE90711CDE90511CDE9031159
:10631000CDE90111C0E90021C0E90213C0E904116F
:106320008161FAF733FA002818BFF6F73BFE4FF405
:106330008050129040F2C850C2F2000012A9FAF741
:10634000CFFA002818BFF6F72DFE40F2C850C2F26F
:106350000000FAF7BDFC002818BFF6F723FE40F254
:10636000C8500024C2F2000010A9CDE91044FAF789
:10637000EBF9002818BFF6F715FE6020CDE90904F7
:10638000CDE90B44CDE90D440F9440F2C854C2F25C
:10639000000409A920460022FAF76CFB002818BF68
:1063A000F6F700FE2068816941F008018161002054
:1063B0004FF40051CDE90100CDE9030005900691AD
:1063C000089001A92046FAF799F9002818BFF6F7B6
:1063D000E9FD16B010BD000010B58EB040F20860A7
:1063E0000021C2F200004FF080424FF6FF730D9182
:1063F000CDE90B11CDE90911CDE90711CDE9051161
:10640000CDE90311CDE90111C0E90021C0E9021372
:10641000C0E904118161FAF7B9F9002818BFF6F74D
:10642000C1FD4FF480500A9040F20860C2F20000B3
:106430000AA9FAF755FA002818BFF6F7B3FD40F29B
:106440000860C2F20000FAF743FC002818BFF6F714
:10645000A9FD40F208600024C2F2000008A9CDE9BD
:106460000844FAF771F9002818BFF6F79BFD602081
:10647000CDE90104CDE90344CDE90544079440F298
:106480000864C2F2000401A920460422FAF7F2FAD5
:10649000002818BFF6F786FD2068816941F4006185
:1064A00081610EB010BD000010B58EB040F24860A2
:1064B00040F200420021C2F20000C4F2000241F2A8
:1064C0007F630D91CDE90B11CDE90911CDE90711DC
:1064D000CDE90511CDE90311CDE90111C0E9002194
:1064E000C0E90213C0E904118161FAF74FF90028ED
:1064F00018BFF6F757FD4FF480500A9040F24860FD
:10650000C2F200000AA9FAF7EBF9002818BFF6F763
:1065100049FD40F24860C2F20000FAF7D9FB0028BA
:1065200018BFF6F73FFD40F248600024C2F20000B9
:1065300008A9CDE90844FAF707F9002818BFF6F7CB
:1065400031FD6020CDE90104CDE90344CDE90544E6
:10655000079440F24864C2F2000401A920460022D8
:10656000FAF788FA002818BFF6F71CFD2068816941
:1065700041F0080181610EB010BD000080B540F20D
:10658000886043F60001C2F20000C4F2010100235A
:106590004FF00C0C4FF4E13280E80E00C0E90333F9
:1065A000C0E905C3C0E90733FAF7CAFD002808BFF0
:1065B00080BDBDE88040F6F7F5BC000080B540F234
:1065C000D46044F20041C2F20000C4F20001002392
:1065D0004FF00C0C4FF4E13280E80E00C0E90333B9
:1065E000C0E905C3C0E90733FAF7AAFD002808BFD0
:1065F00080BDBDE88040F6F7D5BC0000F8F7BABE14
:1066000080B5F2F783FA4EF68850CEF200000168AA
:1066100041F47001016048F20001C0F6000140F849
:10662000801C80BD10B540F6FF3E0368C4F2000E2A
:1066300043F2004C7045C4F2010C0FDCB0F1804F06
:106640001AD040F20042C4F20002904214D040F648
:106650000002C4F2000290420ED011E040F6004267
:10666000C4F20002904207D0604505D042F60042D5
:10667000C4F20102904203D14A6823F0700313432D
:1066800041F6FF72C4F2000290420FDC704522DC3A
:10669000B0F1804F42D040F20042C4F2000290427A
:1066A0003CD040F60002C4F2000235E044F6FF326E
:1066B000C4F2010290421FDC42F20002C4F2000266
:1066C00090422BD042F60042C4F20102904225D003
:1066D000604523D026E040F60042C4F2000290421A
:1066E0001CD041F60002C4F20002904216D041F6DE
:1066F0000042C4F200020FE044F60042C4F201027C
:1067000090420BD045F20042C4F20102904205D003
:1067100045F20002C4F20102904203D1CA6823F498
:106720004073134323F080024B69D1F800E08C687A
:106730001A4360450260C462C0F828E005D042F602
:106740000042C4F20102904201D1096901630121B2
:10675000416110BD60B180B544F6EC51C2F2000158
:1067600091E80C50096980E80C500161BDE8804057
:10677000002818BF0120704710B543F65B1244F69D
:10678000EC540021C2F20002C2F20004117043F680
:10679000F012C4E90011C4E902112161A0F1640101
:1067A000C2F20002116000F003F8207C10BD00006E
:1067B0002DE9F04143F6F011C2F200010A68A0EBA6
:1067C0000208B8F1640FC0F0A98040F268350446B1
:1067D00000271026C2F20005086000BF2846F6F721
:1067E000D3FE00BB28460221F6F71AFED8B9284688
:1067F000F6F730FD07442846F6F75CFF013EEDD181
:1068000007F10800C0F30F100121B1B944F6EC50B4
:10681000C2F2000000210182012101718168C4607F
:10682000013181607AE040F26830C2F20000F6F790
:1068300041FF002000210029E8D043F65B12C2F29C
:1068400000021178002943F65C11C2F2000106D063
:106850000A68131D1044A0EBD300086003E0C000D9
:1068600008600120107008680430C708C0F3CF0327
:1068700044F6EC50C2F200008168142B01F10101D2
:10688000C4600780816003D800210182022144E0B6
:1068900040F6D2718B4203D30021018203213CE0F8
:1068A000A3F1150140F6BC7E71452CD840F61C6260
:1068B000934202D94FF6387625E045F6EE751FFA79
:1068C00087FC0026C0F6020503E000BF01361D2E3E
:1068D00017D035F826409C42F8D305EB8607BA88D6
:1068E0009A42F3D8B7F90230B7F90650A4EB0C0777
:1068F000EE1AA21A774307EB5207B7FBF2F29E1883
:1069000001E040F2E246714504D80121468001824F
:10691000002102E000210182012101710020B8F173
:10692000630F88BF0120BDE8F0810000406A0021AC
:1069300041874186FAF79ABA406A01684A6990F835
:106940004530212B0BD112F0800208D00022428664
:10695000CA6822F0C002CA60202280F845204A6935
:1069600090F84630222B0FD112F040020CD00022BA
:106970004287CA6822F49072CA604A6922F0010212
:106980004A61202180F84610816C41F01001816439
:10699000FAF76CBA0168406A0968890648BFFAF7D5
:1069A0007BBD002141860068416921F08001416181
:1069B000C16841F04001C16070470000406AFAF7C9
:1069C0009FBD000070B50446006804F108030ECBBB
:1069D0000569194325F440552A430261626941F271
:1069E0000C631143C2684FF69C769A431143C16011
:1069F0004169A26921F44071114341614169E26931
:106A000021F400611143416143F60001C0F6FF76B5
:106A1000B2F5006FC4F2010104D1884207D0F9F742
:106A20004FF806E0884223D0F9F74AF822E0F9F758
:106A30005BF86268192148435100B0FBF1F048F25D
:106A40001F51C5F2EB11A0FB01235A0906F1805337
:106A500002FB0300322303EBC000A0FB01014FF453
:106A6000F87000EA111000EB0210C1F342111CE0B3
:106A7000F9F73AF86268192148439100B0FBF1F048
:106A800048F21F51C5F2EB11A0FB01235A0902FB8A
:106A90000600322303EB0010A0FB0101F02000EA06
:106AA000511000EB0210C1F34311084421688860C3
:106AB00070BD00002DE9F04F8FB04BF2E477C2F2C9
:106AC0000007BF8844F6D356BFB2C1F26206A7FBE7
:106AD00006649B468246A3094FF47A7003FB107745
:106AE000154646F6BC320BAE8946C0F60202304669
:106AF0001021009705F09CF94FF64C50C0F60100AC
:106B0000B0F85C40304603214FF00308FCF712F95F
:106B1000074646F25970C0F602000121FCF70AF957
:106B20003844201A00F5FE304FF6D66100F57F7725
:106B3000C0F6010105EB57000C8B0BF1030189B284
:106B400083B244F6B060CDE90016C2F200005146AF
:106B50004A46CDF80C800294FBF7E2FA3046032156
:106B6000FCF7E8F80BF10C0189B205F1040800917B
:106B700046F259714044C0F6020144F6B06600EB9B
:106B8000570001910121C2F20006039183B2304601
:106B900051464A4607950294FBF7C2FA4FF6D66271
:106BA000C0F6010292F83110A81C0A9192F8331035
:106BB00055890BF125021323892792B2CDE90027CD
:106BC000CDE9023183B2304651464A4609950893D1
:106BD0000495FBF769FD4FF6D660C0F60100878982
:106BE0000BF1270002210F22852380B2CDE900039B
:106BF000CDE902211FFA88F3304651464A460497F0
:106C0000FBF752FD079D0BF1280105F108003CA29E
:106C10001FFA81F80027CDE9008283B23046514641
:106C20004A46069402940397FBF77AFA4BF2E47013
:106C3000C2F20000008944F6D35180B2C1F2620171
:106C4000A0FB011293094FF47A7103FB11070BACFF
:106C50002CA2204610210097089F05F0E9F8204655
:106C60000021FCF767F84FF6D661C0F60101281A3B
:106C7000898C8630CDE90084DDF82880029183B2CA
:106C80003446304651464A4600260396FBF748FAFA
:106C90000BF13C0086B209988925039020465146A5
:106CA0004A463B46009601953C46CDF80880FBF7E6
:106CB000BDFC4BF2E470C2F20000818841F26F2209
:106CC00001FB05F0C0F28302A0FB0202100941F6AD
:106CD0007A72914288BF892070B1CDE9006044F694
:106CE000B060069FC2F2000051464A462346CDF8E6
:106CF00008800397FBF79AFC0FB0BDE8F08F00BF48
:106D00004F435000256C752E2530336C75204100A3
:106D10002DE9F04F89B081464FF6D660C0F60100EC
:106D2000078D458B06974FF64C57C0F60107FC8937
:106D300090F83300B7F80C808B461746CDE9024037
:106D400044F6B0601E46CDE90038C2F20000494664
:106D50005A463B4608950495FBF7A6FC06F1020A45
:106D6000A8F10401221FB81C022592B289B21FFAB1
:106D70008AF3CDE90031CDE9022583B244F6B06053
:106D8000069DC2F2000049465A4607940495FBF757
:106D90008BFC06EB540107F1080089B20091022137
:106DA00083B244F6B060089E0191C2F200004946E9
:106DB0005A4605460296FBF7D7FA4BF2E470C2F248
:106DC000000090F82A1090F82400C90719A61AA10B
:106DD00008BF0E46002808BF0E4630460021A8F125
:106DE00010044FF00008FBF7A5FF211AA2B289B2E8
:106DF000824288BF07EB51070798841E0020FBF7EB
:106E000075FFA2B2101A88BF0AEB500A1FFA8AF067
:106E1000CDE90006089807F10E0102908BB22846D2
:106E200049465A46CDF80C80FBF77AF909B0BDE81F
:106E3000F08F00BF43430000435600002DE9F04FA0
:106E400089B094464BF2E472C2F200020E4692F808
:106E5000241092F825200746059031EA02004FF6EB
:106E6000D66A4FF64C51C0F6010AC0F60101B1F8DE
:106E70004490B1F846409AF8331006900AF1120097
:106E8000CDE90241CDE9003918BF0AF114000588A7
:106E900044F6B0609846C2F2000039463246634676
:106EA0000AF12E0B08956746CDF81CC00495FBF738
:106EB000FBFB069A08F10208A9F10401002A18BF99
:106EC0000AF12C0B221F44F6B06A059DB81CBBF8D2
:106ED00000704FF0020C92B289B21FFA88F3C2F22E
:106EE000000ACDE90031CDE9022C83B25046294693
:106EF0003246B3460497FBF7D7FB4BF2E471C2F27C
:106F0000000191F8240091F82510C00746F674108E
:106F100046F6FC0246F6A737C0F60200C0F60202AB
:106F2000C0F6020718BF0246002908BF17463846B8
:106F30000021661EFBF7FEFE04460020FBF7D6FE8E
:106F4000B9EB040189B2079A88BF02EB5102B1B2D2
:106F5000081A88BF08EB50081FFA88F0CDE900072F
:106F6000089893B20290504629465A460027039744
:106F7000FBF7D6F809B0BDE8F08F00002DE9F04F1F
:106F80008DB04FF64C50C0F60100B0F86C40B0F830
:106F90006E50002C2146284618BF0121002D18BF35
:106FA0000120084005FB04F143F2994291424FF061
:106FB000000138BF01210840012840F029814FF627
:106FC000D669C0F6010944F6B068B9F80030C2F2DB
:106FD00000080690404621462A46FBF7ABF9B9F86F
:106FE0000AB00020B9F804A099F8306099F832701E
:106FF0008DE8B100404621462A460023CDF810B066
:10700000FBF752FBA4EB4600A5EB4601BA1BD2B23C
:1070100089B280B2CDE90060CDE902124046214636
:107020002A463346CDF810A0FBF73EFB1A2001217B
:107030000622CDE900210290404621462A469A23A5
:10704000CDF80CB0FBF7F2FA46F6B136C0F6020600
:10705000B9F820B0304604214FF00409FBF76AFE6E
:1070600007460420FBF742FEC7F1960189B2962F2E
:107070004FF0020338BF03EB5103C0F10E010E289D
:107080004FF0020089B238BF00EB5100CDE9000695
:10709000404621462A464FF0020ACDF80C90CDF822
:1070A00008B0FBF73DF846F68D36C0F602063046CE
:1070B0000021FBF73FFE07460020FBF717FEC7F154
:1070C000960189B29C23962F38BF03EB5103C0F180
:1070D0000E0189B20E2838BF0AEB510A40462146FC
:1070E0002A460027CDE900A6CDF808B00397FBF7A4
:1070F00017F84BF2E478C2F2000898F80E00012865
:1071000007D1B8F80C3044A207A8182104F090FE6B
:1071100007E05620ADF8200042F62D50C6F620506C
:1071200007904FF6D669C0F601090DF11C0BB9F8AE
:1071300016A0584605214FF00509FBF7FBFD064652
:107140000520FBF7D3FDC6F1960189B20223962EE6
:1071500038BF03EB5103C0F1110111284FF01200A9
:1071600089B238BF00EB5100CDE902A944F6B069FD
:10717000C2F200090090484621462A461227CDF85F
:1071800004B0FAF7CDFFD8F8100044F6D351C1F29D
:107190006201A0FB011293094FF47A7103FB110005
:1071A0004CF6CD41CCF6CC41A0FB0101CE081CA28F
:1071B00058461821009604F03BFE4FF6D660C0F604
:1071C0000100B0F81AA0584601214FF00108FBF762
:1071D000B1FD06460120FBF789FDC6F1960189B293
:1071E0009C23962E38BF03EB5103C0F1110189B2E5
:1071F000112838BF07EB5107484621462A46CDE9FA
:10720000007BCDF808A0CDF80C80FAF789FF06982E
:107210000DB0BDE8F08F00BF2575206D5600000051
:10722000256C752E2530326C752057002DE9F04FF6
:107230008FB04BF2E477C2F200077F8844F6D35652
:10724000BFB2C1F26206A7FB06649B468246A30951
:107250004FF47A7003FB10770BAE8946154684A273
:1072600030461021009704F0E3FD4FF64C50C0F675
:107270000100B0F85C40304603214FF00308FBF7F3
:1072800059FD074646F6FA20C0F602000121FBF739
:1072900051FD3844201A00F5FE304FF6D66100F556
:1072A0007F77C0F6010105EB5700CC8A0BF1030193
:1072B00089B283B244F6B060CDE90016C2F2000094
:1072C00051464A46CDF80C800294FAF729FF304621
:1072D0000321FBF72FFD0BF10C0189B205F1040826
:1072E000009146F6FA214044C0F6020144F6B06629
:1072F00000EB570001910121C2F20006039183B215
:10730000304651464A4607950294FAF709FF4FF670
:10731000D662C0F6010292F83110A81C0A9192F8C8
:10732000331055890BF125021323892792B2CDE939
:107330000027CDE9023183B2304651464A460995CD
:1073400008930495FBF7B0F94FF6D660C0F601003C
:1073500087890BF1270002210F22852380B2CDE916
:107360000003CDE902211FFA88F3304651464A4610
:107370000497FBF799F9079D0BF1280105F1080027
:107380003EA21FFA81F80027CDE9008283B2304681
:1073900051464A46069402940397FAF7C1FE4BF20F
:1073A000E470C2F20000C08844F6D35180B2C1F24A
:1073B0006201A0FB011293094FF47A7103FB1107DC
:1073C0000BAC2FA2204610210097089F04F030FD3F
:1073D00020460021FBF7AEFC4FF6D661C0F6010156
:1073E000281A898C8630CDE90084DDF82880029146
:1073F00083B23446304651464A4600260396FAF791
:107400008FFE0BF13C0086B2099889250390204637
:1074100051464A463B46009601953C46CDF80880C9
:10742000FBF704F94BF2E470C2F20000418841F22C
:107430006F2201FB05F0C0F28302A0FB020290095B
:1074400047F6E952914288BF892070B1CDE90060CA
:1074500044F6B060069FC2F2000051464A462346F9
:10746000CDF808800397FBF7E1F80FB0BDE8F08F87
:107470002530326C752E2530336C75005345540021
:107480002530326C752E2530336C75205600000087
:10749000032888BF70472DE9F04F8DB04FF64C544C
:1074A000C0F601044BF2E47206464FF6D66704EBD1
:1074B000C000C2F20002C0F60107B0F878C092F82E
:1074C000210007F11801002808BF07F116010B88F9
:1074D000022E08D107F11001002808BFB91DB1F82C
:1074E00000801D4613E0032E0ED192F8250092F87D
:1074F0002410C0074FF0140018BF1220002908BF45
:1075000012203D5AA84602E0B7F80E807D89B4F8F3
:107510007CB0BBF1000F00F0E581B4F87E90B9F1CA
:10752000000F00F0DF8109FB0BF043F29841884225
:1075300000F2D881CDE9053C3B8844F6B060C2F248
:10754000000059464A46FAF7F5FE089644F6B0663A
:1075500097F834400020C2F200061FFA85FACDE900
:10756000000B304659464A460023CDE90294CDF837
:1075700010A0FBF799F8ABF10400A9F10401A21ED9
:107580001FFA88F3D2B289B280B20DF1040C022442
:107590008CE80F00304659464A4602230094FBF718
:1075A00083F8012031210422CDE90021CDE9030A2D
:1075B000089D304659464A460C23CDF81C9002944B
:1075C000FBF772F8012D57D0002D40F0B1804FF637
:1075D000D66646F69937C0F60106C0F60207B48CA7
:1075E000384602214FF00208FBF7A4FB05460220B3
:1075F000FBF77CFBBBEB050189B24FF0000388BFB2
:107600004B08C0F12401052289B2242838BF02EBBF
:107610005102029444F6B06A079CC2F2000ACDE916
:1076200000275046594622464FF00009CDF80C80FD
:10763000FAF776FD4BF2E477C2F2000797F82100E3
:10764000D6A1D8A50028B6F8208008BF0D46284648
:107650000021FBF76FFB06460020FBF747FBBBEB67
:10766000060189B24FF0000388BF4B08C0F1110139
:107670002B2289B2112808E14FF6D66646F6973AD2
:10768000C0F60106C0F6020AB78C504602214FF040
:107690000009FBF74FFB05460220FBF727FBBBEB7E
:1076A000050189B24FF0000388BF4B08C0F12401E7
:1076B000052289B2242838BF02EB5102CDE9002A05
:1076C00044F6B06ADDF81C80C2F2000A5046594602
:1076D000424602970394FAF723FD4BF2E477C2F295
:1076E000000797F82100A9A1AAA50028348C08BF9B
:1076F0000D4628460021FBF71DFB06460020FBF740
:10770000F5FABBEB060189B24FF0000388BF4B08C6
:10771000C0F111012B2289B2112838BF02EB5102AE
:10772000CDE9002550465946424602944446B4E00D
:10773000022D3DD146F68616C0F6020630460121DE
:107740000127FBF7F7FA05460120FBF7CFFABBEB61
:10775000050189B24FF0000388BF4B08C0F11A0140
:10776000072289B21A2838BF02EB51020598CDE9E9
:10777000002684B244F6B060079AC2F2000059466F
:1077800003970294FAF7CCFC4BF2E470C2F20000CB
:1077900090F82110007F002900F0A8804FF60C71AE
:1077A000C0F6010131F8103080A209A81021BAE01A
:1077B0004BF2E47A46F6D526C2F2000AC0F602067B
:1077C0009AF824409AF8257030460121FBF7B2FA66
:1077D00005460120FBF78AFABBEB050189B24FF0A1
:1077E000000388BF4B08C0F11A0107251A2889B287
:1077F00038BF05EB5105F8074FF0260018BF2420CD
:107800004FF6D661002C08BF2420C0F60101574670
:1078100044F6B06A079C31F800800120C2F2000AE9
:1078200003905046594622464FF00009CDE90168C1
:107830000095FAF775FC97F8240097F82510C00713
:1078400046F6741046F6FC0246F6A735C0F602006E
:10785000C0F60202C0F6020518BF0246002908BFA2
:10786000154628460021FBF765FA06460020FBF77F
:107870003DFABBEB060189B24FF0000388BF4B080D
:10788000C0F11201292289B2122838BF02EB51023D
:107890008DE82401504659462246CDF80C90FAF75F
:1078A0003FFC44F6B066C2F200064FF64C50C0F6FC
:1078B0000100B0F87A1006985A4623460096FBF766
:1078C000D1F8089803280DD144F69D6097F824104C
:1078D000C2F2000097F82520017044F69C60C2F2C5
:1078E000000002700DB0BDE8F04F704746F266012F
:1078F000C0F6020131F8100044F6D35180B2C1F253
:107900006201A0FB011293094FF47A7103FB11008D
:107910004CF6CD41CCF6CC41A0FB0101CF0825A20D
:1079200009A81021009704F083FA09AF44F6B06665
:1079300038460021C2F200064FF0000AFBF7FAF9C0
:1079400005460020FBF7D2F9BBEB050189B24FF0E9
:10795000000388BF4B08C0F11201292289B2122806
:1079600038BF02EB51020294079C44F6B060CDE9A7
:107970000027C2F2000059462246CDF80CA0FAF7C3
:10798000CFFB4BF2E477C2F200078EE7494E43206B
:1079900056000000494E4320490000004445432062
:1079A000560000004445432049000000256C754DF9
:1079B00041000000256C752E2530326C7556000094
:1079C0002DE9F04F85B04FF64C50C0F60100B0F8ED
:1079D0005440002C00F0D780B0F85650002D00F035
:1079E000D28005FB04F043F29841884200F2CB803C
:1079F0004FF6D6664BF2E470C0F60106C2F2000004
:107A0000338890F821A044F6B060B6F81890C2F21E
:107A1000000021462A4606F10408FAF78BFC484686
:107A2000BAF1010F18BF708980B296F832B0002108
:107A3000049044F6B06096F830708DE83200C2F2DF
:107A4000000021462A460023CDF80CB0FAF72CFEA0
:107A5000A4EB4700A5EB4701ABEB070244F6B06B84
:107A6000BAF1010F08BF06F10808B8F80060C2F2C9
:107A7000000BD2B289B280B24BF2E47ACDE9007049
:107A8000CDE90212584621462A463B46C2F2000A78
:107A90000496FAF709FE01203CA10327CDE9007105
:107AA0000390584621462A460823CDF80890FAF755
:107AB00037FB9AF82100012843D14FF6D666C0F66D
:107AC000010696F833000F212422CDE9021044F676
:107AD000B060CDE90072C2F2000021462A46702350
:107AE000CDF810907027FAF7DFFD46F6A239C0F600
:107AF0000209B6F8268048460021FBF71BF9064626
:107B00000020FBF7F3F8C6F1240189B2242E38BF18
:107B100007EB5107C0F10D01052289B20D2838BFCE
:107B200002EB510244F6B060CDE90029C2F2000038
:107B300021462A463B460027CDF808800397FAF7EE
:107B4000EFFA2046294606221323FEF7B3FF4FF62D
:107B50004C51C0F60101B1F85000B1F85210224664
:107B60002B46CDF800B0FAF77DFFBAF8040040F2DA
:107B70001601C2F200010880BAF8080040F21401B0
:107B8000C2F20001088005B0BDE8F08F43555252A3
:107B9000454E54002DE9F04F81B04FF64C55C0F6DC
:107BA0000105B5F86440002C75D0B5F86660002E6C
:107BB00071D006FB04F043F2984188426BD84BF237
:107BC000E477C2F200074FF6D66197F82100C0F6BD
:107BD00001010A1D44F6B06B012808BF01F108023B
:107BE0001388C2F2000B584621463246FAF7A2FB30
:107BF0002046314600220023FEF75CFF40F21609C2
:107C0000C2F20009B9F800004FF6FF7140F2140A01
:107C10008842C2F2000A2ED0BAF8000039898842A0
:107C200029D1B5F86080B5F86260404631462246F9
:107C30002323CDF800B0FAF715FFB9F80000892129
:107C400041F26F224843C0F28302A0FB0203B888CE
:107C50004843A0FB02011809B0EB111F15D006F133
:107C60003C00C4EB04110BEBC10681B24046224636
:107C70000423009607E0B5F86000B5F862102246CC
:107C80003346CDF800B0FAF7EDFEB8883989A9F887
:107C90000000AAF8001001B0BDE8F08FF0B581B087
:107CA0004BF2E070C2F20000007800281CBF01B067
:107CB000F0BD0020FAF7C8FE4BF2E474C2F20004F3
:107CC00094F82200012804D101B0BDE8F04000F092
:107CD0008DBC4FF63A60C0F601000578A5B14FF6AD
:107CE000D6614FF63C60C0F60101C0F601000E8877
:107CF000A0F1080737F8080F7988BA88FB88009642
:107D0000FAF76CFF013DF5D144F6A060C2F2000025
:107D10004FF6FF71018000F0FDFF01F081F9FFF7E0
:107D20004FFEFFF72BF920B34FF64C53C0F601037B
:107D3000B3F86800B3F86A10B3F86C20B3F86E308B
:107D400044F6B067C2F200070097FAF78BFE20698D
:107D500040F21801C2F200010860A08940F21E0141
:107D6000C2F200010880A07B44F6A361C2F20001C8
:107D700008700025ECB22046FFF78AFB032C05F1C2
:107D80000105F7D3012001B0BDE8F040AFF300805A
:107D90002DE9F04F85B04FF64C57C0F60107B7F804
:107DA0009C40002C6BD0B7F89E50002D67D0064643
:107DB00005FB04F043F29841884260D84FF6D6683C
:107DC000C0F60108B8F8003044F6B060C2F2000016
:107DD00021462A46FAF7AEFAB7F8EC00B7F89A103F
:107DE000002E0491A0EB010008F1200108BF08F16A
:107DF00016010988B7F89870B8F80AB04FF0000873
:107E00001FFA81F91FFA80FA14E000BF012183B242
:107E100044F6B0600191C2F2000021462A46CDF836
:107E200000A0CDF808B0FAF79FFA08F10108B8F100
:107E3000010F19D14FF64C50C0F6010000EB48007D
:107E4000B0F8E8004645A0EB0700DFD1022183B27D
:107E500044F6B060CDF800A00191C2F200002146C6
:107E60002A46CDF80890DEE73846049944F6B06714
:107E700022462B46C2F200070097FAF7F3FD05B041
:107E8000BDE8F08F2DE9F04F8DB04BF2E476C2F2F1
:107E9000000696F8200018B168B10DB0BDE8F08F6B
:107EA0004FF64C51C0F60101D1F8AC50D1F8A820E2
:107EB0002C0C0028F1D1200418BF5FEA0540ECD05B
:107EC0001FFA84FA1FFA85F808FB0AF043F298417A
:107ED0008842E2D84FF6D667C0F6010744F6B06B89
:107EE0003B88C2F2000B5846414608925246FAF7C8
:107EF00021FAB98838460691798990F8329009912B
:107F0000049190F83310002097F83070079100909A
:107F10005846414652460023CDE902A9CDF80480D7
:107F2000FAF7C2FBA5EB4700A4EB4701A9EB070258
:107F300080B2D2B289B2CDE900703B46069FCDE94E
:107F400002125846414652465D460497FAF7ACFB8A
:107F50004FF6D66BC0F6010BBBF82000052382A1BB
:107F60000A22CDE90021CDE90203284641465246C6
:107F70000C230C27FAF7D4F8032002902846099D19
:107F8000A8244FF02409414652460C23CDE9009421
:107F90000395FAF74BFB707F41F27B416043800809
:107FA0004843400C44F6B065BBF81640CDE900905C
:107FB0000320C2F2000502902846414652460C2397
:107FC00003940694FAF732FB737F0DF1280B6AA233
:107FD00058460C2103F02CFF58460521FAF7AAFE5B
:107FE00006460520FAF782FEC6F12F0189B29423D6
:107FF0002F2E38BF03EB5103C0F1140189B21428AE
:1080000038BF07EB510702942C462846414652469A
:108010000525CDE9007B0395FAF782F8212002902F
:1080200009982221CDE90051049020462546079C5D
:1080300041465246D0230394FAF736FB4FF6D666F4
:10804000C0F60106F08902211D221E234FF0070B06
:10805000CDE900B3CDE902210490284641465246BD
:10806000D223D227FAF720FB46F69939C0F6020947
:10807000B58C48460521FAF75DFE06460520FAF75D
:1080800035FEC6F11E0189B21E2E38BF07EB51071F
:10809000C0F11D011D284FF0070089B238BF00EB69
:1080A0005100029544F6B065C2F20005CDE9000921
:1080B0002846414652463B4605260396FAF730F8D5
:1080C000222001902120CDE90204069C2846414649
:1080D0005246FA2300960494FAF7E6FA4FF6D66071
:1080E000C0F601001E21C08801911D2102910221CC
:1080F000CDE90310284641465246FC23CDF800B096
:10810000FC27FAF7D1FA46F69739C0F60209484635
:108110000521FAF70FFE06460520FAF7E7FDC6F13E
:108120001E0189B21E2E38BF07EB5107C0F11D0199
:1081300089B21D2838BF0BEB510B284641465246E9
:108140003B460527CDE900B902940397F9F7E8FF0C
:108150000898222180B2424653460095FAF782FCE5
:108160000DB0BDE8F08F00BFE5B18FE5B995E4BA79
:10817000AEE5BAA600000000257525250000000028
:108180002DE9F04F8BB04BF2E476C2F2000696F880
:10819000200001280FD84FF64C51C0F60101D1F84C
:1081A000AC80D1F8A870C0F1010122222E234FEA41
:1081B000184B11FB0322012805D85FEA0B4018BFBA
:1081C0005FEA084002D10BB0BDE8F08F1FFA8BF9CF
:1081D0001FFA88F505FB09F043F298418842F2D86E
:1081E00096F828004FF6D66AC0F6010A0890BAF849
:1081F000003044F6B060BAF81C40BAF82E60C2F203
:10820000000029460A924A460997FAF793F8089817
:108210009AF830700028BAF8040018BFBAF82C6039
:10822000089618BFBAF81A400590BAF80A0044F642
:10823000B06604909AF8340006949AF83240079099
:108240000020C2F200060090304629464A4600232C
:10825000CDE902940195FAF727FAA8EB4700ABEBBA
:108260004701E21B80B2D2B289B2CDE900703B4631
:10827000059FCDE90212304629464A460497FAF78F
:1082800013FABAF8200005273CA1CDE9007102904D
:10829000304629464A460C23B3460397F9F740FF78
:1082A000BAF8160038A118220427CDE9002102905F
:1082B000304629464A460C230397F9F731FF1B2025
:1082C0000290079830210822DDF818A0CDE900219E
:1082D0000390304629464A46E823CDF810A0FAF725
:1082E000E3F91720CDE9020708982C210A24CDE9EB
:1082F00000410490304629464A46EA234FF0EA08F6
:10830000FAF7D2F94BF2E470C2F2000090F82800BC
:1083100046F6C63620A1C0F60206002818BF0E4653
:1083200030460421FAF706FD07460420FAF7DEFC82
:10833000C7F12C0189B22C2F38BF08EB5108C0F1CE
:10834000170189B2172838BF04EB51045846294653
:108350004A46434604278DE850040397F9F7E0FEA8
:1083600009980A9980B289B22A464B46CDF800B0E6
:10837000FAF778FB0BB0BDE8F08F00BFE89C82E90C
:10838000B8A3E599A8000000E8A7A6E691B8E5A380
:10839000B0E99FB300000000E5BC80E590AF0000AD
:1083A0002DE9F04F8BB04BF2E470C2F2000090F870
:1083B000201003290FD84FF64C52C0F60102D2F814
:1083C000ACA0D2F8A8C0C1F1030222232E274FEAA5
:1083D0001A4B12FB0732032920D890F823004FF6DE
:1083E000D66401380328C0F601040FD8DFE800F096
:1083F000020B0508238B6EA70AE0A38B67A707E093
:10840000A38B63A704E0638B66A701E0E38A5EA702
:108410005FEA0B4018BF5FEA0A4002D10BB0BDE82B
:10842000F08F1FFA8BF51FFA8AF606FB05F043F270
:1084300098418842F2D844F6B06807932388C2F284
:108440000008404631460A922A46CDE9087CF9F7F1
:1084500071FFA08894F832900590608994F830708C
:10846000049094F834003146069000200090404675
:108470002A460023CDE902590196FAF715F9AAEB2D
:108480004700ABEB4701A9EB070280B2D2B289B239
:10849000CDE900703B46059FCDE9021240463146CA
:1084A0002A460497FAF700F9E08B44A10522042735
:1084B000CDE900210290404631462A460C2303971D
:1084C000F9F72EFE208C42A11822CDE9002102905E
:1084D000404631462A460C23C14603974FF0040814
:1084E000F9F71EFE1D20029006984E210722DDF8A6
:1084F0001CB0CDE900210390484631462A46CE23E0
:10850000CDF810B0FAF7D0F8A08919214A2209272E
:10851000CDE90072CDE902180490484631462A465A
:10852000D0234FF0D008FAF7BFF8DDF820A00421DF
:108530005046FAF7FFFB04460420FAF7D7FBC4F1D4
:108540004A0189B24A2C38BF08EB5108C0F1190121
:1085500089B2192838BF07EB51078DE8800C4846CF
:1085600031462A46434604270397F9F7D9FD09986F
:108570000A9980B289B232462B46CDF80090FAF7BC
:1085800071FA0BB0BDE8F08FE5BC80E5A78B000069
:10859000E58588E585B3E997AD000000E5A4B1E87D
:1085A000B4A50000E5B7B2E4BF9DE5AD98000000BA
:1085B000E98787E99B86E4B8AD000000E794B5E65B
:1085C000B581E99BB6E782B9E6A0A1E58786000000
:1085D000E585B3E997ADE8BE93E587BAE5B9B6E6B8
:1085E00096ADE5BC80E8B49FE8BDBD002DE9F04F35
:1085F0008BB04FF69C60C0F6010004784FF6D66A47
:10860000C0F6010A94B14FF69E60C0F60100BAF8B8
:108610000050A0F1080600BF36F8080F7188B28834
:10862000F3880095FAF7DAFA013CF5D14FF64C5B86
:10863000C0F6010BBBF8A440BAF81E80002C4AD04B
:10864000BBF8A650002D46D005FB04F043F298413C
:10865000884240D844F6B066BAF80230C2F200064A
:10866000304621462A46F9F765FEBAF80A00691E27
:10867000012289B20091CDE90220304621462A46E6
:1086800000230194F9F7D2FF05200FF2F031CDE974
:1086900000010390304621462A460E23CDF808807B
:1086A000F9F73EFDBAF820000FF2E0310722042767
:1086B000CDE900210290304621462A46D223039775
:1086C000F9F72EFDBBF8A000BBF8A21022462B46FE
:1086D0000096FAF7C7F9FFF7D5FBFFF751FD4BF20C
:1086E000E477C2F2000797F8200002280CD8DBF8E4
:1086F000AC90C0F1020122222E23DBF8A8C011FBAE
:1087000003214FEA1946CAB2022804D8300418BF20
:108710005FEA09403BD1FFF743FE00F0EBF997F821
:108720002010881E03280BD8DBF8AC90DBF8A8C01B
:10873000C1F1050122222E234FEA194611FB032223
:10874000032805D8300418BF5FEA094040F0F480E0
:10875000BAF80A00222100904FF49C700322B5233E
:108760002224FAF73BFA97F820003D21484304EB16
:1087700050014FF49C7003227823CDF80080FAF763
:108780002DFA00200BB0BDE8F04FFFF701BBB4B2EB
:108790001FFA89F505FB04F043F298418842BAD8E4
:1087A000BAF8003044F6B060C2F2000029460992DF
:1087B0002246CDF820C0F9F7BDFDBAF804009AF8BA
:1087C00030700690BAF80A00294604909AF83400EE
:1087D000CDF82880079000209AF83280009044F667
:1087E000B060C2F2000022460023CDE902480195A4
:1087F000F9F75AFFA9EB4700A6EB4701A8EB0702E0
:10880000D2B289B280B2CDE90070CDE9021244F64D
:10881000B066C2F200063B46069F30462946224615
:108820000497F9F741FFBAF8187005209BA1CDE92C
:10883000000103903046294622460C2302970697F2
:10884000F9F76EFCBAF8200098A118224FF0040C3A
:10885000CDE9002102903046294622460C23CDF86E
:108860000CC04FF00409F9F75BFC1B2042210822E1
:10887000CDE9002102900798294603903046224610
:10888000D6230497F9F710FFBAF8080017213E2203
:108890004FF00A08CDE90082CDE902190490304674
:1088A00029462246D8234FF0D809F9F7FDFE4BF2AE
:1088B000E470C2F2000090F8290082A183A600288B
:1088C00018BF0E4630460421FAF734FA0746042052
:1088D000FAF70CFAC7F13E0189B23E2F38BF09EB17
:1088E0005109C0F1170189B2172838BF08EB5108A8
:1088F000CDF80080DDF82880019606984BF2E477E9
:10890000029044F6B060C2F20000294622464B466F
:108910000426C2F200070396F9F702FC08980999A9
:1089200044F6B06680B289B22A462346C2F20006F7
:108930000096FAF797F8EEE6B4B21FFA89F505FB50
:1089400004F043F2984188423FF602AFBAF8003093
:1089500044F6B060C2F20000294609922246CDF8E2
:1089600020C0F9F7E7FCBAF80400CDF8288007909A
:10897000BAF80A0044F6B0689AF832B00021C2F2A0
:1089800000089AF83070CDE9001504904046294659
:10899000224600230294CDF80CB0F9F785FEA9EB2E
:1089A0004700A6EB4701ABEB0702D2B289B280B217
:1089B000CDE90070CDE902123B46079F40462946AB
:1089C00022460497F9F770FEBAF8200041A105226B
:1089D0004FF00409CDE90021029040462946224685
:1089E0000C23CDF80C90F9F79BFBBAF816003DA1CB
:1089F0001822CDE9002102904046294622460C2348
:108A0000C346CDF80C90F9F78BFB46F69B38C0F6C1
:108A10000208BAF81A7040460421FAF78BF90646A4
:108A20000420FAF763F9C6F1500189B2CD23502E24
:108A300038BF03EB5103C0F11B01082289B21B2888
:108A400038BF02EB5102CDE90028DDF828800297FB
:108A50004BF2E477584629462246C2F20007CDF889
:108A60000C90F9F75DFB0898099980B289B22A4603
:108A70002346CDF800B0F9F7F5FF69E6E794B5E6CF
:108A8000BA90E8AEBEE7BDAE00000000E5B7A6E6CE
:108A9000BB91E8BF94E59B9E00000000E698BEE70E
:108AA000A4BAE696B9E5909100000000E5B18FE523
:108AB000B995E4B88EE8A7A6E691B8E5908CE6AD46
:108AC000A5000000E58092E7BDAE0000E6ADA3E59D
:108AD00090910000E59BBAE4BBB6E78988E69CACC0
:108AE00000000000E794B5E6BA90E7A1ACE4BBB69D
:108AF000205632002DE9F04F8DB04BF2E476C2F2F1
:108B0000000696F82010481E03280FD84FF64C5246
:108B1000C0F60102D2F8ACB0D2F8A870C1F10401DD
:108B200022222E234FEA1B4A11FB0322032805D8D9
:108B30005FEA0A4018BF5FEA0B4002D10DB0BDE802
:108B4000F08F1FFA8AF81FFA8BF505FB08F043F245
:108B500098418842F2D84FF6D664C0F601042388C3
:108B600044F6B060CDE90627C2F20000294642462D
:108B7000F9F7E0FBA08894F8329005906089002115
:108B8000049044F6B06094F830708DE82201C2F28F
:108B90000000294642460023CDF80C90F9F784FDE9
:108BA000ABEB4700AAEB4701A9EB0702A14680B255
:108BB00044F6B064D2B289B2CDE90070C2F20004CA
:108BC0003B46059FCDE902122046294642460497BE
:108BD000F9F76AFDB9F820003EA105220427CDE986
:108BE000002102902046294642460C230397F9F7BC
:108BF00097FAB9F816003BA11822CDE9002102909E
:108C00002046294642460C23A3460397F9F788FAE3
:108C1000F38B1BB13B2B0DD83CA212E049F2E9705B
:108C2000C0F2AD00CDF8230048F2E550CEF6B31007
:108C300008900AE044F24540C0F24440A3FB000320
:108C40002FA208A8142103F0F3F899F83400B9F81A
:108C50001A101D2250230724CDE90043CDE902203C
:108C60000491584629464246CD23CD27F9F71CFDED
:108C7000B9F826A00DF1200948460421FAF75AF860
:108C800006460420FAF732F8C6F1500189B2502E98
:108C900038BF07EB5107C0F11D0189B21D2838BF4D
:108CA00004EB51045846294642463B4604278DE8CA
:108CB00010060397F9F734FA0798069980B289B23B
:108CC0002A464346CDF800B0F9F7CCFE0DB0BDE81A
:108CD000F08F00BFE5B18FE5B995E4BC91E79CA0AA
:108CE00000000000E8A7A6E691B8E594A4E9869202
:108CF00020E8BE93E587BAE4BF9DE68C81000000C2
:108D00002575E58886E9929F000000002575E7A794
:108D1000920000002DE9F04F8DB04FF64C58C0F690
:108D20000108B8F80440002C00F06981B8F806602A
:108D3000002E00F0648106FB04F043F29841884263
:108D400000F25D814FF6D66AC0F6010A44F6B069BA
:108D5000BAF80230C2F20009484621463246F9F715
:108D6000E9FABAF80A20022016210892CDE9001487
:108D7000CDE9020248462146324600230025F9F794
:108D800055FCB8F80820B8F80A3020463146FDF7FF
:108D9000BFFFB8F81200B8F810309AA1BAF820B0A6
:108DA0008DE803084846214632460395F9F7B8F99D
:108DB0004BF2E470C2F20000008844F6D35180B256
:108DC000C1F26201A0FB011293094FF47A7103FB17
:108DD000110746F6BC32C0F6020209A8102105466A
:108DE000009703F025F8B8F81A10BAF81600B8F88A
:108DF00018300691CDE900150290484621463246CA
:108E0000002707930397F9F78BF9B8F82200B8F811
:108E10002030B8F82410B8F82620089F8DE8070005
:108E20004846214632464BF2E47A4D464FF6D66923
:108E30000397C2F2000AC0F60109F9F7F7FBB8F888
:108E40002A00B8F8283071A18DE803082846214689
:108E5000324600270397F9F763F9BAF90A0046F298
:108E600067614843811409AF01EBD07369A23846AA
:108E7000102102F0DDFFB8F83210B9F82200B8F87E
:108E800030300591CDE90017002702902846214691
:108E90003246CB4608930397F9F742F99AF82C002B
:108EA000D14690B9B8F83A00BBF81C105BA2B8F8EC
:108EB0003830CDE9000244F6B0600291C2F2000001
:108EC000214632460397F9F72BF9B8F84020B8F855
:108ED000423020463146FDF7B1FF44F6A06AC2F2A7
:108EE000000ABAF800004FF6FF7144F69E6B44F694
:108EF000A26C44F69F6E44F6A4658842C2F2000B51
:108F0000C2F2000CC2F2000EC2F2000555D09BF86E
:108F1000001099F82A2091424FD19CF8001099F83E
:108F20002420914249D19EF8001099F825209142C1
:108F300043D1B9F80010884217D0069944F6B067BB
:108F400001FB04F0C2F2000707EB40060798B8F8EF
:108F50001C20B8F81E3006EB4006CDE900646646DA
:108F60007746F9F789FDBE46B446B5F9000046F2EA
:108F70006761B9F90A3048438214594302EBD07053
:108F80008A1402EBD171884226D0059F44F6B06165
:108F900007FB04F0C2F2000101EB40010898B8F8A9
:108FA0003420B8F8363001EB40063946CDE900648C
:108FB00064467646F9F760FD0CE044F6B0670020A1
:108FC000002122463346C2F20007009764467646E7
:108FD000F9F748FDB646A44699F8240099F82A10F6
:108FE00099F825208BF800108CF80000B9F80000E3
:108FF000B9F80A108EF80020AAF8000029800DB0F8
:10900000BDE8F08F56494E3A0000000054454D50DF
:109010003A000000256C6443000000005450210019
:109020002DE9F04F85B04FF64C50C0F60100B0F876
:109030004C40002C00F0D780B0F84E50002D00F0CE
:10904000D28005FB04F043F29841884200F2CB80C5
:109050004FF6D6664BF2E470C0F60106C2F200008D
:10906000338890F821A044F6B060B6F81690C2F2AA
:10907000000021462A4606F10408F9F75BF9484644
:10908000BAF1000F18BF708980B296F832B0002193
:10909000049044F6B06096F830708DE83200C2F269
:1090A000000021462A460023CDF80CB0F9F7FCFA5F
:1090B000A4EB4700A5EB4701ABEB070244F6B06B0E
:1090C000BAF1000F08BF06F10608B8F80060C2F256
:1090D000000BD2B289B280B24BF2E47ACDE90070D3
:1090E000CDE90212584621462A463B46C2F2000A02
:1090F0000496F9F7D9FA01203CA10327CDE90071C4
:109100000390584621462A460823CDF80890F9F7DF
:1091100007F89AF82100002843D14FF6D666C0F62A
:10912000010696F833000F212422CDE9021044F6FF
:10913000B060CDE90072C2F2000021462A467023D9
:10914000CDF810907027F9F7AFFA46F6A239C0F6BD
:109150000209B6F8268048460021F9F7EBFD0646DD
:109160000020F9F7C3FDC6F1240189B2242E38BFCF
:1091700007EB5107C0F10D01052289B20D2838BF58
:1091800002EB510244F6B060CDE90029C2F20000C2
:1091900021462A463B460027CDF808800397F8F77A
:1091A000BFFF2046294606221323FEF73FF84FF65D
:1091B0004C51C0F60101B1F84800B1F84A102246FE
:1091C0002B46CDF800B0F9F74DFCBAF8020040F29A
:1091D0001C01C2F200010880BAF8060040F220012A
:1091E000C2F20001088005B0BDE8F08F564F4C5424
:1091F000414745002DE9F04F81B04FF64C55C0F680
:109200000105B5F85C40002C74D0B5F85E60002E06
:1092100070D006FB04F043F2984188426AD84BF2C2
:10922000E477C2F200074FF6D66197F82100C0F646
:1092300001010A1D44F6B06B002808BF8A1D13887F
:10924000C2F2000B584621463246F9F773F8204621
:10925000314600220023FDF7E9FF40F21C09C2F26B
:109260000009B9F800004FF6FF7140F2200A884269
:10927000C2F2000A2ED0BAF80000F988884229D13B
:10928000B5F85880B5F85A60404631462246232347
:10929000CDF800B0F9F7E6FBB9F80000892141F2FA
:1092A0006F224843C0F28302A0FB02037888484340
:1092B000A0FB02019809B0EB911F15D006F13C000C
:1092C000C4EB04110BEBC10681B2404622460423D5
:1092D000009607E0B5F85800B5F85A102246334614
:1092E000CDF800B0F9F7BEFB7888F988A9F800003E
:1092F000AAF8001001B0BDE8F08F00004BF2E47056
:10930000C2F2000090F82410002908BF704780B511
:10931000002180F8241080F82A10F4F79BFE44F610
:109320009861C2F200010860BDE88040704700000B
:10933000002808BF70474BF2E471C2F20001D1F877
:10934000062002604A7F91F824300271CA8B0372B2
:10935000C280098DA0F809107047000010B54BF2CB
:10936000E474C2F2000494F82210012809DB41B928
:109370001C20EFF7B7FC94F82200012815D001203B
:109380000DE0B0F1FF3F10DC01290ED11C20EFF7FA
:10939000A9FC94F82200002808BF10BD002084F822
:1093A0002200BDE81040FEF779BC10BDF0B583B0D7
:1093B0000C464BF2E071C2F200014BF2E4760A78FF
:1093C000C2F2000696F82210002A054608BF0029BE
:1093D00007D0012940F0058296F82000C8B300208C
:1093E00049E04FF64C57C0F6010707F148002946FF
:1093F000224600F0B5FA48B11C20EFF773FC96F84E
:109400002100002800F0ED81002010E007F150005D
:109410002946224600F0A4FA002841D01C20EFF78C
:1094200061FC96F82100012800F0DB81012086F81C
:109430002100FFF7F5FDFEF7C3FA0020FEF728F83C
:109440000120FEF725F8022003B0BDE8F040FEF74A
:109450001FB84FF64C50C0F60100D0F8A810D0F855
:10946000AC002246CDE900102220ADF8020068468B
:10947000294600F075FAA5F1DC0189B221290AD844
:1094800048B1707F0B28C0F0AC811C20EFF72AFC9C
:10949000707F0A3847E096F8200018B3002033E0C8
:1094A00007F178002946224600F05AFA002800F019
:1094B000DC801C20EFF716FC96F82110307F002985
:1094C00000F035814FF60C71C0F6010131F8100043
:1094D000318900F1640292B26423914288BF0B1A71
:1094E0003381E2E04FF64C50C0F60100D0F8A810EE
:1094F000D0F8AC002246CDE900102220ADF80200E1
:109500006846294600F02CFAA5F5837189B2212915
:1095100011D880B1707F632800F263811C20EFF7BF
:10952000E1FB707F0A307077C0B2F9F7D9FDFEF722
:10953000A9FC03B0F0BD96F8200001282BD84FF607
:109540004C51C0F60101D1F8A820D1F8AC10C0F1FF
:109550000100CDE9002122212E2210FB0210ADF8DE
:10956000020068462946224600F0FAF998B196F8BA
:109570002800012121EA000086F82800EFF746FCC8
:1095800096F82800012802D11C20EFF7ABFBFEF76C
:10959000F7FD03B0F0BD96F82000022834D84FF64E
:1095A0004C51C0F60101D1F8A820D1F8AC10C0F19F
:1095B0000200CDE9002122212E2210FB0210C0B2B0
:1095C000ADF8020068462946224600F0C9F9D8B134
:1095D00096F829401C20EFF785FB0120A043F9F7FE
:1095E0009BFD002800F0FD8096F8291081F0010015
:1095F00086F829000220002918BF0120EFF73AFD64
:10960000FEF74CFB03B0F0BD96F82000411E032985
:1096100050D84FF64C51C0F60101D1F8A820D1F82E
:10962000AC10C0F10400CDE9002122212E2210FB54
:109630000210ADF8020068462946224600F090F973
:10964000C0B3F18B45F6E272002302200127C0F679
:10965000020232F813608E4200F0A3800133023020
:10966000062B07F10107F4D1A9E007F18000294694
:10967000224600F075F9002843D01C20EFF732FB9A
:1096800096F82110307F002976D04FF60C71C0F685
:10969000010131F810003189C0F5FA5292B2084444
:1096A000914288BF4FF4FA50308103B0BDE8F040DA
:1096B000FEF770BA96F82000032800F292804FF669
:1096C0004C51C0F60101D1F8A820D1F8AC10C0F17E
:1096D0000300CDE9002122212E2210FB0210ADF85B
:1096E000020068462946224600F03AF9002878D060
:1096F0001C20EFF7F7FA96F82400002866D0042023
:109700006BE007F188002946224600F029F9F8B1FC
:109710001C20EFF7E7FA307F45F256510130414304
:10972000090C01EB4101411A022031778CE646F227
:109730006601C0F6020131F81000F18800F54862B8
:1097400092B24FF44863914288BF0B1AF38023E032
:1097500007F190002946224600F002F9002840D087
:109760001C20EFF7BFFA96F8250001283BD1012015
:1097700086F8260000203BE046F26601C0F60201B2
:1097800031F81000F188C0F5FA4292B208449142D3
:1097900088BF4FF4FA40F08003B0BDE8F040FFF717
:1097A00029BD4AF6AB21CAF6AA21A7FB01139908E5
:1097B00001EB4101A0EB8100105A00F043FD1C2099
:1097C000EFF790FAFFF796F903B0F0BD96F8230093
:1097D000012804D0012086F8270086F82300FEF730
:1097E000DFFD03B0F0BD96F82400012121EA00005E
:1097F000002886F8240004BF002086F82A00F4F729
:1098000029FC44F69861C2F20001086003B0F0BD83
:1098100070B504464BF2E4750020C2F20005002644
:10982000C1F28830C5E9006045F20100C0F23C0099
:10983000C5E906604BF61C00C2F200006421067008
:109840004BF2E070C0F24A11C2F20000A960C5E913
:1098500004660670F4F7FEFB44F69461C2F2000160
:1098600008600120C5E90866A86285F82C40F4F775
:10987000F1FB44F6A861C2F20001086044F6986169
:10988000C2F20001086044F67861C2F200010E6085
:1098900044F67C61C2F200010E6044F68061C2F2BF
:1098A00000010E8044F68461C2F200010E8044F68D
:1098B0008861C2F200010E6044F68C61C2F20001C0
:1098C0000E7044F69061C2F200010E704BF6140166
:1098D000C2F200010E7044F6AC61C2F200010E60EB
:1098E0004BF61801C2F20001086044F6A060C2F213
:1098F00000004FF0FF31018044F6A460C2F2000086
:109900004FF40042028040F21C00C2F200000180CD
:1099100040F22000C2F20000018040F21600C2F2C4
:109920000000018040F21400C2F20000018040F209
:109930001800C2F200000160EFF702FA95F8280063
:10994000EFF764FA0020F9F7E7FB0120EFF792FB4D
:10995000687FF9F7C5FBBDE87040FEF79FB90000CE
:1099600010B10388994201D20020704780B5B0F849
:1099700002E072453CBF002080BD844680881844C8
:1099800080B281424FF0000028BF80BDBCF80610B5
:10999000714489B28A4238BF012080BD2DE9F04769
:1099A00082B00446EFF71AFA4BF2E475C2F20005F2
:1099B00095F82C00012845D14BF61800C2F20000A2
:1099C0000068261A6846EFF737FA7108AE290CD8F6
:1099D000C0B344F68C60C2F200000021017044F66E
:1099E0009060C2F2000001702CE058B34BF2E070BE
:1099F000C2F20000017844F69462C2F2000201292A
:109A0000146057D19DF8062000210170D01E4BF63E
:109A10001C0218BF0120C2F20002107044F69060D0
:109A2000C2F20000017044F68C60C2F200000170C6
:109A30004BF61400C2F200000170FEF72FF9687FA8
:109A4000F9F74EFB95F82B00012840F0EC8044F626
:109A5000A862C2F200021068201A1428C0F0E38045
:109A600095F82410C82888BF14200129146010D14B
:109A7000EB8843F23432C3F23332A3FB02272A8944
:109A8000974240F28580012385F82A3002EB820359
:109A900082E06F8845F62943C7EB07129200C0F2B7
:109AA0008F23A2FB0323002285F82A20542F38BFDE
:109AB00000237FE04BF61C00C2F200000178012970
:109AC00009D19DF8061041F00202032ABAD1002202
:109AD00001290270B6D19DF8063044F68C68012B3E
:109AE000C2F2000800F0A280022B04D198F8000016
:109AF000002800F09B8098F800000128A2D144F6CD
:109B00008060C2F20000BDF800C0008844F68461A5
:109B1000B0EB0C07C2F20001BDF802E048BF7F4283
:109B2000098844F68866B1EB0E02C2F2000648BF0F
:109B300052423668242FA4EB06090CD396B21C2E91
:109B400009D8B9F52F7F06D844F6906AC2F2000A08
:109B500001268AF80060032B7FF474AFBBB244F691
:109B600090671C2BC2F2000700F28F8095F82260EC
:109B7000012E40F08A8096B2242EC0F08680B9F57E
:109B80002F7F00F28280AEEB010000F041FA8BE003
:109B9000002285F82A203A466F882326DB1B734370
:109BA00048F21F56C5F2EB1653FB06F35E1106EBA7
:109BB000D3733B449FB244F6D3565743C1F2620677
:109BC000A7FB06766B80B309AA802B6159B344F6D4
:109BD000786C44F67C6EC2F2000CC2F2000EDCF827
:109BE0000070DEF8001000FB02724BF2C53703FB79
:109BF0000010C9F2A217A0FB0713A2FB0764D5E966
:109C00000517E60A01EBD4214FF4616406FB142228
:109C10006961D90A01FB1400CCF8002007EBD322BC
:109C2000AA61CEF8000002B0BDE8F0874BF6140040
:109C3000C2F200000178012944F6AC61C2F20001D1
:109C400004D10A68A21A3C2AFFF4FCAEBDF8002039
:109C500044F68063C2F200031A80BDF8022044F685
:109C60008463C2F200031A8044F68862C2F20002E2
:109C700044F6906314600122C2F20003002788F8C2
:109C800000201F7002700C60DCE63E78012E04D1CB
:109C9000ACEB0000FFF762FB06E00C2B04D892B29D
:109CA0000C2A01D8FFF782FB002088F800003870EA
:109CB000C8E600002DE9F04F83B04BF2E074C2F229
:109CC000000421784BF2E477C2F2000731BB97F829
:109CD0002C10012922D144F68C61C2F200010978CE
:109CE000E1B9F98BD1B144F69462C2F20002126874
:109CF0004FF47A73821A59438A420FD3012121709B
:109D00004BF61C01C2F200010022054600200A7039
:109D1000F9F7E6F90020F8F797FE284621780029A0
:109D200040F0738197F82210002940F06E8144F6CC
:109D30009861C2F200010A68821A142AC0F0658193
:109D400040F21C02C2F2000212887B8808609A422C
:109D50000AD140F22000C2F200000088F98888424F
:109D600018BFFFF747FA01E0FFF744FA40F2160088
:109D7000C2F200000088B98888420AD140F214007B
:109D8000C2F2000000883989884218BFFDF702FF3F
:109D900001E0FDF7FFFE40F21808C2F20008D8F813
:109DA0000000396988420FD140F21E00C2F2000063
:109DB0000088B989884207D144F6A360C2F2000046
:109DC0000078B97B88425FD0FDF7D8F800285BD0D7
:109DD0004FF64C54C0F60104B4F872A0B4F86A000F
:109DE000B4F86C60AAEB000044F6B061B4F87050AF
:109DF000B4F8682040F21E097043C2F20001C2F2BA
:109E0000000901EB4000A91AB9F80020BB8900EB5A
:109E1000410B9A4207D144F6A360C2F200000078D9
:109E2000B97B884208D0B4F876302846514696224D
:109E3000CDE900B6F8F720FED8F800004CF6CD4189
:109E4000CCF6CC41A0FB01023869A0FB0101D0088F
:109E5000B0EBD10F0CD005F19A00B4F876300BF5C9
:109E60009A7580B251469622CDE90056F8F704FE65
:109E70003869B97BC8F80000B889A9F8000044F631
:109E8000A360C2F20000017044F6A26944F69F6A22
:109E9000C2F20009C2F2000A99F8000097F82410F3
:109EA00097F825209AF80030484053401843C4B230
:109EB00044F69D60C2F200000078002C80EA0100A8
:109EC00044F69C61C2F20001097818BF0124514098
:109ED0000843C6B244F6A060C2F200000088398888
:109EE000002E18BF0126884240F0868044F6A46008
:109EF000C2F200000088798988427DD144F69E61D3
:109F0000C2F2000197F82A000978081A18BF012048
:109F10002043C00738D04FF64C58C0F60108B8F8B7
:109F20000CB0BBF1000F2FD0B8F80E5065B305FB95
:109F30000BF043F29841884226D84FF6D660C0F61F
:109F40000100438844F6B060C2F2000059462A4638
:109F5000F8F7F0F95846294600220023FCF7D8FE0E
:109F6000B8F80800B8F80A102B4644F6B0655A460F
:109F7000C2F200050095F8F775FD97F82A0044F63F
:109F80009E61C2F200010870C4B34FF64C5BC0F68C
:109F9000010BBBF844408CB3BBF8465075B305FBCE
:109FA00004F043F29841884228D84FF6D660C0F6B4
:109FB000010044F6B0684388C2F2000840462146DA
:109FC0002A46F8F7B7F92046294600220023FCF775
:109FD00035FFBBF84000BBF8421022462B46CDF8B7
:109FE0000080F8F73FFD97F8240097F8251089F8CE
:109FF00000008AF8001001E0FEF78CFE2EB103206D
:10A0000003B0BDE8F04FFDF743BA03B0BDE8F08FF1
:10A010004BF2E471C2F2000191F82020B0F1FF3F51
:10A0200003DC022A01D2012003E0012804DB1AB17B
:10A03000FF20104481F8200091F82000904208BFD2
:10A04000704780B51C20EEF74DFEBDE88040FEF75E
:10A05000CDBA00004BF2E471C2F2000191F8232066
:10A0600082420FD04BF2E072C2F20002127881F805
:10A070002300002A18BF704791F82200012801D15F
:10A08000FEF78EB970470000A0F1640141F6DC6272
:10A09000914207D84BF2E472C2F200021389834264
:10A0A00018BF108141F6DD620020914238BF0120C7
:10A0B00070470000B0B5DDE904EC4BF2E474C2F285
:10A0C0000004002584F82B5020806180A280A4F831
:10A0D0000AE084F82AC02361B0BD00004BF2E471AD
:10A0E000C2F2000191F82420824208BF7047002884
:10A0F00081F8240004BF002081F82A0080B5F3F71E
:10A10000A9FF44F69861C2F200010860BDE88040F2
:10A11000704700002DE9F04182B04BF2E477C2F2C3
:10A12000000797F82510814202D102B0BDE8F08106
:10A13000002887F825001CBF002087F824004BF278
:10A14000E070C2F2000000780028EED197F82200FB
:10A150000028EAD14FF64C56C0F60106B48954B334
:10A16000F58945B305FB04F043F29841884222D8B3
:10A170004FF6D660C0F6010044F6B0684388C2F2DC
:10A180000008404621462A46F8F7D4F820462946DA
:10A1900000220023FCF7BCFD3089718922462B4642
:10A1A000CDF80080F8F75EFC97F82A0044F69E612F
:10A1B000C2F200010870B6F84440A4B3B6F84650A5
:10A1C0008DB305FB04F043F2984188422BD84FF63B
:10A1D000D660C0F6010044F6B0684388C2F20008B9
:10A1E000404621462A46F8F7A5F82046294600228F
:10A1F0000023FCF723FEB6F84000B6F842102246D2
:10A200002B46CDF80080F8F72DFC44F6A26097F8B5
:10A210002410C2F2000097F82520017044F69F60D8
:10A22000C2F200000270032002B0BDE8F041FDF769
:10A230002FB900004BF2E472C2F2000290819173D8
:10A240007047000010B577284FF0010407DC70B1AB
:10A250001E280CD03C2818BF00244CB914E07828E4
:10A2600005D0B0F5967F02D0B0F5167F0ED15CB167
:10A270004BF2E471C2F20001C883F3F7EBFE44F63F
:10A280009461C2F200010860204610BD0024002C39
:10A29000EED1F9E710B54BF2E474C2F2000494F881
:10A2A0002C1081422FD044F68C61C2F200010022B2
:10A2B0000A7044F69061C2F200010A704BF6140174
:10A2C000C2F2000184F82C000A7030B1F3F7C2FE2C
:10A2D0004BF61801C2F2000108604BF2E070C2F2C6
:10A2E00000000078002818BF10BD94F8220050B973
:10A2F00044F6A060C2F200004FF6FF710180BDE895
:10A300001040FEF707BD10BDA0F54861B1F5E14F63
:10A3100007D84BF2E472C2F20002D388834218BF1E
:10A32000D0800020B1F5E14F98BF012070470000B8
:10A33000014677284FF0010006DC21B11E2902D02A
:10A340003C2918BF002070477829FCD0B1F5967FD2
:10A3500008BF7047B1F5167FF5D0002070470000A8
:10A360004BF2E471C2F2000191F82700002281F85B
:10A37000272070474BF2E471C2F2000191F82600E9
:10A38000002281F82620704740F28860C2F2000067
:10A39000F6F7A2BD40F2D460C2F20000F6F79CBD11
:10A3A000FEE70000002808BF704743F21071C2F2B8
:10A3B0000001D1E900124260016070472DE9F04FC1
:10A3C00093B043F2107A41F28831C2F2000A0020C1
:10A3D000C0F2640143F6746BCAE90010C2F2000BCC
:10A3E0003C2143F67662ABF80010AAF80410C2F2E2
:10A3F000000241F28831118043F67262C2F200021B
:10A40000642140F220751180C2F20005FF212970FD
:10A4100044F60031C2F20001087043F69811C2F20E
:10A42000000144F6885743F21876086043F600218D
:10A43000C2F20007C2F20006C2F2000138603070BA
:10A44000086000F04BFE002800F06A814CF2000426
:10A45000C0F2FF1407A92046182200F045FE44F27E
:10A4600054590028C5F653096AD00798484567D162
:10A47000BDF820004FF00008411E022962D8BDF847
:10A48000221018295ED1BDF8281047F60152891A0A
:10A4900089B248F6CF22914254D3BDF82A1041F632
:10A4A0004172891A89B24EF2231291424AD302288C
:10A4B00005D39DF82C10423911F1240F42D3032803
:10A4C00004D1BDF82D00FFF733FFC8B30DF11C0C0C
:10A4D0009CE80E100DF1340E8EE80E000B9948F238
:10A4E0002030CDE910C1DDF830C03D46CEF6B85081
:10A4F00000224FF0FF330DF1340E12921EF80210BD
:10A500004B4000211F4680EA5303FE0708BF7B082B
:10A51000072901F10101F5D30132182AEED183EAAE
:10A520000C000130B0FA80F043F218762F4640F26A
:10A5300020754FEA5018C2F20006C2F2000501E091
:10A540004FF0000804F5805001A9182200F0CCFD5E
:10A5500010B3019848451FD1BDF80810481E0228C5
:10A560004FF0000019D8BDF80A20182A15D1BDF8FF
:10A57000100047F60152801A80B248F6CF2290426E
:10A580000AD3BDF8120041F64172801A80B24EF231
:10A590002312904280F0C780002008EA00010129C0
:10A5A0002FD10399099BAC46C81A3D463446012871
:10A5B000C0F28380BDF810000346B0F5486F98BF25
:10A5C0004FF44863BDF81270BDF80820BDF815605F
:10A5D000AAF80030AAF80270022A98BF3C26AAF80E
:10A5E0000460ABF8006043F67666C2F20006338082
:10A5F00043F672630122C2F200038AF806201F802C
:10A6000084E0B8F1000F2BD0BDF82800AC4601461D
:10A61000B0F5486F98BF4FF44861BDF82030BDF8E1
:10A620002A203D46BDF82D70022B4FF00103AAF8F9
:10A630000010AAF8022098BF3C278AF8063043F69B
:10A640007663C2F20003198043F67261C2F2000120
:10A650000A800999AAF80470ABF80070002256E04D
:10A6600043F6726E43F676640028C2F2000EC2F220
:10A67000000455D0BDF81000AC460146B0F5486F57
:10A6800098BF4FF44861BDF81230BDF808203D4630
:10A69000BDF81570AAF80010AAF80230022A98BF77
:10A6A0003C27218003990122AAF80470ABF80070BE
:10A6B0008AF80620AEF8003029E0BDF828000146EF
:10A6C000B0F5486F98BF4FF44861BDF82070BDF8F1
:10A6D0002A20BDF82D60022F4FF00107AAF80010C4
:10A6E000AAF8022098BF3C268AF8067043F67667DF
:10A6F000C2F20007398043F67261C2F20001AAF883
:10A700000460ABF800600A800022194626462960E2
:10A7100000218CF80020B0F5486F38BF012131705E
:10A7200013B0BDE8F08F022906D39DF8140042381B
:10A7300010F1240FFFF430AF032906D1BDF8150046
:10A74000FFF7F6FD00283FF427AFA9463D4601AFCD
:10A750008ECF0DF1340C48F220308CE80E000599B4
:10A76000DDF818C0B646CEF6B85000224FF0FF33E1
:10A770000DACCDE910711292A15C4B40002100BFDD
:10A780001F4680EA5303FE0708BF7B08072901F133
:10A790000101F5D30132182AEED183EA0C00013011
:10A7A000B0FA80F0400976462F464D46F5E60000A7
:10A7B00044F60030C2F200000078002818BF0120E3
:10A7C000704700002DE9F04F8FB0044647F6015066
:10A7D000201A80B248F67F77B8424FF0000065D368
:10A7E00041F64177CF1B4EF22315BFB2AF425DD386
:10A7F00043F6766AC2F2000ABAF8000043F67268BD
:10A800008442C2F2000803D1B8F80000814222D08D
:10A8100043F21077C2F2000743F698103E88C2F266
:10A8200000000260B4424FF00100AAF80040A8F80E
:10A8300000100BD17E88B14208D143F67460C2F299
:10A8400000000088B988401A18BF012043F218712F
:10A85000C2F20001087044F60037C2F200073878EF
:10A86000C0B10DF123001E46144600F0E1FB00B319
:10A870009DF823002146012823D14BF64800C2F25F
:10A8800000000068081A41F289318842C0F09081C6
:10A8900004208CE1002B1FBF43F21871C2F20001AB
:10A8A00009785FEAC1714FF000002DD10FB0BDE80B
:10A8B000F08F0420387043F60020C2F200000460DC
:10A8C00076E138780138032800F27281DFE810F071
:10A8D00004006E01AF006401002E00F069814BF6A8
:10A8E0002800C2F2000000684BF62C01C2F2000101
:10A8F000182200F065FC0028CAD04BF64800C2F2CE
:10A9000000000460022052E143F69810C2F20000F9
:10A910000068101AB0F57A7FC0F04A8143F6002033
:10A92000C2F20000016821B1511AB1F5FA6FC0F00E
:10A930003F81026040F22070C2F2000006784CF2C3
:10A940000009C0F2FF199346002E08BF09F580598F
:10A9500000F0C4FB002800F02B8144F25451B6FAF9
:10A9600086F0C5F6530140090991032101900020AA
:10A97000C0F21801CDE90C000E900A9144F68851FE
:10A98000C2F200010A68B8F800300132ADF8323086
:10A9900043F674630B92BAF80020C2F200031B88DE
:10A9A00048F22031ADF830202822CEF6B8518DF88B
:10A9B0003420ADF835304FF0FF3209AB1E5C7240E9
:10A9C000002600BF154681EA5202EC0708BF6A085C
:10A9D000072E06F10106F5D301301828EED1D04339
:10A9E0000E90484600F074FC002800F0E18009AEAB
:10A9F0004BF62C004ECEDDE90D54C2F2000080E88B
:10AA00004E00C0E904544BF644000199C2F2000024
:10AA100001704BF62800C2F20000C0F800904BF61F
:10AA20004800C2F20000C0F800B00120BFE00020E2
:10AA300038704BF6280043F60022C2F20000C2F242
:10AA400000020068116002A9182200F04DFB0146C7
:10AA5000002000293FF42AAF029844F25451C5F671
:10AA60005301884240F0A480BDF80C00411E022929
:10AA700000F29E80BDF80E10182940F09980BDF8B4
:10AA8000144047F60152A21A48F6CF2192B28A42E8
:10AA9000C0F08E80BDF8169041F64171A9EB01011E
:10AAA00089B2A942C0F08480022805D39DF818100D
:10AAB000423911F1240F7BD3032805D1BDF81900C9
:10AAC000FFF736FC002873D002AE4ECE0DF1240CF9
:10AAD00048F220308CE80E000699DDF81CC0CEF656
:10AAE000B85000224FF0FF3309ADCDE90C610E9252
:10AAF000AE5C7340002600BF194680EA5303CF07BF
:10AB000008BF4B08072E06F10106F5D30132182ABB
:10AB1000EED183EA0C0001304AD14BF62C01C2F28F
:10AB2000000102A81822EDF7E7FB002840D10498A5
:10AB300044F68851C2F2000108604BF64400C2F2AC
:10AB40000000007840F22071C2F20001BAF8003033
:10AB5000087043F21072BDF81910C2F20002012011
:10AB6000A3421480A2F80290918090710BD1B8F8A2
:10AB700000204A4507D143F67460C2F20000008805
:10AB8000401A18BF012043F21871C2F20001087088
:10AB900001200FB0BDE8F08F43F600220020C2F282
:10ABA0000002387011600FB0BDE8F08F03203870DC
:10ABB00000200FB0BDE8F08F024677284FF001006B
:10ABC00006DC72B11E2A0CD03C2A18BF002008E017
:10ABD000782A06D0B2F5967F03D0B2F5167F00D062
:10ABE0000020A8B343F6746CC2F2000CBCF800302D
:10ABF0009A4208BF704780B5ACF8002043F2107C41
:10AC0000C2F2000CBCF8043043F6981EC2F2000EEB
:10AC10009A42CEF80010BDE8804013D143F6766129
:10AC2000C2F200010988BCF8002091420AD143F623
:10AC30007261C2F200010988BCF80220891A18BFAB
:10AC4000012100E0012143F21872C2F200021170EA
:10AC5000704700002DE9F04F8DB08046F3F7FAF908
:10AC6000834643F22870002144F6016A43F6E01758
:10AC7000C2F20000C2F2000AC2F20007B1EB586F44
:10AC800001708AF80010397058D14BF62500C2F2D5
:10AC900000000078C00751D00A2000F081FB002896
:10ACA0007AD040F20045C4F6000506208DF8330046
:10ACB00028464FF4805100220024F3F7C5F940F2F2
:10ACC0006C59C2F200090DF13301484601220A23F2
:10ACD000F5F72CFB0646387028464FF480510122C8
:10ACE000F3F7B2F9002E00F08D80F3F7B3F943F6D5
:10ACF000F41643F690153978C2F20006C2F2000548
:10AD0000A0EB0B00D9F8582099F85530367895F813
:10AD100000C06C78AD78CDE9008002A89AF8007088
:10AD20008EC043F2287046F6DD42CDE9084506960E
:10AD3000C2F20000C0F602027DA35AE0F3F78AF9DE
:10AD400040F26C52C2F2000243F6F41643F690143D
:10AD50003978936D92F855209AF80070C2F2000687
:10AD6000C2F20004367894F800C06578A478A0EBAD
:10AD70000B00CDE90080CDE9042743F2287046F6A8
:10AD8000DD42CDE90854CDE902130696C2F2000077
:10AD9000C0F6020260A32CE0F3F75CF940F26C52BB
:10ADA000C2F2000243F6F41643F690153978936D1B
:10ADB00092F855209AF80070C2F20006C2F200051F
:10ADC000367895F800C06C78AD78A0EB0B00CDE933
:10ADD0000080CDE9042743F2287046F6DD42CDE934
:10ADE0000845CDE902130696C2F20000C0F6020241
:10ADF0004CA3F021CDF81CC001F01AF800200DB0D2
:10AE0000BDE8F08F4FF20000C0F2FF1008EA000921
:10AE100021208DF82E004FEA18608DF82F004FEAA0
:10AE200018408DF830004FEA19208DF8310028467F
:10AE30004FF4805100228DF83240F3F705F940F2CB
:10AE40006C54C2F200040DF12E01204605220A23A3
:10AE5000F5F76CFA0646387028464FF48051012207
:10AE6000F3F7F2F83EB3F3F7F5F843F6F41643F6CA
:10AE700090153978C2F20006C2F20005A0EB0B0073
:10AE8000A26D94F85530367895F800C06C78AD789E
:10AE9000CDE9009002A89AF800708EC043F22870A5
:10AEA00046F6DD42CDE908450696C2F20000C0F63E
:10AEB000020221A39DE741F2883000F071FA18B137
:10AEC00001200DB0BDE8F08FF3F7C4F8397843F6F0
:10AED000F41643F69015A0EB0B00A26D94F85530D4
:10AEE000C2F20006C2F20005CDE9009002A89AF86D
:10AEF0000070367895F800C06C78AD788EC043F25B
:10AF0000287046F6DD42C2F20000C0F602020DA330
:10AF1000CDE9084506966CE7505245434845434BFA
:10AF2000000000005052455F5741495400000000A6
:10AF30005752454E5F54580045524153455F54584F
:10AF40000000000045524153455F574149540000FD
:10AF500043F22870C2F2000070470000F0B581B0E3
:10AF600040F200449F204BF62506C4F600048DF8FD
:10AF700003000020C2F200068DF80200ADF80000C8
:10AF8000307020464FF480510122F3F75DF8012024
:10AF9000F2F7DAFE20464FF480510022F3F754F81E
:10AFA00040F26C50C2F200000DF1030101220A23AD
:10AFB000F5F7BCF943F6E017C2F20007387030B17C
:10AFC00020464FF480510122F3F73EF811E040F2A1
:10AFD0006C50C2F20000694603220A23F5F7F0F82C
:10AFE0000546387020464FF480510122F3F72CF8C3
:10AFF00015B1002001B0F0BD9DF80000FF3810F140
:10B00000FE0F4FF0000011D39DF8021019290DD149
:10B0100043F690109DF80210BDF80020C2F2000027
:10B02000817002800A2000F0BBF9307001B0F0BDE1
:10B0300000281FBF4BF62502C2F2000212785FEA19
:10B04000C27201464FF0000000D17047F0B581B0E8
:10B0500040F20044C4F6000405200E468DF80300BB
:10B0600020464FF480510022F2F7EEFF40F26C5080
:10B07000C2F200000DF1030101220A23F5F756F98F
:10B0800043F6E017C2F20007387038B120464FF49B
:10B0900080510122F2F7D8FF00201AE040F26C50F4
:10B0A000C2F200000DF1020101220A23F5F788F82F
:10B0B0000546387020464FF480510122F2F7C4FF54
:10B0C0000DB1002005E09DF8020000F00100307095
:10B0D000012001B0BDE8F040704700004BF62500AC
:10B0E000C2F20000007870472DE9F04F83B00027CE
:10B0F000B7EB506F5FD11446002A5CD000290D4693
:10B100001FBF4BF62501C2F2000109785FEAC17149
:10B1100051D0C0F100718C424DD813218DF8071029
:10B12000010E40F200488DF80810010CC4F600082A
:10B130008DF80910010A8DF80A108DF80B004046B1
:10B140004FF480510022F2F77FFF40F26C50C2F2C0
:10B1500000000DF1070105220A23F5F7E7F843F691
:10B16000E01AC2F2000A8AF8000018B1B0FA80F0C2
:10B1700047091AE040F26C594FF6FF7BC2F2000912
:10B180004FF6FF765C4538BF26464846294632468C
:10B190000A23F5F715F8B0FA80F14FEA51178AF84B
:10B1A000000010B9A41B3544EAD140464FF4805149
:10B1B0000122F2F749FF384603B0BDE8F08F0000E6
:10B1C000034600294FF0000018BF002A00D1704745
:10B1D000B0EB536F18BF70472DE9F04383B0DFB277
:10B1E000C7F5807797420FD3C3F1007797420BD30F
:10B1F0000DF105001C460E461546FFF719FF10B16C
:10B200009DF8050020B1002003B0BDE8F043704771
:10B2100040F20049C4F6000906208DF80B004846AC
:10B220004FF480510022F2F70FFF40F26C50C2F24F
:10B2300000000DF10B0101220A23F5F777F843F620
:10B24000E018C2F20008074688F8000048464FF4AC
:10B2500080510122F2F7F8FE0020002FD4D11220F5
:10B260008DF80600200E8DF80700200C8DF80800E0
:10B27000200A8DF8090048464FF4805100228DF8CD
:10B280000A400024F2F7E0FE40F26C50C2F20000E7
:10B290000DF1060105220A23F5F748F888F80000A9
:10B2A00068B940F26C50C2F2000031462A460A23C7
:10B2B000F5F73CF888F80000B0FA80F044094846F9
:10B2C0004FF480510122F2F7BFFE20469CE70000B8
:10B2D00001460020B0EB516F18BF7047F0B583B046
:10B2E0000DF105000E46FFF7A3FE10B19DF8050015
:10B2F00020B1002003B0BDE8F040704740F20044A8
:10B30000C4F6000406208DF80B0020464FF480514F
:10B310000022F2F799FE40F26C50C2F200000DF1EB
:10B320000B0101220A23F5F701F843F6E017C2F2F8
:10B3300000070546387020464FF480510122F2F78D
:10B3400083FE0020002DD5D121218DF80610310E6D
:10B350008DF80710310C8DF80810F02101EA162144
:10B360008DF809108DF80A0020464FF48051002214
:10B37000F2F76AFE40F26C50C2F200000DF10601D5
:10B3800005220A23F4F7D2FF3870B0FA80F045099D
:10B3900020464FF480510122F2F756FE2846A9E7D5
:10B3A0002DE9F04F81B040F2004A0546C4F6000A8C
:10B3B000F2F750FE40F26C5743F6E01B44F601688A
:10B3C0000646C2F20007C2F2000B0DF10209C2F2FA
:10B3D000000800BF05208DF8030050464FF480514F
:10B3E0000022F2F731FE38460DF1030101220A2353
:10B3F000F4F79CFF8BF8000008BB38464946012251
:10B400000A23F4F7DDFE04468BF8000050464FF4A3
:10B4100080510122F2F718FEBCB99DF8021043F6E4
:10B42000F410C2F2000001700120C90788F8000082
:10B430000CD0F2F70FFE801BA842CBD305E050469C
:10B440004FF480510122F2F7FFFD002001B0BDE86A
:10B45000F08F00002DE9F04F83B005460020B0EBDF
:10B46000556F0CD1924652B100290C461FBF4BF6C6
:10B470002501C2F2000109785FEAC17102D103B06F
:10B48000BDE8F08FC5F100718A45F8D840F2004B55
:10B4900040F26C5643F6E019C4F6000BC2F2000607
:10B4A000C2F20009E8B2C0F580780A20C24538BF70
:10B4B000D046FFF775FF002862D006208DF80B00FC
:10B4C00058464FF4805100222746F2F7BDFD304622
:10B4D0000DF10B0101220A23F4F728FF5C46834695
:10B4E00089F8000020464FF480510122F2F7ACFDAC
:10B4F000BBF1000F44D112208DF80600280E8DF804
:10B500000700280C8DF80800280A8DF8090020464D
:10B510004FF4805100228DF80A50F2F795FD304625
:10B520000DF1060105220A23F4F700FFA34689F86E
:10B530000000F8B91FFA88F2304639460A233C4623
:10B54000F4F7F4FE074689F8000058464FF480519E
:10B550000122F2F779FD9FB94FF4FA70FFF720FF4F
:10B5600070B14544BAEB080A44449BD1012003B0B2
:10B57000BDE8F08F58464FF480510122F2F764FD88
:10B58000002003B0BDE8F08F2DE9F041069DB5F530
:10B59000E07F03D9002080B2BDE8F08145F6A52701
:10B5A000078005270646C170290A06F8027F417107
:10B5B000110A00F1080805718271C1713DB104469C
:10B5C000404619462A46ECF744FE2046A844A91DE9
:10B5D0008AB24FF6FF71002341F22105F45C81EA43
:10B5E000042108240FB205EAD737013C87EA41015C
:10B5F000F8D101339342F1D1A8EB0000023080B2C0
:10B60000A8F80010BDE8F0812DE9F04F81B00546A3
:10B61000B0F8CA0198460F4660B1D5F8CC01101AAF
:10B62000C92807D3D5F8D0110020A5F8CA01481CB5
:10B63000C5F8D001B5F8CA016E1CB0F5E57FC5F8B4
:10B64000CC210CD30138A5F8CA0182B22846314674
:10B65000ECF7FFFDD5F8D0010130C5F8D001B5F801
:10B66000CA0105F1020B411CA5F8CA112F5405F1BE
:10B67000080941F22107B5F8CA0168B966E000BFC0
:10B680000138A5F8CA0182B228463146ECF7E1FD3F
:10B69000B5F8CA01002859D02978A529F0D181B27E
:10B6A000012953D032785A2AEAD108294ED3AA78F0
:10B6B000052A3AD1B5F804C0BCF5E07F35D80CF1C5
:10B6C0000A028A4205D94FF0000A00200028D2D190
:10B6D0003EE00CF1060E4FF6FF7200211BF8014010
:10B6E00082EA0422082400BF13B207EAD333013CE4
:10B6F00083EA4202F8D101317145EFD139F80C10DB
:10B7000092B28A4211D1E8784FF0010A88F800001D
:10B71000E888A8F804C0A8F802000020C8F808903B
:10B72000A5F8CA010028A6D112E00138A5F8CA017F
:10B7300082B228463146ECF78CFDD5F8D0010130B5
:10B74000C5F8D0010120002895D101E04FF0000A92
:10B750000AF0010001B0BDE8F08F00004EF60C5079
:10B76000BFF34F8FCEF200000168042201F4E061C4
:10B77000C0F2FA5211430160BFF34F8F00BFFDE7E3
:10B780004EF60C50BFF34F8FCEF20000016804223A
:10B7900001F4E061C0F2FA5211430160BFF34F8F30
:10B7A00000BFFDE7B8B041F22400C4F20200016816
:10B7B00043F61475C2F200052960016840F60008DE
:10B7C00041F0807101600168C4F6000821F08071C9
:10B7D0000160F3F7DDFDFAF7DBFCFAF70FFC4046FA
:10B7E0004FF400510122F2F72FFCFAF7DDFBFAF7D4
:10B7F0000FFDFAF76DFDFAF787FCFAF7A7FCFAF7E9
:10B8000099FBFAF7E9FDFAF74FFEFAF731FDFAF77F
:10B81000B5FEFAF7D3FEEDF73BFDFEF7CFFDF0F7EF
:10B8200045F82B68C3F38060C3F30072C3F38076DE
:10B83000DD0FC3F3C061C3F340778DE88700CDE926
:10B84000046546F2421208ADC3F34064C0F602023A
:10B850002846C021069400F0EBFA2846F1F7F2FAE8
:10B86000F1F7A6FB18B90FF25050F1F7EBFA40468A
:10B870004FF400510122F2F7E7FBF7F733FB002802
:10B8800000F09482EDF7ACFB44F65464C2F200047D
:10B890002070F9F725FCF2F7DDFBFAF76DFF44F6AF
:10B8A0004067C2F200073846FAF754FFF8F794FCF5
:10B8B000207810B9EDF7E4FB2070FAF7E1FA4FF4C5
:10B8C0007A70F2F741FA2078FDF7A2FF08A8FEF798
:10B8D00069FD9DF8260001280FD1BDF82000FEF774
:10B8E00013FDBDF82200FEF7CFFBBDF82400FEF7E4
:10B8F000A9FC0FF2E040F1F7A5FAF2F7ABFBF8F77D
:10B900008FF8F2F7A7FB43F6F811C2F200010860C6
:10B91000F2F7A0FB43F60960C2F2000000210170BB
:10B9200043F6816043F6846643F6E06A43F2686B4F
:10B93000C2F200000121C2F20006C2F2000AC2F205
:10B94000000B017004E000BFF2F784FBFEF7B2F9D0
:10B95000F2F780FB0546F6F707FB2846F1F7D0F92A
:10B96000EDF77AFB78B943F6F811C2F200010968E5
:10B97000691AB1F57A7F06D343F6F810C2F20000D7
:10B980000560EDF77DFB2178814202D02070FEF743
:10B9900081FC2846FEF702F8F7F7F2FF002818BFEF
:10B9A000FDF7ACFCF2F756FBFAF702FF3846FAF760
:10B9B000D1FEF6F7D9FA43F61901C2F2000191F867
:10B9C000008000200870F2F745FB314652463B46A6
:10B9D000F0F7F4F8F2F73EFB05465846FDF7A8FCF1
:10B9E000B7F90200397CF1F701FBFEF7C3FC20B187
:10B9F000F8F770FA0020FEF78DFBDBF8000043F645
:10BA000078627988C2F2000210609BF80800918089
:10BA1000397C0128917105D1F7F7B2FF80F0010060
:10BA200001E000BF002043F67861C2F20001C87156
:10BA300028463246F8F760FD5046F8F79DFB9AF825
:10BA40000400002818BF0120FEF764FBFEF788FC05
:10BA5000002850D09BF80800002849D19AF805002A
:10BA6000002845D1FEF7A4FE002841D1F7F788FF52
:10BA700000283DD196F85A00012839D196F859008E
:10BA8000B0B343F628610020C2F20001C1E9000012
:10BA900043F61C61C2F20001087043F61860C2F25E
:10BAA00000006FF00041016043F61461C2F2000132
:10BAB0004FF00042306D0A6043F61061C2F200019F
:10BAC000086043F62060C2F20000056043F60C6097
:10BAD000C2F20000056043F60960C2F200000121D5
:10BAE00001700120FEF7B6FAC6A0F1F7ABF902E04B
:10BAF0000320FEF7AFFA43F60960C2F200000078B7
:10BB0000012820D19BF8080070B99AF8050058B9AF
:10BB100043F62060C2F20000006840F6B831281AEF
:10BB20008842C0F0A38000BF43F60960C2F2000063
:10BB3000002101700320FEF78DFA46F2F200C0F6F4
:10BB40000200F1F77FF9BBF8060029465446FFF7DB
:10BB500033F89BF80800BBF80090BBF802A048B986
:10BB6000607938B943F60960C2F200000078002815
:10BB700077D000BF0023484651462A46FEF722FEF2
:10BB800028B146F21510C0F60200F1F75BF92079F2
:10BB9000A246002818BFFDF7B1FBB8F1000F4DD049
:10BBA00096F85A00012849D1308847F2305188422E
:10BBB00044D8B08948F2D04188423FD8706848F2F2
:10BBC0008041C0F21E01084442F20141C0F2F4017A
:10BBD000884233D2306948F28041C0F21E010844E5
:10BBE00042F20141C0F2F401884227D2D6E90403AF
:10BBF00044F6D35200F5FA71C1F26202A1FB0212BF
:10BC000046F27F01CFF62A71084446F26841920954
:10BC1000CFF62A7188423088B189B7F902C09AF804
:10BC2000065038BF002292B2CDE900C5FEF742FAB5
:10BC3000B6F8480096F84E10FEF7FCFAFEF7B8FD8D
:10BC400044F654640028C2F200047FF47DAEF2F79B
:10BC500001FA9AF80410B1FA81F14909F7F79EFE4A
:10BC600072E6F7F78DFE80F0010384E7B8F1000F6C
:10BC70003FF469AF96F85A0001287FF464AF43F6A9
:10BC80000C60C2F200000068281A1428FFF45BAFB1
:10BC900043F61060C2F20000316D006881423FF44B
:10BCA00052AF706C43F610630246C2F200030028E4
:10BCB00048BF4242196044F621618A4243F60C6152
:10BCC000C2F200010D600DD343F60960C2F200001C
:10BCD000002101700320FEF7BDF946F2BF00C0F657
:10BCE00002002EE743F61861C2F20001096843F62C
:10BCF00028638842BEBF43F61861C2F200010860A3
:10BD000043F61461C2F200010968C2F200038842DE
:10BD1000C2BF43F61461C2F200010860D3E9001209
:10BD200043F61C640918C2F2000442EBE07022786A
:10BD3000C3E900100132D3B2402B2270FFF403AFED
:10BD400043F6146243F61863C2F20002C2F2000323
:10BD500012681B68D21AB2F5FA5F0BDCC21711EB3E
:10BD6000926140F10000890941EA8060EEF760F9D4
:10BD7000814601E04FF0000943F60960C2F200007D
:10BD8000002101700320B9F1000F18BF0220FEF757
:10BD900061F946F29800C0F6020046F26C01B9F172
:10BDA000000FC0F6020118BF0846CAE6EFF3108084
:10BDB00072B600BFFEE700BF5B46414E5D205057A4
:10BDC0004D207374617274206661696C65640D0A3C
:10BDD000000000005B53455454494E47535D2072A8
:10BDE0006573746F72656420766F6C746167652F1C
:10BDF00063757272656E7420736574706F696E74AA
:10BE0000730D0A005B43414C5D206C6F63616C20D5
:10BE100063757272656E742D7A65726F2073616DD1
:10BE2000706C696E6720737461727465640D0A00CA
:10BE30000FB47CB50C0009AD01D0611E00E00021FB
:10BE4000CDE90001064B6A462946089800F01EF825
:10BE5000002C02D0009A002111707CBC5DF814FB0C
:10BE6000EFC20108004870470000002002E008C847
:10BE7000121F08C1002AFAD170477047002001E064
:10BE800001C1121F002AFBD1704700002DE9FF4FAE
:10BE90008DB00F460546002606E025280BD0DDE9CB
:10BEA0000F1290476D1C761C28780028F5D111B030
:10BEB0003046BDE8F08F0024A246A1460122EC499D
:10BEC00000E0044315F8013F203B02FA03F008426A
:10BED000F7D128782A2810D06FF02F022878A0F107
:10BEE0003001092914D80AEB8A0102EB410144F020
:10BEF000020400EB010A6D1CF0E701CF5FEA000AC3
:10BF000003D544F40054CAF1000A44F002046D1C45
:10BF100028782E2817D115F8010F44F004042A2898
:10BF20000ED06FF02F022878A0F1300109290AD82D
:10BF300009EB890102EB410100EB01096D1CF2E7FD
:10BF400057F8049B6D1C28786C280FD006DC4C2811
:10BF500017D068280DD06A2814D104E0742810D0B6
:10BF60007A280FD10DE044F400140AE044F4801460
:10BF700001E044F440146978814202D104F5801450
:10BF80006D1C6D1C2A786E2A1FD00CDC632A31D000
:10BF900004DC002A8BD0582A11D1A3E0642A68D08F
:10BFA000692A0CD165E0732A2ED004DC6F2A73D085
:10BFB000702A04D19BE0752A6FD0782A6ED0104683
:10BFC000DDE90F129047761C50E1C4F302500228BD
:10BFD00006D0032809D0042801CF09D0066045E126
:10BFE00001CFF117C0E9006140E101CF06803DE1DA
:10BFF00006703BE117F8040B8DF8000000208DF867
:10C000000100EB46012003E057F804BB4FF0FF307E
:10C0100061074FF0000102D40DE008F101018846EC
:10C0200049450FDA8045F8DB1BF808100029F4D1E8
:10C0300008E008F1010188468142FADB1BF808108C
:10C040000029F6D1DDE90F23AAEB0800814621463D
:10C0500000F036F9304400EB080604E0DDE90F1289
:10C060001BF8010B9047B8F10108F7D2214648466A
:10C07000F7E00A21C4F302534FF0000B0891022BA2
:10C0800004D001CFC117032B09D00AE0FF1D27F010
:10C090000707F7E8020108E032E01FE020E000B205
:10C0A000C117042B01D140B2C117031E71F1000367
:10C0B00007DA4FF0000CD0EB0C006CEB01012D23E4
:10C0C00002E0230504D52B238DF82430012303E05F
:10C0D000E30701D02023F7E7984658E00A2110E053
:10C0E00010210EE010204FF0000B08900CE0102102
:10C0F0004FF0000B44F004044FF00809089103E0EE
:10C1000008214FF0000B0891C4F30253022B04D016
:10C1100001CF0021032B06D006E0FF1D27F0070703
:10C12000F7E8020103E080B2042B00D1C0B24FF067
:10C13000000823072BD5702A07D0DDF820C08CF02B
:10C14000100C5CEA0B0C05D00EE040238DF8243077
:10C15000012308E050EA010306D030238DF8243093
:10C160008DF8252002239846DDF820C08CF0080CBD
:10C170005CEA0B0C0BD150EA010301D1630706D531
:10C1800030238DF824304FF00108A9F10109582A15
:10C1900004D038A20B9208AA0A920BE03AA2F9E75F
:10C1A0005B46089AEBF7E0FF0B9B9B5C0A9A521EDA
:10C1B0000A92137050EA0102F2D10A98ADEB000026
:10C1C00000F1200B600702D524F4803401E04FF029
:10C1D0000109D94502DDA9EB0B0000E0002000EBCE
:10C1E0000B0141440890AAEB010AE00306D4DDE903
:10C1F0000F232146504600F063F806444FF0000933
:10C2000008E009A911F80900DDE90F12904709F1CA
:10C210000109761CC145F4DBE0030CD5DDE90F23F1
:10C220002146504600F04CF8064404E0DDE90F12C8
:10C2300030209047761C0899481E08900029F5DCAC
:10C2400008E00A980A990078491C0A91DDE90F1262
:10C250009047761CBBF10001ABF1010BF1DC2146EC
:10C260005046DDE90F2300F019F806446D1C1BE66B
:10C2700009280100303132333435363738396162BC
:10C280006364656600000000303132333435363780
:10C290003839414243444546000000002DE9F04151
:10C2A000044600251E461746880404D405E0394696
:10C2B0002020B0476D1C641EF9D52846BDE8F081EA
:10C2C0002DE9F041044600251E469046C80301D5DD
:10C2D000302700E02027880404D505E04146384691
:10C2E000B0476D1C641EF9D52846BDE8F0814A6848
:10C2F000002A06D00A68531C0B6010704868401E64
:10C30000486070470040404040404040404041410C
:10C31000414141404040404040404040404040401A
:10C3200040404040400502020202020202020202B4
:10C3300002020202022020202020202020202002B1
:10C340000202020202029090909090901010101041
:10C3500010101010101010101010101010101010DD
:10C360000202020202028888888888880808080871
:10C37000080808080808080808080808080808083D
:10C38000020202024000000005C301081051FF1F15
:10C390001451FF1F1851FF1F4851FF1F4C51FF1F21
:10C3A0000056FF1F0456FF1F0052FF1F0452FF1FBD
:10C3B0004051FF1F4451FF1F0852FF1F2051FF1F14
:10C3C0002451FF1F2851FF1F2C51FF1F3051FF1F09
:10C3D0003451FF1F082202400C220240202202405A
:10C3E00028220240242202401C2202402C22024029
:10C3F000102202401422024018220240FF0FFF0FB9
:10C40000FF0000000F001F00FF07FF1FFF07FF07CF
:10C410003F003F003F000000FFFFFFFFFFFFFFFF67
:10C42000FF0FFF0F02030405060708090A0B0C0D96
:10C430000E0F101112131415161718191A1B1C1DA4
:10C440001E1F202122232425262728292A2B2C2D94
:10C450002E2F303132333435363738393A3B3C3D84
:10C460003E3F3F3F010202030405060708090A0B8D
:10C470000C0D0E0F101112131415161718191A1B84
:10C480001C1D1E1F202122232425262728292A2B74
:10C490002C2D2E2F303132333435363738393A3B64
:10C4A0003C3D3E3F3F3F010260450208E43A02083E
:10C4B000285F0208DE6B0208CD6E0208ED6E0208EE
:10C4C000D96E0208E56E0208BE6E0208C56E02084B
:10C4D000D96E0208D96E0208D96E0208E16E020810
:10C4E0000000000000000000010203040607080924
:10C4F0000000000001020304DE6B0208126C020857
:10C50000166C0208096C0208016C0208D56B02085F
:10C51000CD6B0208EC6B0208266C0208E36B020884
:10C520001D6C0208F66B0208306C0208466C0208AB
:10C530005C6C02084F6C02083B6C0208676C0208D6
:10C54000090908D005090908032432323B141328CD
:10C550002FD0050909081428333F07131428300584
:10C5600005003333A4A158494E5F504F5745525FE1
:10C57000424C5F563100000102030405060708091A
:10C580000A0B0C0D0E0F800CE40CAC0DD80EA00F96
:10C5900068108813201CD0202823E02E5046204EFF
:10C5A000C05D606D007DFF8308418308FF83084103
:10C5B0008308FF8308418308FF8308418308FF83C2
:10C5C00008418308FF8308418308FF8308418308EB
:10C5D000FF8308418308FF8308418308FF830841E4
:10C5E0008308FF8308418308FF8308418308FF8392
:10C5F00008418308FF8308418308FF8308418308BB
:10C60000FF8308418308FF8308418308FF830841B3
:10C610008308FF8308418308FF8308418308FF8361
:10C6200008418308FF8308418308FF83084183088A
:10C63000FF8308418308FF8308418308FF83084183
:10C640008308FF8308418308FF8308418308FF8331
:10C6500008418308FF8308418308FF83084183085A
:10C66000FF8308418308FF8308418308FF83084153
:10C670008308FF8308418308FF8308418308FF8301
:10C6800008418308FF8308418308FF83084183082A
:10C69000FF8308418308FF8308418308FF83084123
:10C6A0008308FF8308418308FF8308418308FF83D1
:10C6B00008418308FF8308418308FF8308418308FA
:10C6C000FF8308418308FF8308418308FF830841F3
:10C6D0008308FF8308418308FF8308418308FF83A1
:10C6E00008418308FF8308418308FF8308418308CA
:10C6F000FF8308418308FF8308418308FF830841C3
:10C700008308FF8308418308FF8308418308FF8370
:10C7100008418308FF8308418308FF830841830899
:10C72000FF8308418308FF8308418308FF83084192
:10C730008308FF8308418308FF8308418308FF8340
:10C7400008418308FF8308418308FF830841830869
:10C75000FF8308418308FF8308418308FF83084162
:10C760008308FF8308418308FF8308418308FF8310
:10C7700008418308FF8308418308FF830841830839
:10C78000FF8308418308FF8308418308FF83084132
:10C79000830811830801051101F07301317401311F
:10C7A0007C01517C02527C02727C02527C03517CDF
:10C7B00002317C01AF6B2D8308018B420172840131
:10C7C000928409938402928401727C017284014EE6
:10C7D0005BE08308118308014A3A017ABE01B7A5DC
:10C7E00001D7AD02B7AD01D7AD08B7AD01B7A5010F
:10C7F00018B60193842B830801CC4A0139BE07B7D0
:10C80000AD05B7A501B7AD0197A501D8AD0196A5B6
:10C81000E0830812830801317C01D7AD01559D07E3
:10C82000769D01569D04559D01159501B7AD018E6C
:10C830006329830801A82901F8AD01359D04559DA0
:10C8400001569D03769D04569D01559D01769D01DF
:10C85000D7AD014619E0830813830801149501B789
:10C86000AD01769D0676A501B7AD01F8B501F8AD2D
:10C8700003D8AD01B7A50159BE012D532783080187
:10C8800046190118B601F8AD01D7AD02F8B501F8A7
:10C89000AD01F8B501D7AD0276A505769D01559D90
:10C8A0000118B6010932E1830813830801E510017C
:10C8B000B7A50196A50576A501B7AD011495018729
:10C8C0002104C82901A72902C829278308010519BD
:10C8D00001E93101A72901C82902E8310109320122
:10C8E0006721016E6301F8AD01569D04769D0155E7
:10C8F0009D0139BE01CC4AE2830814830801C8298E
:10C900000118B601769D0576A50196A50146193652
:10C91000830801B38401B7A503769D0176A501556F
:10C920009D0118B6018E63E3830815830801EC525C
:10C930000118B601559D0476A501B7A50196A5017C
:10C940006E5B042D5B010D5301EC5201CC4A018B4F
:10C950004223830801293A01EC4A01EC52020D53AB
:10C96000032D5B010D5301149501F8AD01559D0296
:10C97000769D0176A501559D0118B6011174E483D9
:10C980000816830801117401F8B501569D0276A5B9
:10C990000196A501769D0196A505F8AD02F8B501B1
:10C9A000F8AD0159BE011174218308018F6301396B
:10C9B000B605F8AD01F8B501F8AD01F8B50197A5D8
:10C9C00001569D03769D01559D01F8AD01D38CE57F
:10C9D000830817830801D38C01D7AD01559D0176DB
:10C9E000A501769D0276A501569D01769D01559D76
:10C9F00003569D02559D01359D0118B6014E5B1FE2
:10CA00008308010D530118B601559D04569D055527
:10CA10009D02569D01769D01559D01B7A501359D4D
:10CA2000E6830818830801569D0118B601B7AD02C8
:10CA3000D7AD01B7AD01D7AD02B7AD0176A501768F
:10CA40009D0176A502769D0176A501559D01F8B55B
:10CA5000014A3A1D8308014A3A0119B601769D053B
:10CA600076A50196A502B7AD04B7A50197A501D794
:10CA7000AD01769D01C410E68308188308010511F5
:10CA800001728401B38401B38C01D38C01D48C0175
:10CA9000F48C01F49401D48C01B7A501B7AD015613
:10CAA0009D05769D01D7AD0146191B830801A72975
:10CAB0000118B60476A50196A50176A501B7AD01CA
:10CAC00096A501938406B38C01B384014619E783CC
:10CAD0000821830801261901559D0196A501569D3F
:10CAE00003769D01559D0196A501559D1A83080168
:10CAF000051101B7AD0196A501769D0476A50196B5
:10CB0000A501769D010511F0830822830801D06BF1
:10CB100001D7AD01559D03769D01569D01559D019F
:10CB2000B7AD01928419830801559D01B7A501563F
:10CB30009D0176A501769D0276A501569D01F8AD71
:10CB4000018E63F183081B8308016E630196A501C2
:10CB5000F49402359501159501359D01B7AD037625
:10CB60009D02569D01559D01769D01359D01D8ADD3
:10CB7000018E6317830801D38C01D7AD01559D0148
:10CB800076A503769D0376A50196A502559D0235EF
:10CB90009D01149501D7AD01CC4AEA83081B830897
:10CBA00001A30801559D01D7AD0196A50297A501E6
:10CBB00096A502769D02569D01769D02569D0155D1
:10CBC0009D01569D01359D01F8AD016A421583080E
:10CBD00001317401D8AD01359D05769D0176A50220
:10CBE000769D0176A50196A50197A501B7A50176C9
:10CBF000A50139B601527CEB83081C830801051995
:10CC000001B7AD0176A505769D05569D04559D019C
:10CC1000D7AD018721138308018E6301F8AD01357B
:10CC20009D08769D0476A501569D01D7AD01D48C53
:10CC3000EC83081D830801293A0118B601569D02AC
:10CC400076A502769D04569D05559D0176A5015554
:10CC50009D01A40811830801CC4A01F8AD01359D5E
:10CC600001769D01569D02769D01569D06769D0199
:10CC700076A501769D01B7AD01769D01A308EC83F1
:10CC8000081E8308012D5B0118B601559D0176A58C
:10CC900003769D02569D05559D01569D01359D01CA
:10CCA00096A501B38410830801293A01D7AD013557
:10CCB0009D03569D0A769D0196A501B7AD012519E4
:10CCC000ED83081F830801117401D8AD01559D0142
:10CCD00076A502769D05569D03559D01569D01350D
:10CCE0009D01D7AD01F0730E830801C82901D7ADAE
:10CCF00002559D05569D02769D02569D01769D0129
:10CD0000569D02769D0118B601C829EE830820833E
:10CD10000801D48C01B7AD01559D03769D05569D44
:10CD200003559D01569D01359501F8AD01EC520C5E
:10CD3000830801251901B7A501569D05559D035688
:10CD40009D05769D01559D0118B601AB4AEF8308FC
:10CD500020830801C4080176A50196A506769D02E8
:10CD6000569D02559D02569D01559D01359D01D749
:10CD7000AD01E8310B830801359D0176A501359D94
:10CD800005559D03569D01769D03569D01359D01D8
:10CD9000F8B5014E5BF0830821830801872101D794
:10CDA000AD06769D01569D01769D01569D01559DCE
:10CDB00003569D02559D0196A501051109830801A1
:10CDC000B38C01B7A501359D07559D04569D01768D
:10CDD0009D01359D01F8AD01F073F18308228308B0
:10CDE000016A4201F8B501559D0176A504769D02C0
:10CDF000569D02769D01569D01559D01569D01351A
:10CE00009D0196A501149508830801117401D7AD01
:10CE100001359D01569D0A559D01769D01359D0167
:10CE2000B7AD01B38CF28308238308018F6301F847
:10CE3000B501559D0376A506769D02569D01769D0A
:10CE400001359D01B7AD01317C068308018F630177
:10CE5000F8AD01359D02559D01569D08559D015621
:10CE60009D01559D0196A5013595F38308248308FE
:10CE700001B38C01D7AD01769D0276A506769D049F
:10CE8000569D01359501F8AD014E5B04830801EC18
:10CE90005201F8B501359D04569D09559D0176A5B1
:10CEA0000196A5010511F3830824830801A3080155
:10CEB00076A50197A501769D0376A507769D025676
:10CEC0009D01359D01F8AD010932028308014A3AFE
:10CED00001F8AD0F559D01D7AD018721F4830825D9
:10CEE000830801872101F8AD0876A505769D0156D6
:10CEF0009D01769D01B7A501051101872101D8ADDE
:10CF000001569D01559D01569D01559D02569D015D
:10CF1000559D02569D05559D01359D01F8B5016A47
:10CF200042118308010D5301EC52010C5301EC52E4
:10CF300001AB4A0E830801293A014D5B022D5B01CA
:10CF40004E5B058308038B42014A3A06830801269B
:10CF500019018B42016A42018B4201A7290E830805
:10CF600001A308036A4201C8291D83080167210142
:10CF7000EC5201CC4A02EC52010C53030D53072D25
:10CF80005B020D5301CC4A01672174830826830894
:10CF9000016A420118B601769D0196A50576A503A2
:10CFA000769D0176A501769D0176A501559D01D757
:10CFB000AD01F48C0176A50196A501559D05569D00
:10CFC00002559D02569D02559D01569D01359D01BC
:10CFD000F8AD010D531283080114950139B602B75B
:10CFE000AD0139B6012D5B0C8308014A3A0139B60F
:10CFF00001D7AD01B7AD0139B601D38C0483080167
:10D00000AB4A019AC601D7AD01F8AD0159BE0187FF
:10D010002105830801727C0159BE02D7AD01F8B524
:10D0200001C8310D830801CC4A019AC601D7AD0170
:10D03000F8AD0196A51D830801B38C0159BE01D836
:10D04000AD08F8AD01D8AD01F8AD01D8AD02F8AD2D
:10D0500001D8AD03F8AD011074738308278308016C
:10D060006E630118B601569D0196A50976A5017655
:10D070009D0196A501B7A501922D01F32D01D7AD14
:10D0800001559D03569D01559D02569D01559D01DB
:10D09000569D01559D01569D01769D01359D01D8F6
:10D0A000AD01D06B13830801E51001D7AD02359DAA
:10D0B00001359501B7A50105190B83080196A50156
:10D0C00076A502559D01B7AD01E51004830801ABBB
:10D0D0004A0118B602559D01D7AD01A7290583085D
:10D0E00001317C01B7A501359D01559D0176A50152
:10D0F000F4940D830801AB4A01F8B501359D015642
:10D100009D0115951D830801728401B7AD09559DD8
:10D1100007359D01559D01359D0118B601F06B72D3
:10D12000830828830801527C01F8AD01769D0196A1
:10D13000A50776A501769D0196A501D7AD01F32D32
:10D1400001B22D01922D01542E01D7AD01559D0143
:10D15000769D01569D01559D04569D01559D017674
:10D160009D01559D01B7AD01B384158308010C5392
:10D170000118B602359D0196A50172840A83080143
:10D18000AF6B01D7AD01359D01559D01F8AD012D66
:10D190005B05830801AB4A0119B602769D01D7AD44
:10D1A00001A72905830801317C01D7AD01559D01F7
:10D1B000769D01559D01B7AD012D5B0C830801AB38
:10D1C0004A0118B601559D01769D01359D1D8308C4
:10D1D00001727C01D7AD01769D0176A50196A50D62
:10D1E000B7A50276A501559D01F8B50146197183D1
:10D1F0000829830801359D01B7AD0176A50196A5E3
:10D200000776A501F8AD01332E01B22D01332E01B1
:10D21000132E01B22D01B52E01D7AD01559D037618
:10D220009D01569D02769D01569D01559D0197A534
:10D2300001559D17830801F49401B7A501359D019F
:10D24000359501D8AD014A3A08830801872101D8F4
:10D25000AD01359D01559D0196A5011595068308E3
:10D2600001AB4A0139B601569D01769D01D7AD014A
:10D27000872105830801317C01D7AD01559D0156F9
:10D280009D01769D01559D0197A50146210B8308BF
:10D29000018B4201F8B501559D01769D01359D1D1B
:10D2A000830801727C01D7AD01769D0196A50155D9
:10D2B0009D02938402742E02952E06B52E01942EA3
:10D2C0000296A501569D0139B6018B42718308294A
:10D2D000830801251901D7AD0196A50176A502960F
:10D2E000A50376A501769D01F8B501332E01B22D77
:10D2F00001342E03132E01D22D01F53601B7A501FD
:10D30000569D02769D02569D01769D01559D0176A2
:10D31000A501B7AD01251917830801872101F8B5CB
:10D3200002359D02559D08830801D48C0197A50103
:10D33000559D01359D01F8AD01C82906830801AB53
:10D340004A0118B602569D01B7AD01872105830831
:10D3500001317401D7AD01559D02569D01559D01C6
:10D3600076A501B38C0B8308018B4201F8AD015502
:10D370009D01769D01359D1D830801727C01D7AD0D
:10D3800001559D01B7A501952E01922D03F32D05A1
:10D39000132E03F32D01B22D0196A50197A5017659
:10D3A0009D0139B601CC4A7183082A830801093AE4
:10D3B0000118B60176A50196A50276A50196A501EC
:10D3C00076A501F8B501742E01922D05332E0113B7
:10D3D0002E01F32D01559D0176A501569D05769DE3
:10D3E00001F8B501C829198308016E6301F8AD027F
:10D3F000359501B7A501D06B06830801EC5201F801
:10D40000B502559D01F8AD01F07307830801AB4AE1
:10D410000118B601559D01769D01B7AD0187210523
:10D42000830801317401D7AD01559D01769D0156E8
:10D430009D01559D01359501B7AD010D530A830836
:10D44000018B4201F8B501559D01769D01359D1D69
:10D45000830801527C01D7AD01559D0197A501B507
:10D460003601F32D01742E02542E03742E03542E14
:10D4700002742E01F32D0196A501B7A501769D0139
:10D4800039B601EC4A7183082B8308012D5B011822
:10D49000B601769D0296A501769D01F8AD01B38C8B
:10D4A00001922D02332E01342E03542E01332E020D
:10D4B000132E0197A504769D01559D0118B6018B89
:10D4C000421B83080114950176A501559D01149511
:10D4D00001D7AD01C82904830801051101B7AD02C8
:10D4E000569D01769D0176A501A30807830801AB2F
:10D4F0004A0118B601569D01769D01B7AD018721FD
:10D5000005830801317C01D7AD01559D01769D034E
:10D51000559D0135950196A5014619098308018B92
:10D520004201F8B501559D01769D01359D1D830889
:10D5300001527C01D7AD01559D0197A501B536017A
:10D54000F32D04542E03742E02542E02742E011354
:10D550002E0176A50197A501769D0139B601EC4A09
:10D560007183082C830801317C01F8B50276A5018E
:10D57000D7AD01149501922D04332E04542E01349D
:10D580002E01132E01542E01D7AD01569D01769D1B
:10D5900001559D0118B6016E5B1C830801A7290186
:10D5A000F8AD02359D01559D01F494048308019363
:10D5B0008401B7AD01559D01359D01F8B5014A3A89
:10D5C00008830801AB4A0118B601569D01769D01FA
:10D5D000B7AD01872105830801317C01D7AD015525
:10D5E0009D01569D0176A501769D01559D01359DB4
:10D5F0000176A5019384098308018B4201F8B501E6
:10D60000559D01769D01359D1D830801517C01D7F3
:10D61000AD01559D0197A501D53601F32D04542E7A
:10D6200007742E01F32D0176A501B7A501769D01A2
:10D6300039B601EC4A7183082D830801359501D76D
:10D64000AD01B7A501769D01922D01332E01342E37
:10D6500003332E01342E05542E01F32D01B52E0176
:10D66000D7AD01359D01F8AD01317C1E830801D095
:10D670006B01D7AD01359D01149501B7AD010D5377
:10D68000028308018B4201F8B501359D01559D01CA
:10D69000B7AD01727C09830801AB4A0118B6015687
:10D6A0009D01769D01B7AD01872105830801317485
:10D6B00001D7AD01559D0176A501359D01569D010E
:10D6C000769D01359D01149501B7AD01CC4A0883C3
:10D6D00008018B4201F8B501559D01769D01359DEC
:10D6E0001D830801527C01D7AD01559D0197A5010D
:10D6F000D53601F32D02542E06742E02942E017499
:10D700002E01F32D01769D0196A501769D0118B697
:10D7100001CC4A7183082D830801251901F8AD0158
:10D72000B7AD01B22D01F32D01542E01342E01337A
:10D730002E01542E01342E06542E01742E01132E68
:10D7400001F6360118B60114952083080176A5016B
:10D75000769D01559D01359D01D7AD01E5100183F1
:10D760000801B7A502559D01569D01B7A501E51019
:10D7700009830801AB4A0118B601569D01769D0147
:10D78000B7AD01872105830801317C01D7AD015573
:10D790009D01B7AD01107401093201F8AD01359555
:10D7A00001359D0135950196A501051107830801F5
:10D7B0008B4201F8B501559D01769D01359D1D8374
:10D7C0000801527C01D7AD01559D0197A501D536C1
:10D7D00001F32D01542E08742E01942E01742E0194
:10D7E000132E0196A501D7AD01B7A5017ABE01ECB4
:10D7F0005208830801051101261901461902662104
:10D80000018721016721018721016721016621012B
:10D81000461901E41007830801C40802A4080B8319
:10D820000801E41001A4080A830802E41001E510CD
:10D8300007830801A40801051101251905461901EE
:10D84000261901251901051901E5100A830801A40B
:10D850000802A30804830801C410040511108308FA
:10D860002E830801293A01132E01F32D04542E01B1
:10D87000342E06542E04742E01D53601E410208374
:10D8800008014A3A01F8B501359D01559D01B7A53A
:10D8900001517C01117401B7AD02359D01F8AD0154
:10D8A000EC520A8308018B420118B601559D01769E
:10D8B0009D01B7AD01872105830801317C01D7ADFA
:10D8C00001559D01B7A501527C0183080110740127
:10D8D000B7AD0235950176A501527C078308018B0F
:10D8E0004201F8B501559D01769D01359D1D8308C6
:10D8F00001527C01D7AD01559D0196A501B53601B8
:10D90000F32D02542E07742E02942E01132E01B310
:10D910008401D38C01928401D38C016A420683086E
:10D92000010D5301559D01B7AD02D7AD01D8AD032F
:10D93000F8AD01F8B502F8AD01D7AD01B7A5019278
:10D9400084012519048308016E5B0118B601559DF9
:10D9500001D7AD01F07308830801662101D7AD013D
:10D96000769D01F8AD01EC52088308016E63011841
:10D97000B60176A50118B601CF6B048308014619DC
:10D980000192840176A501B7A502B7AD02D7AD0417
:10D99000B7AD01B7A50196A501F494014A3A0783F2
:10D9A0000801317C01D7AD01559D01D7AD01AB4ACE
:10D9B00001C41001317C01559D01769D0296A5019F
:10D9C00076A501F8AD018E630F83082E830801AFA1
:10D9D0006B01952E01F32D03742E04542E01342E69
:10D9E00002542E01742E01942E01952E01742E01E5
:10D9F000F63601F53622830801517C01D7AD015579
:10DA00009D01359D0296A502359D0196A501D48CF8
:10DA10000B8308018B420118B601559D01769D01CB
:10DA2000B7AD01872105830801317C01D7AD0155D0
:10DA30009D01B7AD01517C02830802569D01359DC1
:10DA400001149501B7AD016A42068308018B4201BA
:10DA5000F8B501559D01769D01359D1D8308015244
:10DA60007C01D7AD01559D0196A501D53601F32D59
:10DA700002542E06742E01942E01952E01B52E010E
:10DA8000542E01B38401B38C01728401B38C018BD9
:10DA90004205830801D06B0139B60196A501769D38
:10DAA00004569D06559D01569D02B7A501662103AA
:10DAB000830801E8310118B601359D01559D019794
:10DAC000A501A30807830801AF6B0118B601559D96
:10DAD00001B7AD01149508830801559D0197A50173
:10DAE000359501F8B5016A4203830801872102D701
:10DAF000AD0176A502559D03359D0335950115951C
:10DB000001359501359D01559D01F8AD01AB4A06E2
:10DB1000830801B38C01B7AD01559D0197A501B3F1
:10DB20008C01359D01D7AD01569D01559D01359D57
:10DB300001559D01359D01B7A501F0730F83082D97
:10DB40008308014D5B0118B60196A501942E01349E
:10DB50002E02942E01742E02542E01342E02542EC5
:10DB600002742E01952E02B52E01F63601F8B5018C
:10DB7000B38421830801C4080197A50176A5017625
:10DB80009D03559D01359D01F8AD0166210B83086C
:10DB9000018B420118B601569D01769D01B7AD017A
:10DBA000872105830801317C01D7AD01559D01B75F
:10DBB000AD01317C02830801293A01F8B5013595A0
:10DBC00002359D0176A501C408058308018B420139
:10DBD000F8B501559D01769D01559D1D83080152A3
:10DBE0007C01D7AD01559D0196A501D53601132EB7
:10DBF00003742E05942E01952E02B52E01952E024A
:10DC0000D7AD01B7A50159BE01EC52048308014A02
:10DC10003A0139B601359D01769D0196A509D7AD2A
:10DC200001B7A501769D01559D0196A501149504A6
:10DC3000830801769D0176A501359D01F8AD012986
:10DC40003A07830801359D01B7A501769D01559DD1
:10DC500001F8AD01461906830801461901D7AD0147
:10DC6000559D01769D0196A504830801359D01B758
:10DC7000A501569D0176A503B7AD07B7A501569D31
:10DC800001559D01359D01B7A501E41005830801EB
:10DC9000B38401B7AD02569D0196A50176A5013565
:10DCA0009D0176A50197A501B7AD01D7AD01B7A537
:10DCB0000139B60110740F83082C8308016A4201F0
:10DCC00018B602559D0197A502542E01942E017499
:10DCD0002E04542E02742E01942E01952E01942EA2
:10DCE00001F63601D7AD01359D01F8AD01F06B218C
:10DCF000830801EC520118B601359D01569D01556E
:10DD00009D01359D01F8AD018E630C8308018B42A6
:10DD10000118B601569D01769D01B7AD0187210519
:10DD2000830801317401D7AD01559D01B7AD0131B3
:10DD30007C03830801317C01B7A50235950196A5C6
:10DD400001317C058308018B4201F8B501559D0125
:10DD5000769D01559D1D830801527C01D7AD01556B
:10DD60009D0197A501D53601F32D01542E03742E84
:10DD700005942E01952E01B52E01942E0176A50154
:10DD800096A501569D01F8B501EC5204830801B334
:10DD90008C01B7A501559D0176A5013595019284A9
:10DDA00002938401928401938403B38401938401D8
:10DDB000D48C01B7A501769D01359D01F8AD01E830
:10DDC0003103830801F07301D8AD01359D01B7AD72
:10DDD00001107406830801461901F8B501569D012A
:10DDE00076A501559D0118B6010D5306830801EC77
:10DDF0004A01F8AD01359501B7AD01727C03830886
:10DE000001E8310118B601559D0176A501B7A501BC
:10DE1000F49401B38C02B38401938403928401725D
:10DE20008401928401B7AD01569D01359501D7ADAE
:10DE300001AB4A05830801B38C01B7AD01569D01C2
:10DE4000769D01569D01559D01F8AD01769D01B36A
:10DE50008C01728401727C01527C01B38C016A4294
:10DE60000F83082B830801C82901F8AD02569D01D4
:10DE7000559D01769D01569D01332E01742E01940E
:10DE80002E03542E03742E01942E01542E01F636C7
:10DE900001D7AD01769D0176A501559D01F8B5012B
:10DEA000EC5221830801D38C0197A502559D017680
:10DEB000A501F4940D8308018B420118B601569D0B
:10DEC00001769D01B7AD01872105830801317C01F1
:10DED000D7AD01559D01B7AD01317C03830801C465
:10DEE000080196A502559D01159501D7AD016A421D
:10DEF000048308018B4201F8B501559D01769D010F
:10DF0000559D1D830801527C01D7AD01559D019699
:10DF1000A501D53601542E02B52E01952E01B52E40
:10DF200005D53602F63601D5360176A50196A5014E
:10DF3000769D0118B601CC4A04830801559D0196CF
:10DF4000A501559D01F8AD01EC5209830801A30814
:10DF500001B7AD0176A501559D01D7AD01EC520386
:10DF60008308014A3A0118B601559D02769D068341
:10DF70000801EC5201F8B501559D0176A501569DA9
:10DF800001B7AD01B38C06830801B38401B7A501C5
:10DF9000159501F8B501AB4A03830801EC5201184D
:10DFA000B601559D0176A50196A50A830801569DE7
:10DFB0000196A501359501B7AD012D5B05830801DB
:10DFC000B38C01B7AD02769D01569D01D7AD010D11
:10DFD000531683082A830801261901B7AD0176A5D7
:10DFE00001569D02769D01559D0196A501F63601CB
:10DFF000132E02742E01542E03742E01952E0174DB
:10E000002E01F63601D7AD01559D03769D01559D34
:10E0100001F8AD01E8312083080135950196A5028C
:10E02000559D01769D01359D0D8308018B42011898
:10E03000B602769D01B7AD01872105830801317CC9
:10E0400001D7AD01559D01B7AD01317C04830801B5
:10E050008B4201F8AD01359502359D0176A501A3EE
:10E0600008038308016A4201F8AD01559D01769DC0
:10E0700001559D1D830801527C01D7AD01559D01BD
:10E08000769D0176A50197A50B96A50197A5027629
:10E09000A501559D0118B601C82904830801769D84
:10E0A0000176A501559D01F8AD01EC5209830801E7
:10E0B000A30801B7AD0176A501559D01D7AD012D8E
:10E0C0005B03830801A3080197A50176A501359D8F
:10E0D00001F8B501093205830801B38401B7AD0128
:10E0E000569D03769D01D7AD01E51004830801C458
:10E0F0000801B7AD02559D01D7AD01E510038308B6
:10E10000010D530118B601559D0196A50176A50A8A
:10E11000830801559D0196A501359501B7AD014EC6
:10E120005B05830801B38C01B7AD01769D01559D58
:10E1300001F8AD01EC521783082A830801559D01AF
:10E1400096A501559D04769D01559D01B7A501B584
:10E150002E01F32D04542E02742E01F63601D7AD94
:10E1600001559D01569D03769D01559D01769D01AA
:10E1700076A501C4101E830801CF6B01F8AD0155CF
:10E180009D02569D01359D01B7A501AF6B0C83081B
:10E19000018B420118B602769D01B7AD01872105BA
:10E1A000830801317C01D7AD01559D01B7AD013127
:10E1B0007C05830801527C01B7A501359D01359589
:10E1C00001B7A5011174038308016A4201F8AD018A
:10E1D000559D01769D01559D1D830801527C01D7F7
:10E1E000AD01559D01769D0376A507769D01569D4F
:10E1F00001559D02569D0176A501559D01D7AD01A2
:10E20000159505830801769D0176A501559D01D8D8
:10E21000AD010C5309830801A30801B7AD0176A530
:10E2200001559D01D7AD012D5B04830801517C018F
:10E23000D7AD01359D01D7AD01D06B04830801E452
:10E240001001B7AD02769D0197A50196A501559DD8
:10E250000118B601AB4A048308016A4201F8B5010E
:10E26000359501B7A501D48C048308012D5B0118F5
:10E27000B601569D0196A50176A50A830801359D34
:10E280000196A501359D01B7AD016E5B05830801BF
:10E29000B38C01B7A501569D0176A501359D188364
:10E2A0000829830801B38C01B7AD01559D03569D24
:10E2B00003769D01559D01B7AD01952E01132E04E6
:10E2C000742E01D53601D7AD05769D02569D0135D8
:10E2D0009D0196A501B38C1D830801C83101F8B5D5
:10E2E00001559D02769D02559D01359D01B7AD01F9
:10E2F000A7290B830801AB4A0118B601569D017688
:10E300009D01D7AD01872105830801317C01D7AD7F
:10E3100001559D01B7AD01317C05830801E4100171
:10E32000B7A501559D01359D01149501D8AD012971
:10E330003A028308016A4201F8AD01559D01769DBC
:10E3400001559D1D830801727C01D7AD01559D01CA
:10E3500076A501769D01569D01769D02569D02553A
:10E360009D04569D02769D01569D01769D01D7AD77
:10E3700001B7AD01461905830801769D0176A50117
:10E38000359D01D7AD010D5309830801A30801B7DD
:10E39000A50176A501559D01D7AD012D5B0483082C
:10E3A000016A420118B601359D0176A501359D042B
:10E3B000830801AB4A0118B601559D0196A50115C8
:10E3C000950196A501559D01D7AD0172840483087E
:10E3D00001107401D7AD01159501F8B5012D530455
:10E3E0008308012D5B0118B601569D0176A50196A3
:10E3F000A50A830801F48C01B7A501359501D7ADB5
:10E40000016E5B05830801B38C01B7AD01559D0119
:10E41000B7A501317C18830828830801317C01D716
:10E42000AD01559D01769D03569D04769D01569D37
:10E4300001B7A501742E01542E01942E01742E01F2
:10E44000942E01B7A50176A502769D01569D027610
:10E450009D01569D01559D01569D01359D01D7ADEC
:10E4600001D06B1C830801559D0196A502769D0184
:10E47000B7AD0196A502559D01769D01F4940B83DD
:10E480000801AB4A0118B601569D01769D01B7AD52
:10E4900001872105830801317C01D7AD01559D011C
:10E4A000B7AD01317C06830801CC4A01F8B50135CE
:10E4B0009501359D01559D01359D028308018B42D3
:10E4C00001F8AD01559D01769D01559D1D83080103
:10E4D000727C01D7AD01569D01769D01B7A501F86B
:10E4E000AD01D8AD04F8AD02D8AD04F8AD01D7AD9B
:10E4F00001B7AD0172840105110683080276A501FA
:10E50000359D01D7AD010D5309830801A30801B75B
:10E51000A50176A501559D01D7AD012D5B048308AA
:10E5200001C40801B7AD01769D01359D01F8AD012B
:10E53000A72903830801527C01D7AD01559D01D75E
:10E54000AD01093201559D0196A501769D0197A562
:10E5500001A30803830801569D0176A501359D019D
:10E56000F8AD014619048308012D5B0118B6015668
:10E570009D0176A50196A501A308018308014E5BC4
:10E5800001527C01117402107401117401107401A4
:10E59000317401559D01769D01359D01D7AD014E28
:10E5A0005B05830801B38C01B7A501559D01B7AD8B
:10E5B00001F073188308278308018F630118B601DF
:10E5C000359D01769D01569D01769D01569D0476EF
:10E5D0009D02569D0176A50196A502342E01542E6A
:10E5E00001769D0196A501569D05769D01569D03D8
:10E5F000559D01359501D8AD01CC4A1A830801AF6C
:10E600006B01F8B502559D0118B6010C53014E5B24
:10E6100001F8AD01359D01359501D7AD014E5B0A7D
:10E62000830801AB4A0118B601569D01769D01B7DA
:10E63000AD01872105830801317401D7AD01559DD6
:10E6400001B7A501317C07830801B38C01B7A5018F
:10E65000359D01359501B7A5018F63018308018BB5
:10E660004201F8AD01559D01769D01559D1D830820
:10E6700001727C01D7AD01559D0197A501F4940964
:10E68000872102672101662101461901C410088310
:10E69000080276A501359D01D8AD010D530A830806
:10E6A00001B7A50176A501559D01D7AD012D5B05EB
:10E6B000830801928401B7AD01359D01D8AD016E8B
:10E6C000630383080176A501769D0197A501359521
:10E6D00001830801317401D7AD01359D01F8B50101
:10E6E000293A02830801E8310118B601359D0196E7
:10E6F000A5013595058308012D5B0118B601569DCE
:10E700000176A50196A501A30801830801159501CD
:10E71000F8AD02B7A504B7AD02769D01359D01D7CE
:10E72000AD014E5B05830801B38C01B7AD01559D6A
:10E7300001B7AD01D06B18830826830801CC4A01CC
:10E74000F8B501559D01769D01569D06769D0256B0
:10E750009D01769D01559D0196A501359501132ECC
:10E7600001F63601B7A501559D05769D01569D011F
:10E77000559D01569D03559D01359D01D7AD01C89D
:10E78000311883080187210118B602769D01B7A5CB
:10E7900001F49402830801559D0176A502359D017F
:10E7A000B7AD014619098308018B420139B60176DC
:10E7B0009D0176A501D7AD0187210583080131743C
:10E7C00001D7AD01359D01B7A501517C0783080133
:10E7D000E51001B7AD01559D02359D01D7AD01058D
:10E7E0001101293A01F8B501559D01769D01559D0C
:10E7F0001D830801727C01D7AD01559D01B7AD01A4
:10E8000092841683080276A501359D01D8AD010DCD
:10E81000530A830801B7A50176A501559D01D7AD1F
:10E82000012D5B05830801CB4A0118B601359D0116
:10E8300096A501F48C02830801293A01F8B5013547
:10E840009501F8AD018E63018308016A4201F8B5B4
:10E8500001359D01D7AD011174028308018F630159
:10E86000F8B501159501F8AD016E5B058308012D22
:10E870005B0118B601769D0176A50197A501A30855
:10E8800001830801D38C0196A501559D04569D0175
:10E89000559D02569D01359D01D7AD014E5B058307
:10E8A0000801B38C01B7A501559D01B7AD01CF6B30
:10E8B00018830825830801093201F8B501559D0A1E
:10E8C000569D03769D01569D01F8AD01F49401F823
:10E8D000AD01559D0176A503769D01569D01769D5E
:10E8E00001569D01559D01569D03559D01359D0184
:10E8F000559D0176A501051117830801149501D7CF
:10E90000AD0176A501569D0118B601872102830845
:10E9100001093201F8B502359D0196A501B38C09B4
:10E920008308018B420139B601769D0176A501D796
:10E93000AD01872105830801317401D7AD01559DD3
:10E9400001B7AD01517C08830801AB4A0118B6013B
:10E95000359501359D01B7A501527C018B4201F827
:10E96000AD01559D01769D01559D1D830801727C69
:10E9700001D7AD01559D01B7A50193841683080108
:10E9800096A50176A501359D01F8AD012D530A83A9
:10E99000080197A50176A501559D01D7AD012D5B15
:10E9A00005830801E41001D7AD01569D01559D0175
:10E9B000D7AD01872101830801317C01D8AD013534
:10E9C0009D01F8AD01A72901830801C40801B7A57D
:10E9D00001769D0176A501769D02830801F49401DC
:10E9E000B7A501359D01D8AD016621058308012D2C
:10E9F0005B01F8B501569D0176A50197A501A40814
:10EA000001830801D38C0139B602D7AD01D8AD031B
:10EA1000F8AD03D7AD0118B601AB4A05830801B3C1
:10EA20008C01B7A501559D01B7AD01D06B188308C6
:10EA300024830801662101D7AD01769D01569D030F
:10EA4000769D03569D06769D01559D01F8B501AF53
:10EA50006B01830801317401F8AD01559D0176A564
:10EA600003769D01559D01569D01559D01569D04BE
:10EA7000559D01359D0176A5011495168308012D3C
:10EA80005B0139B602769D0118B601AF6B048308AD
:10EA900001527C01B7AD01359D01359501F8AD01FD
:10EAA000AB4A088308018B420139B601769D017695
:10EAB000A501D7AD01872105830801317C01D7ADC0
:10EAC00001559D01B7AD01527C0983080192840173
:10EAD000B7AD02559D01769D0114950196A502766C
:10EAE0009D01559D1D830801727C01D7AD01559D87
:10EAF00001B7A50193841683080276A501559D01EF
:10EB0000F8AD012D5B0A83080197A50176A5015593
:10EB10009D01D7AD012D5B06830801B38401B7AD1C
:10EB200001359D01F8AD012D5B0183080197A50119
:10EB300076A50196A501359503830801728401D756
:10EB4000AD01359D01F8B501E83101A30801F8AD2B
:10EB500001569D0196A5011495068308012D5B01C0
:10EB6000F8B501569D0296A501A40801830801C4C9
:10EB70000801461901251902261904461902261909
:10EB800001051106830801B38C01B7A501559D014C
:10EB9000B7AD01D06B18830823830801C408015660
:10EBA0009D0176A501559D04769D06569D02769D94
:10EBB00001359D01F8AD01107403830801F48C0147
:10EBC000D7AD01559D0176A503769D05569D03554C
:10EBD0009D01359501B7A501517C148308012519C4
:10EBE00001F8AD0196A50176A501B7A50196A50589
:10EBF000830801E51001B7AD01559D01359D015513
:10EC00009D0196A501E410078308018B420139B6E6
:10EC100001769D0176A501D7AD0187210583080105
:10EC2000317C01D7AD01559D01B7AD01517C098300
:10EC30000801E41001B7AD03569D0196A50176A524
:10EC400002769D01569D01A3081C830801527C0198
:10EC5000D7AD01559D01B7A50193841683080176B0
:10EC60009D0176A501559D01F8AD012D5B0A830834
:10EC70000196A50176A501559D01D7AD014E5B0614
:10EC8000830801CC4A0118B601359D01B7A501934F
:10EC90008401E8310118B601559D01F8B5018F6373
:10ECA00003830801AB4A0118B601359501F8AD019F
:10ECB000AF6B014A3A0118B601359501F8AD01AFC5
:10ECC0006B068308012D5B01F8B501569D0176A501
:10ECD0000196A501A40813830801B38C01B7A5010F
:10ECE000559D01B7AD01D06B18830823830801F44B
:10ECF000940196A501559D04769D05569D02559D4E
:10ED000001769D01559D01D7AD01B38404830801AF
:10ED1000A4080296A504769D01569D02769D035691
:10ED20009D03559D01359501D8AD014E5B138308B8
:10ED300001B38401D8AD0176A501769D0139BE01EC
:10ED40004A3A06830801EC5201F8AD02359D01B73D
:10ED5000A501527C078308018B420139B601769DDB
:10ED60000176A501D7AD01872105830801317C011A
:10ED7000D7AD01559D01B7AD01517C0A830801ABA8
:10ED80004A01F8B501559D05769D01559D1D8308E5
:10ED900001727C01D7AD01559D01B7A50193841681
:10EDA000830801559D0176A501559D01D8AD014E01
:10EDB0005B09830801A3080196A50176A501559D6D
:10EDC00001D7AD014D5B06830801E41001B7AD0129
:10EDD000769D0176A501559D01B38C01B7AD015615
:10EDE0009D01F8B501A82903830801C40801B7AD46
:10EDF00001769D0196A501359501D48C0197A50159
:10EE0000559D01F8B501C829068308010D5301F885
:10EE1000B501569D0176A50196A501C40813830886
:10EE200001B38C01B7A501559D01B7AD01F06B1879
:10EE3000830822830801938401B7AD01559D0176B3
:10EE40009D01569D07769D02569D01769D01559D1B
:10EE500001B7AD01359D0683080187210118B6036E
:10EE6000769D01569D02769D02569D01769D025625
:10EE70009D03559D01359D01F8AD01293A11830887
:10EE8000018B420139B601769D0176A501F8B501E5
:10EE9000728408830801D38C0196A501559D013524
:10EEA0009501D8AD01293A06830801AB4A0139BE64
:10EEB00001769D0176A501D7AD0187210583080163
:10EEC000317C01D7AD01559D01B7AD01527C0B835B
:10EED0000801938401D7AD01569D03769D0176A567
:10EEE00001569D1D830801727C01D7AD01559D011E
:10EEF000B7A50193841683080135950196A50135C0
:10EF00009D01F8AD014D5B0A83080296A501559D50
:10EF100001D7AD014E5B07830801928401D7AD0193
:10EF2000769D0176A501B7A50176A501B7A50135A6
:10EF30009D05830801928401B7AD01559D0296A5F8
:10EF400001769D0196A501769D07830801EC52018B
:10EF500018B601569D0176A501B7A514830801B323
:10EF60008C01B7A501559D01B7AD01F07318830859
:10EF700021830801117401D7AD01359D07769D02EB
:10EF8000569D03769D01559D0296A501E4100783C9
:10EF90000801AB4A0119B601559D0176A506769D7B
:10EFA00004569D03559D01B7AD0146190F83080115
:10EFB000A40801B7A50396A501F8AD01E4100883E4
:10EFC0000801672101D8AD02559D01569D01359D6F
:10EFD000068308018B420139BE01769D0176A501A9
:10EFE000D7AD01872105830801317C01D7AD0155DB
:10EFF0009D01B7AD01527C0B830801E51001D7AD2F
:10F0000001769D0176A502769D0176A501769D1D6E
:10F01000830801527C01D7AD01559D01B7A501B30D
:10F020008416830801F48C0196A501559D01B7A5AE
:10F03000019284014A3A016A42074A3A01CB4A01E5
:10F0400096A50176A501559D01F8AD01EC52078307
:10F050000801AB4A0118B601559D0176A502769DBF
:10F0600001F8AD01AF6B05830801AB4A0118B60189
:10F07000559D02769D01569D01F8AD0111740783DF
:10F0800008018B420118B601559D0176A501B7A56F
:10F0900001EC52056A42024A3A012A3A05293A0627
:10F0A000830801B38C01B7A501359D01B7AD0110EF
:10F0B00074188308208308018F6301F8AD01559D02
:10F0C00002569D0A769D01569D0176A501F8AD0177
:10F0D000662109830801AF6B0118B601559D0676BC
:10F0E0009D01569D01769D04569D01559D0176A575
:10F0F00001559D0F830801517C01F8B50176A501EA
:10F10000569D0139B601EC520A8308018F6301F85C
:10F11000AD02359D01D7AD018E63058308018B4299
:10F120000139B601769D0176A501D7AD018721058C
:10F13000830801317401D7AD01559D01B7AD01526E
:10F140007C0C830801EC520118B601559D0376A58D
:10F1500001769D04830801302501542E01332E01D0
:10F16000342E01332E03342E02542E01342E01543A
:10F170002E01342E06542E01742E01132E01660921
:10F1800003830801527C01D7AD01559D01B7A5014C
:10F19000B38C16830801AF6301F8AD01559D01766C
:10F1A0009D0197A503F8AD01D8AD03D7AD01D8AD4A
:10F1B00002F8AD0196A50176A501559D01F8AD01B6
:10F1C000261907830801A40801B7AD0376A50156E7
:10F1D0009D01F8AD01C82905830801C40801B7AD38
:10F1E00001769D0276A501559D0118B601293A07C1
:10F1F000830801E51001F8AD01769D0196A5017621
:10F20000A501F8AD0118B603F8B503F8AD01D8AD06
:10F2100002D7AD01D8AD01D7AD017ABE018B420551
:10F22000830801B38C01B7A501559D01B7AD01104D
:10F23000741883081F830801CC4A01F8AD01359D7D
:10F2400002769D01569D02769D01569D03769D0195
:10F25000569D04769D0118B60109320B8308019270
:10F260008401D7AD01559D01769D01569D05769D82
:10F2700004569D01769D01359D01B7A50193840D2E
:10F28000830801E8310119B601559D01569D01D74A
:10F29000AD0114950C830801559D0176A501359D9E
:10F2A00001359501B7AD016621048308018B420148
:10F2B00019B601569D01769D01B7AD0187210583E1
:10F2C0000801117401D7AD01359D0197A501517C4D
:10F2D0000D830801D38C01D7AD01569D01769D01A8
:10F2E00076A501559D04830801132E01D53601949E
:10F2F0002E02952E02B52E01952E0AB52E02D53678
:10F3000001F63601691203830801517C01D7AD0172
:10F31000359D0196A501938416830801C41001D779
:10F32000AD0196A502559D09359D01559D01769D1E
:10F3300001559D0139B6018F6309830801517C0194
:10F34000D7AD02559D0176A501359D078308017251
:10F350007C01B7AD01359D01559D01769D0196A5B6
:10F3600009830801CF6B0139BE01559D01569D01EE
:10F37000559D06359D05359501149501B7A501AB41
:10F380004A05830801B38C0196A501359D01B7A5F7
:10F390000110741883081E830801093201F8AD01B9
:10F3A000559D0A769D01569D02769D01559D011839
:10F3B000B6018B420D830801559D01B7A501569DED
:10F3C00008769D01569D01769D01569D01769D0111
:10F3D000359D01F8AD01CF6B0C83080176A501398D
:10F3E000B601F8AD01F8B50159BE0166210C8308DC
:10F3F00001293A017ABE02D7AD0118B6013595044C
:10F40000830801CC4A01BBC601D7AD01F8AD015953
:10F41000BE01872105830801727C0159BE01D7AD69
:10F420000139B601B38C0D83080125190139B601E4
:10F43000F8B501F8AD01F8B501D7AD048308013383
:10F440002E14F63601CA1203830801B3840159BE93
:10F4500001B7AD0118B601149517830801C8290139
:10F46000D7AD0118B60AD7AD01D8AD01F8B501186E
:10F47000B601D06B0A8308010932017ABE02D7AD0A
:10F48000017ABE01AF6B078308014A3A017AC602CE
:10F49000D7AD0159BE01727C0A830801317C013964
:10F4A000B603D7AD09B7AD01D7AD01B7AD017ABE8F
:10F4B00001EC5205830801F4940118B601B7A501C7
:10F4C00039B601517C1883081D830801461901B71C
:10F4D000AD01569D01559D06769D02569D02769D75
:10F4E00001569D01769D01559D0118B6016E5B0E7A
:10F4F000830801051101D7AD0176A503769D01763C
:10F50000A502769D0176A502769D01569D01769D08
:10F5100002569D01359D01F8B501AB4A0B830801E8
:10F52000D06B01AF6B01CF6B01F073016A420E83A8
:10F530000801CC4A01F06B01CF6B01D06B01AF6BBE
:10F5400004830801461901938402527C01F073067A
:10F55000830801293A01317C01F07301317C016A91
:10F56000420E8308014A3A01728401317C01727CA7
:10F57000016E63048308014E2401D22D02922D06F0
:10F58000B22D02922D02B22D01922D04B22D0192C4
:10F590002D015125048308014A3A01317C01F06BA9
:10F5A00001517C01CC4A18830801A408014E5B0379
:10F5B000317C03517C04527C01317C01D06B01E829
:10F5C000310C830801AF6B01317C01317401517C36
:10F5D00001251908830801AF6B01117401F0730153
:10F5E000317C0187210B830801E93101107401721C
:10F5F0007C01527C05727C01527C01727C05527C3C
:10F6000001461905830801CC4A01928401317C012D
:10F61000728401093A1883081C830801C408015642
:10F620009D0176A502559D09769D01569D01769D09
:10F6300001559D01F8B501117410830801E93101EC
:10F6400018B601569D0476A505769D01569D015577
:10F650009D02569D01559D01D7AD01A729EE830856
:10F660001C830801F4940197A501559D02569D0A3B
:10F67000769D01559D01D7AD01D38C12830801EC15
:10F68000520139B601559D0196A501769D0376A5D7
:10F6900005769D01569D01769D01559D01769D0142
:10F6A00096A501C410ED83081B830801517C01B7A6
:10F6B000A501359D01569D01559D0A769D01569DDA
:10F6C00001B7AD01559D1483080110740118B601EE
:10F6D000559D0176A502769D0176A508769D01557A
:10F6E0009D01B7A501D48CED83081A8308016E63D0
:10F6F00001D8AD01359D02769D0176A509769D0163
:10F70000569D0196A501B7A501E51015830801F4E2
:10F710009401D7AD01769D0476A504769D01569D92
:10F720000276A50196A501769D01F8AD011174EC54
:10F730008308198308014A3A01B7AD01359501558F
:10F740009D01569D01559D0176A50197A501769DC8
:10F750000176A501769D0176A502769D0176A5022A
:10F76000769D01F8B501872116830801A40801964A
:10F77000A501B7A501769D0676A501769D01D7ADB9
:10F7800001B7AD0196A50276A501769D0118B601D7
:10F79000EC52EB830819830803A30801A40802C4F0
:10F7A0000801830801F07301D7AD01569D0176A5CC
:10F7B00001769D0376A501569D0118B6014A3A18B7
:10F7C000830801872101F8B50676A501769D01D74A
:10F7D000AD01928401A40801E51001E41002C410F7
:10F7E00001C40801E410EB83081F830801C4100161
:10F7F000359D0196A50576A501559D0139B6010CEB
:10F80000531A8308018B420139B601769D0396A5F0
:10F810000276A50196A501559D01A308F18308165E
:10F82000830801C40801527C0292840593840196E6
:10F83000A501B7AD0476A50196A501559D0118B6A1
:10F8400001F06B1C830801AF6B0118B601769D04B3
:10F8500096A501769D01D7AD0176A503317C0211F5
:10F860007402F073016E63E9830816830801769DC4
:10F8700001F8B504B7A503B7AD0196A50176A501BA
:10F8800096A50276A50196A501569D01F8AD01B396
:10F89000841E830801B38C01F8AD0176A50496A5FA
:10F8A0000176A50197A504F8AD02D7AD01B7AD016A
:10F8B00019B6011074E8830815830801D38C01F888
:10F8C000AD01559D0176A503769D01559D01569D7F
:10F8D00001559D05769D01559D01D7AD01359D1FB3
:10F8E000830801A40801B7A501B7AD01769D017693
:10F8F000A501769D0176A502769D01569D02559D36
:10F9000001769D01569D02559D01359D01D8AD01A1
:10F910000D53E7830814830801107401F8B50155ED
:10F920009D0476A501769D01F8AD0118B601F8B5E4
:10F930000518B60139B60196A501E4102083080127
:10F9400087210118B60139B60418B60139B6011875
:10F95000B60139B601F8B501769D0176A503769D0D
:10F9600001559D01F8B501293AE683081383080182
:10F970006E630118B601359D0476A50196A501F8C0
:10F98000AD014E5B018B4205AB4A028B4201C408BC
:10F99000228308014619018B42016A4205AB4A01E4
:10F9A0008B4201D06B0118B601769D0176A50276D7
:10F9B0009D02569D01B7AD014619E58308128308E3
:10F9C000018B420139B601559D0476A501769D0152
:10F9D000D7AD01AB4A368308018E6301F8AD0155FE
:10F9E0009D03769D01559D0176A501359DE5830812
:10F9F00011830801C82901F8B501569D01769D05BE
:10FA000076A501B7A501AB4A01293A054A3A016A30
:10FA10004227830801C408014A3A01093A022A3AF6
:10FA200001293A014A3A01E831014D5B01D7AD01A4
:10FA3000569D04769D01559D01B7AD01727CE4830E
:10FA40000810830801251901B7AD0176A501769D3F
:10FA50000176A501769D0476A50196A502F8B5016B
:10FA600018B601F8B50118B601F8B501BBC6011109
:10FA7000742883080196A50159BE0118B60119B66C
:10FA80000318B601F8AD0176A506769D01359D01F6
:10FA9000F8AD014E5BE3830810830801359D0176C4
:10FAA000A501359D04559D04569D05559D01F8AD54
:10FAB00001527C29830801E41001B7AD0176A50548
:10FAC000559D01769D01569D06559D01359501D7A1
:10FAD000AD01E931E283080F830801527C017ABE4F
:10FAE00001B7AD08F8AD01D8AD02F8AD01F8B50128
:10FAF000F8AD0139BE01F48C2B830801093201599C
:10FB0000BE0118B603F8B503F8AD01D8AD01D7AD05
:10FB100004D8AD01D7AD01F8AD01B7ADE283080F50
:10FB2000830801C829016E63014E5B096E63018E73
:10FB300063026E63016E5B010D532D830801093270
:10FB400001107403D06B01F06B06D06B02F06B01F7
:10FB5000D06B01F07301EC52E28308FF830841830C
:10FB600008FF8308418308FF8308418308FF830857
:10FB7000418308FF8308418308FF8308418308FF0E
:10FB80008308418308FF8308418308FF830841837A
:10FB900008FF8308418308FF8308418308FF830827
:10FBA000418308FF8308418308FF8308418308FFDE
:10FBB0008308418308FF8308418308FF830841834A
:10FBC00008FF8308418308FF8308418308FF8308F7
:10FBD000418308FF8308418308FF8308418308FFAE
:10FBE0008308418308FF8308418308FF830841831A
:10FBF00008FF8308418308FF8308418308FF8308C7
:10FC0000418308FF8308418308FF8308418308FF7D
:10FC10008308418308FF8308418308FF83084183E9
:10FC200008FF8308418308FF8308418308FF830896
:10FC3000418308FF8308418308FF8308418308FF4D
:10FC40008308418308FF8308418308FF83084183B9
:10FC500008FF8308418308FF8308418308FF830866
:10FC6000418308FF8308418308FF8308418308FF1D
:10FC70008308418308FF8308418308FF8308418389
:10FC800008FF8308418308FF8308418308FF830836
:10FC9000418308FF8308418308FF8308418308FFED
:10FCA0008308418308FF8308418308FF8308418359
:10FCB00008FF8308418308FF8308418308FF830806
:10FCC000418308FF8308418308FF8308418308FFBD
:10FCD0008308418308FF8308418308FF8308418329
:10FCE00008FF8308418308FF8308418308FF8308D6
:10FCF000418308FF8308418308FF8308418308FF8D
:10FD00008308418308FF8308418308FF83084183F8
:10FD100008FF8308418308FF8308418308FF8308A5
:10FD2000418308FF8308418308FF8308418308FF5C
:10FD30008308418308FF8308418308FF83084183C8
:10FD400008FF830841830800A1370000000000007D
:10FD500040011800040004003C00100048000500A9
:10FD600022000E006A00050036000E00A00006000A
:10FD700001000C00AA00050032000E00DC000500A6
:10FD800020000E00FC0005001C000E0018010400FD
:10FD90002400100006001A0099005800A2001A0062
:10FDA000990058000C002D008D004000A8002D0087
:10FDB0008D0040000600760034012600080088000F
:10FDC000300111000600A200490046005400A200C4
:10FDD00049004600A200A20049004600F000A2002F
:10FDE000490046009100E9001F00070000000000E4
:10FDF00040011C000C00220028012B00DC00270021
:10FE00002200210006012700220021000C005000E2
:10FE100028012B00F400580030001B000C007E006D
:10FE200028012B00E200860042001B000C00AC0001
:10FE300028012B009B00A500EC000C00000018001E
:10FE400040010200000072004001040000009C001C
:10FE5000400106000000E8004001080000001A0010
:10FE60000600CE009F001A00030058003B011A0054
:10FE7000050058003A017600060026004F00A20057
:10FE8000050046009D00A20005004600EB00A20010
:10FE9000050046003901A2000700460007000000E7
:10FEA0001C00400106000000D700400119000000BE
:10FEB00022000C00B500340122000C00B500000047
:10FEC0004D004001030000007B00400103000000E2
:10FED000A9004001030041008308A308C400C11821
:10FEE0006D3241000519032100D80905570708FEA6
:10FEF0000A0500D85FD55FDF9FEFFFFF00002309F1
:10FF0000C1184201003002040504060001000A0085
:10FF10006400200003000000210005000E00220004
:10FF200007001C00230008002A00240008003800F5
:10FF300025000D00460026000A006200270004008C
:10FF40007E00280005008C00290005009A002A0088
:10FF50000700A8002B000800B6002C000400C40015
:10FF60002D000500D2002E000400E0002F00050047
:10FF7000EE0030000800FC00310008000A013200E9
:10FF8000080018013300080026013400080034017D
:10FF90003500080042013600080050013700080013
:10FFA0005E01380008006C01390008007A013A004F
:10FFB000040088013B00040096013C000800A401F5
:10FFC0003D000800B2013E000800C0013F000700EC
:10FFD000CE0140000D00DC0141000900F8014200A3
:10FFE0000900140243000900300244000A004C02D8
:10FFF00045000800680246000800760247000A0033
:020000040802F0
:10000000840248000A00A00249000400BC024A0021
:100010000700CA024B000900D8024C000800F40295
:100020004D000B0002034E000A001E034F000A00A1
:100030003A0350000900560351000A0072035200AF
:1000400009008E0353000800AA0354000800B803F7
:1000500055000A00C60356000800E20357000C00D2
:10006000F003580008000C04590007001A045A0055
:10007000080028045B00050036045C000500440409
:100080005D00050052045E00080060045F00080087
:100090006E04600008007C04610008008A046200AD
:1000A0000900980463000700B40464000900C20456
:1000B00065000800DE0466000500EC046700080027
:1000C000FA046800090008056900040024056A00B4
:1000D000040032056B00080040056C0004004E056A
:1000E0006D000D005C056E00090078056F000800CA
:1000F000940570000900A20571000900BE05720098
:100100000500DA0573000700E80574000500F60530
:1001100075000900040676000700200677000B0032
:100120002E06780007004A067900070058067A0074
:10013000070066067B00050074067C00040082064A
:100140007D00050090067E0008009E060E4E0E0003
:10015000AC062D4E0E00C806AE4E0E00E406F64E5E
:100160000E000007114F0E001C07DD4F0E00380770
:1001700012500E00540748510E00700773510E00C4
:100180008C07C6510E00A807FA510E00C40706528C
:100190000E00E007A8520E00FC070C540E001808D1
:1001A00011540E0034082F540E00500824550E0030
:1001B0006C0868560E008808DE560E00A408FA5631
:1001C0000E00C008F0580E00DC0831590E00F80887
:1001D000CB590E001409585B0E0030094F5C0E001D
:1001E0004C09E65D0E006809F25D0E008409555E5B
:1001F0000E00A009765E0E00BC09A65E0E00D809AE
:10020000005F0E00F40901630E00100A78640E000E
:100210002C0AAD650E00480AB9650E00640A3E66F8
:100220000E00800A2C670E009C0A21680E00B80A96
:10023000636B0E00D40A656B0E00F00AE26C0E00D0
:100240000C0B416D0E00280B906E0E00440BD16E0E
:100250000E00600BB9700E007C0B48720E00980BFC
:1002600035750E00B40B20770E00D00B6C780E00A5
:10027000EC0B3A790E00080CD2790E00240C6E7F3C
:100280000E00400C02870E005C0CE6890E00780C14
:10029000BE8B0E00940C1F8D0E00B00C258D0E0031
:1002A000CC0C7D8F0E00E80C938F0E00040DD48FC4
:1002B0000E00200D92910E003C0DC7910E00580DBE
:1002C0009F940E00740DED950E00900DC6960E00D5
:1002D000AC0DF6960E00C80DF3970E00E40D239EAC
:1002E0000E00000E20000400000021000600120095
:1002F00022000900240023000A00480024000A000C
:100300006C0025001100900026000C00C60027009C
:100310000500EA0028000600FC00290006000E0186
:100320002A00080020012B000A0032012C000500E1
:1003300056012D00060068012E0005007A012F00ED
:1003400007008C0130000A009E0131000A00C20142
:1003500032000A00E60133000A000A0234000A00F3
:100360002E0235000A00520236000A0076023700DB
:100370000A009A0238000A00BE0239000A00E202AE
:100380003A00050006033B00050018033C000A0084
:100390002A033D000A004E033E000A0072033F009C
:1003A0000900960340001100BA0341000B00F0035E
:1003B00042000C00140443000B00380444000C00FD
:1003C0005C0445000B00800446000A00A4044700BA
:1003D0000C00C80448000D00EC044900050010059D
:1003E0004A000A0022054B000C0046054C000A009A
:1003F0006A054D000F008E054E000D00B2054F003E
:100400000D00D60550000B00FA0551000D001E0628
:1004100052000B00420653000B00660654000B000E
:100420008A0655000D00AE0656000A00D206570097
:100430001000F60658000A001A0759000A003E0785
:100440005A000B0062075B00060086075C0007008D
:1004500098075D000600AA075E000A00BC075F005F
:100460000A00E00760000B00040861000A00280889
:1004700062000B004C0863000900700864000B0068
:10048000940865000A00B80866000600DC086700EA
:100490000A00EE0868000B00120969000500360921
:1004A0006A00050048096B000A005A096C00050043
:1004B0007E096D00110090096E000B00C6096F00E7
:1004C0000B00EA0970000B000E0A71000B00320AE3
:1004D00072000700560A73000800680A74000700DB
:1004E0007A0A75000B008C0A76000900B00A7700C2
:1004F0000E00D40A78000900F80A790009001C0BE4
:100500007A000900400B7B000600640B7C000500AC
:10051000760B7D000600880B7E000A009A0B0E4EBB
:100520001200BE0B2D4E1200F40BAE4E12002A0C20
:10053000F64E1200600C114F1200960CDD4F1200A7
:10054000CC0C12501200020D48511200380D73519C
:1005500012006E0DC6511200A40DFA511200DA0DF0
:1005600006521200100EA8521200460E0C54120031
:100570007C0E11541200B20E2F541200E80E2455B6
:1005800012001E0F68561200540FDE5612008A0F1A
:10059000FA561200C00FF0581200F60F315912002F
:1005A0002C10CB5912006210585B120098104F5C4F
:1005B0001200CE10E65D12000411F25D12003A1135
:1005C000555E12007011765E1200A611A65E120032
:1005D000DC11005F120012120163120048127864ED
:1005E00012007E12AD651200B412B9651200EA1253
:1005F0003E66120020132C67120056132168120069
:100600008C13636B1200C213656B1200F813E26C5B
:1006100012002E14416D12006414906E12009A1490
:10062000D16E1200D014B970120006154872120073
:100630003C1535751200721520771200A8156C78DC
:100640001200DE153A7912001416D27912004A16F9
:100650006E7F1200801602871200B616E68912001D
:10066000EC16BE8B120022171F8D12005817258D15
:1006700012008E177D8F1200C417938F1200FA1785
:10068000D48F12003018929112006618C791120090
:100690009C189F941200D218ED9512000819C69666
:1006A00012003E19F69612007419F3971200AA1957
:1006B000239E1200E019000000000000000000006E
:1006C000000000000020202020202020200060606A
:1006D00000000068684848000000000000000000BA
:1006E00000000024247E24247E28484800001010A6
:1006F0003C604020180C0602463C10100000708040
:100700004880490049004A604A903490049008901B
:10071000089010600000000000001C00240024006D
:1007200024003800308059804D00470047003C804D
:100730000000000000606040400000000000000079
:100740000000102020206040404040202020101059
:100750004040202020202020202020204040001049
:1007600050383800000000000000000000001010A9
:10077000107E1010100000000000000000000000BB
:100780000000000060602060000000000000000029
:1007900070000000000000000000000000000000E9
:1007A0006060000000080810101010202020404059
:1007B000408000386446424242424246643800006B
:1007C00000183808080808080808087E00000038E3
:1007D0004406060404081830607E0000003C44060D
:1007E000060438040202C63C0000000C0C14342439
:1007F0004444FE0404040000007E6060407C060265
:100800000202C4380000001C2240405C66424242A2
:10081000261C0000007E060408080818101010109E
:100820000000003C6642422438464242463C0000FA
:10083000003844464242463A02064478000000002E
:100840000000606000000000606000000000000028
:10085000006060000000606020600000000618601A
:10086000601C02000000000000000000007E00008C
:100870007E00000000000000006038060E304000DE
:100880000000000000384C040C081010300030301C
:1008900000000000000007C0182020106390449062
:1008A00048904890491046E0600030000F800000FA
:1008B00018001800140034002400260062007E0096
:1008C00043004100C1000000000000007E00630002
:1008D0006100610063007E006100618061806100F1
:1008E0007E000000000000001E003100600040009B
:1008F0004000400040004000600031001E00000049
:10090000000000007C006300610061806180618004
:1009100061806180610063007C0000000000007E57
:10092000606060607E606060607E0000007E60608D
:1009300060607E6060606060000000001F00310049
:1009400060004000400047804180418061803180EC
:100950001F000000000000006180618061806180F4
:1009600061807F8061806180618061806180000042
:100970000000006060606060606060606060000057
:10098000000404040404040404044C78000000007F
:100990006100620066006C0068007400760062000E
:1009A00063006100618000000000006060606060C2
:1009B00060606060607E0000000060C060C050C089
:1009C0007140714069406A406A40664064406040DE
:1009D0000000000000006180718071807980698072
:1009E0006D806580628062806180618000000000AF
:1009F00000001E0031006080408040C040C040C008
:100A00004080608031001E000000000000007E0079
:100A1000630061006100610063007E0060006000AF
:100A2000600060000000000000001E0031006080D7
:100A3000408040C040C040C04080608031001E0007
:100A4000040003C000007E006300610061006300D9
:100A50007E00640066006200630061000000000028
:100A6000003C624060301C060303623C000000FF53
:100A70000808080808080808080800000000618045
:100A8000618061806180618061806180618021001E
:100A900033001E00000000000081C342426624248F
:100AA0002438181800000000C610463046204720A1
:100AB0004D2069202960294028C030C030C0000086
:100AC00000000042662434181818242442C3000091
:100AD00000848C8848507020202020200000007F57
:100AE0000206040C18103020607F000000704040A7
:100AF0004040404040404040404000804040402016
:100B0000202020101010080800E0202020202020A5
:100B10002020202020200018182C246442000000EF
:100B200000000000000000000000000000000000C5
:100B300000FF30180000000000000000000000006E
:100B4000000000003C44061E6646467A0000600035
:100B5000600060007E00620063006100610063006D
:100B600062005C00000000000000000000001C604B
:100B700040404040603C00000200020002003E0095
:100B80006200420042004200420066003A0000005B
:100B900000000000000000003C66427E4040601CF7
:100BA000000038206060F06060606060606000009D
:100BB000000000003F6446643C40403E4343600008
:100BC000600060007E0062006200620062006200FD
:100BD00062006200000000000000006040006060F1
:100BE00060606060606000000060400060606060A5
:100BF00060606060606060606060666468787864AF
:100C0000666200006060606060606060606020003C
:100C1000000000000000000000005CE0673062306F
:100C200062306230623062306230000000000000EA
:100C30000000000000005E006200620062006200CE
:100C400062006200620000000000000000003C66DC
:100C500043434343663C00000000000000000000E6
:100C60005E006200630061006100630062007C005E
:100C70006000600000000000000000003E00620014
:100C8000420042004200420066003A0002000200B8
:100C9000000000005850606060606060000000006C
:100CA0000000384040701C0404780000002020F848
:100CB000606060602020380000000000000000003C
:100CC0000000420042004200420042004200660032
:100CD0003A000000000000000000C24644642C28D6
:100CE00028180000000000000000000044204640DA
:100CF0004A406A402A40298031803180000000004B
:100D000000000000446C283838284C4400000000E3
:100D10000000C24644642428181810100000000087
:100D20007C0C0810302040FC0000003020202020E7
:100D30002040202020202020404040404040404093
:100D400040404040404000E0202020202010202053
:100D500020202020000000000000724C0000000055
:100D60000000080018001FF01000100010003FF0F5
:100D7000001000107FD000100010003001E00300D0
:100D8000030003007FF843084308430843087FF843
:100D9000430803000300030003007FF800001FE086
:100DA00010201FE000007FF840080FC008400848EE
:100DB00018486078000008C012C012C027F824C08C
:100DC00064C060C020C02FF820C020C020C020C058
:100DD00020C008800880108010803FF851C0D1A04A
:100DE00011A012B016901C8818881080108008007E
:100DF0001FF814083408240867F820802FF821C051
:100E000021A022B024982888208010081FA8242818
:100E1000252868A86FA8A02822282FA82228220801
:100E200023882C082038130013001FF02300230010
:100E3000230003007FF80C80088008801888108841
:100E400060F81020086008403FF003000300030032
:100E50007FF80300028004C0186030384008024068
:100E60004240664027F82C400C4017F804401440DC
:100E700027F82440644047F80400030003002310CF
:100E80002310231023103FF0030063186318631826
:100E900063187FF800180000084008601020301028
:100EA00060185FE80420042004200C200820102093
:100EB00061C000407E400040004001F87E4810487C
:100EC0002048244826C84E88728801080170000016
:100ED0007FF8400840085FE840084FC84848484845
:100EE00048484FC848084008403802000200060041
:100EF0007FF8400840084FC84848484848484FC80D
:100F0000480840084070020001003FF02010201007
:100F10003FF0200020002FF02810281068104FF01C
:100F2000481001E07230562057F052505250529003
:100F300057F870C041404320061808080000000020
:100F40003CF0249024903CF002607FF80840302070
:100F5000FCF8249024903CF024907FF8400840084E
:100F60004FC848484848484848484FC84008400883
:100F70007FF84008000000007FF8400843085FE861
:100F8000430843084FC8484848484FC840087FF8BE
:100F9000400803007FF8030003003FF000003FF02B
:100FA000221022103FF0201060004000400012008C
:100FB000120012003FF02200420002007FF80300FE
:100FC0000780048018603030400820402080208056
:100FD00079102B082BF84A0C48006BF832081A08D5
:100FE0002E0863F84208040004007FF80800080097
:100FF00013F010303040504017F8104010401040AF
:1010000013C000003FF820183FF8242026202FF8B6
:10101000222022203FF8662044204C20502004004B
:10102000040004007FF80800080008001FF8108082
:101030003080208040801FF8000000007FF00030EA
:101040000030203020303FF02030200020082008E1
:1010500020081FF0000008407FF808403FF02010F3
:101060003FF03FF004007FF812207FF8122012605A
:101070000200102008600C407FF80840084008403B
:1010800008407FF8084008401040304040400100D0
:1010900001003FF824203FF82420242027E02000EE
:1010A0003FF0442043C043E05C1800007FF8084054
:1010B0000840084008407FF80840084008401040B9
:1010C0003040604040402040204023F8784020409D
:1010D00027F820103810E7F82010211021102010D8
:1010E0006060212027F821207BF0221023F02A10B5
:1010F0007BF06080208027F821C023306C1808081E
:101100004AF05A805A8048807EF84C904A905A9013
:10111000689048907F10011001100200010001004A
:101120007FF80400040007F0081008300820182099
:101130001020202041E000003FF020103FF0201060
:1011400020103FF004802490249014A004807FF8A5
:1011500000000300030003007FF8078007800B40B6
:101160001B60132023105FE80300030003001040FE
:1011700013F87900311032183F18592050A050C090
:1011800090C011A013181408000000007FF801009F
:1011900001000100110011F01100110011001100F7
:1011A00011007FF800000100010011F01100110092
:1011B0007FF803000B101320236003C003003C00E2
:1011C00060002080308007F804884488648007F03D
:1011D0000510153015A024C028E04B30020800800F
:1011E00030801FF80120021067F806080290129064
:1011F00012903490249864984898000037F814406E
:10120000044005F8650825F8050805F83840295810
:101210002A485E4850C003F032101390029042906A
:101220003FF80FF8041017F0141027F024104410A2
:1012300004700200020003F8020002003FF02010D8
:1012400020103FF00000249024904488440848185F
:1012500049E0490049007DF841884188795049506A
:1012600049704A204A704AD80B88020002003FF0B9
:101270002210221022103FF0221022103FF02208EC
:101280000208030801F800007BF84A084A087BF8C6
:101290004A404A407BF84A404A207A20422403F8D8
:1012A000071800007BF8204023F8224822487BF8EA
:1012B0006A48ABF82A40298039802360061800006C
:1012C0003FF00000000000007FF80300030013203F
:1012D00033102310430843080E000040784010509C
:1012E00011507D4812483A483C48505050109020C8
:1012F00010C0138016003FF824983FF802007FF8D2
:1013000002001FE010201FE01FE010201FE010204F
:101310007FF8108010F011107EA0544055B0564850
:101320007FF8504019F014403FF8644000401040EE
:101330003C40244049F87D4855487D48554855F87B
:101340007C405450544855F8440421E011200120B9
:1013500002207618140017F81210113011A018C0CE
:1013600033F02618000004000FC0108030807FF09A
:1013700010301130133012301230123004C01830D7
:10138000600000007C80448054F8549055105590C3
:10139000549054A0546010602C6064984108084038
:1013A0007F5008407FF8104010487F502450245050
:1013B0007F6004601F6864E80598204020C079A021
:1013C000231855F8500053A87AA813A812A87BA890
:1013D00012A812881298001067E82400040007F091
:1013E0000410651024A024402CB02B18780047F876
:1013F000000000007FF8290829F87D086DF86CA02E
:101400006DF845207E2045F844207C2041FC00708A
:101410007F80021022101320106003007FF80780E5
:101420000FC01B60333063180300204020403C4055
:1014300043F842483E48124812487FF8124810408C
:10144000144018402040000027F8100840884088C9
:101450005FE84188438846884C885888508843888C
:1014600040381FF021007FF021003FF021003FF8BD
:1014700002007FF806801A607238420000003FF0D8
:1014800002007FF842085EE800003FF00CC07138AF
:101490003FF000600CC0038000403FF80860084047
:1014A00008407FF800001FE0102010201FE01020EF
:1014B0001FE0102000007BF04A104A904A504A106A
:1014C0004A304A004BF8780847E8400800080030E6
:1014D000000000000000000000000000000000000C
:1014E000000000000000303030303030303030202C
:1014F000000030300000000000002600260026001A
:10150000260026000000000000000000000000008F
:1015100000000000000000000000000000000000CB
:1015200011001100110011007F8013001200320021
:101530007F802200220022002200000000000C0018
:101540000C001F0031002000200030001C000E00A5
:10155000030001800180018073001E000C000C005C
:101560000000000000000000381000641000462059
:101570000046200046400046DC0044920065B3006F
:101580003921000321000221000423000432000855
:101590001E00000000000000000000000E0013000C
:1015A0003100310012001E0018303C2064204660DB
:1015B00043C061C073F01E30000000000000202016
:1015C00020202000000000000000000000000008B3
:1015D000181010302020202020202020301010183B
:1015E000004060202030101010101010101010302B
:1015F0002060000008087E183C2400000000000065
:101600000000000000000000000000000C000C00C2
:101610000C000C007F800C000C000C000C00000083
:1016200000000000000000000000000000000000BA
:10163000000000000070301030600000000000006A
:101640000000000078000000000000000000000022
:1016500000000000000000000020702000000002D8
:101660000404040C080818101010202020404040EA
:10167000000000001E003300210061806180618055
:1016800040804080618061806180210033001E00C5
:1016900000000000000000000C003C0004000400FA
:1016A000040004000400040004000400040004001A
:1016B00004003F8000000000000000001E007700D2
:1016C00043000100010001000300020006000C00BD
:1016D0001800300060007F80000000000000000063
:1016E0001E00730001000180010003001C000700C0
:1016F000018001800180418073003E0000000000F5
:1017000000000000030007000F000B001B00330067
:10171000230063004300FF80030003000300030075
:1017200000000000000000003F002000200020001A
:1017300020003E0023000180018001800180418063
:1017400067003E0000000000000000000F0019804C
:101750003000600060006F00738061806080608096
:101760006080218033000E000000000000000000B7
:101770007F800180010003000200060004000C00CD
:101780000C000C0008000800080008000000000021
:10179000000000001E0033002180618021803100A4
:1017A0001E003700618041804080618033001E0050
:1017B00000000000000000001E00330061004180B6
:1017C00041804180618073803D8001800100030081
:1017D00066003C00000000000000000000002070D7
:1017E0002000000000207020000000000000000029
:1017F0002070200000000000703010300000000059
:10180000000000000000008003801C0070006000E9
:101810001C000780008000000000000000000000A5
:101820000000000000000000000000007F800000B9
:10183000000000007F8000000000000000000000A9
:101840000000000000000000000000000000400058
:1018500070000E00038001800E0078004000000040
:101860000000000000000000000000003C006600D6
:1018700003000300020006000C0008001800180016
:101880000000000018001800000000000000000028
:10189000000000000003F000060C00180600100213
:1018A0000021D100233100422100462100442100C3
:1018B00044220046660063BC002000003000001C8B
:1018C0001000000000000E000A000A001B001B00B0
:1018D0001100310031803F80608060C040C04040D6
:1018E000C06000000000000000003F8021C020C058
:1018F000204020C020C03F0020C020602060206029
:10190000206021C03F800000000000000000078030
:101910001DC030403000600060006000600060006A
:101920006000300030001CC00F800000000000008C
:1019300000003F00238020C0206020602020202065
:10194000202020202060206020C023803F00000055
:101950000000000000003F80200020002000200048
:1019600020003F0020002000200020002000200058
:101970003FC000000000000000003F802000200069
:101980002000200020003F802000200020002000B8
:101990002000200020000000000000000000078060
:1019A0001EE03000300060006000600061E06020F8
:1019B0006020302030201CE007C000000000000044
:1019C00000002020202020202020202020203FE078
:1019D0002020202020202020202020202020000047
:1019E0000000000020202020202020202020202077
:1019F000202000000000000003000300030003009B
:101A0000030003000300030003000300030043007E
:101A100076003C000000000000000000206020C0B4
:101A200021802300260026002E003B0031803180DB
:101A300020C020C0206020600000000000000000E6
:101A40002000200020002000200020002000200096
:101A5000200020002000200020003F800000000027
:101A600000000000301830383838283828782C58D2
:101A700024582498269822982318211820182018D2
:101A80000000000000000000302030203820282016
:101A90002C20242026202320212021A020A020E06B
:101AA0002060206000000000000000000F801DC0CA
:101AB0003060203060306030601060106030603026
:101AC000303030601DC00F800000000000000000BA
:101AD0003F0021C020C020402040204020C03F8047
:101AE0002000200020002000200020000000000036
:101AF000000000000F801DC030602030603060307A
:101B00006010601060306030203030601CC00F808A
:101B1000030001C0000000003F8021C02040206081
:101B2000206020C021C03F8023002100218020C0F0
:101B300020C0206000000000000000001F003B806B
:101B400020806000200038001E00078001C000C017
:101B500000C040C07B801F000000000000000000AB
:101B60007FC004000400040004000400040004001A
:101B7000040004000400040004000400000000004D
:101B800000000000202020202020202020202020D5
:101B90002020202020202020306030601DC00F80B9
:101BA0000000000000000000C040C0C040C06080D5
:101BB0006180218031003300130012001A001E00E2
:101BC0000E000C0000000000000000004182418671
:101BD000618663C662C42244224C264C346C34684D
:101BE000142814281C3818380000000000000000D9
:101BF00060806180310033001A001E000C000E006E
:101C00001E00130033002180618040C000000000EE
:101C10000000000081008300C200460064002C0028
:101C20003C003800180018001800180018001800B0
:101C300000000000000000003FC000C00180010063
:101C40000300060006000C000800180030003000F9
:101C500060007FC00000000000003820202020200D
:101C60002020202020202020202000804040406094
:101C70002020301010180808080404040000701018
:101C80001010101010101010101010101010000074
:101C900000000C000C001E00120012003300210096
:101CA0002100000000000000000000000000000013
:101CB0000000000000000000000000000000000024
:101CC0000000000000000000000000000000000014
:101CD00000000000FFC0000018000C00060000001B
:101CE00000000000000000000000000000000000F4
:101CF00000000000000000000000000000000000E4
:101D00000000000000001E003300018001800F80F1
:101D100031806180618067803D80000000000000AC
:101D200020002000200020002700398030C020C083
:101D300020C020C020C020C03B802F000000000039
:101D400000000000000000000000000000001F0074
:101D500039006000600060006000600060003900D1
:101D60001F0000000000000000C000C000C000C054
:101D70001EC03BC020C060C060C060C060C060C00A
:101D800033C01EC000000000000000000000000082
:101D90000000000000001E003300618060807F8032
:101DA00060006000200039801F0000000000001C5F
:101DB00030303030FC3030303030303030300000B7
:101DC0000000000000000000000000001FC0330001
:101DD00061006180610033003E00200020003F80F0
:101DE00060C040C00000200020002000200027002C
:101DF0003B803080208020802080208020802080B8
:101E00002080000000000000006020000020202052
:101E10002020202020202000000000702000002032
:101E200020202020202020202020206000002000D2
:101E30002000200020002000218023002200260016
:101E40002C003E0033002300218020800000000091
:101E50000020202020202020202020202020203092
:101E60000000000000000000000000000000000072
:101E700000000000271C003BEE0031C60020860059
:101E800020860020860020860020860020860020F4
:101E900086000000000000000000000000000000BC
:101EA0000000000027003B803080208020802080C0
:101EB00020802080208020800000000000000000A2
:101EC00000000000000000001F003B80608060C038
:101ED00060C060C060C060803B801F0000000000E8
:101EE0000000000000000000000000002700398012
:101EF00020C020C020C020C020C020C03B802F00B8
:101F00002000200000000000000000000000000091
:101F10001EC03BC060C060C060C060C060C060C028
:101F20003BC01EC000C000C00000000000002E2EFC
:101F30003020202020202020000000000000000091
:101F40003E626060380E0303663C000000003030E3
:101F500030FC30303030303030301E0000000000B7
:101F600000000000000000000000608060806080D1
:101F70006080608060802080218033801C80000031
:101F80000000000000000000000000000000C18010
:101F900041806100630023003200160016001C001F
:101FA0000C00000000000000000000000000000025
:101FB0000000430C630C63886288269834D834D0C0
:101FC00014501870186000000000000000000000AD
:101FD00000000000000063006300360014001C00D5
:101FE0001C003400260063004100000000000000D7
:101FF00000000000000000000000C180418061007E
:1020000023003300320016001E000C000C000C00F0
:1020100008000000000000000000000000007F0039
:10202000020006000C0008001800300020006000CC
:102030007F000000000000001830303030303030B9
:102040004030303030303030202020202020202000
:102050002020202020202020202000006030303050
:102060003030301008103030303030300000000098
:1020700000000000000000000000000038004C805C
:102080000700000000000000000000000000000049
:102090000400000C00000FFF00080000080000080A
:1020A00000001800001FFF000003000003000003F1
:1020B000007FF200000200000200000600007C0029
:1020C00000000000000000C00000C00000C00000D0
:1020D000C0003FFF0020C10020C10020C10020C17E
:1020E0000020C1003FFF0020C10020C00000C00050
:1020F00000C00000C00000C00000C0000080000060
:10210000C0007FFF800000000FFC000804000804EE
:10211000000FFC000000007FFF80600180600180F4
:1021200007F0000610000410000C1080781F8000DB
:1021300000000010000C900008900019900011FFA2
:102140000031100033100072100050100010100009
:1021500013FF80101000101000101000101000105D
:1021600010001010001010000400000410000C10EB
:10217000000810001810003FFF8038380078780001
:10218000585C0018D4001896001992001913001B0F
:1021900011801E1080181000181000181000040084
:1021A000000DFF00090100090100110100310100CB
:1021B00031FF0070100050100010100017FF801049
:1021C000380010540010D60011930013118016101F
:1021D000801010000000000801801FF580110580AC
:1021E00033658032258077F58056158050858010C4
:1021F000858017F58010858010858010918013F1FF
:102200008017018010070010000000C0000CC00003
:1022100008C0000FFF0018C00010C00030C0000050
:10222000C00000C0007FFF800210000210000610F6
:10223000000410000C1080181080701F8000000037
:102240000000000C0C000408000618000410003FF9
:10225000FF0000C00000C00000C0007FFF8000C081
:102260000000E00001B000031000061C001C0E007E
:102270007003800000000000004098006188003179
:10228000080033FF8013080007080005080009FF55
:102290000001080019080011FF0031080031080092
:1022A00021080061FF8001000001000000C0000063
:1022B000C00010C20010C20010C20010C20010C244
:1022C000001FFE0000C00000C00020C10020C100AF
:1022D00020C10020C10020C1003FFF00000100001C
:1022E0000100021800061800040C000C0400180677
:1022F000003003007001807FFE80010600010400B1
:102300000304000204000604000C0400180C007012
:102310007C000000000000000008003F880000086A
:1023200000000800007F807F8880180880181880CF
:102330001318801111803111802191803FB180707C
:10234000A10000610000CF000000000000000000BC
:10235000003FFF002001002001002001002FFD00B0
:1023600020010020010027F9002619002619002667
:10237000190026190027F900260100260100200176
:1023800000200700008000008000018000010000A4
:102390003FFF0020010020010020010027F9002656
:1023A000190026190026190026190027F900260110
:1023B00000200100200100200F0000800000C0006C
:1023C0000040001FFF001003001003001003001F57
:1023D000FF0010000010000017FF0014010034017E
:1023E0000034010024010067FF00440100040100E3
:1023F000002000006000007E007C86004D8C004FB5
:10240000FF004D93004D93004D93004D93004D936D
:10241000004FFF807C3800406800404C000186007F
:102420000303800200800000003F3F0031230031A1
:1024300023003123003F3F00009800010C007FFF84
:10244000800610000C0C003807007F3F803123000D
:102450003123003123003F3F003123000000007F83
:10246000FF8060018060018060018060018067F111
:102470008066118066118066118066118067F18028
:102480006001806001806001806001807FFF80606A
:1024900001800000003FFF0020010020C10020C19A
:1024A0000020C1002FFD0020C10020C10027F9003D
:1024B00024090024090024090027F9002001002034
:1024C00001003FFF0020010000C00000C0007FFFAE
:1024D0008000C00000C0003FFF00000000000000BE
:1024E0001FFF0010C30010C30010C3001FFF003007
:1024F000030020000020000060000040000000C039
:102500000008C00008C00018C0001FFF0030C00055
:1025100020C00060C00000C0007FFF8000C000013C
:10252000E0000120000330000618001C0E007003BC
:1025300080400080101000101000103000102600A5
:102540007E6300324100229F8027FF802600806446
:10255000000064FF003CC10018C1000CC1001EC196
:102560000032C10060FF0040C10001000001000016
:102570000300007FFF800600000400000CFF00083D
:102580000600180C003818007810005BFF80181047
:102590000018100018100018100018100018F00093
:1025A0000000003FFF003001003001003FFF00311C
:1025B0000400310400310C0037FF80318C00318C75
:1025C00000318C002FFF80210C00210C00630C00D7
:1025D0004E0C00400C00010000030000030000024C
:1025E00000007FFF800200000600000400000400DD
:1025F000000FFF00082000182000102000302000ED
:102600006020004020000FFF800000000000003F1D
:10261000FE0000060000060010060010060010066E
:10262000001FFE0010060010000010000010000047
:102630001000801001801001801FFF0000000000CA
:1026400000000618000618007FFF800618001FFE15
:10265000001002001FFE001002001FFE000200001A
:102660007FFF800CCC0018C6007FFF8048C4800824
:10267000C40008DC0000C0000804000C0C000608C0
:10268000000218003FFF8006080006080006080048
:102690000608000608007FFF800408000408000CFC
:1026A0000800080800180800700800200800004012
:1026B000000060003FFF8030000031040031040062
:1026C0003FFF8031040031040031FC003000002F56
:1026D000FF00230600218C0020D80060F8004F8FF7
:1026E000800801800000003FFF8006080006080007
:1026F0000608000608000608007FFF8006080004A0
:1027000008000408000C08000C0800180800300835
:1027100000700800000800000000101800101800E9
:1027200010180011FF007C1800101800101800117C
:10273000FF801002001C020079FF8050020010C2CE
:1027400000104200106200102200100200701E00F3
:1027500010440010440013FF801044007C4400111A
:10276000FF0011010011FF001101001D010079FFA0
:102770000050100013FF80102800106C0010C600DD
:102780007383800000000200006207806ABC006A58
:10279000B0006B30006230007FF000663F8067322F
:1027A0000067B2006AA2007A220072220062220050
:1027B0006022007FE2000042000042000080000032
:1027C000C0000040000040007FFF800300000300C5
:1027D0000002000003FE00020200060200060600DE
:1027E0000406000C0600180400300400607C0000A1
:1027F00000000000001FFE001002001002001FFE7B
:10280000001002001002001FFE0000000003300054
:102810003333001332001B36000B34000330000347
:1028200030007FFF8000000000C00000C00000C03A
:102830000000C0007FFF8001E00003F00002D00034
:1028400006D8000CCC0008CC0018C60030C3006FBE
:10285000FD8000C00000C00000C00000C0001810D3
:102860000018100018080019FF807E00001866008C
:102870001843001C81003DC3803F46003C64005863
:102880002C00583800581800183C0018670019C36D
:10289000801900800000003FFF80004000004000E1
:1028A000004000184000184000187F001840001831
:1028B0004000184000184000184000184000184020
:1028C000007FFF8000000000000000C00000C0008A
:1028D00008FE0008C00008C00008C0007FFF80009C
:1028E000C00004C2000CC20008C60010CC0030D8E2
:1028F0000000700000E0000780007C000000000085
:102900002010003010001C100003FF800311800312
:1029100011006311003B100003FF0003C3000342DA
:10292000000A66001A2C00123800321800266E00C9
:1029300065C3800100800020003030001810000BBB
:10294000FF8000400000C6006183003BFF000000E4
:1029500080013200093200093200193200113200C0
:102960003132802232806633800000002000003344
:10297000FF801A00000A080002180002FF0062C16E
:102980000012FF0002C10002C10002FF001A08008D
:10299000124B001649003489802588806D08800814
:1029A000380031FE0019020009F200011200011284
:1029B0000047FF8036008016008001FE0001020003
:1029C00009FE0019020019020011FE003102002167
:1029D0000200210E0000000000C00000C00000FF47
:1029E0000000C00000C00000C0001FFE0010020078
:1029F0001002001002001002001FFE000000001074
:102A00000200133300331100631180020000040040
:102A100000247F80247000244000244000244000D3
:102A20003F7F802071802051002051003E530022C2
:102A30005A0022CA0022CC00628E00429B0043F161
:102A40008042008000C00000C00000C0003FFF00C6
:102A500030C30030C30030C3003FFF0030C300303C
:102A6000C30030C3003FFF0030C00030C08000C052
:102A70008000C08000FF8000000000000000FF0018
:102A80007C81006481006481007CFF0064880064B4
:102A900088006488007CFF80648800648C00648CFB
:102AA000007C848060848060F68001E38000000008
:102AB0000000007FFF8010180010180010FF803009
:102AC00099802099803EFF8062998062998062FFA0
:102AD000802218002290002250003E7000207800D2
:102AE00021CF800101800000001FFE0000000000D7
:102AF00000000000007FFF8000C00000C00008C48C
:102B00000008C40018C60010C30030C30060C180B4
:102B100040C10007C0000000000000000018000EC7
:102B20001800781800081800085B000859007FD9C1
:102B3000801898801C98801E98002A1900281B0075
:102B4000480200480400081C0008300009E00009A1
:102B500000000000003FFF002331002331003FFF51
:102B6000000080007FFF800080001FFE001806002C
:102B70001FFE001806001FFE001806001FFE0018AA
:102B800006007FFF80000000001000083000083FB2
:102B9000000862007EA6004B1C004A1C004A76001A
:102BA0004BCB804AFF007E08004808000A7F000ADD
:102BB00008000EFF807E0800410800000000100899
:102BC000001008001F0800320800267F007F49001F
:102BD0006549002549003F4900254900257F00251A
:102BE00008003F0B00250900250980657F8047709C
:102BF00080400080307E001846000C4600004600F1
:102C000000C60079878019000018000019FF00181D
:102C1000830018C2001846001A2C001E1800187CE9
:102C20000013C780010180000000020000020000C4
:102C300007F8000C10001830003060006FFE00082C
:102C4000060008C60008C60008C6000886000886F8
:102C500000098600037000060C007C0700200100BC
:102C60000010003F1000211000213000293F802972
:102C700021002963002962002962002932002916F7
:102C800000291400290C00080C00121E0033330028
:102C90006161804040800610000616003FD30006A8
:102CA00011000610007FFF800C10000819007FD96A
:102CB00000101B00320A003FCE00020C00020C8004
:102CC0007FFC80423680026380000000100000100C
:102CD0001800103C007E660031C380217E802800F1
:102CE0000029F1804995807F958009F580099580BC
:102CF0001F958079F58009918009918009930001E1
:102D0000B000201F0031FC0019000001000001FF8D
:102D100000010300010300714200112600131C0092
:102D2000131C0012360016E3001881006C000043EB
:102D3000FF800000000000000000007F7F001461A1
:102D400000146100147F007F6100556100557F0011
:102D5000552C00572C00617F80414C007F8C004136
:102D60007F00410C007F0C00417F8040000000008C
:102D70000003FF003FC00000830010820018C6005F
:102D800008C40008C80000C0007FFF8001E0000305
:102D9000F00006D8000CCC0018C60070C38040C0FC
:102DA0008000C0001008001008003008003E080035
:102DB00060FF804088803E8880088880088880087E
:102DC00088807FFF800888800888000808000B083A
:102DD000000E080018080010080000000033FF0073
:102DE0001801000801002031002031002031002F9F
:102DF000FD0020710020F10021B1002331002631B7
:102E0000002C310020310020E100200700200000CC
:102E100004C0000840001FFF001040003040007F49
:102E2000FE005040001FFE001040001FFF8010C039
:102E30000000C0007FFF8001E00006D8001CCE002B
:102E400070C38040C0000000003FFF0000C0007F52
:102E5000FF8060C1807EFF8000C0001E3E0000C079
:102E6000000730001C8F006041801FFE00000C0036
:102E700006180001E000007000000800008000005B
:102E8000C0003FFF00040800040800060800061800
:102E9000007FFF800000000000001FFE00180600F9
:102EA0001806001FFE001806001806001FFE001876
:102EB00006000018000010007CFF0064830064A37B
:102EC00000649A00648200648E0064800064800064
:102ED00064FF806401807C018061FF80600180006C
:102EE0000100000700000000B80BE40C8813201C50
:102EF000D0202823E02E5046204EC05D606D007D1E
:102F0000100E3C0FA00F9411D00700000007FFE047
:102F1000000000000000007FFE0000000000000034
:102F200007FFE0000000000000007FFE000000003E
:102F300000000007FFE0000000000000007FFE002E
:102F400000000000FFFFFFFFFFFFFF80000FFFFFFB
:102F5000FFFFFFFFF80000FFFFFFFFFFFFFF800004
:102F60000444449FFF4444420000000007FFE00087
:102F70000000000000007FFE0000000000000007CD
:102F8000FFE0000000000000007FFE0000000000E5
:102F9000000007FFE00000000000000024440000E3
:102FA0000000000000000000000000000000000021
:102FB0000000000000000000000000000000000B06
:102FC000FFFFFFFFA00BFFFFFFFFA00BFFFFFFFFB7
:102FD000A00344444444300000000000000000000E
:102FE00000000000000000000000000000000000E1
:102FF00000000000000000000000000000000000D1
:103000000000000000000000BFFF70000BFFF70091
:1030100000BFFF70000BFFF70000BFFF7000000152
:103020008DEFFFFFEB50000002EFFFFFFFFFFF807F
:103030000000AFFFFFFFFFFFFF30001FFFFA88888F
:103040009DFFF80002FFFC0000005FFFA0003FFFB3
:10305000B0000003FFFB0003FFFB0000003FFFB0D8
:10306000003FFFB0000003FFFB0003FFFB00000078
:103070003FFFB0003FFFB0000003FFFB0003FFFB7A
:103080000000003FFFB0003FFFB0000003FFFB0067
:1030900003FFFB0000003FFFB0003FFFB000000354
:1030A000FFFB0003FFFB0000003FFFB0003FFFB04D
:1030B000000003FFFB0003FFFB0000003FFFB00028
:1030C0002FFFC0000005FFFA0001FFFFA88889DF7D
:1030D000FF80000AFFFFFFFFFFFFF300002EFFFF4E
:1030E000FFFFFFF800000018DFFFFFFEB500000043
:1030F000004EFFFFFB00000000004FFFFFFFB0008D
:1031000000000006FFFFFFFB00000000003888AF52
:10311000FFB000000000000003FFFB000000000003
:1031200000003FFFB000000000000003FFFB0000B4
:1031300000000000003FFFB000000000000003FF9F
:10314000FB000000000000003FFFB0000000000096
:103150000003FFFB000000000000003FFFB0000084
:103160000000000003FFFB000000000000003FFF24
:10317000B000000000000003FFFB000000000000A2
:10318000003FFFB000000000000003FFFB00000054
:10319000000000003FFFB00000000028888AFFFD0B
:1031A0008888300004FFFFFFFFFFFFF500004FFF9E
:1031B000FFFFFFFFFF500004FFFFFFFFFFFFF500D1
:1031C0000005EFFFFFFFEB50000006FFFFFFFFFFD2
:1031D000FF8000008FFFFFFFFFFFFF3000058888A2
:1031E00088889DFFF8000000000000005FFFA0003D
:1031F000000000000003FFFB000000000000003F93
:10320000FFB000000000000004FFFA000000000012
:103210000003BFFF800000000369CFFFFFF4000040
:10322000029EFFFFFFFFFB000002EFFFFFFFFFFA20
:10323000100000AFFFFFFEB8510000000FFFF95271
:10324000000000000002FFFC000000000000003F42
:10325000FFB000000000000003FFFB0000000000C2
:1032600000003FFFB000000000000003FFFD888861
:1032700088888860003FFFFFFFFFFFFFFB0003FF20
:10328000FFFFFFFFFFFFB0003FFFFFFFFFFFFFFB60
:10329000000005EFFFFFFFEB50000006FFFFFFFF00
:1032A000FFFF8000008FFFFFFFFFFFFF200005886A
:1032B0008888889EFFF7000000000000005FFFA0E4
:1032C00000000000000003FFFB0000000000000001
:1032D0003FFFB000000000000003FFFA0000000004
:1032E0000000008FFF70000008FFFFFFFFFFD1000C
:1032F00000008FFFFFFFFFE200000008FFFFFFFF5D
:10330000FF9000000048888889DFFF50000000001F
:10331000000004FFFA000000000000003FFFB000C2
:10332000000000000003FFFB000000000000003F61
:10333000FFB000000000000004FFFA000078888859
:103340008889DFFF80000DFFFFFFFFFFFFF3000014
:10335000BFFFFFFFFFFFF80000009FFFFFFFFEB56C
:103360000000000000007FFF500000000000000D82
:10337000FFF400000000000005FFFC00000000005A
:103380000000CFFF500000000000004FFFD0000001
:10339000000000000BFFF600000000000003FFFE2D
:1033A00010000000000000AFFF80000000000000DF
:1033B0002FFFF1003FFFB0000008FFF90003FFFB03
:1033C000000001EFFF20003FFFB000007FFFA000E2
:1033D00003FFFB00000DFFF300003FFFB00005FFFF
:1033E000FC000003FFFB0000CFFF5000003FFFB0D8
:1033F000003FFFFFFFFFFFFFFB0003FFFFFFFFFF9B
:10340000FFFFB0003FFFFFFFFFFFFFFB00029999A6
:10341000999999AFFFB000000000000003FFFB0086
:103420000000000000003FFFB000000000000003AB
:10343000FFFB0003FFFFFFFFFFFFFB00003FFFFF5D
:10344000FFFFFFFFB00003FFFFFFFFFFFFFB0000D8
:103450003FFFD888888888600003FFFB00000000D9
:103460000000003FFFB000000000000003FFFB0071
:103470000000000000003FFFB0000000000000035B
:10348000FFFD888888740000003FFFFFFFFFFFFDFD
:10349000300003FFFFFFFFFFFFFD10003FFFFFFFB6
:1034A000FFFFFFF6000000000000008FFF9000000B
:1034B0000000000003FFFA000000000000003FFFD2
:1034C000B000000000000003FFFB0000000000004F
:1034D000003FFFB000000000000005FFFA00048874
:1034E00088888889DFFF80008FFFFFFFFFFFFFF3E1
:1034F0000006FFFFFFFFFFFFF8000005EFFFFFFFE3
:10350000FEB5000000004ADEFFFFFE400000008F15
:10351000FFFFFFFFFF4000005FFFFFFFFFFFF60020
:10352000000CFFFE98888888300001FFFE10000024
:10353000000000002FFFB000000000000003FFFBB0
:10354000000000000000003FFFB00000000000008D
:1035500003FFFD888888740000003FFFFFFFFFFF26
:10356000FD300003FFFFFFFFFFFFFD10003FFFFFE7
:10357000FFFFFFFFF60003FFFB0000008FFF90003E
:103580003FFFB0000003FFFA0003FFFB0000003F15
:10359000FFB0003FFFB0000003FFFB0003FFFB0094
:1035A00000003FFFB0002FFFC0000005FFFA000140
:1035B000FFFFA88889DFFF80000AFFFFFFFFFFFFF2
:1035C000F300002EFFFFFFFFFFF800000018DFFFF1
:1035D000FFFEB5000003FFFFFFFFFFFFFFB0003F4E
:1035E000FFFFFFFFFFFFFB0003FFFFFFFFFFFFFFEA
:1035F000B00028888888888AFFFB0000000000004F
:10360000003FFFB000000000000004FFFB000000CE
:1036100000000000BFFF900000000000003FFFF22C
:103620000000000000000BFFF90000000000000493
:10363000FFFF20000000000000CFFF80000000001E
:1036400000005FFFE10000000000000DFFF7000038
:103650000000000006FFFE10000000000001EFFF68
:10366000700000000000007FFFD00000000000009C
:103670001EFFF600000000000008FFFD0000000033
:10368000000002EFFF500000000000009FFFC0009C
:1036900000000000002FFFF400000000000004FF05
:1036A000FB000000000000018DEFFFFFEB50000069
:1036B00002DFFFFFFFFFFF800000AFFFFFFFFFFF04
:1036C000FF20000FFFFA88889EFFF70002FFFC0032
:1036D00000005FFFA0003FFFB0000003FFFB0003FE
:1036E000FFFB0000003FFFB0003FFFB0000003FF02
:1036F000FA0001EFFE2000008FFF700006FFFFFFC1
:10370000FFFFFFD1000009FFFFFFFFFFE200000302
:10371000EFFFFFFFFFFF900000DFFFA88889DFFFBA
:1037200050002FFFC0000004FFFA0003FFFB000061
:10373000003FFFB0003FFFB0000003FFFB0003FFAE
:10374000FB0000003FFFB0002FFFC0000004FFFAA5
:103750000001FFFFA88889DFFF80000BFFFFFFFF4C
:10376000FFFFF300002EFFFFFFFFFFF8000000291E
:10377000DFFFFFFEB5000000018DEFFFFFEB500003
:103780000002EFFFFFFFFFFF800000AFFFFFFFFF22
:10379000FFFF30000FFFFA88889DFFF80002FFFC52
:1037A0000000005FFFA0003FFFB0000003FFFB0030
:1037B00003FFFB0000003FFFB0003FFFB00000032D
:1037C000FFFB0003FFFB0000003FFFB0002FFFE204
:1037D000000003FFFB0000DFFFFFFFFFFFFFB00063
:1037E00007FFFFFFFFFFFFFB000008FFFFFFFFFFDA
:1037F000FFB00000026888888AFFFB00000000001C
:1038000000003FFFB000000000000003FFFB0000CD
:1038100000000000004FFFA000000000000008FFB3
:10382000F80000288888888BFFFF400004FFFFFF16
:10383000FFFFFFC000002EFFFFFFFFFFD2000000D0
:103840002DFFFFFFEC710000007FFFFFFFEC600029
:10385000009FFFFFFFFFFFB0000BFFFFFFFFFFFF19
:103860006000688888888CFFFB0000000000001F53
:10387000FFD0000000000000FFFD0000000000007D
:103880000FFFD0000000000000FFFD00000000005E
:10389000002FFFD000000088888CFFFA0000000E87
:1038A000FFFFFFFF50000000EFFFFFFFB000000030
:1038B0000EFFFFEC7000000000EFFF0000000000B2
:1038C000000EFFF0000000000000000000000000FB
:1038D0000000000000000000000001FFFF200000C9
:1038E0000000001FFFF2000000000001FFFF2000A9
:1038F000000000001FFFF2000000000001FFFF2099
:103900000000000000000BFFFFFA000000000000B4
:1039100001FFFFFFE00000000000006FFFFFFF401D
:1039200000000000000BFFFAFFF90000000000019A
:10393000FFFD0EFFE000000000005FFF809FFF40E2
:10394000000000000AFFF305FFF90000000001EF8E
:10395000FD000EFFD0000000005FFF8000AFFF30D1
:103960000000000AFFF40005FFF800000000EFFE71
:1039700000001FFFD00000004FFF900000AFFF309D
:10398000000009FFF4000006FFF7000000EFFF98B9
:1039900088889FFFC000004FFFFFFFFFFFFFFF2051
:1039A0000009FFFFFFFFFFFFFFF70000DFFFFFFF42
:1039B000FFFFFFFFC0003FFFB000000000DFFF205F
:1039C00008FFF60000000008FFF600DFFF200000FF
:1039D00000003FFFB03FFFC00000000000EFFF13FA
:1039E000FFF8000000000009FFF23FFFA000000008
:1039F0000001FFFC03FFFE00000000006FFFB00DA0
:103A0000FFF4000000000AFFF7009FFF80000000A5
:103A100000EFFF2004FFFD000000004FFFC0000E7C
:103A2000FFF200000009FFF80000AFFF7000000087
:103A3000DFFF300005FFFB0000002FFFD000001F5C
:103A4000FFF1000007FFF9000000BFFF500000BFBA
:103A5000FF40000006FFF900001FFFE00000002FFC
:103A6000FFE00005FFFA00000000CFFF3000AFFFCD
:103A70005000000007FFF8000EFFF1000000003FBB
:103A8000FFC004FFFB0000000000DFFF208FFF707D
:103A90000000000009FFF60CFFF200000000004FDC
:103AA000FFB2FFFD000000000000EFFEBFFF80003E
:103AB000000000000AFFFFFFF30000000000005FAD
:103AC000FFFFFE00000000000001FFFFFF9000006C
:103AD00000202B2D2E303132333435363738393FF4
:103AE00041560000D13A0208F43A02080A2F0208AF
:103AF000112101000800001A090000000000131342
:103B0000000714000000B5000C0C000E0D00B500FD
:103B10004800090500150A00FD00170013160004EF
:103B200014001401D100131600041400E501D100A3
:103B3000131600041400B602D1001316000414007A
:103B40008703D1001316000414005804D100131683
:103B5000000414002905D100131600041400FA050E
:103B6000D100131600041400CB06D1001316000474
:103B700014009C07D1001316000414006D08D10036
:103B80001116000412003E09BB00151600041600B1
:103B9000F909E700151600041600E00AE7000AE03C
:103BA0000AE00AE00AE00AE00AE00AE00AE00AE0C5
:103BB00000000CF00CF01CFFA0001C20005E23F2A3
:103BC000007E10006D01F301E700006D01F306E1D6
:103BD00000006D01F30D8000005E23F25F3CFFA04A
:103BE0001CFFA0C95E23F2000004F36D01F3000086
:103BF0000BB06D01F300003F406D01F30000AC001D
:103C00005E23F20000A5001CFFA00001F5000000EB
:103C10001F50000001F50000FFFFFFF40556F955A5
:103C200010001F50000001F50000000520000000FA
:103C30000000005FFFF32555510000000000000068
:103C400000000000000CF00CF000005B00000AC057
:103C50000001F700005F20000AC00001F700005FCC
:103C600020000AC00001F700005F20000AC0000128
:103C7000F700005F200006B0000003CFFFD600CEA3
:103C8000877DF10F90006F40F90005F40F90005F01
:103C900040F90005F40F90005F40F90005F40F9023
:103CA000005F40F90006F40CE877DF103CFFFD6090
:103CB00000CFFA0000177FA0000000EA0000000E0D
:103CC000A0000000EA0000000EA0000000EA0000D2
:103CD000000EA0000000EA0000000EA0000477FD26
:103CE00077109FFFFFF107FFFFD60057777CF100A9
:103CF00000005F40000005F40000009F30059CEFCD
:103D0000C008FFC95100EC1000000F90000000F93E
:103D10000000000FC7777720FFFFFFF407FFFFD6F3
:103D20000057777CF10000005F40000005F40000C0
:103D3000008F200AFFFF90005777CE10000005F497
:103D40000000005F40000005F4067777CF109FFF6A
:103D5000FD600000AF1000001FA0000007F400008D
:103D600000DD0000005F6000000BE105F402F900D7
:103D70005F408F3005F40EE777AF40FFFFFFF400A0
:103D800000005F40000005F40FFFFFFC00FC7777A8
:103D9000600F90000000F90000000F90000000FF8D
:103DA000FFFD60077777DF10000006F40000005F7A
:103DB00040000006F4177777CF11DFFFFD6001AEFA
:103DC000FFF600AF9777400EA0000000F90000005A
:103DD0000F90000000FFFFFD600FC777DF10F900B4
:103DE00006F40F90005F40F90006F40CE877CF105E
:103DF0003CFFFD600FFFFFFF4077777AF400000083
:103E00006F4000000BE1000003F9000000BF20003C
:103E1000003FA000000AF3000002FB0000009F30FA
:103E200000002FB0000007F4000003CFFFD600CE43
:103E3000777CF10F90005F40F90005F40EB0008F21
:103E4000205FFFFF900BE777CE10F90005F40F908D
:103E5000005F40F90005F40CE777CF103CFFFD60F0
:103E600003CFFFD600CE877DF10F90006F40F900A1
:103E700005F40F90005F40CE877AF403CFFFFF4038
:103E8000000005F40000005F40000007F3047778AD
:103E9000ED005FFFEB300CF00CF0000000000000C4
:103EA00000000CF00CF03EFFFD6037777CF2000064
:103EB00005F4000005F5000005F400377CF2005F12
:103EC000FD60005F4000005F400000000000007FD8
:103ED0005000007F50000005FF90000009ECD0006A
:103EE000000EA6F300003F52F700008F10CC000038
:103EF000DC008F1002F7004F6007F9777FA00BFFFF
:103F0000FFFFE01F900005F45F400001F99F1000E3
:103F100000CD09FFFFFC3009F7777EC009F00009EA
:103F2000F009F00009F009F0000BD009FFFFFF6075
:103F300009F7777CE109F00004F509F00004F509C0
:103F4000F00004F509F7777CF209FFFFFD6001AE90
:103F5000FFFFB008F97777700BE00000000BD0008E
:103F600000000BD00000000BD00000000BD00000C0
:103F7000000BD00000000BD00000000BE0000000A0
:103F800008F977777001AEFFFFB009FFFFEA200064
:103F90009F7779EE2009F00003F8009F00000DB034
:103FA00009F00000CC009F00000CC009F00000CC1C
:103FB000009F00000CC009F00000DB009F00003FE4
:103FC0008009F7779EE2009FFFFEA20009FFFFFF36
:103FD000B009F777775009F000000009F000000001
:103FE00009F000000009FFFFFF4009F7777720097B
:103FF000F000000009F000000009F000000009F7DF
:1040000077775009FFFFFFB009FFFFFFB09F777779
:104010007509F00000009F00000009F00000009FFB
:1040200077777209FFFFFF409F00000009F0000052
:10403000009F00000009F00000009F00000001AE9A
:10404000FFFFE3008F977777300BE000000000BDA3
:10405000000000000BD000000000BD007FFFA00B9F
:10406000D00377FA00BD00000EA00BD00000EA00DC
:10407000BE00000EA008F97777FA001AEFFFFFA044
:1040800009F00000CC009F00000CC009F00000CC3B
:10409000009F00000CC009F00000CC009FFFFFFF54
:1040A000C009F77777DC009F00000CC009F0000022
:1040B000CC009F00000CC009F00000CC009F000065
:1040C0000CC009F009F009F009F009F009F009F055
:1040D00009F009F009F009F009F0000AFFFF60009B
:1040E00005779F600000004F600000004F600000F7
:1040F000004F600000004F600000004F601F800014
:104100004F601F80004F600F80004F500CE777CF4B
:104110002003CFFFE70009F0000AF409F0007F80D8
:1041200009F005FA0009F03EC10009F2DE2000099D
:10413000FCFE100009FF8FA00009F809F40009F146
:1041400001ED0009F0006F7009F0000BF209F000BA
:1041500003FA09F00000009F00000009F0000000D1
:104160009F00000009F00000009F00000009F0001F
:1041700000009F00000009F00000009F00000009FF
:10418000F77777209FFFFFF409FA000000BF80094E
:10419000FF200002FF8009FF800009FF8009FBE18A
:1041A000001EBF8009F4F6007F4F8009F0CD00DCCF
:1041B0001F8009F06F45F51F8009F01EBBD01F80DE
:1041C00009F008FF701F8009F002FF101F8009F03E
:1041D0000044001F8009F00000001F8009F7000064
:1041E0006F3009FE20006F3009FFA0006F3009F921
:1041F000F4006F3009F1EC006F3009F06F606F3040
:1042000009F00CE16F3009F003F96F3009F0009FFD
:104210009F3009F0001EFF3009F00007FF3009F061
:104220000000DF3001AEFFFFC3008F97778EB00B29
:10423000E00000AE00BD00000AF00BD00000AF00AF
:10424000BD00000AF00BD00000AF00BD00000AF076
:104250000BD00000AF00BE00000AE008F97778EB51
:10426000001AEFFFFC3009FFFFFD5009F7777DE0F2
:1042700009F00007F209F00007F309F00007F3095D
:10428000F0000AF109FFFFFFB009F777750009F0A8
:1042900000000009F000000009F000000009F00033
:1042A000000001AEFFFFC3008F97778EB00BE000D8
:1042B00000AE00BD00000AF00BD00000AF00BD0052
:1042C000000AF00BD00000AF00BD00000AF00BD0D8
:1042D0000000AF00BE00000AE008F97778EC001A91
:1042E000EFFFFC300000008F3000000002F90000FA
:1042F00000000BE00009FFFFFD4009F7777DE009B2
:10430000F00007F209F00007F309F00007F309F0E5
:104310000009F109FFFFFFA009F778FB0009F00091
:10432000BE1009F0004F8009F0000CE109F0000513
:10433000F604CFFFFC00DE7777711F80000001F8E4
:104340000000000ED30000006FFFC92000258BFE87
:1043500010000006F50000004F60000004F517771C
:1043600077BF20CFFFFE709FFFFFFFF34777FC77FB
:10437000710000F900000000F900000000F90000E1
:104380000000F900000000F900000000F900000042
:1043900000F900000000F900000000F90000000032
:1043A000F900000AE00000DB00AE00000DB00AE0FA
:1043B0000000DB00AE00000DB00AE00000DB00AE44
:1043C00000000DB00AE00000DB00AE00000DB00AF6
:1043D000E00000DB00AE00000EA007F97779F800DE
:1043E0001AEFFFEA109F100000EA5F500004F71F69
:1043F000A00008F20CE0000CD007F3002F9003F7A8
:10440000006F4000EB00AE00009F10EB00005F5318
:10441000F600001F97F200000BDDC0000007FF80D0
:10442000007F20000000004F54F50005B40007F3A2
:104430001F8000AF8000AE00DB000EFC000DB00A54
:10444000E002FDF101F8007F206F6F404F5004F54E
:104450000AD1F807F2001F80DA0CC0AE0000CB2FA3
:10446000608F1DB00009E6F204F5F800006FCE0081
:104470001FCF400003FFA000CFF1003F90000AF2E1
:1044800009F3004F8001EC00CD10006F67F50000CC
:104490000BEEA0000002FF20000005FF4000001E00
:1044A000CDD100009F34F80003F900AF200CE100EB
:1044B0001EB06F500006F48F20000BE12F90003FDC
:1044C0009009F200AF2002F903F90000AF2AF200D0
:1044D000002FBF9000000AFF20000003F900000039
:1044E00001F800000001F800000001F800000001E0
:1044F000F800001FFFFFFFB0177777BF80000001B3
:10450000ED10000009F40000004FA0000001DE10D3
:10451000000008F60000003FB0000000CE200000C0
:1045200007F70000002EF77777604FFFFFFFD020DE
:1045300021252B2D2E2F3031323334353637383973
:104540003A3F4142434445464748494A4B4C4D4E09
:104550004F505152535455565758595A0000000065
:104560002F450208704502089E3B02082D110100EC
:104570000400000D050000000000040C000106000E
:10458000000018000E0C00010F001800540009096B
:1045900000040B006C0029000606000707009500C8
:1045A00012000402000B0600A7000400070E000022
:1045B0000800AB003100090C00010B00DC003600E4
:1045C000090C00010B0012013600090C00010B0060
:1045D00048013600090C00010B007E013600090C71
:1045E00000010B00B4013600090C00010B00EA01C8
:1045F0003600090C00010B0020023600090C0001F6
:104600000B0056023600090C00010B008C0236002C
:10461000090C00010B00C202360004080005060068
:10462000F8021000080C00010A00080330000A0C10
:1046300000010C0038033C000A0C00010C0074035C
:104640003C000A0C00010B00B0033C000B0C000105
:104650000C00EC0342000A0C00010B002E043C008D
:10466000090C00010B006A0436000B0C00010C0061
:10467000A00442000B0C00010D00E2044200040CF7
:1046800000010600240518000A0C00010B003C057F
:104690003C000A0C00010C0078053C00090C0001EC
:1046A0000A00B40536000E0C00010F00EA055400A4
:1046B0000C0C00010D003E0648000B0C00010D0023
:1046C000860642000A0C00010C00C8063C000B0FD5
:1046D00000010D00040753000A0C00010C005707ED
:1046E0003C00090C00010B00930736000A0C000186
:1046F0000B00C9073C000B0C00010D00050842002F
:104700000A0C00010C0047083C000F0C00011000CF
:1047100083085A000A0C00010B00DD083C000A0C5B
:1047200000010B0019093C000A0C00010B0055099F
:104730003C000E60E60E60E60E60E60E60000F7054
:10474000F73DEC00094000780C301E2000880C304A
:104750008A0000880C31E30000780C36B3DEC03DDF
:10476000EC1D4780C300005C0880C30000C60880C1
:10477000C30004E00780C300067003DEC0005801D8
:10478000E606D00B800E501F301F300E500B8006F7
:10479000D001E6005868003F200B9005E002F200CF
:1047A000F400F402F205E00B903F206800000C508A
:1047B00000000C5000000C50003FFFFFB0011D61D5
:1047C00010000C5000000C5000000100007FFF4161
:1047D000111000000000000000000F70F70004B08E
:1047E0000099000E4004E000A9000E4005D000A88A
:1047F000001E3005D00077000008EFFC202F733C2E
:10480000903F2009B03F2009B03F2009B03F200968
:10481000B03F2009B03F2009B02F733C9008EFFC57
:104820002004FF9000013B9000000B9000000B90D3
:1048300000000B9000000B9000000B9000000B900C
:1048400000033BB3200DFFFF900CFFFC2003333C23
:1048500090000009B000000AA00169CF500DEA7372
:10486000003F3000003F2000003F4333203FFFFF68
:10487000B00CFFFC3003333C90000009B000000B8B
:10488000A002FFFF3000333C90000009B000000997
:10489000B003333C901DFFFC200008D000000D80C9
:1048A00000005F200000BA000002F409B008D0093F
:1048B000B01E7009B03FFFFFB013333AB0000009DB
:1048C000B03FFFFF503F4333103F2000003F200028
:1048D000003FFFFC2013333C90000009B0000009AA
:1048E000B013333C903EFFFC2005DFFE201E8333D7
:1048F000103F2000003F2000003FFFFC203F433CD2
:10490000903F2009B03F2009B02F733C9008EFFC86
:10491000203FFFFFB013333AB000000BA000003F70
:10492000400000AC000002F5000009D000001F604C
:1049300000008E100000E8000008EFFC302F733CF0
:10494000903F2009B02F400BA00AFFFF301F733C9F
:10495000903F2009B03F2009B01F733C9008EFFC46
:104960002008EFFC202F733C903F2009B03F200926
:10497000B02F733AB008EFFFB0000009B000000993
:10498000A003334D800AFFEA100F70F7000000000B
:1049900000F70F705FFFD401333AC000006E0000D3
:1049A00006E00033AC000DFD4000D7000000000021
:1049B00000E800000E8000001FF5000005EAA000DE
:1049C000009A5E00000E51E40003F10B80008B00A2
:1049D0006D000CFFFFF202F4333C606D00008B0AA7
:1049E000A00005E00DFFFEA00D9335F40D7000F55D
:1049F0000D7002F40DFFFFD00D9334E60D7000B979
:104A00000D7000B90D9334E70DFFFFB105EFFFE323
:104A10000D9333310F5000000F5000000F50000075
:104A20000F5000000F5000000F5000000D93333165
:104A300005EFFFE30DFFFD7000D9336E700D7000C0
:104A40007C00D70005E00D70005F00D70005F00D79
:104A500070005E00D70007C00D9336E700DFFFD778
:104A6000000DFFFFF10D9333300D7000000D70004D
:104A7000000DFFFFA00D9333200D7000000D70009E
:104A8000000D9333300DFFFFF10DFFFFF10D933358
:104A9000300D7000000D7000000D9333200DFFFFEE
:104AA000A00D7000000D7000000D7000000D700072
:104AB0000005EFFFF600D93333200F50000000F55A
:104AC0000000000F508FFD00F50239D00F50007D1F
:104AD00000F50007D00D93339D005EFFFFD00D70F1
:104AE000005F00D70005F00D70005F00D70005F0F3
:104AF0000DFFFFFF00D93337F00D70005F00D700C6
:104B000005F00D70005F00D70005F00D700D700D01
:104B1000700D700D700D700D700D700D700D7000BA
:104B20004FFFC0001339C0000008C0000008C000DB
:104B30000008C0000008C04F1008C04F1008C02F68
:104B4000633BA008EFFD300D7002E70D701DA00D56
:104B500070AD100D78E2000DBFD0000DF9E7000D2B
:104B6000A07E100D700DA00D7004F40D7000AC0D42
:104B7000700000D700000D700000D700000D70001D
:104B800000D700000D700000D700000D933320DF28
:104B9000FFFA0DE10000AF30DF70002FF30DED00E4
:104BA00008EF30D8F400E8F30D7AB06E3F30D73F0D
:104BB0002C82F30D70CBF22F30D706FB02F30D7071
:104BC00019302F30D7000002F30DD0000F40DF70F6
:104BD00000F40DDE100F40D7D900F40D74F30F4030
:104BE000D70BB0F40D703F5F40D7009DF40D7001FE
:104BF000EF40D70007F405EFFFE600D93338F00F98
:104C000050003F20F50003F20F50003F20F5000355
:104C1000F20F50003F20F50003F20D93338F005E3A
:104C2000FFFE600DFFFFB10D9334F50D7000D70D41
:104C30007000D70D7001E60DFFFFD10D9333000D0D
:104C40007000000D7000000D70000005EFFFE70020
:104C5000D93338F00F50003F20F50003F20F500019
:104C60003F20F50003F20F50003F20F50003F20D46
:104C700093338F005EFFFE6000000AB00000003F2B
:104C8000300DFFFFB00D9334F50D7000D70D70009F
:104C9000D70D7001E60DFFFFD10D934F400D700B46
:104CA000B00D7004F30D7000C908EFFF602F63337F
:104CB000204F1000003F4000000BFDA70000369E73
:104CC00080000008C0000008C013333BA02EFFFD89
:104CD00030AFFFFFF7233CA331000C8000000C80B5
:104CE00000000C8000000C8000000C8000000C8094
:104CF00000000C8000000C80000E60006E00E600DA
:104D000006E00E60006E00E60006E00E60006E0039
:104D1000E60006E00E60006E00E60006E00CA3333D
:104D2000AC004DFFFD40AB00008D6E0000C92F4070
:104D300001F50D8005F108C009B004F10D7000E522
:104D40002F3000B96E00006DB900002FF5008B0008
:104D5000000000AA6E000AB000D73F200EF101F457
:104D60000E503FE404F10C806CB807D008B0A97B6A
:104D70000AA005E0E54F0C7002F4F10F4F4000EB84
:104D8000D00CBF1000BF9008FD004F2002E50BB013
:104D90000AC002F54F30008DC900001DE100002E51
:104DA000F30000ABAB0005F32E501D8008E17E1030
:104DB00000D89C0002F43F4009D00AB01E5003F313
:104DC0008D0000BBE600004FD000000D8000000CFD
:104DD0008000000C8000000C80004FFFFFF11333B7
:104DE0003DC000006F300001E8000009D100004F15
:104DF000500000DA000007E200002E9333316FFF0D
:104E0000FFF3005F70000D9E1007C0B801E403E2DD
:104E10004A000950000000000000000000000000EF
:104E2000000000000020212528292B2D2E2F3031B5
:104E300032333435363738393A3F414243444546B8
:104E40004748494A4B4C4D4E4F505152535455567A
:104E50005758595A5E000000254E0208684E020855
:104E600032470208300E01000300000B050000006D
:104E70000000030A0001050000000F000C0A0001F9
:104E80000D000F003C00040C000106004B00180050
:104E9000040C000106006300180008080003090064
:104EA0007B0020000505000606009B000D000302A4
:104EB00000090500A8000300050B00010700AB0076
:104EC0001C00080A00010900C7002800080A0001A8
:104ED0000900EF002800080A000109001701280056
:104EE000080A000109003F012800080A0001090022
:104EF00067012800080A000109008F012800080A3C
:104F000000010900B7012800080A00010900DF01BB
:104F10002800080A0001090007022800080A000109
:104F200009002F02280003070004050057020B00A8
:104F3000070A0001080062022300090A00010A00B2
:104F400085022D00080A00010A00B2022800080AA2
:104F500000010900DA022800090A00010A00020320
:104F60002D00080A000109002F032800080A00018B
:104F7000090057032800090A00010A007F032D00D9
:104F8000090A00010B00AC032D00040A0001050012
:104F9000D9031400080A00010900ED032800080ADB
:104FA00000010A0015042800070A000108003D045A
:104FB00023000B0A00010D0060043700090A0001FC
:104FC0000B0097042D00090A00010B00C4042D00FA
:104FD000080A00010A00F1042800090C00010B0076
:104FE00019053600080A00010A004F052800080AC2
:104FF0000001090077052800080A000109009F0543
:105000002800090A00010A00C7052D00080A00014E
:105010000A00F40528000C0A00010E001C063C00E2
:10502000080A00010A0058062800080A00010900C1
:1050300080062800080A00010900A8062800070ABF
:1050400000010900D0062300000000008FFF50007F
:1050500000000000000008FFF50000000000000054
:10506000008FFF500000000000000008FFF5000066
:105070000000000000008FFF500000000000000052
:1050800008FFF500000000000000008FFF50000046
:1050900000000CFFFFFFFFFFFFFFF90000CFFFFF45
:1050A000FFFFFFFFFF90000CFFFFFFFFFFFFFFF977
:1050B00000008AAAAADFFFCAAAAA600000000008AE
:1050C000FFF500000000000000008FFF500000000E
:1050D0000000000008FFF500000000000000008F45
:1050E000FF500000000000000008FFF50000000075
:1050F000000000008FFF500000000000000005AA23
:10510000A3000000000000000000000000000000FC
:10511000000000000000000000000000000000008F
:10512000000000000008FFFFFFFFFF008FFFFFFFF0
:10513000FFF008FFFFFFFFFF006AAAAAAAAAA000CB
:10514000000000000000000000000000000000005F
:10515000000000000000000000000000000000004F
:10516000000000000000000000000000000000003F
:1051700000000000000000000000007FFFF40000BD
:105180007FFFF400007FFFF400007FFFF400007F4A
:10519000FFF40000004ADFFFFFFED9200000007F7F
:1051A000FFFFFFFFFFFF5000003FFFFFFFFFFFFF7C
:1051B000FE10000AFFFFFFFFFFFFFFF70000DFFF09
:1051C000C1000002EFFFA0000EFFF70000000AFF81
:1051D000FB0000FFFF700000009FFFC0000FFFF703
:1051E00000000009FFFC0000FFFF700000009FFFAF
:1051F000C0000FFFF700000009FFFC0000FFFF7078
:105200000000009FFFC0000FFFF700000009FFFC37
:105210000000FFFF700000009FFFC0000FFFF700BD
:10522000000009FFFC0000FFFF700000009FFFC0AE
:10523000000FFFF700000009FFFC0000FFFF7000F7
:1052400000009FFFC0000FFFF700000009FFFC00F7
:1052500000FFFF700000009FFFC0000EFFF700007E
:10526000000AFFFB0000DFFFC1000002EFFFA0000B
:105270000AFFFFFFFFFFFFFFF700003FFFFFFFFFF9
:10528000FFFFFE1000007FFFFFFFFFFFFF50000049
:10529000004ADFFFFFFED9200000000007FFFFFFEC
:1052A000F300000000000AFFFFFFFF3000000000D5
:1052B00000EFFFFFFFF300000000000EFFFFFFFF05
:1052C00030000000000000003FFFF300000000007D
:1052D000000003FFFF30000000000000003FFFF36C
:1052E0000000000000000003FFFF3000000000008D
:1052F00000003FFFF30000000000000003FFFF304C
:10530000000000000000003FFFF30000000000006C
:105310000003FFFF30000000000000003FFFF3002B
:1053200000000000000003FFFF300000000000004C
:10533000003FFFF30000000000000003FFFF30000B
:105340000000000000003FFFF3000000000000002C
:1053500003FFFF30000000000000003FFFF30000EB
:10536000000000000003FFFF30000000000000000C
:105370003FFFF30000000000FFFFFFFFFFFFFFF50E
:1053800000000FFFFFFFFFFFFFFF500000FFFFFFC8
:10539000FFFFFFFFF500000FFFFFFFFFFFFFFF50C4
:1053A000000001BFFFFFFFFED920000002DFFFFF6A
:1053B000FFFFFFFF5000004FFFFFFFFFFFFFFE104A
:1053C0000004FFFFFFFFFFFFFFF7000000000000E9
:1053D0000002EFFFA0000000000000000AFFFB0039
:1053E000000000000000009FFFC00000000000005F
:1053F0000009FFFC0000000000000000AFFFB0004B
:105400000000000000003EFFFA0000000000147BD6
:10541000EFFFFF700000016ADFFFFFFFFFE1000008
:1054200004EFFFFFFFFFFFF5000002EFFFFFFFFFAC
:10543000FD920000008FFFFFFEB741000000000C4E
:10544000FFFE5100000000000000EFFF80000000A0
:10545000000000000FFFF70000000000000000FF48
:10546000FF70000000000000000FFFF700000000C8
:1054700000000000FFFF70000000000000000FFFB0
:10548000FFFFFFFFFFFFFC0000FFFFFFFFFFFFFF2D
:10549000FFC0000FFFFFFFFFFFFFFFFC0000FFFF4B
:1054A000FFFFFFFFFFFFC0000001BFFFFFFFFED9AE
:1054B00020000002DFFFFFFFFFFFFF5000004FFF53
:1054C000FFFFFFFFFFFE100004FFFFFFFFFFFFFFD6
:1054D000F70000000000000002EFFFA00000000045
:1054E0000000000AFFFB00000000000000009FFF1A
:1054F000C00000000000000009FFFC0000000000E8
:10550000000000AFFFB0000000000000002EFFF818
:105510000000000EFFFFFFFFFFFD10000000EFFF87
:10552000FFFFFFFE200000000EFFFFFFFFFFE40073
:10553000000000EFFFFFFFFFFFE20000000000009F
:105540000002EFFF90000000000000000AFFFB00D7
:10555000000000000000009FFFC0000000000000ED
:105560000009FFFC00000000000000009FFFC000D9
:105570000000000000000AFFFB0000000000000027
:1055800002EFFFA00009FFFFFFFFFFFFFFF7000092
:105590009FFFFFFFFFFFFFFE100005FFFFFFFFFF64
:1055A000FFFF50000003DFFFFFFFFED920000000D7
:1055B00000000005FFFD0000000000000000CFFF1C
:1055C000D0000000000000004FFFF60000000000C7
:1055D00000000BFFFE1000000000000002FFFF8033
:1055E000000000000000009FFFF10000000000002C
:1055F000001FFFF90000000000000008FFFF20006E
:10560000000000000001EFFFA0000000000000000B
:105610006FFFF40009FFFC0000000DFFFC00009F7D
:10562000FFC0000005FFFF500009FFFC000000CF95
:10563000FFD000009FFFC000003FFFF6000009FF01
:10564000FC00000AFFFE1000009FFFC00002FFFFE9
:1056500080000009FFFC00009FFFF2000000AFFF88
:10566000C0000EFFFFFFFFFFFFFFFC0000FFFFFF7A
:10567000FFFFFFFFFFC0000FFFFFFFFFFFFFFFFC6B
:105680000000FFFFFFFFFFFFFFFFC0000000000062
:10569000000009FFFC00000000000000009FFFC0A8
:1056A0000000000000000009FFFC000000000000F6
:1056B00000009FFFC00000FFFFFFFFFFFFFFFB0098
:1056C000000FFFFFFFFFFFFFFFB00000FFFFFFFF26
:1056D000FFFFFFFB00000FFFFFFFFFFFFFFFB0001A
:1056E00000FFFF70000000000000000FFFF7000047
:1056F000000000000000FFFF70000000000000003C
:105700000FFFF70000000000000000FFFF70000026
:1057100000000000000FFFF7000000000000000084
:10572000FFFFFFFFFFFED92000000FFFFFFFFFFF7D
:10573000FFFF500000FFFFFFFFFFFFFFFE10000F05
:10574000FFFFFFFFFFFFFFF7000000000000000267
:10575000DFFFA0000000000000000AFFFB000000C7
:1057600000000000009FFFC00000000000000009D2
:10577000FFFC00000000000000009FFFC0000000D0
:10578000000000000AFFFB0000000000000002DF34
:10579000FFA0005FFFFFFFFFFFFFFFF70005FFFF18
:1057A000FFFFFFFFFFFE10002DFFFFFFFFFFFFFFCA
:1057B0005000001BFFFFFFFFFED930000000000576
:1057C000ADEFFFFFFB100000001CFFFFFFFFFFFE1F
:1057D0002000000BFFFFFFFFFFFFF5000005FFFFAC
:1057E000FFFFFFFFFF500000AFFFF61000000000BA
:1057F00000000DFFFA0000000000000000EFFF7045
:10580000000000000000000FFFF700000000000093
:105810000000FFFF70000000000000000FFFF70015
:1058200000000000000000FFFFFFFFFFFED9200086
:10583000000FFFFFFFFFFFFFFF500000FFFFFFFF14
:10584000FFFFFFFE10000FFFFFFFFFFFFFFFF7004E
:1058500000FFFF70000002DFFFA0000FFFF7000055
:10586000000AFFFB0000FFFF700000009FFFC00068
:105870000FFFF700000009FFFC0000FFFF700000B1
:10588000009FFFC0000EFFF70000000AFFFB0000B2
:10589000DFFFC1000002DFFFA0000AFFFFFFFFFFE4
:1058A000FFFFF700003FFFFFFFFFFFFFFE100000BC
:1058B0007FFFFFFFFFFFFF500000004ADFFFFFFEFA
:1058C000D930000000FFFFFFFFFFFFFFFFC0000F08
:1058D000FFFFFFFFFFFFFFFC0000FFFFFFFFFFFFD9
:1058E000FFFFC0000FFFFFFFFFFFFFFFFC000000F6
:1058F00000000000009FFFC0000000000000000941
:10590000FFFC0000000000000000BFFFC00000001E
:10591000000000004FFFF9000000000000000CFF35
:10592000FF2000000000000005FFFF9000000000C5
:10593000000000CFFFF2000000000000005FFFF851
:10594000000000000000000DFFFE1000000000003D
:105950000006FFFF8000000000000000DFFFE10004
:105960000000000000007FFFF700000000000000C2
:105970001EFFFE1000000000000007FFFF70000087
:105980000000000001EFFFD0000000000000008FC9
:10599000FFF6000000000000001EFFFD00000000F8
:1059A00000000009FFFF5000000000000002FFFFA0
:1059B000D0000000000000009FFFF5000000000084
:1059C00000000AFFFC00000000000000004ADFFFAA
:1059D000FFFED9200000007FFFFFFFFFFFFF500008
:1059E000003FFFFFFFFFFFFFFE10000AFFFFFFFF6A
:1059F000FFFFFFF70000DFFFC1000002EFFFA00084
:105A00000EFFF70000000AFFFB0000FFFF70000020
:105A1000009FFFC0000FFFF700000009FFFC00001F
:105A2000EFFF70000000AFFFB0000BFFFC100000A4
:105A30002EFFF800003FFFFFFFFFFFFFFE100000FA
:105A40004FFFFFFFFFFFFE20000006FFFFFFFFFFED
:105A5000FFE4000004FFFFFFFFFFFFFFE20000CFB5
:105A6000FFC1000002EFFF90000EFFF70000000AE8
:105A7000FFFB0000FFFF700000009FFFC0000FFF52
:105A8000F700000009FFFC0000FFFF700000009F0E
:105A9000FFC0000EFFF70000000AFFFB0000DFFF61
:105AA000C1000002EFFFA0000AFFFFFFFFFFFFFFA2
:105AB000F700003FFFFFFFFFFFFFFE1000007FFF2A
:105AC000FFFFFFFFFF500000004ADFFFFFFED9206D
:105AD000000000004ADFFFFFFED9200000007FFF2A
:105AE000FFFFFFFFFF5000004FFFFFFFFFFFFFFE24
:105AF00010000AFFFFFFFFFFFFFFF70000DFFFC1FD
:105B0000000002DFFFA0000EFFF70000000AFFFB0D
:105B10000000FFFF700000009FFFC0000FFFF700B4
:105B2000000009FFFC0000FFFF700000009FFFC0A5
:105B3000000EFFF700000009FFFC0000DFFFC100BE
:105B400000009FFFC0000AFFFFFFFFFFFFFFFC00F8
:105B5000004FFFFFFFFFFFFFFFC000008FFFFFFFB1
:105B6000FFFFFFFC0000004ADFFFFFFFFFFFC00058
:105B700000000000000009FFFC0000000000000021
:105B8000009FFFC00000000000000009FFFC0000B3
:105B9000000000000000AFFFB000000000000000A7
:105BA0000CFFFA0000000000000018FFFF7000006A
:105BB000DFFFFFFFFFFFFFF200000DFFFFFFFFFF12
:105BC000FFF90000009FFFFFFFFFFFFA0000000049
:105BD0006FFFFFFFED94000000003DFFFFFFFED9C7
:105BE0002000005FFFFFFFFFFFFE400008FFFFFFF8
:105BF000FFFFFFFE10008FFFFFFFFFFFFFF600001B
:105C00000000000003EFFFA00000000000000AFFFA
:105C1000FB00000000000000AFFFC000000000001B
:105C2000000AFFFC00000000000000AFFFB0000011
:105C3000000000000AFFFB00000000000003EFFF6F
:105C4000900000004FFFFFFFFFF600000004FFFF81
:105C5000FFFFFE100000004FFFFFFFFF40000000AD
:105C600004FFFFFFD920000000004FFFF2000000FA
:105C700000000004FFFF2000000000000000000002
:105C80000000000000000000000000000000000014
:105C900000000000000000000007FFFF40000000BF
:105CA0000000007FFFF400000000000007FFFF403D
:105CB0000000000000007FFFF4000000000000076B
:105CC000FFFF400000000000000000CFFFFFF500D4
:105CD00000000000000002FFFFFFFA0000000000CB
:105CE000000007FFFFFFFE000000000000000CFFA7
:105CF000FFFFFF400000000000001FFFF4BFFF9007
:105D00000000000000006FFFE06FFFE000000000F7
:105D10000000BFFF901FFFF3000000000001FFFF25
:105D2000400CFFF8000000000005FFFE0007FFFD2B
:105D300000000000000AFFF90002FFFF3000000031
:105D4000001EFFF50000CFFF80000000005FFFE0B5
:105D500000007FFFC000000000AFFFA000002FFF89
:105D6000F200000000EFFF5000000CFFF700000001
:105D700004FFFE10000007FFFC00000009FFFFFF0A
:105D8000FFFFFFFFFF1000000DFFFFFFFFFFFFFF02
:105D9000FF6000003FFFFFFFFFFFFFFFFFB00000BD
:105DA0008FFFFFFFFFFFFFFFFFF10000DFFF70002D
:105DB0000000000EFFF50003FFFF30000000000AA6
:105DC000FFFA0007FFFD000000000006FFFE100CB8
:105DD000FFF9000000000002FFFF502FFFF5000058
:105DE00000000000DFFF902EFFF100000000000027
:105DF0008FFF902EFFF3000000000001FFFF32FF35
:105E0000FF8000000000005FFFF40DFFFC000000B9
:105E100000000AFFFE008FFFF20000000000EFFF0D
:105E2000A003FFFF60000000004FFFF5000EFFFA27
:105E30000000000008FFFF10009FFFE000000000CE
:105E4000CFFFB00005FFFF400000002FFFF700006C
:105E50001FFFF900000006FFFF200000BFFFD00079
:105E60000000BFFFD0000006FFFF2000001EFFF86B
:105E70000000001FFFF7000004FFFF40000000CFFC
:105E8000FFB000009FFFE000000007FFFF10000DC3
:105E9000FFFA000000003FFFF50003FFFF50000085
:105EA0000000DFFF90007FFFF10000000009FFFE0F
:105EB000000BFFFB00000000004FFFF301FFFF603D
:105EC0000000000000EFFF705FFFF2000000000024
:105ED0000AFFFC0AFFFC0000000000005FFFF2EF79
:105EE000FF80000000000001FFFFFFFFF300000043
:105EF0000000000BFFFFFFFD000000000000007F1E
:105F0000FFFFFF9000000000000002FFFFFFF40011
:105F1000000000202B2D2E30313233343536373807
:105F2000393F415600000000135F0208385F020845
:105F300048500208112501000900001D0A00000058
:105F400000001515000816000000DD000D0D001002
:105F50000F00DD0055000A0500180B003201190082
:105F60001519000416004B0107011519000416004D
:105F700052020701151900041600590307011519EB
:105F800000041600600407011519000416006705D7
:105F900007011519000416006E0607011519000403
:105FA0001600750707011519000416007C08070183
:105FB00015190004160083090701151900041600BD
:105FC0008A0A0701131900041400910BEE00181936
:105FD000000419007F0C2C01171900041900AB0DE7
:105FE000200100001E003C0078002C0158021D0E0C
:105FF00038FFA40D6AFF190D9CFF7C0CCEFFD00B5F
:106000000000170B3200540A64008D099600C50881
:10601000C8000008FA0041072C018B065E01E1056B
:1060200090014305C201B304F40130042602BA030F
:10603000580251038A02F302BC02A002EE02560289
:10604000200315025203DC018403A901B6037C017D
:10605000E80355011A0432014C0414017E04F900CE
:10606000B004E000E2040A006400E8035B43414C32
:106070005D206C6F63616C2063757272656E742D48
:106080007A65726F20736176656420746F20573271
:1060900035513235360D0A005B43414C5D206C6F43
:1060A00063616C2063757272656E742D7A65726FB0
:1060B0002073617665206661696C65640D0A005B1A
:1060C00043414C5D206C6F63616C20637572726537
:1060D0006E742D7A65726F2072656A65637465648B
:1060E0003A206C6F61642064657465637465640D47
:1060F0000A005B43414C5D206C6F63616C206375EB
:106100007272656E742D7A65726F2061626F72743F
:1061100065640D0A005B53455454494E47535D2056
:10612000766F6C746167652F63757272656E74202B
:10613000736574706F696E74732073617665640D36
:106140000A005B52455345545D206373723D253010
:10615000386C582070696E3D257520706F776572B8
:106160003D257520736F66743D25752069776467DA
:106170003D257520777764673D2575206C6F7770B6
:106180006F7765723D2575206F7074696F6E3D2560
:10619000750D0A004048454C502C50494E477C49EB
:1061A0004E464F7C5354415455537C5345542056CE
:1061B000206D567C5345542049206D417C4F5554E9
:1061C000204F4E2F4F46467C4C4F47204F4E2F4F6F
:1061D00046467C4C4F472052415445206D737C43CA
:1061E0004C4541527C444941477C43414C20474502
:1061F000542F5241572F5345542F534156452F5238
:10620000455345547C43414C20504F494E54204700
:106210004554205B69645D2F535441525420696496
:106220002F53544550202B2F2D31206F72202B2FB0
:106230002D352F43415054555245206D562F535400
:106240004F502F5354415455537C4657205354417B
:106250005455532F424547494E2F444154412F45F1
:106260004E442F4150504C592F41424F52542028F8
:106270005553422F425420535050290D0A00404399
:10628000555256452C736368656D613D352C6D61C3
:10629000736B3D256C752C73617665643D25752C9B
:1062A000746F74616C3D31360D0A0040494E464FA3
:1062B0002C66773D362E322E332C70726F746F3D04
:1062C000352C68773D50593332463430335F56327F
:1062D0002C636F6E74726F6C3D4441435F50492C68
:1062E00063616C646961673D322C6275696C643D01
:1062F000763632335F67617465645F70692C7361F1
:106300006D706C655F6D733D322C63745F75733DAA
:106310003333322C6176673D312C7372633D4259C1
:10632000504153532C6F66666461633D302C727527
:10633000703D3130303030302C72676E643D37360E
:1063400032302C72696E6A3D353131302C75736292
:106350003D5553415254312C62743D5647363332C9
:1063600038415F5553415254322C626175643D315E
:1063700031353230302C7265663D333030306D56F9
:106380002C696D61783D383030306D412C666C6120
:1063900073683D573235513235362C666C617368FF
:1063A0006F6B3D25752C626C3D25752C6F74613DBE
:1063B00025730D0A004041434B2C636D643D2573EA
:1063C0002C64657461696C3D25730D0A004045526B
:1063D000522C636D643D25732C726561736F6E3D45
:1063E00025730D0A004043534156452C6F6B3D30D9
:1063F0002C69643D25752C61637475616C3D256C59
:10640000752C6461633D25752C726561736F6E3DFB
:1064100025730D0A00404353544154452C61637465
:106420006976653D25752C69643D25752C7461720E
:106430006765743D25752C6461633D25752C766F09
:1064400075743D25752C72656164793D25752C66E2
:1064500061756C743D25730D0A004043414C2C76E8
:10646000616C69643D25752C7676616C69643D25A7
:10647000752C6976616C69643D25752C6461637661
:10648000616C69643D25752C73617665643D257585
:106490002C736368656D613D322C766761696E3D72
:1064A000256C642C766F66663D256C642C6967618B
:1064B000696E3D256C642C696F66663D256C642CA5
:1064C00076313D25752C63313D25752C76323D2581
:1064D000752C63323D25752C767261773D25752CC0
:1064E000697261773D256C642C6461633D25750D8F
:1064F0000A004043504F494E542C69643D256C7549
:106500002C7461726765743D25752C76616C6964C5
:106510003D25752C61637475616C3D25752C646136
:10652000633D25752C73617665643D25750D0A0004
:1065300040444941472C706F72743D25732C72782A
:106540005F64726F703D256C752C74785F64726F38
:10655000703D256C752C756172745F6572723D2596
:106560006C752C72785F7265636F7665723D256C11
:10657000752C74785F74696D656F75743D256C75E5
:106580002C72785F70656E64696E673D25750D0AC3
:10659000004054454C2C743D256C752C76696E3D3D
:1065A00025752C69696E3D256C642C70696E3D25DE
:1065B0006C752C766F75743D25752C696F75743DFF
:1065C000256C642C706F75743D256C752C74656D2D
:1065D000703D25642C736574763D25752C73657448
:1065E000693D25752C696C696D3D25752C72657149
:1065F0003D25752C6F75743D25752C63633D2575A0
:106600002C6461633D25752C76616C69643D25754C
:106610002C767261773D25752C697261773D256C0A
:10662000642C7069643D25752C6572723D256C641F
:106630002C64656C74613D25642C757064617465AF
:10664000733D256C752C7666623D25752C706964EA
:106650007265763D256C752C7064743D256C752CC7
:106660007365713D256C752C73616D706C65743D3F
:10667000256C752C6661756C743D25732C7278647D
:10668000726F703D256C752C747864726F703D2547
:106690006C752C76666173743D25752C6365677027
:1066A000696F3D25752C64773D256C752C64777476
:1066B0003D256C750D0A0046572044415441200089
:1066C000504944200043414C20504F494E542043F0
:1066D000415054555245200043414C20504F494EA3
:1066E00054204745542000534554200043414C203A
:1066F000504F494E54205354415254200046572085
:106700000043414C20504F494E5420535445502093
:1067100031004F555420310043414C20504F494ED9
:10672000542053544550202D310043414C20504FAC
:10673000494E54205354455020350043414C20507D
:106740004F494E542053544550202D350046575F35
:106750004441544100256C756D4100444952454304
:10676000545F4441430043414C5F5345545F4441AF
:106770004300535441474544004E4F545F564552E1
:106780004946494544004441435F4150504C4945C6
:106790004400464C4153485F45524153455F464192
:1067A000494C454400573235513235365F575249CE
:1067B00054455F4641494C4544004D455441444190
:1067C00054415F57524954455F4641494C45440046
:1067D000494D4147455F5645524946595F464149F3
:1067E0004C45440043414E43454C4C454400434FC7
:1067F0004E4649524D45440052414D5F555044412B
:106800005445440052454A454354454400465720A8
:10681000454E440046575F454E44004441435F4D5A
:106820004F444500464C4153485F4F525F52414EE2
:1068300047450043414C5F504F494E545F434150E0
:1068400054555245004C4F475F5241544500494E04
:106850004143544956455F4F525F434F44455F5251
:10686000414E47455F4F525F4441435F5752495441
:106870004500494E4143544956455F4F525F494E8A
:1068800056414C49445F4D455445525F56414C5525
:10689000450043414C20534156450043414C5F5312
:1068A0004156450046575F5550444154455F41436A
:1068B0005449564500303132333435363738394152
:1068C0004243444546004C4F47204F4646004F55F3
:1068D00054204F4646004641554C545F434C454179
:1068E0005245445F4F55545055545F4F46460053F0
:1068F000415645445F4F55545055545F4F464600EE
:10690000444941470050494E47005245424F4F5479
:10691000494E4700434F5059494E4700504F4E474C
:10692000004C4F47004F46465345545F4F525F4619
:106930004C415348004C454E4754480043414C5F3E
:106940005345545F4900524F4C4C4241434B005712
:106950003235513235365F4F4B00545249414C006D
:1069600046575F424547494E004C4F47204F4E0027
:106970004F5554204F4E00494E464F0043414C5F07
:10698000504F494E545F535445500048454C5000B9
:1069900043414C20504F494E542053544F500043D4
:1069A000414C5F504F494E545F53544F5000464145
:1069B000554C545F4143544956455F5553455F43D9
:1069C0004C4541520052414E47455F4F525F4F5236
:1069D0004445520052414E47455F32305F353030BA
:1069E000304D530052414D5F44454641554C545340
:1069F0000043414C20504F494E542053544154556C
:106A00005300465720535441545553005553455F46
:106A10004745545F53544152545F535445505F436C
:106A20004150545552455F53544F505F5354415455
:106A300055530046575F5354415455530043414CFE
:106A4000204745540043414C20504F494E54204765
:106A500045540043414C5F504F494E545F474554A5
:106A6000005041434B45540043414C20524553454F
:106A7000540043414C5F524553455400494E4445F0
:106A8000585F4F525F4143544956455F4F525F46EE
:106A900041554C540043414C5F504F494E540043C4
:106AA000414C5F504F494E545F535441525400463D
:106AB000572041424F52540046575F41424F525473
:106AC000004F574E45445F42595F4F544845525F0F
:106AD000504F5254004F55540052414E47455F337A
:106AE0003230305F33323030304D560043414C5FEE
:106AF0005345545F5600256C756D560043414C203C
:106B0000524157004657204150504C590046575F5C
:106B10004150504C5900465720424547494E202588
:106B20006C7520256C7820256C7520256300434109
:106B30004C20534554204920256C6420256C64006A
:106B400043414C20534554205620256C6420256C2D
:106B50006400256C756D73005345542049202575DC
:106B60000053455420562025750043414C20534581
:106B70005420444143202575202575202575202566
:106B80007500256C752F256C752F257500504F5796
:106B9000455220285729002B002D0056362E322E24
:106BA00033004544495400464C54002D2D206D5669
:106BB00000E6B3A2E58AA82056707000256C752EF9
:106BC0002530336C7500E585B3E997AD004241444B
:106BD0005F44494500524541445F444945004E4F9A
:106BE0004E4500524541445F434647005752495481
:106BF000455F434647005645524946595F4346471D
:106C0000004241445F4D464700524541445F4D4676
:106C10004700415247004E4F5F41434B00524541B0
:106C2000445F43414C0057524954455F43414C0037
:106C30005645524946595F43414C00524541445FD5
:106C4000504F57455200524541445F425553005200
:106C50004541445F43555252454E540052454144CC
:106C60005F5348554E5400524541445F524541449C
:106C700059005B494E413232362D25735D206164E7
:106C800064723D3078253032582073746174653DEC
:106C90002573206661696C3D2573206D66673D3004
:106CA0007825303458206469653D30782530345873
:106CB000206366673D3078253034582063616C3D31
:106CC0003078253034582068616C3D307825303874
:106CD0006C58206572723D256C750D0A0040464C5B
:106CE0004153482C6F703D43414C5F4552415345E1
:106CF0002C73746167653D25732C616464723D2556
:106D000030386C582C656C61707365643D256C750A
:106D10002C696F3D25752C68616C3D2530386C58A9
:106D20002C7370695F73746174653D25752C737283
:106D3000315F76616C69643D25752C7372313D2538
:106D40003032582C6A656465633D253032582530F1
:106D50003258253032580D0A00464C4153485F5294
:106D600045434F52445F524541445F4641494C457B
:106D70004400464C4153485F5245434F52445F578D
:106D8000524954455F4641494C454400504F494E95
:106D9000545F4F524445525F4F525F56414C5545E8
:106DA00000464C4153485F5245434F52445F524561
:106DB00041444241434B5F4D49534D415443480088
:106DC000464C4153485F5245434F52445F43524300
:106DD0005F4F525F464F524D415400464C4153481D
:106DE0005F43555256455F4352435F4F525F464F94
:106DF000524D4154005B4441435D20777269746594
:106E0000206661696C65643B2070726576696F7598
:106E100073206170706C69656420636F64652072B3
:106E2000657461696E65640D0A00404641554C54B5
:106E30002C743D256C752C726561736F6E3D2573E6
:106E40002C70686173653D25752C636F6172736585
:106E50003D302C7069643D25752C7365743D257536
:106E60002C6461633D25752C766F75743D25752CFA
:106E700076756E63616C3D25752C76696E3D257562
:106E80002C69696E3D256C642C696F75743D256CA9
:106E9000642C706F75743D256C752C74656D703D38
:106EA00025642C76616C69643D25752C6167653DB0
:106EB000256C752C7365713D256C750D0A0049496B
:106EC0004E5F4F4300494F55545F4F43004D4F4E67
:106ED0005F4F46464C494E4500554E4B4E4F574E20
:106EE000004F545000564F55545F4F560056494E70
:106EF0005F555600494E4445585F305F31350000BC
:106F0000494E56414C49445F434F4D4D414E445FBD
:106F10005041594C4F41440053455353494F4E5FE4
:106F200041435449564500004F55545055545F4D08
:106F30005553545F42455F4F464600004F555450ED
:106F400055545F4F464600004C494E4B5F4E4F54E0
:106F50005F4F574E455200005553455F46575F53AC
:106F6000544154555300000053455155454E434537
:106F70005F434F4E464C494354000000414354493F
:106F800056455F53544F505F4649525354000000DA
:106F9000464C4153485F425553595F5245545259EC
:106FA0000000000053455454494E47535F42555327
:106FB000595F5245545259004C494E4B5F4255530C
:106FC00059000000E86F02080000002028000000BF
:106FD0006CBE0108107002082800002028D80000AC
:106FE0007CBE0108000000000000000000127A00D2
:106FF000FF01010102000000DE6B0208FFFFFFFF3E
:10700000FFFFFFFFFFFFFFFFFFFF01000800000081
:00000001FF
