ISO-10303-21;
HEADER;

/* File generated by Shapr3D Version 26.170.11783.0 */

FILE_DESCRIPTION(('HOOPS Exchange Step'),'2;1');

FILE_NAME('C:\\Users\\86180\\AppData\\Local\\Packages\\Shapr3D.Shapr3D_j403pzjkqtqbj\\TempState\\export\\temp_export',
'2026-10-03T13:22:55+08:00',
('86180'),
('Shapr3D Limited'),
'HOOPS Exchange 2026.3',
'Shapr3D',
'Authorized');

FILE_SCHEMA( ('AP242_MANAGED_MODEL_BASED_3D_ENGINEERING_MIM_LF {1 0 10303 442 1 1 4}') );

ENDSEC;

DATA;
#3=(NAMED_UNIT(*)PLANE_ANGLE_UNIT()SI_UNIT($,.RADIAN.));
#4=PLANE_ANGLE_MEASURE_WITH_UNIT(PLANE_ANGLE_MEASURE(0.0174532925),#3);
#5=(CONVERSION_BASED_UNIT('DEGREE',#4)NAMED_UNIT(#6)PLANE_ANGLE_UNIT());
#6=DIMENSIONAL_EXPONENTS(0.,0.,0.,0.,0.,0.,0.);
#7=(NAMED_UNIT(*)SI_UNIT($,.STERADIAN.)SOLID_ANGLE_UNIT());
#8=(LENGTH_UNIT()NAMED_UNIT(*)SI_UNIT(.MILLI.,.METRE.));
#9=UNCERTAINTY_MEASURE_WITH_UNIT(LENGTH_MEASURE(1.000000E-05),#8,'DISTANCE_ACCURACY_VALUE','Maximum Tolerance applied to model');
#10=(GEOMETRIC_REPRESENTATION_CONTEXT(3)GLOBAL_UNCERTAINTY_ASSIGNED_CONTEXT((#9))GLOBAL_UNIT_ASSIGNED_CONTEXT((#8,#5,#7))REPRESENTATION_CONTEXT('','root'));
#12=CARTESIAN_POINT('',(0.,0.,0.));
#13=DIRECTION('',(0.,0.,1.));
#14=DIRECTION('',(1.,0.,0.));
#15=AXIS2_PLACEMENT_3D('',#12,#13,#14);
#27=CARTESIAN_POINT('',(15.1,0.,-2.5));
#28=DIRECTION('',(0.,-1.,0.));
#29=DIRECTION('',(0.,0.,-1.));
#30=AXIS2_PLACEMENT_3D('',#27,#28,#29);
#31=PLANE('',#30);
#32=CARTESIAN_POINT('',(63.4,0.,-4.3138));
#33=VERTEX_POINT('',#32);
#34=CARTESIAN_POINT('',(63.4,0.,-11.5));
#35=VERTEX_POINT('',#34);
#36=CARTESIAN_POINT('',(63.4,0.,-4.3138));
#37=DIRECTION('',(0.,0.,-1.));
#38=VECTOR('',#37,7.1862);
#39=LINE('',#36,#38);
#40=EDGE_CURVE('',#33,#35,#39,.T.);
#41=ORIENTED_EDGE('',*,*,#40,.F.);
#42=CARTESIAN_POINT('',(62.979912599,0.,-3.299619299));
#43=VERTEX_POINT('',#42);
#44=CARTESIAN_POINT('',(62.979912599,0.,-3.299619299));
#45=DIRECTION('',(0.382683432,0.,-0.923879533));
#46=VECTOR('',#45,1.097741281);
#47=LINE('',#44,#46);
#48=EDGE_CURVE('',#43,#33,#47,.T.);
#49=ORIENTED_EDGE('',*,*,#48,.F.);
#50=CARTESIAN_POINT('',(61.783197748,0.,-2.5));
#51=VERTEX_POINT('',#50);
#52=CARTESIAN_POINT('',(61.783197748,0.,-2.5));
#53=DIRECTION('',(0.831469612,-0.,-0.555570233));
#54=VECTOR('',#53,1.439276713);
#55=LINE('',#52,#54);
#56=EDGE_CURVE('',#51,#43,#55,.T.);
#57=ORIENTED_EDGE('',*,*,#56,.F.);
#58=CARTESIAN_POINT('',(-1.,0.,-2.5));
#59=VERTEX_POINT('',#58);
#60=CARTESIAN_POINT('',(61.783197748,0.,-2.5));
#61=DIRECTION('',(-1.,0.,0.));
#62=VECTOR('',#61,62.783197748);
#63=LINE('',#60,#62);
#64=EDGE_CURVE('',#51,#59,#63,.T.);
#65=ORIENTED_EDGE('',*,*,#64,.T.);
#66=CARTESIAN_POINT('',(-1.,0.,-11.5));
#67=VERTEX_POINT('',#66);
#68=CARTESIAN_POINT('',(-1.,0.,-2.5));
#69=DIRECTION('',(0.,0.,-1.));
#70=VECTOR('',#69,9.);
#71=LINE('',#68,#70);
#72=EDGE_CURVE('',#59,#67,#71,.T.);
#73=ORIENTED_EDGE('',*,*,#72,.T.);
#74=CARTESIAN_POINT('',(10.5,0.,-11.5));
#75=VERTEX_POINT('',#74);
#76=CARTESIAN_POINT('',(10.5,0.,-11.5));
#77=DIRECTION('',(-1.,0.,0.));
#78=VECTOR('',#77,11.5);
#79=LINE('',#76,#78);
#80=EDGE_CURVE('',#75,#67,#79,.T.);
#81=ORIENTED_EDGE('',*,*,#80,.F.);
#82=CARTESIAN_POINT('',(10.5,0.,-10.5));
#83=VERTEX_POINT('',#82);
#84=CARTESIAN_POINT('',(10.5,0.,-10.5));
#85=DIRECTION('',(0.,0.,-1.));
#86=VECTOR('',#85,1.);
#87=LINE('',#84,#86);
#88=EDGE_CURVE('',#83,#75,#87,.T.);
#89=ORIENTED_EDGE('',*,*,#88,.F.);
#90=CARTESIAN_POINT('',(53.5,0.,-10.5));
#91=VERTEX_POINT('',#90);
#92=CARTESIAN_POINT('',(53.5,0.,-10.5));
#93=DIRECTION('',(-1.,0.,0.));
#94=VECTOR('',#93,43.);
#95=LINE('',#92,#94);
#96=EDGE_CURVE('',#91,#83,#95,.T.);
#97=ORIENTED_EDGE('',*,*,#96,.F.);
#98=CARTESIAN_POINT('',(53.5,0.,-11.5));
#99=VERTEX_POINT('',#98);
#100=CARTESIAN_POINT('',(53.5,0.,-10.5));
#101=DIRECTION('',(0.,0.,-1.));
#102=VECTOR('',#101,1.);
#103=LINE('',#100,#102);
#104=EDGE_CURVE('',#91,#99,#103,.T.);
#105=ORIENTED_EDGE('',*,*,#104,.T.);
#106=CARTESIAN_POINT('',(63.4,0.,-11.5));
#107=DIRECTION('',(-1.,0.,0.));
#108=VECTOR('',#107,9.9);
#109=LINE('',#106,#108);
#110=EDGE_CURVE('',#35,#99,#109,.T.);
#111=ORIENTED_EDGE('',*,*,#110,.F.);
#112=EDGE_LOOP('',(#41,#49,#57,#65,#73,#81,#89,#97,#105,#111));
#113=FACE_BOUND('',#112,.T.);
#114=ADVANCED_FACE('',(#113),#31,.T.);
#115=CARTESIAN_POINT('',(15.1,0.,-2.5));
#116=DIRECTION('',(0.,-1.,0.));
#117=DIRECTION('',(0.,0.,-1.));
#118=AXIS2_PLACEMENT_3D('',#115,#116,#117);
#119=PLANE('',#118);
#120=CARTESIAN_POINT('',(63.4,0.,-2.5));
#121=VERTEX_POINT('',#120);
#122=CARTESIAN_POINT('',(63.4,0.,-2.5));
#123=DIRECTION('',(0.,0.,-1.));
#124=VECTOR('',#123,1.8138);
#125=LINE('',#122,#124);
#126=EDGE_CURVE('',#121,#33,#125,.T.);
#127=ORIENTED_EDGE('',*,*,#126,.F.);
#128=CARTESIAN_POINT('',(61.783197748,0.,-2.5));
#129=DIRECTION('',(1.,0.,-0.));
#130=VECTOR('',#129,1.616802252);
#131=LINE('',#128,#130);
#132=EDGE_CURVE('',#51,#121,#131,.T.);
#133=ORIENTED_EDGE('',*,*,#132,.F.);
#134=ORIENTED_EDGE('',*,*,#56,.T.);
#135=ORIENTED_EDGE('',*,*,#48,.T.);
#136=EDGE_LOOP('',(#127,#133,#134,#135));
#137=FACE_BOUND('',#136,.T.);
#138=ADVANCED_FACE('',(#137),#119,.T.);
#139=CARTESIAN_POINT('',(58.4,-12.68514097,-1.9138));
#140=DIRECTION('',(0.,0.,1.));
#141=DIRECTION('',(1.,0.,0.));
#142=AXIS2_PLACEMENT_3D('',#139,#140,#141);
#143=PLANE('',#142);
#144=CARTESIAN_POINT('',(60.90588745,-1.1351,-1.9138));
#145=VERTEX_POINT('',#144);
#146=CARTESIAN_POINT('',(58.7,-1.1351,-1.9138));
#147=VERTEX_POINT('',#146);
#148=CARTESIAN_POINT('',(60.90588745,-1.1351,-1.9138));
#149=DIRECTION('',(-1.,0.,0.));
#150=VECTOR('',#149,2.20588745);
#151=LINE('',#148,#150);
#152=EDGE_CURVE('',#145,#147,#151,.T.);
#153=ORIENTED_EDGE('',*,*,#152,.F.);
#154=CARTESIAN_POINT('',(60.90588745,-12.8351,-1.9138));
#155=VERTEX_POINT('',#154);
#156=CARTESIAN_POINT('',(60.90588745,-1.1351,-1.9138));
#157=DIRECTION('',(0.,-1.,0.));
#158=VECTOR('',#157,11.7);
#159=LINE('',#156,#158);
#160=EDGE_CURVE('',#145,#155,#159,.T.);
#161=ORIENTED_EDGE('',*,*,#160,.T.);
#162=CARTESIAN_POINT('',(58.7,-12.8351,-1.9138));
#163=VERTEX_POINT('',#162);
#164=CARTESIAN_POINT('',(58.7,-12.8351,-1.9138));
#165=DIRECTION('',(1.,0.,-0.));
#166=VECTOR('',#165,2.20588745);
#167=LINE('',#164,#166);
#168=EDGE_CURVE('',#163,#155,#167,.T.);
#169=ORIENTED_EDGE('',*,*,#168,.F.);
#170=CARTESIAN_POINT('',(58.7,-12.8351,-1.9138));
#171=DIRECTION('',(0.,1.,0.));
#172=VECTOR('',#171,11.7);
#173=LINE('',#170,#172);
#174=EDGE_CURVE('',#163,#147,#173,.T.);
#175=ORIENTED_EDGE('',*,*,#174,.T.);
#176=EDGE_LOOP('',(#153,#161,#169,#175));
#177=FACE_BOUND('',#176,.T.);
#178=ADVANCED_FACE('',(#177),#143,.F.);
#179=CARTESIAN_POINT('',(58.7,-11.93514097,1.086156944));
#180=DIRECTION('',(1.,0.,0.));
#181=DIRECTION('',(0.,0.,-1.));
#182=AXIS2_PLACEMENT_3D('',#179,#180,#181);
#183=PLANE('',#182);
#184=CARTESIAN_POINT('',(58.7,-12.8351,1.3862));
#185=VERTEX_POINT('',#184);
#186=CARTESIAN_POINT('',(58.7,-12.8351,1.3862));
#187=DIRECTION('',(0.,0.,-1.));
#188=VECTOR('',#187,3.3);
#189=LINE('',#186,#188);
#190=EDGE_CURVE('',#185,#163,#189,.T.);
#191=ORIENTED_EDGE('',*,*,#190,.F.);
#192=CARTESIAN_POINT('',(58.7,-1.1351,1.3862));
#193=VERTEX_POINT('',#192);
#194=CARTESIAN_POINT('',(58.7,-1.1351,1.3862));
#195=DIRECTION('',(0.,-1.,0.));
#196=VECTOR('',#195,11.7);
#197=LINE('',#194,#196);
#198=EDGE_CURVE('',#193,#185,#197,.T.);
#199=ORIENTED_EDGE('',*,*,#198,.F.);
#200=CARTESIAN_POINT('',(58.7,-1.1351,-1.9138));
#201=DIRECTION('',(0.,0.,1.));
#202=VECTOR('',#201,3.3);
#203=LINE('',#200,#202);
#204=EDGE_CURVE('',#147,#193,#203,.T.);
#205=ORIENTED_EDGE('',*,*,#204,.F.);
#206=ORIENTED_EDGE('',*,*,#174,.F.);
#207=EDGE_LOOP('',(#191,#199,#205,#206));
#208=FACE_BOUND('',#207,.T.);
#209=ADVANCED_FACE('',(#208),#183,.F.);
#210=CARTESIAN_POINT('',(0.,0.,1.3862));
#211=DIRECTION('',(0.,0.,1.));
#212=DIRECTION('',(0.,1.,0.));
#213=AXIS2_PLACEMENT_3D('',#210,#211,#212);
#214=PLANE('',#213);
#215=CARTESIAN_POINT('',(60.177133473,-1.1351,1.3862));
#216=VERTEX_POINT('',#215);
#217=CARTESIAN_POINT('',(60.177133473,-12.8351,1.3862));
#218=VERTEX_POINT('',#217);
#219=CARTESIAN_POINT('',(60.177133473,-1.1351,1.3862));
#220=DIRECTION('',(0.,-1.,0.));
#221=VECTOR('',#220,11.7);
#222=LINE('',#219,#221);
#223=EDGE_CURVE('',#216,#218,#222,.T.);
#224=ORIENTED_EDGE('',*,*,#223,.F.);
#225=CARTESIAN_POINT('',(58.7,-1.1351,1.3862));
#226=DIRECTION('',(1.,0.,-0.));
#227=VECTOR('',#226,1.477133473);
#228=LINE('',#225,#227);
#229=EDGE_CURVE('',#193,#216,#228,.T.);
#230=ORIENTED_EDGE('',*,*,#229,.F.);
#231=ORIENTED_EDGE('',*,*,#198,.T.);
#232=CARTESIAN_POINT('',(60.177133473,-12.8351,1.3862));
#233=DIRECTION('',(-1.,0.,0.));
#234=VECTOR('',#233,1.477133473);
#235=LINE('',#232,#234);
#236=EDGE_CURVE('',#218,#185,#235,.T.);
#237=ORIENTED_EDGE('',*,*,#236,.F.);
#238=EDGE_LOOP('',(#224,#230,#231,#237));
#239=FACE_BOUND('',#238,.T.);
#240=ADVANCED_FACE('',(#239),#214,.T.);
#241=CARTESIAN_POINT('',(60.177133473,-1.535120485,1.3862));
#242=DIRECTION('',(1.,0.,0.));
#243=DIRECTION('',(0.,0.,-1.));
#244=AXIS2_PLACEMENT_3D('',#241,#242,#243);
#245=PLANE('',#244);
#246=CARTESIAN_POINT('',(60.177133473,-1.1351,0.0862));
#247=VERTEX_POINT('',#246);
#248=CARTESIAN_POINT('',(60.177133473,-12.8351,0.0862));
#249=VERTEX_POINT('',#248);
#250=CARTESIAN_POINT('',(60.177133473,-1.1351,0.0862));
#251=DIRECTION('',(0.,-1.,0.));
#252=VECTOR('',#251,11.7);
#253=LINE('',#250,#252);
#254=EDGE_CURVE('',#247,#249,#253,.T.);
#255=ORIENTED_EDGE('',*,*,#254,.F.);
#256=CARTESIAN_POINT('',(60.177133473,-1.1351,1.3862));
#257=DIRECTION('',(0.,0.,-1.));
#258=VECTOR('',#257,1.3);
#259=LINE('',#256,#258);
#260=EDGE_CURVE('',#216,#247,#259,.T.);
#261=ORIENTED_EDGE('',*,*,#260,.F.);
#262=ORIENTED_EDGE('',*,*,#223,.T.);
#263=CARTESIAN_POINT('',(60.177133473,-12.8351,1.3862));
#264=DIRECTION('',(0.,0.,-1.));
#265=VECTOR('',#264,1.3);
#266=LINE('',#263,#265);
#267=EDGE_CURVE('',#218,#249,#266,.T.);
#268=ORIENTED_EDGE('',*,*,#267,.T.);
#269=EDGE_LOOP('',(#255,#261,#262,#268));
#270=FACE_BOUND('',#269,.T.);
#271=ADVANCED_FACE('',(#270),#245,.T.);
#272=CARTESIAN_POINT('',(60.90588745,-12.68514097,-1.9138));
#273=DIRECTION('',(-0.555570233,-0.,-0.831469612));
#274=DIRECTION('',(-0.,1.,-0.));
#275=AXIS2_PLACEMENT_3D('',#272,#273,#274);
#276=PLANE('',#275);
#277=CARTESIAN_POINT('',(61.783197748,-12.8351,-2.5));
#278=VERTEX_POINT('',#277);
#279=CARTESIAN_POINT('',(62.979912599,-12.8351,-3.299619299));
#280=VERTEX_POINT('',#279);
#281=CARTESIAN_POINT('',(61.783197748,-12.8351,-2.5));
#282=DIRECTION('',(0.831469612,-0.,-0.555570233));
#283=VECTOR('',#282,1.439276713);
#284=LINE('',#281,#283);
#285=EDGE_CURVE('',#278,#280,#284,.T.);
#286=ORIENTED_EDGE('',*,*,#285,.F.);
#287=CARTESIAN_POINT('',(60.90588745,-12.8351,-1.9138));
#288=DIRECTION('',(0.831469612,-0.,-0.555570233));
#289=VECTOR('',#288,1.055132124);
#290=LINE('',#287,#289);
#291=EDGE_CURVE('',#155,#278,#290,.T.);
#292=ORIENTED_EDGE('',*,*,#291,.F.);
#293=ORIENTED_EDGE('',*,*,#160,.F.);
#294=CARTESIAN_POINT('',(61.783197748,-1.1351,-2.5));
#295=VERTEX_POINT('',#294);
#296=CARTESIAN_POINT('',(61.783197748,-1.1351,-2.5));
#297=DIRECTION('',(-0.831469612,-0.,0.555570233));
#298=VECTOR('',#297,1.055132124);
#299=LINE('',#296,#298);
#300=EDGE_CURVE('',#295,#145,#299,.T.);
#301=ORIENTED_EDGE('',*,*,#300,.F.);
#302=CARTESIAN_POINT('',(62.979912599,-1.1351,-3.299619299));
#303=VERTEX_POINT('',#302);
#304=CARTESIAN_POINT('',(62.979912599,-1.1351,-3.299619299));
#305=DIRECTION('',(-0.831469612,-0.,0.555570233));
#306=VECTOR('',#305,1.439276713);
#307=LINE('',#304,#306);
#308=EDGE_CURVE('',#303,#295,#307,.T.);
#309=ORIENTED_EDGE('',*,*,#308,.F.);
#310=CARTESIAN_POINT('',(62.979912599,-12.8351,-3.299619299));
#311=DIRECTION('',(-0.,1.,0.));
#312=VECTOR('',#311,11.7);
#313=LINE('',#310,#312);
#314=EDGE_CURVE('',#280,#303,#313,.T.);
#315=ORIENTED_EDGE('',*,*,#314,.F.);
#316=EDGE_LOOP('',(#286,#292,#293,#301,#309,#315));
#317=FACE_BOUND('',#316,.T.);
#318=ADVANCED_FACE('',(#317),#276,.T.);
#319=CARTESIAN_POINT('',(51.177133473,-12.8351,1.086156944));
#320=DIRECTION('',(0.,-1.,0.));
#321=DIRECTION('',(0.,0.,1.));
#322=AXIS2_PLACEMENT_3D('',#319,#320,#321);
#323=PLANE('',#322);
#324=CARTESIAN_POINT('',(63.4,-12.8351,-4.3138));
#325=VERTEX_POINT('',#324);
#326=CARTESIAN_POINT('',(62.979912599,-12.8351,-3.299619299));
#327=DIRECTION('',(0.382683432,0.,-0.923879533));
#328=VECTOR('',#327,1.097741281);
#329=LINE('',#326,#328);
#330=EDGE_CURVE('',#280,#325,#329,.T.);
#331=ORIENTED_EDGE('',*,*,#330,.T.);
#332=CARTESIAN_POINT('',(63.4,-12.8351,-2.5));
#333=VERTEX_POINT('',#332);
#334=CARTESIAN_POINT('',(63.4,-12.8351,-4.3138));
#335=DIRECTION('',(0.,0.,1.));
#336=VECTOR('',#335,1.8138);
#337=LINE('',#334,#336);
#338=EDGE_CURVE('',#325,#333,#337,.T.);
#339=ORIENTED_EDGE('',*,*,#338,.T.);
#340=CARTESIAN_POINT('',(61.783197748,-12.8351,-2.5));
#341=DIRECTION('',(1.,0.,-0.));
#342=VECTOR('',#341,1.616802252);
#343=LINE('',#340,#342);
#344=EDGE_CURVE('',#278,#333,#343,.T.);
#345=ORIENTED_EDGE('',*,*,#344,.F.);
#346=ORIENTED_EDGE('',*,*,#285,.T.);
#347=EDGE_LOOP('',(#331,#339,#345,#346));
#348=FACE_BOUND('',#347,.T.);
#349=ADVANCED_FACE('',(#348),#323,.T.);
#350=CARTESIAN_POINT('',(63.4,5.,-4.3138));
#351=DIRECTION('',(0.923879533,0.,0.382683432));
#352=DIRECTION('',(-0.,1.,-0.));
#353=AXIS2_PLACEMENT_3D('',#350,#351,#352);
#354=PLANE('',#353);
#355=ORIENTED_EDGE('',*,*,#330,.F.);
#356=ORIENTED_EDGE('',*,*,#314,.T.);
#357=CARTESIAN_POINT('',(63.4,-1.1351,-4.3138));
#358=VERTEX_POINT('',#357);
#359=CARTESIAN_POINT('',(63.4,-1.1351,-4.3138));
#360=DIRECTION('',(-0.382683432,0.,0.923879533));
#361=VECTOR('',#360,1.097741281);
#362=LINE('',#359,#361);
#363=EDGE_CURVE('',#358,#303,#362,.T.);
#364=ORIENTED_EDGE('',*,*,#363,.F.);
#365=CARTESIAN_POINT('',(63.4,-3.166159845,-4.3138));
#366=VERTEX_POINT('',#365);
#367=CARTESIAN_POINT('',(63.4,-3.166159845,-4.3138));
#368=DIRECTION('',(-0.,1.,0.));
#369=VECTOR('',#368,2.031059845);
#370=LINE('',#367,#369);
#371=EDGE_CURVE('',#366,#358,#370,.T.);
#372=ORIENTED_EDGE('',*,*,#371,.F.);
#373=CARTESIAN_POINT('',(63.4,-5.833840155,-4.3138));
#374=VERTEX_POINT('',#373);
#375=CARTESIAN_POINT('',(63.684233347,-4.5,-5.));
#376=DIRECTION('',(-0.923879533,-0.,-0.382683432));
#377=DIRECTION('',(0.382683432,-0.,-0.923879533));
#378=AXIS2_PLACEMENT_3D('',#375,#376,#377);
#379=ELLIPSE('',#378,1.6235883,1.5);
#380=EDGE_CURVE('',#374,#366,#379,.T.);
#381=ORIENTED_EDGE('',*,*,#380,.F.);
#382=CARTESIAN_POINT('',(63.4,-9.166159845,-4.3138));
#383=VERTEX_POINT('',#382);
#384=CARTESIAN_POINT('',(63.4,-9.166159845,-4.3138));
#385=DIRECTION('',(-0.,1.,-0.));
#386=VECTOR('',#385,3.332319689);
#387=LINE('',#384,#386);
#388=EDGE_CURVE('',#383,#374,#387,.T.);
#389=ORIENTED_EDGE('',*,*,#388,.F.);
#390=CARTESIAN_POINT('',(63.4,-11.833840155,-4.3138));
#391=VERTEX_POINT('',#390);
#392=CARTESIAN_POINT('',(63.684233347,-10.5,-5.));
#393=DIRECTION('',(-0.923879533,-0.,-0.382683432));
#394=DIRECTION('',(0.382683432,-0.,-0.923879533));
#395=AXIS2_PLACEMENT_3D('',#392,#393,#394);
#396=ELLIPSE('',#395,1.6235883,1.5);
#397=EDGE_CURVE('',#391,#383,#396,.T.);
#398=ORIENTED_EDGE('',*,*,#397,.F.);
#399=CARTESIAN_POINT('',(63.4,-12.8351,-4.3138));
#400=DIRECTION('',(-0.,1.,0.));
#401=VECTOR('',#400,1.001259845);
#402=LINE('',#399,#401);
#403=EDGE_CURVE('',#325,#391,#402,.T.);
#404=ORIENTED_EDGE('',*,*,#403,.F.);
#405=EDGE_LOOP('',(#355,#356,#364,#372,#381,#389,#398,#404));
#406=FACE_BOUND('',#405,.T.);
#407=ADVANCED_FACE('',(#406),#354,.F.);
#408=CARTESIAN_POINT('',(51.177133473,-12.8351,1.086156944));
#409=DIRECTION('',(0.,-1.,0.));
#410=DIRECTION('',(0.,0.,1.));
#411=AXIS2_PLACEMENT_3D('',#408,#409,#410);
#412=PLANE('',#411);
#413=ORIENTED_EDGE('',*,*,#344,.T.);
#414=CARTESIAN_POINT('',(64.3,-12.8351,-2.5));
#415=VERTEX_POINT('',#414);
#416=CARTESIAN_POINT('',(63.4,-12.8351,-2.5));
#417=DIRECTION('',(1.,0.,-0.));
#418=VECTOR('',#417,0.9);
#419=LINE('',#416,#418);
#420=EDGE_CURVE('',#333,#415,#419,.T.);
#421=ORIENTED_EDGE('',*,*,#420,.T.);
#422=CARTESIAN_POINT('',(64.3,-12.8351,-4.));
#423=VERTEX_POINT('',#422);
#424=CARTESIAN_POINT('',(64.3,-12.8351,-4.));
#425=DIRECTION('',(0.,0.,1.));
#426=VECTOR('',#425,1.5);
#427=LINE('',#424,#426);
#428=EDGE_CURVE('',#423,#415,#427,.T.);
#429=ORIENTED_EDGE('',*,*,#428,.F.);
#430=CARTESIAN_POINT('',(65.4,-12.8351,-4.));
#431=VERTEX_POINT('',#430);
#432=CARTESIAN_POINT('',(64.3,-12.8351,-4.));
#433=DIRECTION('',(1.,0.,-0.));
#434=VECTOR('',#433,1.1);
#435=LINE('',#432,#434);
#436=EDGE_CURVE('',#423,#431,#435,.T.);
#437=ORIENTED_EDGE('',*,*,#436,.T.);
#438=CARTESIAN_POINT('',(65.4,-12.8351,-0.9138));
#439=VERTEX_POINT('',#438);
#440=CARTESIAN_POINT('',(65.4,-12.8351,-4.));
#441=DIRECTION('',(0.,0.,1.));
#442=VECTOR('',#441,3.0862);
#443=LINE('',#440,#442);
#444=EDGE_CURVE('',#431,#439,#443,.T.);
#445=ORIENTED_EDGE('',*,*,#444,.T.);
#446=CARTESIAN_POINT('',(64.4,-12.8351,0.0862));
#447=VERTEX_POINT('',#446);
#448=CARTESIAN_POINT('',(64.4,-12.8351,0.0862));
#449=DIRECTION('',(0.707106781,0.,-0.707106781));
#450=VECTOR('',#449,1.414213562);
#451=LINE('',#448,#450);
#452=EDGE_CURVE('',#447,#439,#451,.T.);
#453=ORIENTED_EDGE('',*,*,#452,.F.);
#454=CARTESIAN_POINT('',(60.177133473,-12.8351,0.0862));
#455=DIRECTION('',(1.,0.,-0.));
#456=VECTOR('',#455,4.222866527);
#457=LINE('',#454,#456);
#458=EDGE_CURVE('',#249,#447,#457,.T.);
#459=ORIENTED_EDGE('',*,*,#458,.F.);
#460=ORIENTED_EDGE('',*,*,#267,.F.);
#461=ORIENTED_EDGE('',*,*,#236,.T.);
#462=ORIENTED_EDGE('',*,*,#190,.T.);
#463=ORIENTED_EDGE('',*,*,#168,.T.);
#464=ORIENTED_EDGE('',*,*,#291,.T.);
#465=EDGE_LOOP('',(#413,#421,#429,#437,#445,#453,#459,#460,#461,#462,#463,#464));
#466=FACE_BOUND('',#465,.T.);
#467=ADVANCED_FACE('',(#466),#412,.T.);
#468=CARTESIAN_POINT('',(55.677133473,-6.98514097,0.0862));
#469=DIRECTION('',(0.,0.,1.));
#470=DIRECTION('',(0.,1.,0.));
#471=AXIS2_PLACEMENT_3D('',#468,#469,#470);
#472=PLANE('',#471);
#473=ORIENTED_EDGE('',*,*,#458,.T.);
#474=CARTESIAN_POINT('',(64.4,-1.1351,0.0862));
#475=VERTEX_POINT('',#474);
#476=CARTESIAN_POINT('',(64.4,-12.8351,0.0862));
#477=DIRECTION('',(0.,1.,0.));
#478=VECTOR('',#477,11.7);
#479=LINE('',#476,#478);
#480=EDGE_CURVE('',#447,#475,#479,.T.);
#481=ORIENTED_EDGE('',*,*,#480,.T.);
#482=CARTESIAN_POINT('',(64.4,-1.1351,0.0862));
#483=DIRECTION('',(-1.,0.,0.));
#484=VECTOR('',#483,4.222866527);
#485=LINE('',#482,#484);
#486=EDGE_CURVE('',#475,#247,#485,.T.);
#487=ORIENTED_EDGE('',*,*,#486,.T.);
#488=ORIENTED_EDGE('',*,*,#254,.T.);
#489=EDGE_LOOP('',(#473,#481,#487,#488));
#490=FACE_BOUND('',#489,.T.);
#491=ADVANCED_FACE('',(#490),#472,.T.);
#492=CARTESIAN_POINT('',(63.4,-10.5,-5.));
#493=DIRECTION('',(1.,0.,0.));
#494=DIRECTION('',(0.,0.,-1.));
#495=AXIS2_PLACEMENT_3D('',#492,#493,#494);
#496=CYLINDRICAL_SURFACE('',#495,1.5);
#497=ORIENTED_EDGE('',*,*,#397,.T.);
#498=CARTESIAN_POINT('',(63.4,-9.,-5.));
#499=VERTEX_POINT('',#498);
#500=CARTESIAN_POINT('',(63.4,-10.5,-5.));
#501=DIRECTION('',(1.,0.,0.));
#502=DIRECTION('',(-0.,1.,0.));
#503=AXIS2_PLACEMENT_3D('',#500,#501,#502);
#504=CIRCLE('',#503,1.5);
#505=EDGE_CURVE('',#499,#383,#504,.T.);
#506=ORIENTED_EDGE('',*,*,#505,.F.);
#507=CARTESIAN_POINT('',(65.4,-9.,-5.));
#508=VERTEX_POINT('',#507);
#509=CARTESIAN_POINT('',(63.4,-9.,-5.));
#510=DIRECTION('',(1.,0.,-0.));
#511=VECTOR('',#510,2.);
#512=LINE('',#509,#511);
#513=EDGE_CURVE('',#499,#508,#512,.T.);
#514=ORIENTED_EDGE('',*,*,#513,.T.);
#515=CARTESIAN_POINT('',(65.4,-12.,-5.));
#516=VERTEX_POINT('',#515);
#517=CARTESIAN_POINT('',(65.4,-10.5,-5.));
#518=DIRECTION('',(1.,0.,0.));
#519=DIRECTION('',(-0.,1.,0.));
#520=AXIS2_PLACEMENT_3D('',#517,#518,#519);
#521=CIRCLE('',#520,1.5);
#522=EDGE_CURVE('',#508,#516,#521,.T.);
#523=ORIENTED_EDGE('',*,*,#522,.T.);
#524=CARTESIAN_POINT('',(63.4,-12.,-5.));
#525=VERTEX_POINT('',#524);
#526=CARTESIAN_POINT('',(63.4,-12.,-5.));
#527=DIRECTION('',(1.,0.,-0.));
#528=VECTOR('',#527,2.);
#529=LINE('',#526,#528);
#530=EDGE_CURVE('',#525,#516,#529,.T.);
#531=ORIENTED_EDGE('',*,*,#530,.F.);
#532=CARTESIAN_POINT('',(63.4,-10.5,-5.));
#533=DIRECTION('',(1.,0.,0.));
#534=DIRECTION('',(-0.,1.,0.));
#535=AXIS2_PLACEMENT_3D('',#532,#533,#534);
#536=CIRCLE('',#535,1.5);
#537=EDGE_CURVE('',#391,#525,#536,.T.);
#538=ORIENTED_EDGE('',*,*,#537,.F.);
#539=EDGE_LOOP('',(#497,#506,#514,#523,#531,#538));
#540=FACE_BOUND('',#539,.T.);
#541=ADVANCED_FACE('',(#540),#496,.F.);
#542=CARTESIAN_POINT('',(60.177133473,-1.1351,1.086156944));
#543=DIRECTION('',(0.,1.,0.));
#544=DIRECTION('',(-1.,0.,0.));
#545=AXIS2_PLACEMENT_3D('',#542,#543,#544);
#546=PLANE('',#545);
#547=ORIENTED_EDGE('',*,*,#486,.F.);
#548=CARTESIAN_POINT('',(65.4,-1.1351,-0.9138));
#549=VERTEX_POINT('',#548);
#550=CARTESIAN_POINT('',(65.4,-1.1351,-0.9138));
#551=DIRECTION('',(-0.707106781,0.,0.707106781));
#552=VECTOR('',#551,1.414213562);
#553=LINE('',#550,#552);
#554=EDGE_CURVE('',#549,#475,#553,.T.);
#555=ORIENTED_EDGE('',*,*,#554,.F.);
#556=CARTESIAN_POINT('',(65.4,-1.1351,-4.));
#557=VERTEX_POINT('',#556);
#558=CARTESIAN_POINT('',(65.4,-1.1351,-0.9138));
#559=DIRECTION('',(0.,0.,-1.));
#560=VECTOR('',#559,3.0862);
#561=LINE('',#558,#560);
#562=EDGE_CURVE('',#549,#557,#561,.T.);
#563=ORIENTED_EDGE('',*,*,#562,.T.);
#564=CARTESIAN_POINT('',(64.3,-1.1351,-4.));
#565=VERTEX_POINT('',#564);
#566=CARTESIAN_POINT('',(65.4,-1.1351,-4.));
#567=DIRECTION('',(-1.,0.,0.));
#568=VECTOR('',#567,1.1);
#569=LINE('',#566,#568);
#570=EDGE_CURVE('',#557,#565,#569,.T.);
#571=ORIENTED_EDGE('',*,*,#570,.T.);
#572=CARTESIAN_POINT('',(64.3,-1.1351,-2.5));
#573=VERTEX_POINT('',#572);
#574=CARTESIAN_POINT('',(64.3,-1.1351,-4.));
#575=DIRECTION('',(0.,0.,1.));
#576=VECTOR('',#575,1.5);
#577=LINE('',#574,#576);
#578=EDGE_CURVE('',#565,#573,#577,.T.);
#579=ORIENTED_EDGE('',*,*,#578,.T.);
#580=CARTESIAN_POINT('',(63.4,-1.1351,-2.5));
#581=VERTEX_POINT('',#580);
#582=CARTESIAN_POINT('',(64.3,-1.1351,-2.5));
#583=DIRECTION('',(-1.,0.,0.));
#584=VECTOR('',#583,0.9);
#585=LINE('',#582,#584);
#586=EDGE_CURVE('',#573,#581,#585,.T.);
#587=ORIENTED_EDGE('',*,*,#586,.T.);
#588=CARTESIAN_POINT('',(63.4,-1.1351,-2.5));
#589=DIRECTION('',(-1.,0.,0.));
#590=VECTOR('',#589,1.616802252);
#591=LINE('',#588,#590);
#592=EDGE_CURVE('',#581,#295,#591,.T.);
#593=ORIENTED_EDGE('',*,*,#592,.T.);
#594=ORIENTED_EDGE('',*,*,#300,.T.);
#595=ORIENTED_EDGE('',*,*,#152,.T.);
#596=ORIENTED_EDGE('',*,*,#204,.T.);
#597=ORIENTED_EDGE('',*,*,#229,.T.);
#598=ORIENTED_EDGE('',*,*,#260,.T.);
#599=EDGE_LOOP('',(#547,#555,#563,#571,#579,#587,#593,#594,#595,#596,#597,#598));
#600=FACE_BOUND('',#599,.T.);
#601=ADVANCED_FACE('',(#600),#546,.T.);
#602=CARTESIAN_POINT('',(60.177133473,-1.1351,1.086156944));
#603=DIRECTION('',(0.,1.,0.));
#604=DIRECTION('',(-1.,0.,0.));
#605=AXIS2_PLACEMENT_3D('',#602,#603,#604);
#606=PLANE('',#605);
#607=ORIENTED_EDGE('',*,*,#592,.F.);
#608=CARTESIAN_POINT('',(63.4,-1.1351,-2.5));
#609=DIRECTION('',(0.,0.,-1.));
#610=VECTOR('',#609,1.8138);
#611=LINE('',#608,#610);
#612=EDGE_CURVE('',#581,#358,#611,.T.);
#613=ORIENTED_EDGE('',*,*,#612,.T.);
#614=ORIENTED_EDGE('',*,*,#363,.T.);
#615=ORIENTED_EDGE('',*,*,#308,.T.);
#616=EDGE_LOOP('',(#607,#613,#614,#615));
#617=FACE_BOUND('',#616,.T.);
#618=ADVANCED_FACE('',(#617),#606,.T.);
#619=CARTESIAN_POINT('',(63.4,-4.5,-5.));
#620=DIRECTION('',(1.,0.,0.));
#621=DIRECTION('',(0.,0.,-1.));
#622=AXIS2_PLACEMENT_3D('',#619,#620,#621);
#623=CYLINDRICAL_SURFACE('',#622,1.5);
#624=ORIENTED_EDGE('',*,*,#380,.T.);
#625=CARTESIAN_POINT('',(63.4,-3.,-5.));
#626=VERTEX_POINT('',#625);
#627=CARTESIAN_POINT('',(63.4,-4.5,-5.));
#628=DIRECTION('',(1.,0.,0.));
#629=DIRECTION('',(-0.,1.,0.));
#630=AXIS2_PLACEMENT_3D('',#627,#628,#629);
#631=CIRCLE('',#630,1.5);
#632=EDGE_CURVE('',#626,#366,#631,.T.);
#633=ORIENTED_EDGE('',*,*,#632,.F.);
#634=CARTESIAN_POINT('',(65.4,-3.,-5.));
#635=VERTEX_POINT('',#634);
#636=CARTESIAN_POINT('',(63.4,-3.,-5.));
#637=DIRECTION('',(1.,0.,-0.));
#638=VECTOR('',#637,2.);
#639=LINE('',#636,#638);
#640=EDGE_CURVE('',#626,#635,#639,.T.);
#641=ORIENTED_EDGE('',*,*,#640,.T.);
#642=CARTESIAN_POINT('',(65.4,-6.,-5.));
#643=VERTEX_POINT('',#642);
#644=CARTESIAN_POINT('',(65.4,-4.5,-5.));
#645=DIRECTION('',(1.,0.,0.));
#646=DIRECTION('',(-0.,1.,0.));
#647=AXIS2_PLACEMENT_3D('',#644,#645,#646);
#648=CIRCLE('',#647,1.5);
#649=EDGE_CURVE('',#635,#643,#648,.T.);
#650=ORIENTED_EDGE('',*,*,#649,.T.);
#651=CARTESIAN_POINT('',(63.4,-6.,-5.));
#652=VERTEX_POINT('',#651);
#653=CARTESIAN_POINT('',(63.4,-6.,-5.));
#654=DIRECTION('',(1.,0.,-0.));
#655=VECTOR('',#654,2.);
#656=LINE('',#653,#655);
#657=EDGE_CURVE('',#652,#643,#656,.T.);
#658=ORIENTED_EDGE('',*,*,#657,.F.);
#659=CARTESIAN_POINT('',(63.4,-4.5,-5.));
#660=DIRECTION('',(1.,0.,0.));
#661=DIRECTION('',(-0.,1.,0.));
#662=AXIS2_PLACEMENT_3D('',#659,#660,#661);
#663=CIRCLE('',#662,1.5);
#664=EDGE_CURVE('',#374,#652,#663,.T.);
#665=ORIENTED_EDGE('',*,*,#664,.F.);
#666=EDGE_LOOP('',(#624,#633,#641,#650,#658,#665));
#667=FACE_BOUND('',#666,.T.);
#668=ADVANCED_FACE('',(#667),#623,.F.);
#669=CARTESIAN_POINT('',(64.4,-6.98514097,0.0862));
#670=DIRECTION('',(0.707106781,0.,0.707106781));
#671=DIRECTION('',(0.,-1.,0.));
#672=AXIS2_PLACEMENT_3D('',#669,#670,#671);
#673=PLANE('',#672);
#674=CARTESIAN_POINT('',(65.4,-1.1351,-0.9138));
#675=DIRECTION('',(0.,-1.,0.));
#676=VECTOR('',#675,11.7);
#677=LINE('',#674,#676);
#678=EDGE_CURVE('',#549,#439,#677,.T.);
#679=ORIENTED_EDGE('',*,*,#678,.F.);
#680=ORIENTED_EDGE('',*,*,#554,.T.);
#681=ORIENTED_EDGE('',*,*,#480,.F.);
#682=ORIENTED_EDGE('',*,*,#452,.T.);
#683=EDGE_LOOP('',(#679,#680,#681,#682));
#684=FACE_BOUND('',#683,.T.);
#685=ADVANCED_FACE('',(#684),#673,.T.);
#686=CARTESIAN_POINT('',(63.4,-12.,-7.5));
#687=DIRECTION('',(0.,1.,0.));
#688=DIRECTION('',(0.,0.,1.));
#689=AXIS2_PLACEMENT_3D('',#686,#687,#688);
#690=PLANE('',#689);
#691=CARTESIAN_POINT('',(65.4,-12.,-10.));
#692=VERTEX_POINT('',#691);
#693=CARTESIAN_POINT('',(65.4,-12.,-10.));
#694=DIRECTION('',(0.,0.,1.));
#695=VECTOR('',#694,5.);
#696=LINE('',#693,#695);
#697=EDGE_CURVE('',#692,#516,#696,.T.);
#698=ORIENTED_EDGE('',*,*,#697,.F.);
#699=CARTESIAN_POINT('',(63.4,-12.,-10.));
#700=VERTEX_POINT('',#699);
#701=CARTESIAN_POINT('',(63.4,-12.,-10.));
#702=DIRECTION('',(1.,0.,-0.));
#703=VECTOR('',#702,2.);
#704=LINE('',#701,#703);
#705=EDGE_CURVE('',#700,#692,#704,.T.);
#706=ORIENTED_EDGE('',*,*,#705,.F.);
#707=CARTESIAN_POINT('',(63.4,-12.,-10.));
#708=DIRECTION('',(0.,0.,1.));
#709=VECTOR('',#708,5.);
#710=LINE('',#707,#709);
#711=EDGE_CURVE('',#700,#525,#710,.T.);
#712=ORIENTED_EDGE('',*,*,#711,.T.);
#713=ORIENTED_EDGE('',*,*,#530,.T.);
#714=EDGE_LOOP('',(#698,#706,#712,#713));
#715=FACE_BOUND('',#714,.T.);
#716=ADVANCED_FACE('',(#715),#690,.T.);
#717=CARTESIAN_POINT('',(63.4,-9.,-7.5));
#718=DIRECTION('',(0.,-1.,0.));
#719=DIRECTION('',(0.,0.,-1.));
#720=AXIS2_PLACEMENT_3D('',#717,#718,#719);
#721=PLANE('',#720);
#722=CARTESIAN_POINT('',(65.4,-9.,-10.));
#723=VERTEX_POINT('',#722);
#724=CARTESIAN_POINT('',(65.4,-9.,-5.));
#725=DIRECTION('',(0.,0.,-1.));
#726=VECTOR('',#725,5.);
#727=LINE('',#724,#726);
#728=EDGE_CURVE('',#508,#723,#727,.T.);
#729=ORIENTED_EDGE('',*,*,#728,.F.);
#730=ORIENTED_EDGE('',*,*,#513,.F.);
#731=CARTESIAN_POINT('',(63.4,-9.,-10.));
#732=VERTEX_POINT('',#731);
#733=CARTESIAN_POINT('',(63.4,-9.,-5.));
#734=DIRECTION('',(0.,0.,-1.));
#735=VECTOR('',#734,5.);
#736=LINE('',#733,#735);
#737=EDGE_CURVE('',#499,#732,#736,.T.);
#738=ORIENTED_EDGE('',*,*,#737,.T.);
#739=CARTESIAN_POINT('',(63.4,-9.,-10.));
#740=DIRECTION('',(1.,0.,-0.));
#741=VECTOR('',#740,2.);
#742=LINE('',#739,#741);
#743=EDGE_CURVE('',#732,#723,#742,.T.);
#744=ORIENTED_EDGE('',*,*,#743,.T.);
#745=EDGE_LOOP('',(#729,#730,#738,#744));
#746=FACE_BOUND('',#745,.T.);
#747=ADVANCED_FACE('',(#746),#721,.T.);
#748=CARTESIAN_POINT('',(63.4,-10.5,-10.));
#749=DIRECTION('',(1.,0.,0.));
#750=DIRECTION('',(0.,0.,-1.));
#751=AXIS2_PLACEMENT_3D('',#748,#749,#750);
#752=CYLINDRICAL_SURFACE('',#751,1.5);
#753=CARTESIAN_POINT('',(65.4,-10.5,-11.5));
#754=VERTEX_POINT('',#753);
#755=CARTESIAN_POINT('',(63.4,-10.5,-11.5));
#756=VERTEX_POINT('',#755);
#757=CARTESIAN_POINT('',(65.4,-10.5,-11.5));
#758=DIRECTION('',(-1.,-0.,0.));
#759=VECTOR('',#758,2.);
#760=LINE('',#757,#759);
#761=EDGE_CURVE('',#754,#756,#760,.T.);
#762=ORIENTED_EDGE('',*,*,#761,.F.);
#763=CARTESIAN_POINT('',(65.4,-10.5,-10.));
#764=DIRECTION('',(1.,0.,0.));
#765=DIRECTION('',(0.,-1.,0.));
#766=AXIS2_PLACEMENT_3D('',#763,#764,#765);
#767=CIRCLE('',#766,1.5);
#768=EDGE_CURVE('',#754,#723,#767,.T.);
#769=ORIENTED_EDGE('',*,*,#768,.T.);
#770=ORIENTED_EDGE('',*,*,#743,.F.);
#771=CARTESIAN_POINT('',(63.4,-10.5,-10.));
#772=DIRECTION('',(1.,0.,0.));
#773=DIRECTION('',(0.,-1.,0.));
#774=AXIS2_PLACEMENT_3D('',#771,#772,#773);
#775=CIRCLE('',#774,1.5);
#776=EDGE_CURVE('',#756,#732,#775,.T.);
#777=ORIENTED_EDGE('',*,*,#776,.F.);
#778=EDGE_LOOP('',(#762,#769,#770,#777));
#779=FACE_BOUND('',#778,.T.);
#780=ADVANCED_FACE('',(#779),#752,.F.);
#781=CARTESIAN_POINT('',(63.4,-6.,-7.5));
#782=DIRECTION('',(0.,1.,0.));
#783=DIRECTION('',(0.,0.,1.));
#784=AXIS2_PLACEMENT_3D('',#781,#782,#783);
#785=PLANE('',#784);
#786=CARTESIAN_POINT('',(65.4,-6.,-10.));
#787=VERTEX_POINT('',#786);
#788=CARTESIAN_POINT('',(65.4,-6.,-10.));
#789=DIRECTION('',(0.,0.,1.));
#790=VECTOR('',#789,5.);
#791=LINE('',#788,#790);
#792=EDGE_CURVE('',#787,#643,#791,.T.);
#793=ORIENTED_EDGE('',*,*,#792,.F.);
#794=CARTESIAN_POINT('',(63.4,-6.,-10.));
#795=VERTEX_POINT('',#794);
#796=CARTESIAN_POINT('',(63.4,-6.,-10.));
#797=DIRECTION('',(1.,0.,-0.));
#798=VECTOR('',#797,2.);
#799=LINE('',#796,#798);
#800=EDGE_CURVE('',#795,#787,#799,.T.);
#801=ORIENTED_EDGE('',*,*,#800,.F.);
#802=CARTESIAN_POINT('',(63.4,-6.,-10.));
#803=DIRECTION('',(0.,0.,1.));
#804=VECTOR('',#803,5.);
#805=LINE('',#802,#804);
#806=EDGE_CURVE('',#795,#652,#805,.T.);
#807=ORIENTED_EDGE('',*,*,#806,.T.);
#808=ORIENTED_EDGE('',*,*,#657,.T.);
#809=EDGE_LOOP('',(#793,#801,#807,#808));
#810=FACE_BOUND('',#809,.T.);
#811=ADVANCED_FACE('',(#810),#785,.T.);
#812=CARTESIAN_POINT('',(63.4,-3.,-7.5));
#813=DIRECTION('',(0.,-1.,0.));
#814=DIRECTION('',(0.,0.,-1.));
#815=AXIS2_PLACEMENT_3D('',#812,#813,#814);
#816=PLANE('',#815);
#817=CARTESIAN_POINT('',(65.4,-3.,-10.));
#818=VERTEX_POINT('',#817);
#819=CARTESIAN_POINT('',(65.4,-3.,-5.));
#820=DIRECTION('',(0.,0.,-1.));
#821=VECTOR('',#820,5.);
#822=LINE('',#819,#821);
#823=EDGE_CURVE('',#635,#818,#822,.T.);
#824=ORIENTED_EDGE('',*,*,#823,.F.);
#825=ORIENTED_EDGE('',*,*,#640,.F.);
#826=CARTESIAN_POINT('',(63.4,-3.,-10.));
#827=VERTEX_POINT('',#826);
#828=CARTESIAN_POINT('',(63.4,-3.,-5.));
#829=DIRECTION('',(0.,0.,-1.));
#830=VECTOR('',#829,5.);
#831=LINE('',#828,#830);
#832=EDGE_CURVE('',#626,#827,#831,.T.);
#833=ORIENTED_EDGE('',*,*,#832,.T.);
#834=CARTESIAN_POINT('',(63.4,-3.,-10.));
#835=DIRECTION('',(1.,0.,-0.));
#836=VECTOR('',#835,2.);
#837=LINE('',#834,#836);
#838=EDGE_CURVE('',#827,#818,#837,.T.);
#839=ORIENTED_EDGE('',*,*,#838,.T.);
#840=EDGE_LOOP('',(#824,#825,#833,#839));
#841=FACE_BOUND('',#840,.T.);
#842=ADVANCED_FACE('',(#841),#816,.T.);
#843=CARTESIAN_POINT('',(63.4,-4.5,-10.));
#844=DIRECTION('',(1.,0.,0.));
#845=DIRECTION('',(0.,0.,-1.));
#846=AXIS2_PLACEMENT_3D('',#843,#844,#845);
#847=CYLINDRICAL_SURFACE('',#846,1.5);
#848=CARTESIAN_POINT('',(65.4,-4.5,-11.5));
#849=VERTEX_POINT('',#848);
#850=CARTESIAN_POINT('',(63.4,-4.5,-11.5));
#851=VERTEX_POINT('',#850);
#852=CARTESIAN_POINT('',(65.4,-4.5,-11.5));
#853=DIRECTION('',(-1.,-0.,0.));
#854=VECTOR('',#853,2.);
#855=LINE('',#852,#854);
#856=EDGE_CURVE('',#849,#851,#855,.T.);
#857=ORIENTED_EDGE('',*,*,#856,.F.);
#858=CARTESIAN_POINT('',(65.4,-4.5,-10.));
#859=DIRECTION('',(1.,0.,0.));
#860=DIRECTION('',(0.,-1.,0.));
#861=AXIS2_PLACEMENT_3D('',#858,#859,#860);
#862=CIRCLE('',#861,1.5);
#863=EDGE_CURVE('',#849,#818,#862,.T.);
#864=ORIENTED_EDGE('',*,*,#863,.T.);
#865=ORIENTED_EDGE('',*,*,#838,.F.);
#866=CARTESIAN_POINT('',(63.4,-4.5,-10.));
#867=DIRECTION('',(1.,0.,0.));
#868=DIRECTION('',(0.,-1.,0.));
#869=AXIS2_PLACEMENT_3D('',#866,#867,#868);
#870=CIRCLE('',#869,1.5);
#871=EDGE_CURVE('',#851,#827,#870,.T.);
#872=ORIENTED_EDGE('',*,*,#871,.F.);
#873=EDGE_LOOP('',(#857,#864,#865,#872));
#874=FACE_BOUND('',#873,.T.);
#875=ADVANCED_FACE('',(#874),#847,.F.);
#876=CARTESIAN_POINT('',(63.4,5.,2.));
#877=DIRECTION('',(1.,0.,0.));
#878=DIRECTION('',(-0.,1.,0.));
#879=AXIS2_PLACEMENT_3D('',#876,#877,#878);
#880=PLANE('',#879);
#881=ORIENTED_EDGE('',*,*,#505,.T.);
#882=ORIENTED_EDGE('',*,*,#388,.T.);
#883=ORIENTED_EDGE('',*,*,#664,.T.);
#884=ORIENTED_EDGE('',*,*,#806,.F.);
#885=CARTESIAN_POINT('',(63.4,-4.5,-10.));
#886=DIRECTION('',(1.,0.,0.));
#887=DIRECTION('',(0.,-1.,0.));
#888=AXIS2_PLACEMENT_3D('',#885,#886,#887);
#889=CIRCLE('',#888,1.5);
#890=EDGE_CURVE('',#795,#851,#889,.T.);
#891=ORIENTED_EDGE('',*,*,#890,.T.);
#892=CARTESIAN_POINT('',(63.4,-4.5,-11.5));
#893=DIRECTION('',(0.,-1.,0.));
#894=VECTOR('',#893,6.);
#895=LINE('',#892,#894);
#896=EDGE_CURVE('',#851,#756,#895,.T.);
#897=ORIENTED_EDGE('',*,*,#896,.T.);
#898=ORIENTED_EDGE('',*,*,#776,.T.);
#899=ORIENTED_EDGE('',*,*,#737,.F.);
#900=EDGE_LOOP('',(#881,#882,#883,#884,#891,#897,#898,#899));
#901=FACE_BOUND('',#900,.T.);
#902=ADVANCED_FACE('',(#901),#880,.F.);
#903=CARTESIAN_POINT('',(63.4,5.,2.));
#904=DIRECTION('',(1.,0.,0.));
#905=DIRECTION('',(-0.,1.,0.));
#906=AXIS2_PLACEMENT_3D('',#903,#904,#905);
#907=PLANE('',#906);
#908=CARTESIAN_POINT('',(63.4,-16.5,-11.5));
#909=VERTEX_POINT('',#908);
#910=CARTESIAN_POINT('',(63.4,-10.5,-11.5));
#911=DIRECTION('',(0.,-1.,0.));
#912=VECTOR('',#911,6.);
#913=LINE('',#910,#912);
#914=EDGE_CURVE('',#756,#909,#913,.T.);
#915=ORIENTED_EDGE('',*,*,#914,.T.);
#916=CARTESIAN_POINT('',(63.4,-15.,-10.));
#917=VERTEX_POINT('',#916);
#918=CARTESIAN_POINT('',(63.4,-16.5,-10.));
#919=DIRECTION('',(1.,0.,0.));
#920=DIRECTION('',(0.,-1.,0.));
#921=AXIS2_PLACEMENT_3D('',#918,#919,#920);
#922=CIRCLE('',#921,1.5);
#923=EDGE_CURVE('',#909,#917,#922,.T.);
#924=ORIENTED_EDGE('',*,*,#923,.T.);
#925=CARTESIAN_POINT('',(63.4,-15.,-5.));
#926=VERTEX_POINT('',#925);
#927=CARTESIAN_POINT('',(63.4,-15.,-10.));
#928=DIRECTION('',(0.,0.,1.));
#929=VECTOR('',#928,5.);
#930=LINE('',#927,#929);
#931=EDGE_CURVE('',#917,#926,#930,.T.);
#932=ORIENTED_EDGE('',*,*,#931,.T.);
#933=CARTESIAN_POINT('',(63.4,-18.,-5.));
#934=VERTEX_POINT('',#933);
#935=CARTESIAN_POINT('',(63.4,-16.5,-5.));
#936=DIRECTION('',(1.,0.,0.));
#937=DIRECTION('',(-0.,1.,0.));
#938=AXIS2_PLACEMENT_3D('',#935,#936,#937);
#939=CIRCLE('',#938,1.5);
#940=EDGE_CURVE('',#926,#934,#939,.T.);
#941=ORIENTED_EDGE('',*,*,#940,.T.);
#942=CARTESIAN_POINT('',(63.4,-18.,-10.));
#943=VERTEX_POINT('',#942);
#944=CARTESIAN_POINT('',(63.4,-18.,-5.));
#945=DIRECTION('',(0.,0.,-1.));
#946=VECTOR('',#945,5.);
#947=LINE('',#944,#946);
#948=EDGE_CURVE('',#934,#943,#947,.T.);
#949=ORIENTED_EDGE('',*,*,#948,.T.);
#950=CARTESIAN_POINT('',(63.4,-16.5,-10.));
#951=DIRECTION('',(1.,0.,0.));
#952=DIRECTION('',(0.,-1.,0.));
#953=AXIS2_PLACEMENT_3D('',#950,#951,#952);
#954=CIRCLE('',#953,1.5);
#955=EDGE_CURVE('',#943,#909,#954,.T.);
#956=ORIENTED_EDGE('',*,*,#955,.T.);
#957=CARTESIAN_POINT('',(63.4,-22.5,-11.5));
#958=VERTEX_POINT('',#957);
#959=CARTESIAN_POINT('',(63.4,-16.5,-11.5));
#960=DIRECTION('',(0.,-1.,0.));
#961=VECTOR('',#960,6.);
#962=LINE('',#959,#961);
#963=EDGE_CURVE('',#909,#958,#962,.T.);
#964=ORIENTED_EDGE('',*,*,#963,.T.);
#965=CARTESIAN_POINT('',(63.4,-21.,-10.));
#966=VERTEX_POINT('',#965);
#967=CARTESIAN_POINT('',(63.4,-22.5,-10.));
#968=DIRECTION('',(1.,0.,0.));
#969=DIRECTION('',(0.,-1.,0.));
#970=AXIS2_PLACEMENT_3D('',#967,#968,#969);
#971=CIRCLE('',#970,1.5);
#972=EDGE_CURVE('',#958,#966,#971,.T.);
#973=ORIENTED_EDGE('',*,*,#972,.T.);
#974=CARTESIAN_POINT('',(63.4,-21.,-5.));
#975=VERTEX_POINT('',#974);
#976=CARTESIAN_POINT('',(63.4,-21.,-10.));
#977=DIRECTION('',(0.,0.,1.));
#978=VECTOR('',#977,5.);
#979=LINE('',#976,#978);
#980=EDGE_CURVE('',#966,#975,#979,.T.);
#981=ORIENTED_EDGE('',*,*,#980,.T.);
#982=CARTESIAN_POINT('',(63.4,-24.,-5.));
#983=VERTEX_POINT('',#982);
#984=CARTESIAN_POINT('',(63.4,-22.5,-5.));
#985=DIRECTION('',(-1.,-0.,-0.));
#986=DIRECTION('',(-0.,1.,0.));
#987=AXIS2_PLACEMENT_3D('',#984,#985,#986);
#988=CIRCLE('',#987,1.5);
#989=EDGE_CURVE('',#983,#975,#988,.T.);
#990=ORIENTED_EDGE('',*,*,#989,.F.);
#991=CARTESIAN_POINT('',(63.4,-24.,-10.));
#992=VERTEX_POINT('',#991);
#993=CARTESIAN_POINT('',(63.4,-24.,-5.));
#994=DIRECTION('',(0.,0.,-1.));
#995=VECTOR('',#994,5.);
#996=LINE('',#993,#995);
#997=EDGE_CURVE('',#983,#992,#996,.T.);
#998=ORIENTED_EDGE('',*,*,#997,.T.);
#999=CARTESIAN_POINT('',(63.4,-22.5,-10.));
#1000=DIRECTION('',(1.,0.,0.));
#1001=DIRECTION('',(0.,-1.,0.));
#1002=AXIS2_PLACEMENT_3D('',#999,#1000,#1001);
#1003=CIRCLE('',#1002,1.5);
#1004=EDGE_CURVE('',#992,#958,#1003,.T.);
#1005=ORIENTED_EDGE('',*,*,#1004,.T.);
#1006=CARTESIAN_POINT('',(63.4,-28.5,-11.5));
#1007=VERTEX_POINT('',#1006);
#1008=CARTESIAN_POINT('',(63.4,-22.5,-11.5));
#1009=DIRECTION('',(0.,-1.,0.));
#1010=VECTOR('',#1009,6.);
#1011=LINE('',#1008,#1010);
#1012=EDGE_CURVE('',#958,#1007,#1011,.T.);
#1013=ORIENTED_EDGE('',*,*,#1012,.T.);
#1014=CARTESIAN_POINT('',(63.4,-27.,-10.));
#1015=VERTEX_POINT('',#1014);
#1016=CARTESIAN_POINT('',(63.4,-28.5,-10.));
#1017=DIRECTION('',(1.,0.,0.));
#1018=DIRECTION('',(0.,-1.,0.));
#1019=AXIS2_PLACEMENT_3D('',#1016,#1017,#1018);
#1020=CIRCLE('',#1019,1.5);
#1021=EDGE_CURVE('',#1007,#1015,#1020,.T.);
#1022=ORIENTED_EDGE('',*,*,#1021,.T.);
#1023=CARTESIAN_POINT('',(63.4,-27.,-5.));
#1024=VERTEX_POINT('',#1023);
#1025=CARTESIAN_POINT('',(63.4,-27.,-10.));
#1026=DIRECTION('',(0.,0.,1.));
#1027=VECTOR('',#1026,5.);
#1028=LINE('',#1025,#1027);
#1029=EDGE_CURVE('',#1015,#1024,#1028,.T.);
#1030=ORIENTED_EDGE('',*,*,#1029,.T.);
#1031=CARTESIAN_POINT('',(63.4,-30.,-5.));
#1032=VERTEX_POINT('',#1031);
#1033=CARTESIAN_POINT('',(63.4,-28.5,-5.));
#1034=DIRECTION('',(-1.,-0.,-0.));
#1035=DIRECTION('',(-0.,1.,0.));
#1036=AXIS2_PLACEMENT_3D('',#1033,#1034,#1035);
#1037=CIRCLE('',#1036,1.5);
#1038=EDGE_CURVE('',#1032,#1024,#1037,.T.);
#1039=ORIENTED_EDGE('',*,*,#1038,.F.);
#1040=CARTESIAN_POINT('',(63.4,-30.,-10.));
#1041=VERTEX_POINT('',#1040);
#1042=CARTESIAN_POINT('',(63.4,-30.,-5.));
#1043=DIRECTION('',(0.,-0.,-1.));
#1044=VECTOR('',#1043,5.);
#1045=LINE('',#1042,#1044);
#1046=EDGE_CURVE('',#1032,#1041,#1045,.T.);
#1047=ORIENTED_EDGE('',*,*,#1046,.T.);
#1048=CARTESIAN_POINT('',(63.4,-28.5,-10.));
#1049=DIRECTION('',(1.,0.,0.));
#1050=DIRECTION('',(0.,-1.,0.));
#1051=AXIS2_PLACEMENT_3D('',#1048,#1049,#1050);
#1052=CIRCLE('',#1051,1.5);
#1053=EDGE_CURVE('',#1041,#1007,#1052,.T.);
#1054=ORIENTED_EDGE('',*,*,#1053,.T.);
#1055=CARTESIAN_POINT('',(63.4,-34.5,-11.5));
#1056=VERTEX_POINT('',#1055);
#1057=CARTESIAN_POINT('',(63.4,-28.5,-11.5));
#1058=DIRECTION('',(0.,-1.,0.));
#1059=VECTOR('',#1058,6.);
#1060=LINE('',#1057,#1059);
#1061=EDGE_CURVE('',#1007,#1056,#1060,.T.);
#1062=ORIENTED_EDGE('',*,*,#1061,.T.);
#1063=CARTESIAN_POINT('',(63.4,-33.,-10.));
#1064=VERTEX_POINT('',#1063);
#1065=CARTESIAN_POINT('',(63.4,-34.5,-10.));
#1066=DIRECTION('',(1.,0.,0.));
#1067=DIRECTION('',(0.,-1.,0.));
#1068=AXIS2_PLACEMENT_3D('',#1065,#1066,#1067);
#1069=CIRCLE('',#1068,1.5);
#1070=EDGE_CURVE('',#1056,#1064,#1069,.T.);
#1071=ORIENTED_EDGE('',*,*,#1070,.T.);
#1072=CARTESIAN_POINT('',(63.4,-33.,-5.));
#1073=VERTEX_POINT('',#1072);
#1074=CARTESIAN_POINT('',(63.4,-33.,-10.));
#1075=DIRECTION('',(0.,0.,1.));
#1076=VECTOR('',#1075,5.);
#1077=LINE('',#1074,#1076);
#1078=EDGE_CURVE('',#1064,#1073,#1077,.T.);
#1079=ORIENTED_EDGE('',*,*,#1078,.T.);
#1080=CARTESIAN_POINT('',(63.4,-36.,-5.));
#1081=VERTEX_POINT('',#1080);
#1082=CARTESIAN_POINT('',(63.4,-34.5,-5.));
#1083=DIRECTION('',(-1.,-0.,-0.));
#1084=DIRECTION('',(-0.,1.,0.));
#1085=AXIS2_PLACEMENT_3D('',#1082,#1083,#1084);
#1086=CIRCLE('',#1085,1.5);
#1087=EDGE_CURVE('',#1081,#1073,#1086,.T.);
#1088=ORIENTED_EDGE('',*,*,#1087,.F.);
#1089=CARTESIAN_POINT('',(63.4,-36.,-10.));
#1090=VERTEX_POINT('',#1089);
#1091=CARTESIAN_POINT('',(63.4,-36.,-5.));
#1092=DIRECTION('',(0.,0.,-1.));
#1093=VECTOR('',#1092,5.);
#1094=LINE('',#1091,#1093);
#1095=EDGE_CURVE('',#1081,#1090,#1094,.T.);
#1096=ORIENTED_EDGE('',*,*,#1095,.T.);
#1097=CARTESIAN_POINT('',(63.4,-34.5,-10.));
#1098=DIRECTION('',(1.,0.,0.));
#1099=DIRECTION('',(0.,-1.,0.));
#1100=AXIS2_PLACEMENT_3D('',#1097,#1098,#1099);
#1101=CIRCLE('',#1100,1.5);
#1102=EDGE_CURVE('',#1090,#1056,#1101,.T.);
#1103=ORIENTED_EDGE('',*,*,#1102,.T.);
#1104=CARTESIAN_POINT('',(63.4,-40.5,-11.5));
#1105=VERTEX_POINT('',#1104);
#1106=CARTESIAN_POINT('',(63.4,-34.5,-11.5));
#1107=DIRECTION('',(0.,-1.,0.));
#1108=VECTOR('',#1107,6.);
#1109=LINE('',#1106,#1108);
#1110=EDGE_CURVE('',#1056,#1105,#1109,.T.);
#1111=ORIENTED_EDGE('',*,*,#1110,.T.);
#1112=CARTESIAN_POINT('',(63.4,-39.,-10.));
#1113=VERTEX_POINT('',#1112);
#1114=CARTESIAN_POINT('',(63.4,-40.5,-10.));
#1115=DIRECTION('',(1.,0.,0.));
#1116=DIRECTION('',(-0.,1.,0.));
#1117=AXIS2_PLACEMENT_3D('',#1114,#1115,#1116);
#1118=CIRCLE('',#1117,1.5);
#1119=EDGE_CURVE('',#1105,#1113,#1118,.T.);
#1120=ORIENTED_EDGE('',*,*,#1119,.T.);
#1121=CARTESIAN_POINT('',(63.4,-39.,-5.));
#1122=VERTEX_POINT('',#1121);
#1123=CARTESIAN_POINT('',(63.4,-39.,-10.));
#1124=DIRECTION('',(0.,0.,1.));
#1125=VECTOR('',#1124,5.);
#1126=LINE('',#1123,#1125);
#1127=EDGE_CURVE('',#1113,#1122,#1126,.T.);
#1128=ORIENTED_EDGE('',*,*,#1127,.T.);
#1129=CARTESIAN_POINT('',(63.4,-41.833840155,-4.3138));
#1130=VERTEX_POINT('',#1129);
#1131=CARTESIAN_POINT('',(63.4,-40.5,-5.));
#1132=DIRECTION('',(-1.,-0.,-0.));
#1133=DIRECTION('',(-0.,1.,0.));
#1134=AXIS2_PLACEMENT_3D('',#1131,#1132,#1133);
#1135=CIRCLE('',#1134,1.5);
#1136=EDGE_CURVE('',#1130,#1122,#1135,.T.);
#1137=ORIENTED_EDGE('',*,*,#1136,.F.);
#1138=CARTESIAN_POINT('',(63.4,-42.,-4.3138));
#1139=VERTEX_POINT('',#1138);
#1140=CARTESIAN_POINT('',(63.4,-42.,-4.3138));
#1141=DIRECTION('',(-0.,1.,-0.));
#1142=VECTOR('',#1141,0.166159845);
#1143=LINE('',#1140,#1142);
#1144=EDGE_CURVE('',#1139,#1130,#1143,.T.);
#1145=ORIENTED_EDGE('',*,*,#1144,.F.);
#1146=CARTESIAN_POINT('',(63.4,-42.,-2.5));
#1147=VERTEX_POINT('',#1146);
#1148=CARTESIAN_POINT('',(63.4,-42.,-2.5));
#1149=DIRECTION('',(0.,0.,-1.));
#1150=VECTOR('',#1149,1.8138);
#1151=LINE('',#1148,#1150);
#1152=EDGE_CURVE('',#1147,#1139,#1151,.T.);
#1153=ORIENTED_EDGE('',*,*,#1152,.F.);
#1154=CARTESIAN_POINT('',(63.4,-42.,-2.5));
#1155=DIRECTION('',(-0.,1.,0.));
#1156=VECTOR('',#1155,29.1649);
#1157=LINE('',#1154,#1156);
#1158=EDGE_CURVE('',#1147,#333,#1157,.T.);
#1159=ORIENTED_EDGE('',*,*,#1158,.T.);
#1160=ORIENTED_EDGE('',*,*,#338,.F.);
#1161=ORIENTED_EDGE('',*,*,#403,.T.);
#1162=ORIENTED_EDGE('',*,*,#537,.T.);
#1163=ORIENTED_EDGE('',*,*,#711,.F.);
#1164=CARTESIAN_POINT('',(63.4,-10.5,-10.));
#1165=DIRECTION('',(1.,0.,0.));
#1166=DIRECTION('',(0.,-1.,0.));
#1167=AXIS2_PLACEMENT_3D('',#1164,#1165,#1166);
#1168=CIRCLE('',#1167,1.5);
#1169=EDGE_CURVE('',#700,#756,#1168,.T.);
#1170=ORIENTED_EDGE('',*,*,#1169,.T.);
#1171=EDGE_LOOP('',(#915,#924,#932,#941,#949,#956,#964,#973,#981,#990,#998,#1005,#1013,#1022,#1030,#1039,#1047,#1054,#1062,#1071,#1079,#1088,#1096,#1103,#1111,#1120,
#1128,#1137,#1145,#1153,#1159,#1160,#1161,#1162,#1163,#1170));
#1172=FACE_BOUND('',#1171,.T.);
#1173=ADVANCED_FACE('',(#1172),#907,.F.);
#1174=CARTESIAN_POINT('',(32.,-42.,-11.5));
#1175=DIRECTION('',(0.,1.,0.));
#1176=DIRECTION('',(0.,0.,1.));
#1177=AXIS2_PLACEMENT_3D('',#1174,#1175,#1176);
#1178=PLANE('',#1177);
#1179=CARTESIAN_POINT('',(61.783197748,-42.,-2.5));
#1180=VERTEX_POINT('',#1179);
#1181=CARTESIAN_POINT('',(63.4,-42.,-2.5));
#1182=DIRECTION('',(-1.,0.,0.));
#1183=VECTOR('',#1182,1.616802252);
#1184=LINE('',#1181,#1183);
#1185=EDGE_CURVE('',#1147,#1180,#1184,.T.);
#1186=ORIENTED_EDGE('',*,*,#1185,.F.);
#1187=ORIENTED_EDGE('',*,*,#1152,.T.);
#1188=CARTESIAN_POINT('',(62.979912599,-42.,-3.299619299));
#1189=VERTEX_POINT('',#1188);
#1190=CARTESIAN_POINT('',(62.979912599,-42.,-3.299619299));
#1191=DIRECTION('',(0.382683432,-0.,-0.923879533));
#1192=VECTOR('',#1191,1.097741281);
#1193=LINE('',#1190,#1192);
#1194=EDGE_CURVE('',#1189,#1139,#1193,.T.);
#1195=ORIENTED_EDGE('',*,*,#1194,.F.);
#1196=CARTESIAN_POINT('',(61.783197748,-42.,-2.5));
#1197=DIRECTION('',(0.831469612,-0.,-0.555570233));
#1198=VECTOR('',#1197,1.439276713);
#1199=LINE('',#1196,#1198);
#1200=EDGE_CURVE('',#1180,#1189,#1199,.T.);
#1201=ORIENTED_EDGE('',*,*,#1200,.F.);
#1202=EDGE_LOOP('',(#1186,#1187,#1195,#1201));
#1203=FACE_BOUND('',#1202,.T.);
#1204=ADVANCED_FACE('',(#1203),#1178,.T.);
#1205=CARTESIAN_POINT('',(0.,0.,-2.5));
#1206=DIRECTION('',(0.,0.,1.));
#1207=DIRECTION('',(-1.,0.,0.));
#1208=AXIS2_PLACEMENT_3D('',#1205,#1206,#1207);
#1209=PLANE('',#1208);
#1210=CARTESIAN_POINT('',(60.8,-44.7,-2.5));
#1211=VERTEX_POINT('',#1210);
#1212=CARTESIAN_POINT('',(61.26862915,-43.56862915,-2.5));
#1213=VERTEX_POINT('',#1212);
#1214=CARTESIAN_POINT('',(62.4,-44.7,-2.5));
#1215=DIRECTION('',(0.,0.,1.));
#1216=DIRECTION('',(1.,0.,-0.));
#1217=AXIS2_PLACEMENT_3D('',#1214,#1215,#1216);
#1218=CIRCLE('',#1217,1.6);
#1219=EDGE_CURVE('',#1211,#1213,#1218,.T.);
#1220=ORIENTED_EDGE('',*,*,#1219,.F.);
#1221=CARTESIAN_POINT('',(62.4,-44.7,-2.5));
#1222=DIRECTION('',(0.,0.,1.));
#1223=DIRECTION('',(1.,0.,-0.));
#1224=AXIS2_PLACEMENT_3D('',#1221,#1222,#1223);
#1225=CIRCLE('',#1224,1.6);
#1226=EDGE_CURVE('',#1213,#1211,#1225,.T.);
#1227=ORIENTED_EDGE('',*,*,#1226,.F.);
#1228=EDGE_LOOP('',(#1220,#1227));
#1229=FACE_BOUND('',#1228,.T.);
#1230=CARTESIAN_POINT('',(58.9,-47.7,-2.5));
#1231=VERTEX_POINT('',#1230);
#1232=CARTESIAN_POINT('',(63.4,-47.7,-2.5));
#1233=VERTEX_POINT('',#1232);
#1234=CARTESIAN_POINT('',(58.9,-47.7,-2.5));
#1235=DIRECTION('',(1.,0.,-0.));
#1236=VECTOR('',#1235,4.5);
#1237=LINE('',#1234,#1236);
#1238=EDGE_CURVE('',#1231,#1233,#1237,.T.);
#1239=ORIENTED_EDGE('',*,*,#1238,.T.);
#1240=CARTESIAN_POINT('',(65.4,-45.7,-2.5));
#1241=VERTEX_POINT('',#1240);
#1242=CARTESIAN_POINT('',(63.4,-45.7,-2.5));
#1243=DIRECTION('',(-0.,-0.,-1.));
#1244=DIRECTION('',(1.,0.,-0.));
#1245=AXIS2_PLACEMENT_3D('',#1242,#1243,#1244);
#1246=CIRCLE('',#1245,2.);
#1247=EDGE_CURVE('',#1241,#1233,#1246,.T.);
#1248=ORIENTED_EDGE('',*,*,#1247,.F.);
#1249=CARTESIAN_POINT('',(65.4,-41.2,-2.5));
#1250=VERTEX_POINT('',#1249);
#1251=CARTESIAN_POINT('',(65.4,-45.7,-2.5));
#1252=DIRECTION('',(0.,1.,0.));
#1253=VECTOR('',#1252,4.5);
#1254=LINE('',#1251,#1253);
#1255=EDGE_CURVE('',#1241,#1250,#1254,.T.);
#1256=ORIENTED_EDGE('',*,*,#1255,.T.);
#1257=CARTESIAN_POINT('',(64.3,-41.2,-2.5));
#1258=VERTEX_POINT('',#1257);
#1259=CARTESIAN_POINT('',(64.3,-41.2,-2.5));
#1260=DIRECTION('',(1.,0.,-0.));
#1261=VECTOR('',#1260,1.1);
#1262=LINE('',#1259,#1261);
#1263=EDGE_CURVE('',#1258,#1250,#1262,.T.);
#1264=ORIENTED_EDGE('',*,*,#1263,.F.);
#1265=CARTESIAN_POINT('',(64.3,-12.8351,-2.5));
#1266=DIRECTION('',(0.,-1.,0.));
#1267=VECTOR('',#1266,28.3649);
#1268=LINE('',#1265,#1267);
#1269=EDGE_CURVE('',#415,#1258,#1268,.T.);
#1270=ORIENTED_EDGE('',*,*,#1269,.F.);
#1271=ORIENTED_EDGE('',*,*,#420,.F.);
#1272=ORIENTED_EDGE('',*,*,#1158,.F.);
#1273=ORIENTED_EDGE('',*,*,#1185,.T.);
#1274=CARTESIAN_POINT('',(52.,-42.,-2.5));
#1275=VERTEX_POINT('',#1274);
#1276=CARTESIAN_POINT('',(52.,-42.,-2.5));
#1277=DIRECTION('',(1.,0.,-0.));
#1278=VECTOR('',#1277,9.783197748);
#1279=LINE('',#1276,#1278);
#1280=EDGE_CURVE('',#1275,#1180,#1279,.T.);
#1281=ORIENTED_EDGE('',*,*,#1280,.F.);
#1282=CARTESIAN_POINT('',(54.,-45.7,-2.5));
#1283=VERTEX_POINT('',#1282);
#1284=CARTESIAN_POINT('',(52.,-42.,-2.5));
#1285=DIRECTION('',(0.475517034,-0.879706514,0.));
#1286=VECTOR('',#1285,4.205948169);
#1287=LINE('',#1284,#1286);
#1288=EDGE_CURVE('',#1275,#1283,#1287,.T.);
#1289=ORIENTED_EDGE('',*,*,#1288,.T.);
#1290=CARTESIAN_POINT('',(10.,-45.7,-2.5));
#1291=VERTEX_POINT('',#1290);
#1292=CARTESIAN_POINT('',(54.,-45.7,-2.5));
#1293=DIRECTION('',(-1.,0.,0.));
#1294=VECTOR('',#1293,44.);
#1295=LINE('',#1292,#1294);
#1296=EDGE_CURVE('',#1283,#1291,#1295,.T.);
#1297=ORIENTED_EDGE('',*,*,#1296,.T.);
#1298=CARTESIAN_POINT('',(12.,-42.,-2.5));
#1299=VERTEX_POINT('',#1298);
#1300=CARTESIAN_POINT('',(12.,-42.,-2.5));
#1301=DIRECTION('',(-0.475517034,-0.879706514,0.));
#1302=VECTOR('',#1301,4.205948169);
#1303=LINE('',#1300,#1302);
#1304=EDGE_CURVE('',#1299,#1291,#1303,.T.);
#1305=ORIENTED_EDGE('',*,*,#1304,.F.);
#1306=CARTESIAN_POINT('',(-0.928270259,-42.,-2.5));
#1307=VERTEX_POINT('',#1306);
#1308=CARTESIAN_POINT('',(12.,-42.,-2.5));
#1309=DIRECTION('',(-1.,0.,0.));
#1310=VECTOR('',#1309,12.928270259);
#1311=LINE('',#1308,#1310);
#1312=EDGE_CURVE('',#1299,#1307,#1311,.T.);
#1313=ORIENTED_EDGE('',*,*,#1312,.T.);
#1314=CARTESIAN_POINT('',(-1.,-41.741960108,-2.5));
#1315=VERTEX_POINT('',#1314);
#1316=CARTESIAN_POINT('',(-0.5,-41.741960108,-2.5));
#1317=DIRECTION('',(-0.,-0.,-1.));
#1318=DIRECTION('',(1.,0.,-0.));
#1319=AXIS2_PLACEMENT_3D('',#1316,#1317,#1318);
#1320=CIRCLE('',#1319,0.5);
#1321=EDGE_CURVE('',#1307,#1315,#1320,.T.);
#1322=ORIENTED_EDGE('',*,*,#1321,.T.);
#1323=CARTESIAN_POINT('',(-1.,-41.3306,-2.5));
#1324=VERTEX_POINT('',#1323);
#1325=CARTESIAN_POINT('',(-1.,-41.741960108,-2.5));
#1326=DIRECTION('',(0.,1.,0.));
#1327=VECTOR('',#1326,0.411360108);
#1328=LINE('',#1325,#1327);
#1329=EDGE_CURVE('',#1315,#1324,#1328,.T.);
#1330=ORIENTED_EDGE('',*,*,#1329,.T.);
#1331=CARTESIAN_POINT('',(-3.,-41.3306,-2.5));
#1332=VERTEX_POINT('',#1331);
#1333=CARTESIAN_POINT('',(-1.,-41.3306,-2.5));
#1334=DIRECTION('',(-1.,-0.,0.));
#1335=VECTOR('',#1334,2.);
#1336=LINE('',#1333,#1335);
#1337=EDGE_CURVE('',#1324,#1332,#1336,.T.);
#1338=ORIENTED_EDGE('',*,*,#1337,.T.);
#1339=CARTESIAN_POINT('',(-3.,-45.7,-2.5));
#1340=VERTEX_POINT('',#1339);
#1341=CARTESIAN_POINT('',(-3.,-41.3306,-2.5));
#1342=DIRECTION('',(0.,-1.,0.));
#1343=VECTOR('',#1342,4.3694);
#1344=LINE('',#1341,#1343);
#1345=EDGE_CURVE('',#1332,#1340,#1344,.T.);
#1346=ORIENTED_EDGE('',*,*,#1345,.T.);
#1347=CARTESIAN_POINT('',(-1.,-47.7,-2.5));
#1348=VERTEX_POINT('',#1347);
#1349=CARTESIAN_POINT('',(-1.,-45.7,-2.5));
#1350=DIRECTION('',(-0.,-0.,-1.));
#1351=DIRECTION('',(1.,0.,-0.));
#1352=AXIS2_PLACEMENT_3D('',#1349,#1350,#1351);
#1353=CIRCLE('',#1352,2.);
#1354=EDGE_CURVE('',#1348,#1340,#1353,.T.);
#1355=ORIENTED_EDGE('',*,*,#1354,.F.);
#1356=CARTESIAN_POINT('',(3.5,-47.7,-2.5));
#1357=VERTEX_POINT('',#1356);
#1358=CARTESIAN_POINT('',(-1.,-47.7,-2.5));
#1359=DIRECTION('',(1.,0.,-0.));
#1360=VECTOR('',#1359,4.5);
#1361=LINE('',#1358,#1360);
#1362=EDGE_CURVE('',#1348,#1357,#1361,.T.);
#1363=ORIENTED_EDGE('',*,*,#1362,.T.);
#1364=CARTESIAN_POINT('',(3.5,-46.6,-2.5));
#1365=VERTEX_POINT('',#1364);
#1366=CARTESIAN_POINT('',(3.5,-46.6,-2.5));
#1367=DIRECTION('',(0.,-1.,0.));
#1368=VECTOR('',#1367,1.1);
#1369=LINE('',#1366,#1368);
#1370=EDGE_CURVE('',#1365,#1357,#1369,.T.);
#1371=ORIENTED_EDGE('',*,*,#1370,.F.);
#1372=CARTESIAN_POINT('',(58.9,-46.6,-2.5));
#1373=VERTEX_POINT('',#1372);
#1374=CARTESIAN_POINT('',(58.9,-46.6,-2.5));
#1375=DIRECTION('',(-1.,0.,0.));
#1376=VECTOR('',#1375,55.4);
#1377=LINE('',#1374,#1376);
#1378=EDGE_CURVE('',#1373,#1365,#1377,.T.);
#1379=ORIENTED_EDGE('',*,*,#1378,.F.);
#1380=CARTESIAN_POINT('',(58.9,-46.6,-2.5));
#1381=DIRECTION('',(0.,-1.,0.));
#1382=VECTOR('',#1381,1.1);
#1383=LINE('',#1380,#1382);
#1384=EDGE_CURVE('',#1373,#1231,#1383,.T.);
#1385=ORIENTED_EDGE('',*,*,#1384,.T.);
#1386=EDGE_LOOP('',(#1239,#1248,#1256,#1264,#1270,#1271,#1272,#1273,#1281,#1289,#1297,#1305,#1313,#1322,#1330,#1338,#1346,#1355,#1363,#1371,#1379,#1385));
#1387=FACE_BOUND('',#1386,.T.);
#1388=CARTESIAN_POINT('',(-1.6,-44.7,-2.5));
#1389=VERTEX_POINT('',#1388);
#1390=CARTESIAN_POINT('',(1.13137085,-43.56862915,-2.5));
#1391=VERTEX_POINT('',#1390);
#1392=CARTESIAN_POINT('',(-0.,-44.7,-2.5));
#1393=DIRECTION('',(0.,0.,1.));
#1394=DIRECTION('',(1.,0.,-0.));
#1395=AXIS2_PLACEMENT_3D('',#1392,#1393,#1394);
#1396=CIRCLE('',#1395,1.6);
#1397=EDGE_CURVE('',#1389,#1391,#1396,.T.);
#1398=ORIENTED_EDGE('',*,*,#1397,.F.);
#1399=CARTESIAN_POINT('',(-0.,-44.7,-2.5));
#1400=DIRECTION('',(0.,0.,1.));
#1401=DIRECTION('',(1.,0.,-0.));
#1402=AXIS2_PLACEMENT_3D('',#1399,#1400,#1401);
#1403=CIRCLE('',#1402,1.6);
#1404=EDGE_CURVE('',#1391,#1389,#1403,.T.);
#1405=ORIENTED_EDGE('',*,*,#1404,.F.);
#1406=EDGE_LOOP('',(#1398,#1405));
#1407=FACE_BOUND('',#1406,.T.);
#1408=ADVANCED_FACE('',(#1229,#1387,#1407),#1209,.T.);
#1409=CARTESIAN_POINT('',(32.,-42.,-11.5));
#1410=DIRECTION('',(0.,1.,0.));
#1411=DIRECTION('',(0.,0.,1.));
#1412=AXIS2_PLACEMENT_3D('',#1409,#1410,#1411);
#1413=PLANE('',#1412);
#1414=CARTESIAN_POINT('',(63.,-42.,-10.));
#1415=VERTEX_POINT('',#1414);
#1416=CARTESIAN_POINT('',(65.4,-42.,-10.));
#1417=VERTEX_POINT('',#1416);
#1418=CARTESIAN_POINT('',(63.,-42.,-10.));
#1419=DIRECTION('',(1.,0.,-0.));
#1420=VECTOR('',#1419,2.4);
#1421=LINE('',#1418,#1420);
#1422=EDGE_CURVE('',#1415,#1417,#1421,.T.);
#1423=ORIENTED_EDGE('',*,*,#1422,.F.);
#1424=CARTESIAN_POINT('',(63.,-42.,-11.5));
#1425=VERTEX_POINT('',#1424);
#1426=CARTESIAN_POINT('',(63.,-42.,-10.));
#1427=DIRECTION('',(0.,0.,-1.));
#1428=VECTOR('',#1427,1.5);
#1429=LINE('',#1426,#1428);
#1430=EDGE_CURVE('',#1415,#1425,#1429,.T.);
#1431=ORIENTED_EDGE('',*,*,#1430,.T.);
#1432=CARTESIAN_POINT('',(61.092330317,-42.,-11.5));
#1433=VERTEX_POINT('',#1432);
#1434=CARTESIAN_POINT('',(61.092330317,-42.,-11.5));
#1435=DIRECTION('',(1.,0.,-0.));
#1436=VECTOR('',#1435,1.907669683);
#1437=LINE('',#1434,#1436);
#1438=EDGE_CURVE('',#1433,#1425,#1437,.T.);
#1439=ORIENTED_EDGE('',*,*,#1438,.F.);
#1440=CARTESIAN_POINT('',(53.5,-42.,-11.5));
#1441=VERTEX_POINT('',#1440);
#1442=CARTESIAN_POINT('',(53.5,-42.,-11.5));
#1443=DIRECTION('',(1.,0.,-0.));
#1444=VECTOR('',#1443,7.592330317);
#1445=LINE('',#1442,#1444);
#1446=EDGE_CURVE('',#1441,#1433,#1445,.T.);
#1447=ORIENTED_EDGE('',*,*,#1446,.F.);
#1448=CARTESIAN_POINT('',(53.5,-42.,-10.5));
#1449=VERTEX_POINT('',#1448);
#1450=CARTESIAN_POINT('',(53.5,-42.,-10.5));
#1451=DIRECTION('',(0.,0.,-1.));
#1452=VECTOR('',#1451,1.);
#1453=LINE('',#1450,#1452);
#1454=EDGE_CURVE('',#1449,#1441,#1453,.T.);
#1455=ORIENTED_EDGE('',*,*,#1454,.F.);
#1456=CARTESIAN_POINT('',(52.4,-42.,-10.5));
#1457=VERTEX_POINT('',#1456);
#1458=CARTESIAN_POINT('',(52.4,-42.,-10.5));
#1459=DIRECTION('',(1.,0.,-0.));
#1460=VECTOR('',#1459,1.1);
#1461=LINE('',#1458,#1460);
#1462=EDGE_CURVE('',#1457,#1449,#1461,.T.);
#1463=ORIENTED_EDGE('',*,*,#1462,.F.);
#1464=CARTESIAN_POINT('',(52.4,-42.,-11.5));
#1465=VERTEX_POINT('',#1464);
#1466=CARTESIAN_POINT('',(52.4,-42.,-10.5));
#1467=DIRECTION('',(0.,0.,-1.));
#1468=VECTOR('',#1467,1.);
#1469=LINE('',#1466,#1468);
#1470=EDGE_CURVE('',#1457,#1465,#1469,.T.);
#1471=ORIENTED_EDGE('',*,*,#1470,.T.);
#1472=CARTESIAN_POINT('',(11.6,-42.,-11.5));
#1473=VERTEX_POINT('',#1472);
#1474=CARTESIAN_POINT('',(11.6,-42.,-11.5));
#1475=DIRECTION('',(1.,0.,-0.));
#1476=VECTOR('',#1475,40.8);
#1477=LINE('',#1474,#1476);
#1478=EDGE_CURVE('',#1473,#1465,#1477,.T.);
#1479=ORIENTED_EDGE('',*,*,#1478,.F.);
#1480=CARTESIAN_POINT('',(11.6,-42.,-10.5));
#1481=VERTEX_POINT('',#1480);
#1482=CARTESIAN_POINT('',(11.6,-42.,-10.5));
#1483=DIRECTION('',(0.,0.,-1.));
#1484=VECTOR('',#1483,1.);
#1485=LINE('',#1482,#1484);
#1486=EDGE_CURVE('',#1481,#1473,#1485,.T.);
#1487=ORIENTED_EDGE('',*,*,#1486,.F.);
#1488=CARTESIAN_POINT('',(10.5,-42.,-10.5));
#1489=VERTEX_POINT('',#1488);
#1490=CARTESIAN_POINT('',(11.6,-42.,-10.5));
#1491=DIRECTION('',(-1.,0.,0.));
#1492=VECTOR('',#1491,1.1);
#1493=LINE('',#1490,#1492);
#1494=EDGE_CURVE('',#1481,#1489,#1493,.T.);
#1495=ORIENTED_EDGE('',*,*,#1494,.T.);
#1496=CARTESIAN_POINT('',(10.5,-42.,-11.5));
#1497=VERTEX_POINT('',#1496);
#1498=CARTESIAN_POINT('',(10.5,-42.,-10.5));
#1499=DIRECTION('',(0.,0.,-1.));
#1500=VECTOR('',#1499,1.);
#1501=LINE('',#1498,#1500);
#1502=EDGE_CURVE('',#1489,#1497,#1501,.T.);
#1503=ORIENTED_EDGE('',*,*,#1502,.T.);
#1504=CARTESIAN_POINT('',(1.307669683,-42.,-11.5));
#1505=VERTEX_POINT('',#1504);
#1506=CARTESIAN_POINT('',(10.5,-42.,-11.5));
#1507=DIRECTION('',(-1.,0.,0.));
#1508=VECTOR('',#1507,9.192330317);
#1509=LINE('',#1506,#1508);
#1510=EDGE_CURVE('',#1497,#1505,#1509,.T.);
#1511=ORIENTED_EDGE('',*,*,#1510,.T.);
#1512=CARTESIAN_POINT('',(-0.928270259,-42.,-11.5));
#1513=VERTEX_POINT('',#1512);
#1514=CARTESIAN_POINT('',(1.307669683,-42.,-11.5));
#1515=DIRECTION('',(-1.,0.,0.));
#1516=VECTOR('',#1515,2.235939942);
#1517=LINE('',#1514,#1516);
#1518=EDGE_CURVE('',#1505,#1513,#1517,.T.);
#1519=ORIENTED_EDGE('',*,*,#1518,.T.);
#1520=CARTESIAN_POINT('',(-0.928270259,-42.,-10.));
#1521=VERTEX_POINT('',#1520);
#1522=CARTESIAN_POINT('',(-0.928270259,-42.,-10.));
#1523=DIRECTION('',(0.,0.,-1.));
#1524=VECTOR('',#1523,1.5);
#1525=LINE('',#1522,#1524);
#1526=EDGE_CURVE('',#1521,#1513,#1525,.T.);
#1527=ORIENTED_EDGE('',*,*,#1526,.F.);
#1528=CARTESIAN_POINT('',(-3.,-42.,-10.));
#1529=VERTEX_POINT('',#1528);
#1530=CARTESIAN_POINT('',(-3.,-42.,-10.));
#1531=DIRECTION('',(1.,0.,-0.));
#1532=VECTOR('',#1531,2.071729741);
#1533=LINE('',#1530,#1532);
#1534=EDGE_CURVE('',#1529,#1521,#1533,.T.);
#1535=ORIENTED_EDGE('',*,*,#1534,.F.);
#1536=CARTESIAN_POINT('',(-3.,-42.,-5.));
#1537=VERTEX_POINT('',#1536);
#1538=CARTESIAN_POINT('',(-3.,-42.,-5.));
#1539=DIRECTION('',(0.,0.,-1.));
#1540=VECTOR('',#1539,5.);
#1541=LINE('',#1538,#1540);
#1542=EDGE_CURVE('',#1537,#1529,#1541,.T.);
#1543=ORIENTED_EDGE('',*,*,#1542,.F.);
#1544=CARTESIAN_POINT('',(-0.928270259,-42.,-5.));
#1545=VERTEX_POINT('',#1544);
#1546=CARTESIAN_POINT('',(-3.,-42.,-5.));
#1547=DIRECTION('',(1.,0.,-0.));
#1548=VECTOR('',#1547,2.071729741);
#1549=LINE('',#1546,#1548);
#1550=EDGE_CURVE('',#1537,#1545,#1549,.T.);
#1551=ORIENTED_EDGE('',*,*,#1550,.T.);
#1552=CARTESIAN_POINT('',(-0.928270259,-42.,-2.5));
#1553=DIRECTION('',(0.,0.,-1.));
#1554=VECTOR('',#1553,2.5);
#1555=LINE('',#1552,#1554);
#1556=EDGE_CURVE('',#1307,#1545,#1555,.T.);
#1557=ORIENTED_EDGE('',*,*,#1556,.F.);
#1558=ORIENTED_EDGE('',*,*,#1312,.F.);
#1559=CARTESIAN_POINT('',(12.,-42.,-10.5));
#1560=VERTEX_POINT('',#1559);
#1561=CARTESIAN_POINT('',(12.,-42.,-2.5));
#1562=DIRECTION('',(0.,0.,-1.));
#1563=VECTOR('',#1562,8.);
#1564=LINE('',#1561,#1563);
#1565=EDGE_CURVE('',#1299,#1560,#1564,.T.);
#1566=ORIENTED_EDGE('',*,*,#1565,.T.);
#1567=CARTESIAN_POINT('',(52.,-42.,-10.5));
#1568=VERTEX_POINT('',#1567);
#1569=CARTESIAN_POINT('',(12.,-42.,-10.5));
#1570=DIRECTION('',(1.,0.,-0.));
#1571=VECTOR('',#1570,40.);
#1572=LINE('',#1569,#1571);
#1573=EDGE_CURVE('',#1560,#1568,#1572,.T.);
#1574=ORIENTED_EDGE('',*,*,#1573,.T.);
#1575=CARTESIAN_POINT('',(52.,-42.,-2.5));
#1576=DIRECTION('',(0.,0.,-1.));
#1577=VECTOR('',#1576,8.);
#1578=LINE('',#1575,#1577);
#1579=EDGE_CURVE('',#1275,#1568,#1578,.T.);
#1580=ORIENTED_EDGE('',*,*,#1579,.F.);
#1581=ORIENTED_EDGE('',*,*,#1280,.T.);
#1582=ORIENTED_EDGE('',*,*,#1200,.T.);
#1583=ORIENTED_EDGE('',*,*,#1194,.T.);
#1584=CARTESIAN_POINT('',(63.684233347,-42.,-5.));
#1585=VERTEX_POINT('',#1584);
#1586=CARTESIAN_POINT('',(63.4,-42.,-4.3138));
#1587=DIRECTION('',(0.382683432,-0.,-0.923879533));
#1588=VECTOR('',#1587,0.742737528);
#1589=LINE('',#1586,#1588);
#1590=EDGE_CURVE('',#1139,#1585,#1589,.T.);
#1591=ORIENTED_EDGE('',*,*,#1590,.T.);
#1592=CARTESIAN_POINT('',(65.4,-42.,-5.));
#1593=VERTEX_POINT('',#1592);
#1594=CARTESIAN_POINT('',(63.684233347,-42.,-5.));
#1595=DIRECTION('',(1.,0.,-0.));
#1596=VECTOR('',#1595,1.715766653);
#1597=LINE('',#1594,#1596);
#1598=EDGE_CURVE('',#1585,#1593,#1597,.T.);
#1599=ORIENTED_EDGE('',*,*,#1598,.T.);
#1600=CARTESIAN_POINT('',(65.4,-42.,-5.));
#1601=DIRECTION('',(0.,0.,-1.));
#1602=VECTOR('',#1601,5.);
#1603=LINE('',#1600,#1602);
#1604=EDGE_CURVE('',#1593,#1417,#1603,.T.);
#1605=ORIENTED_EDGE('',*,*,#1604,.T.);
#1606=EDGE_LOOP('',(#1423,#1431,#1439,#1447,#1455,#1463,#1471,#1479,#1487,#1495,#1503,#1511,#1519,#1527,#1535,#1543,#1551,#1557,#1558,#1566,#1574,#1580,#1581,#1582,#1583,#1591,
#1599,#1605));
#1607=FACE_BOUND('',#1606,.T.);
#1608=ADVANCED_FACE('',(#1607),#1413,.T.);
#1609=CARTESIAN_POINT('',(0.,0.,-11.5));
#1610=DIRECTION('',(0.,0.,-1.));
#1611=DIRECTION('',(0.,1.,0.));
#1612=AXIS2_PLACEMENT_3D('',#1609,#1610,#1611);
#1613=PLANE('',#1612);
#1614=CARTESIAN_POINT('',(63.266025404,-41.7,-11.5));
#1615=VERTEX_POINT('',#1614);
#1616=CARTESIAN_POINT('',(65.4,-41.7,-11.5));
#1617=VERTEX_POINT('',#1616);
#1618=CARTESIAN_POINT('',(63.266025404,-41.7,-11.5));
#1619=DIRECTION('',(1.,0.,-0.));
#1620=VECTOR('',#1619,2.133974596);
#1621=LINE('',#1618,#1620);
#1622=EDGE_CURVE('',#1615,#1617,#1621,.T.);
#1623=ORIENTED_EDGE('',*,*,#1622,.T.);
#1624=CARTESIAN_POINT('',(65.4,-45.7,-11.5));
#1625=VERTEX_POINT('',#1624);
#1626=CARTESIAN_POINT('',(65.4,-45.7,-11.5));
#1627=DIRECTION('',(0.,1.,0.));
#1628=VECTOR('',#1627,4.);
#1629=LINE('',#1626,#1628);
#1630=EDGE_CURVE('',#1625,#1617,#1629,.T.);
#1631=ORIENTED_EDGE('',*,*,#1630,.F.);
#1632=CARTESIAN_POINT('',(63.4,-47.7,-11.5));
#1633=VERTEX_POINT('',#1632);
#1634=CARTESIAN_POINT('',(63.4,-45.7,-11.5));
#1635=DIRECTION('',(0.,0.,-1.));
#1636=DIRECTION('',(1.,0.,0.));
#1637=AXIS2_PLACEMENT_3D('',#1634,#1635,#1636);
#1638=CIRCLE('',#1637,2.);
#1639=EDGE_CURVE('',#1625,#1633,#1638,.T.);
#1640=ORIENTED_EDGE('',*,*,#1639,.T.);
#1641=CARTESIAN_POINT('',(59.4,-47.7,-11.5));
#1642=VERTEX_POINT('',#1641);
#1643=CARTESIAN_POINT('',(59.4,-47.7,-11.5));
#1644=DIRECTION('',(1.,0.,-0.));
#1645=VECTOR('',#1644,4.);
#1646=LINE('',#1643,#1645);
#1647=EDGE_CURVE('',#1642,#1633,#1646,.T.);
#1648=ORIENTED_EDGE('',*,*,#1647,.F.);
#1649=CARTESIAN_POINT('',(59.4,-44.7,-11.5));
#1650=VERTEX_POINT('',#1649);
#1651=CARTESIAN_POINT('',(59.4,-44.7,-11.5));
#1652=DIRECTION('',(0.,-1.,0.));
#1653=VECTOR('',#1652,3.);
#1654=LINE('',#1651,#1653);
#1655=EDGE_CURVE('',#1650,#1642,#1654,.T.);
#1656=ORIENTED_EDGE('',*,*,#1655,.F.);
#1657=CARTESIAN_POINT('',(62.4,-44.7,-11.5));
#1658=DIRECTION('',(-0.,0.,-1.));
#1659=DIRECTION('',(-1.,-0.,0.));
#1660=AXIS2_PLACEMENT_3D('',#1657,#1658,#1659);
#1661=CIRCLE('',#1660,3.);
#1662=EDGE_CURVE('',#1650,#1433,#1661,.T.);
#1663=ORIENTED_EDGE('',*,*,#1662,.T.);
#1664=ORIENTED_EDGE('',*,*,#1438,.T.);
#1665=CARTESIAN_POINT('',(62.4,-41.2,-11.5));
#1666=DIRECTION('',(0.,0.,1.));
#1667=DIRECTION('',(-0.,-1.,0.));
#1668=AXIS2_PLACEMENT_3D('',#1665,#1666,#1667);
#1669=CIRCLE('',#1668,1.);
#1670=EDGE_CURVE('',#1425,#1615,#1669,.T.);
#1671=ORIENTED_EDGE('',*,*,#1670,.T.);
#1672=EDGE_LOOP('',(#1623,#1631,#1640,#1648,#1656,#1663,#1664,#1671));
#1673=FACE_BOUND('',#1672,.T.);
#1674=CARTESIAN_POINT('',(61.26862915,-43.56862915,-11.5));
#1675=VERTEX_POINT('',#1674);
#1676=CARTESIAN_POINT('',(60.8,-44.7,-11.5));
#1677=VERTEX_POINT('',#1676);
#1678=CARTESIAN_POINT('',(62.4,-44.7,-11.5));
#1679=DIRECTION('',(-0.,-0.,1.));
#1680=DIRECTION('',(-1.,0.,0.));
#1681=AXIS2_PLACEMENT_3D('',#1678,#1679,#1680);
#1682=CIRCLE('',#1681,1.6);
#1683=EDGE_CURVE('',#1675,#1677,#1682,.T.);
#1684=ORIENTED_EDGE('',*,*,#1683,.T.);
#1685=CARTESIAN_POINT('',(62.4,-44.7,-11.5));
#1686=DIRECTION('',(-0.,-0.,1.));
#1687=DIRECTION('',(-1.,0.,0.));
#1688=AXIS2_PLACEMENT_3D('',#1685,#1686,#1687);
#1689=CIRCLE('',#1688,1.6);
#1690=EDGE_CURVE('',#1677,#1675,#1689,.T.);
#1691=ORIENTED_EDGE('',*,*,#1690,.T.);
#1692=EDGE_LOOP('',(#1684,#1691));
#1693=FACE_BOUND('',#1692,.T.);
#1694=ADVANCED_FACE('',(#1673,#1693),#1613,.T.);
#1695=CARTESIAN_POINT('',(62.4,-44.7,5.5));
#1696=DIRECTION('',(0.,0.,-1.));
#1697=DIRECTION('',(-1.,0.,0.));
#1698=AXIS2_PLACEMENT_3D('',#1695,#1696,#1697);
#1699=CYLINDRICAL_SURFACE('',#1698,1.6);
#1700=CARTESIAN_POINT('',(60.8,-44.7,-11.5));
#1701=DIRECTION('',(-0.,-0.,1.));
#1702=VECTOR('',#1701,9.);
#1703=LINE('',#1700,#1702);
#1704=EDGE_CURVE('',#1677,#1211,#1703,.T.);
#1705=ORIENTED_EDGE('',*,*,#1704,.F.);
#1706=ORIENTED_EDGE('',*,*,#1683,.F.);
#1707=ORIENTED_EDGE('',*,*,#1690,.F.);
#1708=ORIENTED_EDGE('',*,*,#1704,.T.);
#1709=ORIENTED_EDGE('',*,*,#1219,.T.);
#1710=ORIENTED_EDGE('',*,*,#1226,.T.);
#1711=EDGE_LOOP('',(#1705,#1706,#1707,#1708,#1709,#1710));
#1712=FACE_BOUND('',#1711,.T.);
#1713=ADVANCED_FACE('',(#1712),#1699,.F.);
#1714=CARTESIAN_POINT('',(63.4,-45.7,2.));
#1715=DIRECTION('',(0.,0.,1.));
#1716=DIRECTION('',(1.,0.,-0.));
#1717=AXIS2_PLACEMENT_3D('',#1714,#1715,#1716);
#1718=CYLINDRICAL_SURFACE('',#1717,2.);
#1719=ORIENTED_EDGE('',*,*,#1639,.F.);
#1720=CARTESIAN_POINT('',(65.4,-45.7,-2.5));
#1721=DIRECTION('',(-0.,-0.,-1.));
#1722=VECTOR('',#1721,9.);
#1723=LINE('',#1720,#1722);
#1724=EDGE_CURVE('',#1241,#1625,#1723,.T.);
#1725=ORIENTED_EDGE('',*,*,#1724,.F.);
#1726=ORIENTED_EDGE('',*,*,#1247,.T.);
#1727=CARTESIAN_POINT('',(63.4,-47.7,-11.5));
#1728=DIRECTION('',(0.,0.,1.));
#1729=VECTOR('',#1728,9.);
#1730=LINE('',#1727,#1729);
#1731=EDGE_CURVE('',#1633,#1233,#1730,.T.);
#1732=ORIENTED_EDGE('',*,*,#1731,.F.);
#1733=EDGE_LOOP('',(#1719,#1725,#1726,#1732));
#1734=FACE_BOUND('',#1733,.T.);
#1735=ADVANCED_FACE('',(#1734),#1718,.T.);
#1736=CARTESIAN_POINT('',(63.4,-3.,-7.5));
#1737=DIRECTION('',(0.,-1.,0.));
#1738=DIRECTION('',(0.,0.,-1.));
#1739=AXIS2_PLACEMENT_3D('',#1736,#1737,#1738);
#1740=PLANE('',#1739);
#1741=CARTESIAN_POINT('',(-3.,-3.,-5.));
#1742=VERTEX_POINT('',#1741);
#1743=CARTESIAN_POINT('',(-1.,-3.,-5.));
#1744=VERTEX_POINT('',#1743);
#1745=CARTESIAN_POINT('',(-3.,-3.,-5.));
#1746=DIRECTION('',(1.,0.,-0.));
#1747=VECTOR('',#1746,2.);
#1748=LINE('',#1745,#1747);
#1749=EDGE_CURVE('',#1742,#1744,#1748,.T.);
#1750=ORIENTED_EDGE('',*,*,#1749,.F.);
#1751=CARTESIAN_POINT('',(-3.,-3.,-10.));
#1752=VERTEX_POINT('',#1751);
#1753=CARTESIAN_POINT('',(-3.,-3.,-5.));
#1754=DIRECTION('',(0.,0.,-1.));
#1755=VECTOR('',#1754,5.);
#1756=LINE('',#1753,#1755);
#1757=EDGE_CURVE('',#1742,#1752,#1756,.T.);
#1758=ORIENTED_EDGE('',*,*,#1757,.T.);
#1759=CARTESIAN_POINT('',(-1.,-3.,-10.));
#1760=VERTEX_POINT('',#1759);
#1761=CARTESIAN_POINT('',(-3.,-3.,-10.));
#1762=DIRECTION('',(1.,0.,-0.));
#1763=VECTOR('',#1762,2.);
#1764=LINE('',#1761,#1763);
#1765=EDGE_CURVE('',#1752,#1760,#1764,.T.);
#1766=ORIENTED_EDGE('',*,*,#1765,.T.);
#1767=CARTESIAN_POINT('',(-1.,-3.,-10.));
#1768=DIRECTION('',(0.,0.,1.));
#1769=VECTOR('',#1768,5.);
#1770=LINE('',#1767,#1769);
#1771=EDGE_CURVE('',#1760,#1744,#1770,.T.);
#1772=ORIENTED_EDGE('',*,*,#1771,.T.);
#1773=EDGE_LOOP('',(#1750,#1758,#1766,#1772));
#1774=FACE_BOUND('',#1773,.T.);
#1775=ADVANCED_FACE('',(#1774),#1740,.T.);
#1776=CARTESIAN_POINT('',(63.4,-4.5,-10.));
#1777=DIRECTION('',(1.,0.,0.));
#1778=DIRECTION('',(0.,0.,-1.));
#1779=AXIS2_PLACEMENT_3D('',#1776,#1777,#1778);
#1780=CYLINDRICAL_SURFACE('',#1779,1.5);
#1781=CARTESIAN_POINT('',(-1.,-4.5,-11.5));
#1782=VERTEX_POINT('',#1781);
#1783=CARTESIAN_POINT('',(-3.,-4.5,-11.5));
#1784=VERTEX_POINT('',#1783);
#1785=CARTESIAN_POINT('',(-1.,-4.5,-11.5));
#1786=DIRECTION('',(-1.,-0.,0.));
#1787=VECTOR('',#1786,2.);
#1788=LINE('',#1785,#1787);
#1789=EDGE_CURVE('',#1782,#1784,#1788,.T.);
#1790=ORIENTED_EDGE('',*,*,#1789,.F.);
#1791=CARTESIAN_POINT('',(-1.,-4.5,-10.));
#1792=DIRECTION('',(-1.,0.,0.));
#1793=DIRECTION('',(0.,0.,1.));
#1794=AXIS2_PLACEMENT_3D('',#1791,#1792,#1793);
#1795=CIRCLE('',#1794,1.5);
#1796=EDGE_CURVE('',#1760,#1782,#1795,.T.);
#1797=ORIENTED_EDGE('',*,*,#1796,.F.);
#1798=ORIENTED_EDGE('',*,*,#1765,.F.);
#1799=CARTESIAN_POINT('',(-3.,-4.5,-10.));
#1800=DIRECTION('',(1.,0.,0.));
#1801=DIRECTION('',(0.,0.,-1.));
#1802=AXIS2_PLACEMENT_3D('',#1799,#1800,#1801);
#1803=CIRCLE('',#1802,1.5);
#1804=EDGE_CURVE('',#1784,#1752,#1803,.T.);
#1805=ORIENTED_EDGE('',*,*,#1804,.F.);
#1806=EDGE_LOOP('',(#1790,#1797,#1798,#1805));
#1807=FACE_BOUND('',#1806,.T.);
#1808=ADVANCED_FACE('',(#1807),#1780,.F.);
#1809=CARTESIAN_POINT('',(63.4,-6.,-7.5));
#1810=DIRECTION('',(0.,1.,0.));
#1811=DIRECTION('',(0.,0.,1.));
#1812=AXIS2_PLACEMENT_3D('',#1809,#1810,#1811);
#1813=PLANE('',#1812);
#1814=CARTESIAN_POINT('',(-3.,-6.,-10.));
#1815=VERTEX_POINT('',#1814);
#1816=CARTESIAN_POINT('',(-1.,-6.,-10.));
#1817=VERTEX_POINT('',#1816);
#1818=CARTESIAN_POINT('',(-3.,-6.,-10.));
#1819=DIRECTION('',(1.,0.,-0.));
#1820=VECTOR('',#1819,2.);
#1821=LINE('',#1818,#1820);
#1822=EDGE_CURVE('',#1815,#1817,#1821,.T.);
#1823=ORIENTED_EDGE('',*,*,#1822,.F.);
#1824=CARTESIAN_POINT('',(-3.,-6.,-5.));
#1825=VERTEX_POINT('',#1824);
#1826=CARTESIAN_POINT('',(-3.,-6.,-10.));
#1827=DIRECTION('',(0.,0.,1.));
#1828=VECTOR('',#1827,5.);
#1829=LINE('',#1826,#1828);
#1830=EDGE_CURVE('',#1815,#1825,#1829,.T.);
#1831=ORIENTED_EDGE('',*,*,#1830,.T.);
#1832=CARTESIAN_POINT('',(-1.,-6.,-5.));
#1833=VERTEX_POINT('',#1832);
#1834=CARTESIAN_POINT('',(-3.,-6.,-5.));
#1835=DIRECTION('',(1.,0.,-0.));
#1836=VECTOR('',#1835,2.);
#1837=LINE('',#1834,#1836);
#1838=EDGE_CURVE('',#1825,#1833,#1837,.T.);
#1839=ORIENTED_EDGE('',*,*,#1838,.T.);
#1840=CARTESIAN_POINT('',(-1.,-6.,-5.));
#1841=DIRECTION('',(0.,0.,-1.));
#1842=VECTOR('',#1841,5.);
#1843=LINE('',#1840,#1842);
#1844=EDGE_CURVE('',#1833,#1817,#1843,.T.);
#1845=ORIENTED_EDGE('',*,*,#1844,.T.);
#1846=EDGE_LOOP('',(#1823,#1831,#1839,#1845));
#1847=FACE_BOUND('',#1846,.T.);
#1848=ADVANCED_FACE('',(#1847),#1813,.T.);
#1849=CARTESIAN_POINT('',(63.4,-9.,-7.5));
#1850=DIRECTION('',(0.,-1.,0.));
#1851=DIRECTION('',(0.,0.,-1.));
#1852=AXIS2_PLACEMENT_3D('',#1849,#1850,#1851);
#1853=PLANE('',#1852);
#1854=CARTESIAN_POINT('',(-3.,-9.,-10.));
#1855=VERTEX_POINT('',#1854);
#1856=CARTESIAN_POINT('',(-1.,-9.,-10.));
#1857=VERTEX_POINT('',#1856);
#1858=CARTESIAN_POINT('',(-3.,-9.,-10.));
#1859=DIRECTION('',(1.,0.,-0.));
#1860=VECTOR('',#1859,2.);
#1861=LINE('',#1858,#1860);
#1862=EDGE_CURVE('',#1855,#1857,#1861,.T.);
#1863=ORIENTED_EDGE('',*,*,#1862,.T.);
#1864=CARTESIAN_POINT('',(-1.,-9.,-5.));
#1865=VERTEX_POINT('',#1864);
#1866=CARTESIAN_POINT('',(-1.,-9.,-10.));
#1867=DIRECTION('',(0.,0.,1.));
#1868=VECTOR('',#1867,5.);
#1869=LINE('',#1866,#1868);
#1870=EDGE_CURVE('',#1857,#1865,#1869,.T.);
#1871=ORIENTED_EDGE('',*,*,#1870,.T.);
#1872=CARTESIAN_POINT('',(-3.,-9.,-5.));
#1873=VERTEX_POINT('',#1872);
#1874=CARTESIAN_POINT('',(-3.,-9.,-5.));
#1875=DIRECTION('',(1.,0.,-0.));
#1876=VECTOR('',#1875,2.);
#1877=LINE('',#1874,#1876);
#1878=EDGE_CURVE('',#1873,#1865,#1877,.T.);
#1879=ORIENTED_EDGE('',*,*,#1878,.F.);
#1880=CARTESIAN_POINT('',(-3.,-9.,-5.));
#1881=DIRECTION('',(0.,0.,-1.));
#1882=VECTOR('',#1881,5.);
#1883=LINE('',#1880,#1882);
#1884=EDGE_CURVE('',#1873,#1855,#1883,.T.);
#1885=ORIENTED_EDGE('',*,*,#1884,.T.);
#1886=EDGE_LOOP('',(#1863,#1871,#1879,#1885));
#1887=FACE_BOUND('',#1886,.T.);
#1888=ADVANCED_FACE('',(#1887),#1853,.T.);
#1889=CARTESIAN_POINT('',(63.4,-10.5,-10.));
#1890=DIRECTION('',(1.,0.,0.));
#1891=DIRECTION('',(0.,0.,-1.));
#1892=AXIS2_PLACEMENT_3D('',#1889,#1890,#1891);
#1893=CYLINDRICAL_SURFACE('',#1892,1.5);
#1894=CARTESIAN_POINT('',(-1.,-10.5,-11.5));
#1895=VERTEX_POINT('',#1894);
#1896=CARTESIAN_POINT('',(-3.,-10.5,-11.5));
#1897=VERTEX_POINT('',#1896);
#1898=CARTESIAN_POINT('',(-1.,-10.5,-11.5));
#1899=DIRECTION('',(-1.,-0.,0.));
#1900=VECTOR('',#1899,2.);
#1901=LINE('',#1898,#1900);
#1902=EDGE_CURVE('',#1895,#1897,#1901,.T.);
#1903=ORIENTED_EDGE('',*,*,#1902,.F.);
#1904=CARTESIAN_POINT('',(-1.,-10.5,-10.));
#1905=DIRECTION('',(-1.,0.,0.));
#1906=DIRECTION('',(0.,0.,1.));
#1907=AXIS2_PLACEMENT_3D('',#1904,#1905,#1906);
#1908=CIRCLE('',#1907,1.5);
#1909=EDGE_CURVE('',#1857,#1895,#1908,.T.);
#1910=ORIENTED_EDGE('',*,*,#1909,.F.);
#1911=ORIENTED_EDGE('',*,*,#1862,.F.);
#1912=CARTESIAN_POINT('',(-3.,-10.5,-10.));
#1913=DIRECTION('',(1.,0.,0.));
#1914=DIRECTION('',(0.,0.,-1.));
#1915=AXIS2_PLACEMENT_3D('',#1912,#1913,#1914);
#1916=CIRCLE('',#1915,1.5);
#1917=EDGE_CURVE('',#1897,#1855,#1916,.T.);
#1918=ORIENTED_EDGE('',*,*,#1917,.F.);
#1919=EDGE_LOOP('',(#1903,#1910,#1911,#1918));
#1920=FACE_BOUND('',#1919,.T.);
#1921=ADVANCED_FACE('',(#1920),#1893,.F.);
#1922=CARTESIAN_POINT('',(63.4,-12.,-7.5));
#1923=DIRECTION('',(0.,1.,0.));
#1924=DIRECTION('',(0.,0.,1.));
#1925=AXIS2_PLACEMENT_3D('',#1922,#1923,#1924);
#1926=PLANE('',#1925);
#1927=CARTESIAN_POINT('',(-3.,-12.,-5.));
#1928=VERTEX_POINT('',#1927);
#1929=CARTESIAN_POINT('',(-1.,-12.,-5.));
#1930=VERTEX_POINT('',#1929);
#1931=CARTESIAN_POINT('',(-3.,-12.,-5.));
#1932=DIRECTION('',(1.,0.,-0.));
#1933=VECTOR('',#1932,2.);
#1934=LINE('',#1931,#1933);
#1935=EDGE_CURVE('',#1928,#1930,#1934,.T.);
#1936=ORIENTED_EDGE('',*,*,#1935,.T.);
#1937=CARTESIAN_POINT('',(-1.,-12.,-10.));
#1938=VERTEX_POINT('',#1937);
#1939=CARTESIAN_POINT('',(-1.,-12.,-5.));
#1940=DIRECTION('',(0.,0.,-1.));
#1941=VECTOR('',#1940,5.);
#1942=LINE('',#1939,#1941);
#1943=EDGE_CURVE('',#1930,#1938,#1942,.T.);
#1944=ORIENTED_EDGE('',*,*,#1943,.T.);
#1945=CARTESIAN_POINT('',(-3.,-12.,-10.));
#1946=VERTEX_POINT('',#1945);
#1947=CARTESIAN_POINT('',(-3.,-12.,-10.));
#1948=DIRECTION('',(1.,0.,-0.));
#1949=VECTOR('',#1948,2.);
#1950=LINE('',#1947,#1949);
#1951=EDGE_CURVE('',#1946,#1938,#1950,.T.);
#1952=ORIENTED_EDGE('',*,*,#1951,.F.);
#1953=CARTESIAN_POINT('',(-3.,-12.,-10.));
#1954=DIRECTION('',(0.,0.,1.));
#1955=VECTOR('',#1954,5.);
#1956=LINE('',#1953,#1955);
#1957=EDGE_CURVE('',#1946,#1928,#1956,.T.);
#1958=ORIENTED_EDGE('',*,*,#1957,.T.);
#1959=EDGE_LOOP('',(#1936,#1944,#1952,#1958));
#1960=FACE_BOUND('',#1959,.T.);
#1961=ADVANCED_FACE('',(#1960),#1926,.T.);
#1962=CARTESIAN_POINT('',(0.,0.,-4.));
#1963=DIRECTION('',(0.,0.,-1.));
#1964=DIRECTION('',(0.,-1.,0.));
#1965=AXIS2_PLACEMENT_3D('',#1962,#1963,#1964);
#1966=PLANE('',#1965);
#1967=CARTESIAN_POINT('',(-1.9,-9.381966011,-4.));
#1968=VERTEX_POINT('',#1967);
#1969=CARTESIAN_POINT('',(-1.9,-5.618033989,-4.));
#1970=VERTEX_POINT('',#1969);
#1971=CARTESIAN_POINT('',(-1.9,-9.381966011,-4.));
#1972=DIRECTION('',(0.,1.,0.));
#1973=VECTOR('',#1972,3.763932023);
#1974=LINE('',#1971,#1973);
#1975=EDGE_CURVE('',#1968,#1970,#1974,.T.);
#1976=ORIENTED_EDGE('',*,*,#1975,.T.);
#1977=CARTESIAN_POINT('',(-3.,-5.618033989,-4.));
#1978=VERTEX_POINT('',#1977);
#1979=CARTESIAN_POINT('',(-3.,-5.618033989,-4.));
#1980=DIRECTION('',(1.,0.,-0.));
#1981=VECTOR('',#1980,1.1);
#1982=LINE('',#1979,#1981);
#1983=EDGE_CURVE('',#1978,#1970,#1982,.T.);
#1984=ORIENTED_EDGE('',*,*,#1983,.F.);
#1985=CARTESIAN_POINT('',(-3.,-9.381966011,-4.));
#1986=VERTEX_POINT('',#1985);
#1987=CARTESIAN_POINT('',(-3.,-5.618033989,-4.));
#1988=DIRECTION('',(0.,-1.,0.));
#1989=VECTOR('',#1988,3.763932023);
#1990=LINE('',#1987,#1989);
#1991=EDGE_CURVE('',#1978,#1986,#1990,.T.);
#1992=ORIENTED_EDGE('',*,*,#1991,.T.);
#1993=CARTESIAN_POINT('',(-1.9,-9.381966011,-4.));
#1994=DIRECTION('',(-1.,-0.,0.));
#1995=VECTOR('',#1994,1.1);
#1996=LINE('',#1993,#1995);
#1997=EDGE_CURVE('',#1968,#1986,#1996,.T.);
#1998=ORIENTED_EDGE('',*,*,#1997,.F.);
#1999=EDGE_LOOP('',(#1976,#1984,#1992,#1998));
#2000=FACE_BOUND('',#1999,.T.);
#2001=ADVANCED_FACE('',(#2000),#1966,.F.);
#2002=CARTESIAN_POINT('',(63.4,-4.5,-5.));
#2003=DIRECTION('',(1.,0.,0.));
#2004=DIRECTION('',(0.,0.,-1.));
#2005=AXIS2_PLACEMENT_3D('',#2002,#2003,#2004);
#2006=CYLINDRICAL_SURFACE('',#2005,1.5);
#2007=CARTESIAN_POINT('',(-1.9,-3.381966011,-4.));
#2008=VERTEX_POINT('',#2007);
#2009=CARTESIAN_POINT('',(-1.9,-4.5,-5.));
#2010=DIRECTION('',(-1.,0.,-0.));
#2011=DIRECTION('',(0.,1.,0.));
#2012=AXIS2_PLACEMENT_3D('',#2009,#2010,#2011);
#2013=CIRCLE('',#2012,1.5);
#2014=EDGE_CURVE('',#1970,#2008,#2013,.T.);
#2015=ORIENTED_EDGE('',*,*,#2014,.T.);
#2016=CARTESIAN_POINT('',(-3.,-3.381966011,-4.));
#2017=VERTEX_POINT('',#2016);
#2018=CARTESIAN_POINT('',(-1.9,-3.381966011,-4.));
#2019=DIRECTION('',(-1.,-0.,0.));
#2020=VECTOR('',#2019,1.1);
#2021=LINE('',#2018,#2020);
#2022=EDGE_CURVE('',#2008,#2017,#2021,.T.);
#2023=ORIENTED_EDGE('',*,*,#2022,.T.);
#2024=CARTESIAN_POINT('',(-3.,-4.5,-5.));
#2025=DIRECTION('',(1.,0.,0.));
#2026=DIRECTION('',(0.,0.,-1.));
#2027=AXIS2_PLACEMENT_3D('',#2024,#2025,#2026);
#2028=CIRCLE('',#2027,1.5);
#2029=EDGE_CURVE('',#1742,#2017,#2028,.T.);
#2030=ORIENTED_EDGE('',*,*,#2029,.F.);
#2031=ORIENTED_EDGE('',*,*,#1749,.T.);
#2032=CARTESIAN_POINT('',(-1.,-4.5,-5.));
#2033=DIRECTION('',(-1.,0.,0.));
#2034=DIRECTION('',(0.,0.,1.));
#2035=AXIS2_PLACEMENT_3D('',#2032,#2033,#2034);
#2036=CIRCLE('',#2035,1.5);
#2037=EDGE_CURVE('',#1833,#1744,#2036,.T.);
#2038=ORIENTED_EDGE('',*,*,#2037,.F.);
#2039=ORIENTED_EDGE('',*,*,#1838,.F.);
#2040=CARTESIAN_POINT('',(-3.,-4.5,-5.));
#2041=DIRECTION('',(1.,0.,0.));
#2042=DIRECTION('',(0.,0.,-1.));
#2043=AXIS2_PLACEMENT_3D('',#2040,#2041,#2042);
#2044=CIRCLE('',#2043,1.5);
#2045=EDGE_CURVE('',#1978,#1825,#2044,.T.);
#2046=ORIENTED_EDGE('',*,*,#2045,.F.);
#2047=ORIENTED_EDGE('',*,*,#1983,.T.);
#2048=EDGE_LOOP('',(#2015,#2023,#2030,#2031,#2038,#2039,#2046,#2047));
#2049=FACE_BOUND('',#2048,.T.);
#2050=ADVANCED_FACE('',(#2049),#2006,.F.);
#2051=CARTESIAN_POINT('',(0.,0.,-4.));
#2052=DIRECTION('',(0.,0.,-1.));
#2053=DIRECTION('',(0.,-1.,0.));
#2054=AXIS2_PLACEMENT_3D('',#2051,#2052,#2053);
#2055=PLANE('',#2054);
#2056=CARTESIAN_POINT('',(-1.9,2.5,-4.));
#2057=VERTEX_POINT('',#2056);
#2058=CARTESIAN_POINT('',(-1.9,-3.381966011,-4.));
#2059=DIRECTION('',(0.,1.,0.));
#2060=VECTOR('',#2059,5.881966011);
#2061=LINE('',#2058,#2060);
#2062=EDGE_CURVE('',#2008,#2057,#2061,.T.);
#2063=ORIENTED_EDGE('',*,*,#2062,.T.);
#2064=CARTESIAN_POINT('',(-3.,2.5,-4.));
#2065=VERTEX_POINT('',#2064);
#2066=CARTESIAN_POINT('',(-1.9,2.5,-4.));
#2067=DIRECTION('',(-1.,-0.,0.));
#2068=VECTOR('',#2067,1.1);
#2069=LINE('',#2066,#2068);
#2070=EDGE_CURVE('',#2057,#2065,#2069,.T.);
#2071=ORIENTED_EDGE('',*,*,#2070,.T.);
#2072=CARTESIAN_POINT('',(-3.,2.5,-4.));
#2073=DIRECTION('',(0.,-1.,0.));
#2074=VECTOR('',#2073,5.881966011);
#2075=LINE('',#2072,#2074);
#2076=EDGE_CURVE('',#2065,#2017,#2075,.T.);
#2077=ORIENTED_EDGE('',*,*,#2076,.T.);
#2078=ORIENTED_EDGE('',*,*,#2022,.F.);
#2079=EDGE_LOOP('',(#2063,#2071,#2077,#2078));
#2080=FACE_BOUND('',#2079,.T.);
#2081=ADVANCED_FACE('',(#2080),#2055,.F.);
#2082=CARTESIAN_POINT('',(32.,-1.2,-11.5));
#2083=DIRECTION('',(0.,-1.,0.));
#2084=DIRECTION('',(0.,0.,-1.));
#2085=AXIS2_PLACEMENT_3D('',#2082,#2083,#2084);
#2086=PLANE('',#2085);
#2087=CARTESIAN_POINT('',(52.4,-1.2,-11.5));
#2088=VERTEX_POINT('',#2087);
#2089=CARTESIAN_POINT('',(11.6,-1.2,-11.5));
#2090=VERTEX_POINT('',#2089);
#2091=CARTESIAN_POINT('',(52.4,-1.2,-11.5));
#2092=DIRECTION('',(-1.,0.,0.));
#2093=VECTOR('',#2092,40.8);
#2094=LINE('',#2091,#2093);
#2095=EDGE_CURVE('',#2088,#2090,#2094,.T.);
#2096=ORIENTED_EDGE('',*,*,#2095,.F.);
#2097=CARTESIAN_POINT('',(52.4,-1.2,-10.5));
#2098=VERTEX_POINT('',#2097);
#2099=CARTESIAN_POINT('',(52.4,-1.2,-10.5));
#2100=DIRECTION('',(0.,0.,-1.));
#2101=VECTOR('',#2100,1.);
#2102=LINE('',#2099,#2101);
#2103=EDGE_CURVE('',#2098,#2088,#2102,.T.);
#2104=ORIENTED_EDGE('',*,*,#2103,.F.);
#2105=CARTESIAN_POINT('',(11.6,-1.2,-10.5));
#2106=VERTEX_POINT('',#2105);
#2107=CARTESIAN_POINT('',(52.4,-1.2,-10.5));
#2108=DIRECTION('',(-1.,0.,0.));
#2109=VECTOR('',#2108,40.8);
#2110=LINE('',#2107,#2109);
#2111=EDGE_CURVE('',#2098,#2106,#2110,.T.);
#2112=ORIENTED_EDGE('',*,*,#2111,.T.);
#2113=CARTESIAN_POINT('',(11.6,-1.2,-10.5));
#2114=DIRECTION('',(0.,0.,-1.));
#2115=VECTOR('',#2114,1.);
#2116=LINE('',#2113,#2115);
#2117=EDGE_CURVE('',#2106,#2090,#2116,.T.);
#2118=ORIENTED_EDGE('',*,*,#2117,.T.);
#2119=EDGE_LOOP('',(#2096,#2104,#2112,#2118));
#2120=FACE_BOUND('',#2119,.T.);
#2121=ADVANCED_FACE('',(#2120),#2086,.T.);
#2122=CARTESIAN_POINT('',(63.4,-10.5,-5.));
#2123=DIRECTION('',(1.,0.,0.));
#2124=DIRECTION('',(0.,0.,-1.));
#2125=AXIS2_PLACEMENT_3D('',#2122,#2123,#2124);
#2126=CYLINDRICAL_SURFACE('',#2125,1.5);
#2127=CARTESIAN_POINT('',(-1.9,-11.618033989,-4.));
#2128=VERTEX_POINT('',#2127);
#2129=CARTESIAN_POINT('',(-1.9,-10.5,-5.));
#2130=DIRECTION('',(-1.,0.,-0.));
#2131=DIRECTION('',(0.,1.,0.));
#2132=AXIS2_PLACEMENT_3D('',#2129,#2130,#2131);
#2133=CIRCLE('',#2132,1.5);
#2134=EDGE_CURVE('',#2128,#1968,#2133,.T.);
#2135=ORIENTED_EDGE('',*,*,#2134,.T.);
#2136=ORIENTED_EDGE('',*,*,#1997,.T.);
#2137=CARTESIAN_POINT('',(-3.,-10.5,-5.));
#2138=DIRECTION('',(1.,0.,0.));
#2139=DIRECTION('',(0.,0.,-1.));
#2140=AXIS2_PLACEMENT_3D('',#2137,#2138,#2139);
#2141=CIRCLE('',#2140,1.5);
#2142=EDGE_CURVE('',#1873,#1986,#2141,.T.);
#2143=ORIENTED_EDGE('',*,*,#2142,.F.);
#2144=ORIENTED_EDGE('',*,*,#1878,.T.);
#2145=CARTESIAN_POINT('',(-1.,-10.5,-5.));
#2146=DIRECTION('',(-1.,0.,0.));
#2147=DIRECTION('',(0.,0.,1.));
#2148=AXIS2_PLACEMENT_3D('',#2145,#2146,#2147);
#2149=CIRCLE('',#2148,1.5);
#2150=EDGE_CURVE('',#1930,#1865,#2149,.T.);
#2151=ORIENTED_EDGE('',*,*,#2150,.F.);
#2152=ORIENTED_EDGE('',*,*,#1935,.F.);
#2153=CARTESIAN_POINT('',(-3.,-11.618033989,-4.));
#2154=VERTEX_POINT('',#2153);
#2155=CARTESIAN_POINT('',(-3.,-10.5,-5.));
#2156=DIRECTION('',(1.,0.,0.));
#2157=DIRECTION('',(0.,0.,-1.));
#2158=AXIS2_PLACEMENT_3D('',#2155,#2156,#2157);
#2159=CIRCLE('',#2158,1.5);
#2160=EDGE_CURVE('',#2154,#1928,#2159,.T.);
#2161=ORIENTED_EDGE('',*,*,#2160,.F.);
#2162=CARTESIAN_POINT('',(-3.,-11.618033989,-4.));
#2163=DIRECTION('',(1.,0.,-0.));
#2164=VECTOR('',#2163,1.1);
#2165=LINE('',#2162,#2164);
#2166=EDGE_CURVE('',#2154,#2128,#2165,.T.);
#2167=ORIENTED_EDGE('',*,*,#2166,.T.);
#2168=EDGE_LOOP('',(#2135,#2136,#2143,#2144,#2151,#2152,#2161,#2167));
#2169=FACE_BOUND('',#2168,.T.);
#2170=ADVANCED_FACE('',(#2169),#2126,.F.);
#2171=CARTESIAN_POINT('',(53.5,-22.,-10.5));
#2172=DIRECTION('',(-1.,0.,0.));
#2173=DIRECTION('',(0.,0.,1.));
#2174=AXIS2_PLACEMENT_3D('',#2171,#2172,#2173);
#2175=PLANE('',#2174);
#2176=CARTESIAN_POINT('',(53.5,-42.,-10.5));
#2177=DIRECTION('',(0.,1.,0.));
#2178=VECTOR('',#2177,42.);
#2179=LINE('',#2176,#2178);
#2180=EDGE_CURVE('',#1449,#91,#2179,.T.);
#2181=ORIENTED_EDGE('',*,*,#2180,.F.);
#2182=ORIENTED_EDGE('',*,*,#1454,.T.);
#2183=CARTESIAN_POINT('',(53.5,-42.,-11.5));
#2184=DIRECTION('',(0.,1.,0.));
#2185=VECTOR('',#2184,42.);
#2186=LINE('',#2183,#2185);
#2187=EDGE_CURVE('',#1441,#99,#2186,.T.);
#2188=ORIENTED_EDGE('',*,*,#2187,.T.);
#2189=ORIENTED_EDGE('',*,*,#104,.F.);
#2190=EDGE_LOOP('',(#2181,#2182,#2188,#2189));
#2191=FACE_BOUND('',#2190,.T.);
#2192=ADVANCED_FACE('',(#2191),#2175,.F.);
#2193=CARTESIAN_POINT('',(0.,0.,-11.5));
#2194=DIRECTION('',(0.,0.,-1.));
#2195=DIRECTION('',(0.,1.,0.));
#2196=AXIS2_PLACEMENT_3D('',#2193,#2194,#2195);
#2197=PLANE('',#2196);
#2198=CARTESIAN_POINT('',(11.6,-1.2,-11.5));
#2199=DIRECTION('',(0.,-1.,0.));
#2200=VECTOR('',#2199,40.8);
#2201=LINE('',#2198,#2200);
#2202=EDGE_CURVE('',#2090,#1473,#2201,.T.);
#2203=ORIENTED_EDGE('',*,*,#2202,.T.);
#2204=ORIENTED_EDGE('',*,*,#1478,.T.);
#2205=CARTESIAN_POINT('',(52.4,-42.,-11.5));
#2206=DIRECTION('',(0.,1.,0.));
#2207=VECTOR('',#2206,40.8);
#2208=LINE('',#2205,#2207);
#2209=EDGE_CURVE('',#1465,#2088,#2208,.T.);
#2210=ORIENTED_EDGE('',*,*,#2209,.T.);
#2211=ORIENTED_EDGE('',*,*,#2095,.T.);
#2212=EDGE_LOOP('',(#2203,#2204,#2210,#2211));
#2213=FACE_BOUND('',#2212,.T.);
#2214=ADVANCED_FACE('',(#2213),#2197,.F.);
#2215=CARTESIAN_POINT('',(11.6,-22.,-11.5));
#2216=DIRECTION('',(1.,0.,0.));
#2217=DIRECTION('',(-0.,1.,0.));
#2218=AXIS2_PLACEMENT_3D('',#2215,#2216,#2217);
#2219=PLANE('',#2218);
#2220=CARTESIAN_POINT('',(11.6,-1.2,-10.5));
#2221=DIRECTION('',(0.,-1.,0.));
#2222=VECTOR('',#2221,40.8);
#2223=LINE('',#2220,#2222);
#2224=EDGE_CURVE('',#2106,#1481,#2223,.T.);
#2225=ORIENTED_EDGE('',*,*,#2224,.T.);
#2226=ORIENTED_EDGE('',*,*,#1486,.T.);
#2227=ORIENTED_EDGE('',*,*,#2202,.F.);
#2228=ORIENTED_EDGE('',*,*,#2117,.F.);
#2229=EDGE_LOOP('',(#2225,#2226,#2227,#2228));
#2230=FACE_BOUND('',#2229,.T.);
#2231=ADVANCED_FACE('',(#2230),#2219,.T.);
#2232=CARTESIAN_POINT('',(52.4,-22.,-11.5));
#2233=DIRECTION('',(-1.,0.,0.));
#2234=DIRECTION('',(0.,0.,1.));
#2235=AXIS2_PLACEMENT_3D('',#2232,#2233,#2234);
#2236=PLANE('',#2235);
#2237=ORIENTED_EDGE('',*,*,#2209,.F.);
#2238=ORIENTED_EDGE('',*,*,#1470,.F.);
#2239=CARTESIAN_POINT('',(52.4,-42.,-10.5));
#2240=DIRECTION('',(0.,1.,0.));
#2241=VECTOR('',#2240,40.8);
#2242=LINE('',#2239,#2241);
#2243=EDGE_CURVE('',#1457,#2098,#2242,.T.);
#2244=ORIENTED_EDGE('',*,*,#2243,.T.);
#2245=ORIENTED_EDGE('',*,*,#2103,.T.);
#2246=EDGE_LOOP('',(#2237,#2238,#2244,#2245));
#2247=FACE_BOUND('',#2246,.T.);
#2248=ADVANCED_FACE('',(#2247),#2236,.T.);
#2249=CARTESIAN_POINT('',(0.,0.,-10.5));
#2250=DIRECTION('',(0.,0.,1.));
#2251=DIRECTION('',(0.,1.,0.));
#2252=AXIS2_PLACEMENT_3D('',#2249,#2250,#2251);
#2253=PLANE('',#2252);
#2254=CARTESIAN_POINT('',(10.5,0.,-10.5));
#2255=DIRECTION('',(0.,-1.,0.));
#2256=VECTOR('',#2255,42.);
#2257=LINE('',#2254,#2256);
#2258=EDGE_CURVE('',#83,#1489,#2257,.T.);
#2259=ORIENTED_EDGE('',*,*,#2258,.T.);
#2260=ORIENTED_EDGE('',*,*,#1494,.F.);
#2261=ORIENTED_EDGE('',*,*,#2224,.F.);
#2262=ORIENTED_EDGE('',*,*,#2111,.F.);
#2263=ORIENTED_EDGE('',*,*,#2243,.F.);
#2264=ORIENTED_EDGE('',*,*,#1462,.T.);
#2265=ORIENTED_EDGE('',*,*,#2180,.T.);
#2266=ORIENTED_EDGE('',*,*,#96,.T.);
#2267=EDGE_LOOP('',(#2259,#2260,#2261,#2262,#2263,#2264,#2265,#2266));
#2268=FACE_BOUND('',#2267,.T.);
#2269=ADVANCED_FACE('',(#2268),#2253,.T.);
#2270=CARTESIAN_POINT('',(10.5,-22.,-10.5));
#2271=DIRECTION('',(1.,0.,0.));
#2272=DIRECTION('',(-0.,1.,0.));
#2273=AXIS2_PLACEMENT_3D('',#2270,#2271,#2272);
#2274=PLANE('',#2273);
#2275=CARTESIAN_POINT('',(10.5,0.,-11.5));
#2276=DIRECTION('',(0.,-1.,0.));
#2277=VECTOR('',#2276,42.);
#2278=LINE('',#2275,#2277);
#2279=EDGE_CURVE('',#75,#1497,#2278,.T.);
#2280=ORIENTED_EDGE('',*,*,#2279,.T.);
#2281=ORIENTED_EDGE('',*,*,#1502,.F.);
#2282=ORIENTED_EDGE('',*,*,#2258,.F.);
#2283=ORIENTED_EDGE('',*,*,#88,.T.);
#2284=EDGE_LOOP('',(#2280,#2281,#2282,#2283));
#2285=FACE_BOUND('',#2284,.T.);
#2286=ADVANCED_FACE('',(#2285),#2274,.F.);
#2287=CARTESIAN_POINT('',(0.,0.,-11.5));
#2288=DIRECTION('',(0.,0.,1.));
#2289=DIRECTION('',(1.,0.,0.));
#2290=AXIS2_PLACEMENT_3D('',#2287,#2288,#2289);
#2291=PLANE('',#2290);
#2292=ORIENTED_EDGE('',*,*,#2187,.F.);
#2293=ORIENTED_EDGE('',*,*,#1446,.T.);
#2294=CARTESIAN_POINT('',(62.4,-41.7,-11.5));
#2295=VERTEX_POINT('',#2294);
#2296=CARTESIAN_POINT('',(62.4,-44.7,-11.5));
#2297=DIRECTION('',(-0.,0.,-1.));
#2298=DIRECTION('',(-1.,-0.,0.));
#2299=AXIS2_PLACEMENT_3D('',#2296,#2297,#2298);
#2300=CIRCLE('',#2299,3.);
#2301=EDGE_CURVE('',#1433,#2295,#2300,.T.);
#2302=ORIENTED_EDGE('',*,*,#2301,.T.);
#2303=CARTESIAN_POINT('',(62.4,-41.7,-11.5));
#2304=DIRECTION('',(1.,0.,-0.));
#2305=VECTOR('',#2304,0.866025404);
#2306=LINE('',#2303,#2305);
#2307=EDGE_CURVE('',#2295,#1615,#2306,.T.);
#2308=ORIENTED_EDGE('',*,*,#2307,.T.);
#2309=CARTESIAN_POINT('',(63.4,-41.2,-11.5));
#2310=VERTEX_POINT('',#2309);
#2311=CARTESIAN_POINT('',(62.4,-41.2,-11.5));
#2312=DIRECTION('',(0.,0.,1.));
#2313=DIRECTION('',(-0.,-1.,0.));
#2314=AXIS2_PLACEMENT_3D('',#2311,#2312,#2313);
#2315=CIRCLE('',#2314,1.);
#2316=EDGE_CURVE('',#1615,#2310,#2315,.T.);
#2317=ORIENTED_EDGE('',*,*,#2316,.T.);
#2318=CARTESIAN_POINT('',(63.4,-40.5,-11.5));
#2319=DIRECTION('',(0.,-1.,0.));
#2320=VECTOR('',#2319,0.7);
#2321=LINE('',#2318,#2320);
#2322=EDGE_CURVE('',#1105,#2310,#2321,.T.);
#2323=ORIENTED_EDGE('',*,*,#2322,.F.);
#2324=ORIENTED_EDGE('',*,*,#1110,.F.);
#2325=ORIENTED_EDGE('',*,*,#1061,.F.);
#2326=ORIENTED_EDGE('',*,*,#1012,.F.);
#2327=ORIENTED_EDGE('',*,*,#963,.F.);
#2328=ORIENTED_EDGE('',*,*,#914,.F.);
#2329=ORIENTED_EDGE('',*,*,#896,.F.);
#2330=CARTESIAN_POINT('',(63.4,0.,-11.5));
#2331=DIRECTION('',(0.,-1.,0.));
#2332=VECTOR('',#2331,4.5);
#2333=LINE('',#2330,#2332);
#2334=EDGE_CURVE('',#35,#851,#2333,.T.);
#2335=ORIENTED_EDGE('',*,*,#2334,.F.);
#2336=ORIENTED_EDGE('',*,*,#110,.T.);
#2337=EDGE_LOOP('',(#2292,#2293,#2302,#2308,#2317,#2323,#2324,#2325,#2326,#2327,#2328,#2329,#2335,#2336));
#2338=FACE_BOUND('',#2337,.T.);
#2339=ADVANCED_FACE('',(#2338),#2291,.T.);
#2340=CARTESIAN_POINT('',(0.,0.,-4.));
#2341=DIRECTION('',(0.,0.,-1.));
#2342=DIRECTION('',(0.,-1.,0.));
#2343=AXIS2_PLACEMENT_3D('',#2340,#2341,#2342);
#2344=PLANE('',#2343);
#2345=CARTESIAN_POINT('',(-3.,-15.381966011,-4.));
#2346=VERTEX_POINT('',#2345);
#2347=CARTESIAN_POINT('',(-3.,-11.618033989,-4.));
#2348=DIRECTION('',(0.,-1.,0.));
#2349=VECTOR('',#2348,3.763932023);
#2350=LINE('',#2347,#2349);
#2351=EDGE_CURVE('',#2154,#2346,#2350,.T.);
#2352=ORIENTED_EDGE('',*,*,#2351,.T.);
#2353=CARTESIAN_POINT('',(-1.9,-15.381966011,-4.));
#2354=VERTEX_POINT('',#2353);
#2355=CARTESIAN_POINT('',(-1.9,-15.381966011,-4.));
#2356=DIRECTION('',(-1.,-0.,0.));
#2357=VECTOR('',#2356,1.1);
#2358=LINE('',#2355,#2357);
#2359=EDGE_CURVE('',#2354,#2346,#2358,.T.);
#2360=ORIENTED_EDGE('',*,*,#2359,.F.);
#2361=CARTESIAN_POINT('',(-1.9,-15.381966011,-4.));
#2362=DIRECTION('',(0.,1.,0.));
#2363=VECTOR('',#2362,3.763932023);
#2364=LINE('',#2361,#2363);
#2365=EDGE_CURVE('',#2354,#2128,#2364,.T.);
#2366=ORIENTED_EDGE('',*,*,#2365,.T.);
#2367=ORIENTED_EDGE('',*,*,#2166,.F.);
#2368=EDGE_LOOP('',(#2352,#2360,#2366,#2367));
#2369=FACE_BOUND('',#2368,.T.);
#2370=ADVANCED_FACE('',(#2369),#2344,.F.);
#2371=CARTESIAN_POINT('',(-1.9,-7.0695,-4.));
#2372=DIRECTION('',(1.,-0.,0.));
#2373=DIRECTION('',(0.,1.,0.));
#2374=AXIS2_PLACEMENT_3D('',#2371,#2372,#2373);
#2375=PLANE('',#2374);
#2376=ORIENTED_EDGE('',*,*,#2365,.F.);
#2377=CARTESIAN_POINT('',(-1.9,-16.739,-3.519162737));
#2378=VERTEX_POINT('',#2377);
#2379=CARTESIAN_POINT('',(-1.9,-16.5,-5.));
#2380=DIRECTION('',(-1.,0.,-0.));
#2381=DIRECTION('',(0.,1.,0.));
#2382=AXIS2_PLACEMENT_3D('',#2379,#2380,#2381);
#2383=CIRCLE('',#2382,1.5);
#2384=EDGE_CURVE('',#2378,#2354,#2383,.T.);
#2385=ORIENTED_EDGE('',*,*,#2384,.F.);
#2386=CARTESIAN_POINT('',(-1.9,-16.739,-2.5));
#2387=VERTEX_POINT('',#2386);
#2388=CARTESIAN_POINT('',(-1.9,-16.739,-3.519162737));
#2389=DIRECTION('',(0.,0.,1.));
#2390=VECTOR('',#2389,1.019162737);
#2391=LINE('',#2388,#2390);
#2392=EDGE_CURVE('',#2378,#2387,#2391,.T.);
#2393=ORIENTED_EDGE('',*,*,#2392,.T.);
#2394=CARTESIAN_POINT('',(-1.9,2.5,-2.5));
#2395=VERTEX_POINT('',#2394);
#2396=CARTESIAN_POINT('',(-1.9,-16.739,-2.5));
#2397=DIRECTION('',(0.,1.,0.));
#2398=VECTOR('',#2397,19.239);
#2399=LINE('',#2396,#2398);
#2400=EDGE_CURVE('',#2387,#2395,#2399,.T.);
#2401=ORIENTED_EDGE('',*,*,#2400,.T.);
#2402=CARTESIAN_POINT('',(-1.9,2.5,-4.));
#2403=DIRECTION('',(0.,0.,1.));
#2404=VECTOR('',#2403,1.5);
#2405=LINE('',#2402,#2404);
#2406=EDGE_CURVE('',#2057,#2395,#2405,.T.);
#2407=ORIENTED_EDGE('',*,*,#2406,.F.);
#2408=ORIENTED_EDGE('',*,*,#2062,.F.);
#2409=ORIENTED_EDGE('',*,*,#2014,.F.);
#2410=ORIENTED_EDGE('',*,*,#1975,.F.);
#2411=ORIENTED_EDGE('',*,*,#2134,.F.);
#2412=EDGE_LOOP('',(#2376,#2385,#2393,#2401,#2407,#2408,#2409,#2410,#2411));
#2413=FACE_BOUND('',#2412,.T.);
#2414=ADVANCED_FACE('',(#2413),#2375,.F.);
#2415=CARTESIAN_POINT('',(-3.,-19.35,2.));
#2416=DIRECTION('',(1.,0.,0.));
#2417=DIRECTION('',(0.,0.,-1.));
#2418=AXIS2_PLACEMENT_3D('',#2415,#2416,#2417);
#2419=PLANE('',#2418);
#2420=CARTESIAN_POINT('',(-3.,3.,-13.5));
#2421=VERTEX_POINT('',#2420);
#2422=CARTESIAN_POINT('',(-3.,-41.7,-13.5));
#2423=VERTEX_POINT('',#2422);
#2424=CARTESIAN_POINT('',(-3.,3.,-13.5));
#2425=DIRECTION('',(0.,-1.,0.));
#2426=VECTOR('',#2425,44.7);
#2427=LINE('',#2424,#2426);
#2428=EDGE_CURVE('',#2421,#2423,#2427,.T.);
#2429=ORIENTED_EDGE('',*,*,#2428,.T.);
#2430=CARTESIAN_POINT('',(-3.,-41.7,-11.5));
#2431=VERTEX_POINT('',#2430);
#2432=CARTESIAN_POINT('',(-3.,-41.7,-11.5));
#2433=DIRECTION('',(0.,0.,-1.));
#2434=VECTOR('',#2433,2.);
#2435=LINE('',#2432,#2434);
#2436=EDGE_CURVE('',#2431,#2423,#2435,.T.);
#2437=ORIENTED_EDGE('',*,*,#2436,.F.);
#2438=CARTESIAN_POINT('',(-3.,-45.7,-11.5));
#2439=VERTEX_POINT('',#2438);
#2440=CARTESIAN_POINT('',(-3.,-41.7,-11.5));
#2441=DIRECTION('',(0.,-1.,0.));
#2442=VECTOR('',#2441,4.);
#2443=LINE('',#2440,#2442);
#2444=EDGE_CURVE('',#2431,#2439,#2443,.T.);
#2445=ORIENTED_EDGE('',*,*,#2444,.T.);
#2446=CARTESIAN_POINT('',(-3.,-45.7,-11.5));
#2447=DIRECTION('',(0.,0.,1.));
#2448=VECTOR('',#2447,9.);
#2449=LINE('',#2446,#2448);
#2450=EDGE_CURVE('',#2439,#1340,#2449,.T.);
#2451=ORIENTED_EDGE('',*,*,#2450,.T.);
#2452=ORIENTED_EDGE('',*,*,#1345,.F.);
#2453=CARTESIAN_POINT('',(-3.,-41.3306,1.086154543));
#2454=VERTEX_POINT('',#2453);
#2455=CARTESIAN_POINT('',(-3.,-41.3306,-2.5));
#2456=DIRECTION('',(0.,0.,1.));
#2457=VECTOR('',#2456,3.586154543);
#2458=LINE('',#2455,#2457);
#2459=EDGE_CURVE('',#1332,#2454,#2458,.T.);
#2460=ORIENTED_EDGE('',*,*,#2459,.T.);
#2461=CARTESIAN_POINT('',(-3.,-28.576476908,1.086154543));
#2462=VERTEX_POINT('',#2461);
#2463=CARTESIAN_POINT('',(-3.,-28.576476908,1.086154543));
#2464=DIRECTION('',(0.,-1.,0.));
#2465=VECTOR('',#2464,12.754123092);
#2466=LINE('',#2463,#2465);
#2467=EDGE_CURVE('',#2462,#2454,#2466,.T.);
#2468=ORIENTED_EDGE('',*,*,#2467,.F.);
#2469=CARTESIAN_POINT('',(-3.,-24.679048071,-2.013843014));
#2470=VERTEX_POINT('',#2469);
#2471=CARTESIAN_POINT('',(-3.,-24.679042418,1.986156986));
#2472=DIRECTION('',(1.,0.,0.));
#2473=DIRECTION('',(0.,0.,-1.));
#2474=AXIS2_PLACEMENT_3D('',#2471,#2472,#2473);
#2475=CIRCLE('',#2474,4.);
#2476=EDGE_CURVE('',#2462,#2470,#2475,.T.);
#2477=ORIENTED_EDGE('',*,*,#2476,.T.);
#2478=CARTESIAN_POINT('',(-3.,-17.739042418,-2.013843014));
#2479=VERTEX_POINT('',#2478);
#2480=CARTESIAN_POINT('',(-3.,-24.679048071,-2.013843014));
#2481=DIRECTION('',(0.,1.,0.));
#2482=VECTOR('',#2481,6.940005653);
#2483=LINE('',#2480,#2482);
#2484=EDGE_CURVE('',#2470,#2479,#2483,.T.);
#2485=ORIENTED_EDGE('',*,*,#2484,.T.);
#2486=CARTESIAN_POINT('',(-3.,-16.739,-1.886815408));
#2487=VERTEX_POINT('',#2486);
#2488=CARTESIAN_POINT('',(-3.,-17.739042418,1.986156986));
#2489=DIRECTION('',(1.,0.,0.));
#2490=DIRECTION('',(0.,0.,-1.));
#2491=AXIS2_PLACEMENT_3D('',#2488,#2489,#2490);
#2492=CIRCLE('',#2491,4.);
#2493=EDGE_CURVE('',#2479,#2487,#2492,.T.);
#2494=ORIENTED_EDGE('',*,*,#2493,.T.);
#2495=CARTESIAN_POINT('',(-3.,-16.739,-3.519162737));
#2496=VERTEX_POINT('',#2495);
#2497=CARTESIAN_POINT('',(-3.,-16.739,-1.886815408));
#2498=DIRECTION('',(0.,0.,-1.));
#2499=VECTOR('',#2498,1.632347329);
#2500=LINE('',#2497,#2499);
#2501=EDGE_CURVE('',#2487,#2496,#2500,.T.);
#2502=ORIENTED_EDGE('',*,*,#2501,.T.);
#2503=CARTESIAN_POINT('',(-3.,-18.,-5.));
#2504=VERTEX_POINT('',#2503);
#2505=CARTESIAN_POINT('',(-3.,-16.5,-5.));
#2506=DIRECTION('',(1.,0.,0.));
#2507=DIRECTION('',(0.,0.,-1.));
#2508=AXIS2_PLACEMENT_3D('',#2505,#2506,#2507);
#2509=CIRCLE('',#2508,1.5);
#2510=EDGE_CURVE('',#2496,#2504,#2509,.T.);
#2511=ORIENTED_EDGE('',*,*,#2510,.T.);
#2512=CARTESIAN_POINT('',(-3.,-18.,-10.));
#2513=VERTEX_POINT('',#2512);
#2514=CARTESIAN_POINT('',(-3.,-18.,-5.));
#2515=DIRECTION('',(0.,0.,-1.));
#2516=VECTOR('',#2515,5.);
#2517=LINE('',#2514,#2516);
#2518=EDGE_CURVE('',#2504,#2513,#2517,.T.);
#2519=ORIENTED_EDGE('',*,*,#2518,.T.);
#2520=CARTESIAN_POINT('',(-3.,-16.5,-11.5));
#2521=VERTEX_POINT('',#2520);
#2522=CARTESIAN_POINT('',(-3.,-16.5,-10.));
#2523=DIRECTION('',(1.,0.,0.));
#2524=DIRECTION('',(0.,0.,-1.));
#2525=AXIS2_PLACEMENT_3D('',#2522,#2523,#2524);
#2526=CIRCLE('',#2525,1.5);
#2527=EDGE_CURVE('',#2513,#2521,#2526,.T.);
#2528=ORIENTED_EDGE('',*,*,#2527,.T.);
#2529=CARTESIAN_POINT('',(-3.,-15.,-10.));
#2530=VERTEX_POINT('',#2529);
#2531=CARTESIAN_POINT('',(-3.,-16.5,-10.));
#2532=DIRECTION('',(1.,0.,0.));
#2533=DIRECTION('',(0.,0.,-1.));
#2534=AXIS2_PLACEMENT_3D('',#2531,#2532,#2533);
#2535=CIRCLE('',#2534,1.5);
#2536=EDGE_CURVE('',#2521,#2530,#2535,.T.);
#2537=ORIENTED_EDGE('',*,*,#2536,.T.);
#2538=CARTESIAN_POINT('',(-3.,-15.,-5.));
#2539=VERTEX_POINT('',#2538);
#2540=CARTESIAN_POINT('',(-3.,-15.,-10.));
#2541=DIRECTION('',(0.,0.,1.));
#2542=VECTOR('',#2541,5.);
#2543=LINE('',#2540,#2542);
#2544=EDGE_CURVE('',#2530,#2539,#2543,.T.);
#2545=ORIENTED_EDGE('',*,*,#2544,.T.);
#2546=CARTESIAN_POINT('',(-3.,-16.5,-5.));
#2547=DIRECTION('',(1.,0.,0.));
#2548=DIRECTION('',(0.,0.,-1.));
#2549=AXIS2_PLACEMENT_3D('',#2546,#2547,#2548);
#2550=CIRCLE('',#2549,1.5);
#2551=EDGE_CURVE('',#2539,#2346,#2550,.T.);
#2552=ORIENTED_EDGE('',*,*,#2551,.T.);
#2553=ORIENTED_EDGE('',*,*,#2351,.F.);
#2554=ORIENTED_EDGE('',*,*,#2160,.T.);
#2555=ORIENTED_EDGE('',*,*,#1957,.F.);
#2556=CARTESIAN_POINT('',(-3.,-10.5,-10.));
#2557=DIRECTION('',(1.,0.,0.));
#2558=DIRECTION('',(0.,0.,-1.));
#2559=AXIS2_PLACEMENT_3D('',#2556,#2557,#2558);
#2560=CIRCLE('',#2559,1.5);
#2561=EDGE_CURVE('',#1946,#1897,#2560,.T.);
#2562=ORIENTED_EDGE('',*,*,#2561,.T.);
#2563=ORIENTED_EDGE('',*,*,#1917,.T.);
#2564=ORIENTED_EDGE('',*,*,#1884,.F.);
#2565=ORIENTED_EDGE('',*,*,#2142,.T.);
#2566=ORIENTED_EDGE('',*,*,#1991,.F.);
#2567=ORIENTED_EDGE('',*,*,#2045,.T.);
#2568=ORIENTED_EDGE('',*,*,#1830,.F.);
#2569=CARTESIAN_POINT('',(-3.,-4.5,-10.));
#2570=DIRECTION('',(1.,0.,0.));
#2571=DIRECTION('',(0.,0.,-1.));
#2572=AXIS2_PLACEMENT_3D('',#2569,#2570,#2571);
#2573=CIRCLE('',#2572,1.5);
#2574=EDGE_CURVE('',#1815,#1784,#2573,.T.);
#2575=ORIENTED_EDGE('',*,*,#2574,.T.);
#2576=ORIENTED_EDGE('',*,*,#1804,.T.);
#2577=ORIENTED_EDGE('',*,*,#1757,.F.);
#2578=ORIENTED_EDGE('',*,*,#2029,.T.);
#2579=ORIENTED_EDGE('',*,*,#2076,.F.);
#2580=CARTESIAN_POINT('',(-3.,2.5,-2.5));
#2581=VERTEX_POINT('',#2580);
#2582=CARTESIAN_POINT('',(-3.,2.5,-4.));
#2583=DIRECTION('',(0.,0.,1.));
#2584=VECTOR('',#2583,1.5);
#2585=LINE('',#2582,#2584);
#2586=EDGE_CURVE('',#2065,#2581,#2585,.T.);
#2587=ORIENTED_EDGE('',*,*,#2586,.T.);
#2588=CARTESIAN_POINT('',(-3.,7.,-2.5));
#2589=VERTEX_POINT('',#2588);
#2590=CARTESIAN_POINT('',(-3.,7.,-2.5));
#2591=DIRECTION('',(0.,-1.,0.));
#2592=VECTOR('',#2591,4.5);
#2593=LINE('',#2590,#2592);
#2594=EDGE_CURVE('',#2589,#2581,#2593,.T.);
#2595=ORIENTED_EDGE('',*,*,#2594,.F.);
#2596=CARTESIAN_POINT('',(-3.,7.,-11.5));
#2597=VERTEX_POINT('',#2596);
#2598=CARTESIAN_POINT('',(-3.,7.,-2.5));
#2599=DIRECTION('',(0.,0.,-1.));
#2600=VECTOR('',#2599,9.);
#2601=LINE('',#2598,#2600);
#2602=EDGE_CURVE('',#2589,#2597,#2601,.T.);
#2603=ORIENTED_EDGE('',*,*,#2602,.T.);
#2604=CARTESIAN_POINT('',(-3.,3.,-11.5));
#2605=VERTEX_POINT('',#2604);
#2606=CARTESIAN_POINT('',(-3.,7.,-11.5));
#2607=DIRECTION('',(0.,-1.,0.));
#2608=VECTOR('',#2607,4.);
#2609=LINE('',#2606,#2608);
#2610=EDGE_CURVE('',#2597,#2605,#2609,.T.);
#2611=ORIENTED_EDGE('',*,*,#2610,.T.);
#2612=CARTESIAN_POINT('',(-3.,3.,-11.5));
#2613=DIRECTION('',(0.,0.,-1.));
#2614=VECTOR('',#2613,2.);
#2615=LINE('',#2612,#2614);
#2616=EDGE_CURVE('',#2605,#2421,#2615,.T.);
#2617=ORIENTED_EDGE('',*,*,#2616,.T.);
#2618=EDGE_LOOP('',(#2429,#2437,#2445,#2451,#2452,#2460,#2468,#2477,#2485,#2494,#2502,#2511,#2519,#2528,#2537,#2545,#2552,#2553,#2554,#2555,#2562,#2563,#2564,#2565,#2566,#2567,
#2568,#2575,#2576,#2577,#2578,#2579,#2587,#2595,#2603,#2611,#2617));
#2619=FACE_BOUND('',#2618,.T.);
#2620=ORIENTED_EDGE('',*,*,#1542,.T.);
#2621=CARTESIAN_POINT('',(-3.,-40.5,-11.5));
#2622=VERTEX_POINT('',#2621);
#2623=CARTESIAN_POINT('',(-3.,-40.5,-10.));
#2624=DIRECTION('',(1.,0.,0.));
#2625=DIRECTION('',(0.,0.,-1.));
#2626=AXIS2_PLACEMENT_3D('',#2623,#2624,#2625);
#2627=CIRCLE('',#2626,1.5);
#2628=EDGE_CURVE('',#1529,#2622,#2627,.T.);
#2629=ORIENTED_EDGE('',*,*,#2628,.T.);
#2630=CARTESIAN_POINT('',(-3.,-39.,-10.));
#2631=VERTEX_POINT('',#2630);
#2632=CARTESIAN_POINT('',(-3.,-40.5,-10.));
#2633=DIRECTION('',(1.,0.,0.));
#2634=DIRECTION('',(0.,0.,-1.));
#2635=AXIS2_PLACEMENT_3D('',#2632,#2633,#2634);
#2636=CIRCLE('',#2635,1.5);
#2637=EDGE_CURVE('',#2622,#2631,#2636,.T.);
#2638=ORIENTED_EDGE('',*,*,#2637,.T.);
#2639=CARTESIAN_POINT('',(-3.,-39.,-5.));
#2640=VERTEX_POINT('',#2639);
#2641=CARTESIAN_POINT('',(-3.,-39.,-10.));
#2642=DIRECTION('',(0.,0.,1.));
#2643=VECTOR('',#2642,5.);
#2644=LINE('',#2641,#2643);
#2645=EDGE_CURVE('',#2631,#2640,#2644,.T.);
#2646=ORIENTED_EDGE('',*,*,#2645,.T.);
#2647=CARTESIAN_POINT('',(-3.,-40.5,-5.));
#2648=DIRECTION('',(1.,0.,0.));
#2649=DIRECTION('',(0.,0.,-1.));
#2650=AXIS2_PLACEMENT_3D('',#2647,#2648,#2649);
#2651=CIRCLE('',#2650,1.5);
#2652=EDGE_CURVE('',#2640,#1537,#2651,.T.);
#2653=ORIENTED_EDGE('',*,*,#2652,.T.);
#2654=EDGE_LOOP('',(#2620,#2629,#2638,#2646,#2653));
#2655=FACE_BOUND('',#2654,.T.);
#2656=CARTESIAN_POINT('',(-3.,-27.,-5.));
#2657=VERTEX_POINT('',#2656);
#2658=CARTESIAN_POINT('',(-3.,-30.,-5.));
#2659=VERTEX_POINT('',#2658);
#2660=CARTESIAN_POINT('',(-3.,-28.5,-5.));
#2661=DIRECTION('',(1.,0.,0.));
#2662=DIRECTION('',(0.,0.,-1.));
#2663=AXIS2_PLACEMENT_3D('',#2660,#2661,#2662);
#2664=CIRCLE('',#2663,1.5);
#2665=EDGE_CURVE('',#2657,#2659,#2664,.T.);
#2666=ORIENTED_EDGE('',*,*,#2665,.T.);
#2667=CARTESIAN_POINT('',(-3.,-30.,-10.));
#2668=VERTEX_POINT('',#2667);
#2669=CARTESIAN_POINT('',(-3.,-30.,-5.));
#2670=DIRECTION('',(0.,-0.,-1.));
#2671=VECTOR('',#2670,5.);
#2672=LINE('',#2669,#2671);
#2673=EDGE_CURVE('',#2659,#2668,#2672,.T.);
#2674=ORIENTED_EDGE('',*,*,#2673,.T.);
#2675=CARTESIAN_POINT('',(-3.,-28.5,-11.5));
#2676=VERTEX_POINT('',#2675);
#2677=CARTESIAN_POINT('',(-3.,-28.5,-10.));
#2678=DIRECTION('',(1.,0.,0.));
#2679=DIRECTION('',(0.,0.,-1.));
#2680=AXIS2_PLACEMENT_3D('',#2677,#2678,#2679);
#2681=CIRCLE('',#2680,1.5);
#2682=EDGE_CURVE('',#2668,#2676,#2681,.T.);
#2683=ORIENTED_EDGE('',*,*,#2682,.T.);
#2684=CARTESIAN_POINT('',(-3.,-27.,-10.));
#2685=VERTEX_POINT('',#2684);
#2686=CARTESIAN_POINT('',(-3.,-28.5,-10.));
#2687=DIRECTION('',(1.,0.,0.));
#2688=DIRECTION('',(0.,0.,-1.));
#2689=AXIS2_PLACEMENT_3D('',#2686,#2687,#2688);
#2690=CIRCLE('',#2689,1.5);
#2691=EDGE_CURVE('',#2676,#2685,#2690,.T.);
#2692=ORIENTED_EDGE('',*,*,#2691,.T.);
#2693=CARTESIAN_POINT('',(-3.,-27.,-10.));
#2694=DIRECTION('',(0.,0.,1.));
#2695=VECTOR('',#2694,5.);
#2696=LINE('',#2693,#2695);
#2697=EDGE_CURVE('',#2685,#2657,#2696,.T.);
#2698=ORIENTED_EDGE('',*,*,#2697,.T.);
#2699=EDGE_LOOP('',(#2666,#2674,#2683,#2692,#2698));
#2700=FACE_BOUND('',#2699,.T.);
#2701=CARTESIAN_POINT('',(-3.,-21.,-10.));
#2702=VERTEX_POINT('',#2701);
#2703=CARTESIAN_POINT('',(-3.,-21.,-5.));
#2704=VERTEX_POINT('',#2703);
#2705=CARTESIAN_POINT('',(-3.,-21.,-10.));
#2706=DIRECTION('',(0.,0.,1.));
#2707=VECTOR('',#2706,5.);
#2708=LINE('',#2705,#2707);
#2709=EDGE_CURVE('',#2702,#2704,#2708,.T.);
#2710=ORIENTED_EDGE('',*,*,#2709,.T.);
#2711=CARTESIAN_POINT('',(-3.,-24.,-5.));
#2712=VERTEX_POINT('',#2711);
#2713=CARTESIAN_POINT('',(-3.,-22.5,-5.));
#2714=DIRECTION('',(1.,0.,0.));
#2715=DIRECTION('',(0.,0.,-1.));
#2716=AXIS2_PLACEMENT_3D('',#2713,#2714,#2715);
#2717=CIRCLE('',#2716,1.5);
#2718=EDGE_CURVE('',#2704,#2712,#2717,.T.);
#2719=ORIENTED_EDGE('',*,*,#2718,.T.);
#2720=CARTESIAN_POINT('',(-3.,-24.,-10.));
#2721=VERTEX_POINT('',#2720);
#2722=CARTESIAN_POINT('',(-3.,-24.,-5.));
#2723=DIRECTION('',(0.,0.,-1.));
#2724=VECTOR('',#2723,5.);
#2725=LINE('',#2722,#2724);
#2726=EDGE_CURVE('',#2712,#2721,#2725,.T.);
#2727=ORIENTED_EDGE('',*,*,#2726,.T.);
#2728=CARTESIAN_POINT('',(-3.,-22.5,-11.5));
#2729=VERTEX_POINT('',#2728);
#2730=CARTESIAN_POINT('',(-3.,-22.5,-10.));
#2731=DIRECTION('',(1.,0.,0.));
#2732=DIRECTION('',(0.,0.,-1.));
#2733=AXIS2_PLACEMENT_3D('',#2730,#2731,#2732);
#2734=CIRCLE('',#2733,1.5);
#2735=EDGE_CURVE('',#2721,#2729,#2734,.T.);
#2736=ORIENTED_EDGE('',*,*,#2735,.T.);
#2737=CARTESIAN_POINT('',(-3.,-22.5,-10.));
#2738=DIRECTION('',(1.,0.,0.));
#2739=DIRECTION('',(0.,0.,-1.));
#2740=AXIS2_PLACEMENT_3D('',#2737,#2738,#2739);
#2741=CIRCLE('',#2740,1.5);
#2742=EDGE_CURVE('',#2729,#2702,#2741,.T.);
#2743=ORIENTED_EDGE('',*,*,#2742,.T.);
#2744=EDGE_LOOP('',(#2710,#2719,#2727,#2736,#2743));
#2745=FACE_BOUND('',#2744,.T.);
#2746=CARTESIAN_POINT('',(-3.,-33.,-10.));
#2747=VERTEX_POINT('',#2746);
#2748=CARTESIAN_POINT('',(-3.,-33.,-5.));
#2749=VERTEX_POINT('',#2748);
#2750=CARTESIAN_POINT('',(-3.,-33.,-10.));
#2751=DIRECTION('',(0.,0.,1.));
#2752=VECTOR('',#2751,5.);
#2753=LINE('',#2750,#2752);
#2754=EDGE_CURVE('',#2747,#2749,#2753,.T.);
#2755=ORIENTED_EDGE('',*,*,#2754,.T.);
#2756=CARTESIAN_POINT('',(-3.,-36.,-5.));
#2757=VERTEX_POINT('',#2756);
#2758=CARTESIAN_POINT('',(-3.,-34.5,-5.));
#2759=DIRECTION('',(1.,0.,0.));
#2760=DIRECTION('',(0.,0.,-1.));
#2761=AXIS2_PLACEMENT_3D('',#2758,#2759,#2760);
#2762=CIRCLE('',#2761,1.5);
#2763=EDGE_CURVE('',#2749,#2757,#2762,.T.);
#2764=ORIENTED_EDGE('',*,*,#2763,.T.);
#2765=CARTESIAN_POINT('',(-3.,-36.,-10.));
#2766=VERTEX_POINT('',#2765);
#2767=CARTESIAN_POINT('',(-3.,-36.,-5.));
#2768=DIRECTION('',(0.,0.,-1.));
#2769=VECTOR('',#2768,5.);
#2770=LINE('',#2767,#2769);
#2771=EDGE_CURVE('',#2757,#2766,#2770,.T.);
#2772=ORIENTED_EDGE('',*,*,#2771,.T.);
#2773=CARTESIAN_POINT('',(-3.,-34.5,-11.5));
#2774=VERTEX_POINT('',#2773);
#2775=CARTESIAN_POINT('',(-3.,-34.5,-10.));
#2776=DIRECTION('',(1.,0.,0.));
#2777=DIRECTION('',(0.,0.,-1.));
#2778=AXIS2_PLACEMENT_3D('',#2775,#2776,#2777);
#2779=CIRCLE('',#2778,1.5);
#2780=EDGE_CURVE('',#2766,#2774,#2779,.T.);
#2781=ORIENTED_EDGE('',*,*,#2780,.T.);
#2782=CARTESIAN_POINT('',(-3.,-34.5,-10.));
#2783=DIRECTION('',(1.,0.,0.));
#2784=DIRECTION('',(0.,0.,-1.));
#2785=AXIS2_PLACEMENT_3D('',#2782,#2783,#2784);
#2786=CIRCLE('',#2785,1.5);
#2787=EDGE_CURVE('',#2774,#2747,#2786,.T.);
#2788=ORIENTED_EDGE('',*,*,#2787,.T.);
#2789=EDGE_LOOP('',(#2755,#2764,#2772,#2781,#2788));
#2790=FACE_BOUND('',#2789,.T.);
#2791=ADVANCED_FACE('',(#2619,#2655,#2700,#2745,#2790),#2419,.F.);
#2792=CARTESIAN_POINT('',(-1.,-21.35,2.));
#2793=DIRECTION('',(-1.,0.,0.));
#2794=DIRECTION('',(0.,0.,1.));
#2795=AXIS2_PLACEMENT_3D('',#2792,#2793,#2794);
#2796=PLANE('',#2795);
#2797=CARTESIAN_POINT('',(-1.,-16.739,-2.5));
#2798=VERTEX_POINT('',#2797);
#2799=CARTESIAN_POINT('',(-1.,-16.739,-2.5));
#2800=DIRECTION('',(0.,1.,0.));
#2801=VECTOR('',#2800,16.739);
#2802=LINE('',#2799,#2801);
#2803=EDGE_CURVE('',#2798,#59,#2802,.T.);
#2804=ORIENTED_EDGE('',*,*,#2803,.F.);
#2805=CARTESIAN_POINT('',(-1.,-16.739,0.6));
#2806=VERTEX_POINT('',#2805);
#2807=CARTESIAN_POINT('',(-1.,-16.739,0.6));
#2808=DIRECTION('',(0.,0.,-1.));
#2809=VECTOR('',#2808,3.1);
#2810=LINE('',#2807,#2809);
#2811=EDGE_CURVE('',#2806,#2798,#2810,.T.);
#2812=ORIENTED_EDGE('',*,*,#2811,.F.);
#2813=CARTESIAN_POINT('',(-1.,-25.6791,0.6));
#2814=VERTEX_POINT('',#2813);
#2815=CARTESIAN_POINT('',(-1.,-16.739,0.6));
#2816=DIRECTION('',(0.,-1.,0.));
#2817=VECTOR('',#2816,8.9401);
#2818=LINE('',#2815,#2817);
#2819=EDGE_CURVE('',#2806,#2814,#2818,.T.);
#2820=ORIENTED_EDGE('',*,*,#2819,.T.);
#2821=CARTESIAN_POINT('',(-1.,-25.6791,-1.013843014));
#2822=VERTEX_POINT('',#2821);
#2823=CARTESIAN_POINT('',(-1.,-25.6791,-1.013843014));
#2824=DIRECTION('',(0.,0.,1.));
#2825=VECTOR('',#2824,1.613843014);
#2826=LINE('',#2823,#2825);
#2827=EDGE_CURVE('',#2822,#2814,#2826,.T.);
#2828=ORIENTED_EDGE('',*,*,#2827,.F.);
#2829=CARTESIAN_POINT('',(-1.,-32.3306,-1.013843014));
#2830=VERTEX_POINT('',#2829);
#2831=CARTESIAN_POINT('',(-1.,-25.6791,-1.013843014));
#2832=DIRECTION('',(0.,-1.,0.));
#2833=VECTOR('',#2832,6.6515);
#2834=LINE('',#2831,#2833);
#2835=EDGE_CURVE('',#2822,#2830,#2834,.T.);
#2836=ORIENTED_EDGE('',*,*,#2835,.T.);
#2837=CARTESIAN_POINT('',(-1.,-32.3306,1.086156986));
#2838=VERTEX_POINT('',#2837);
#2839=CARTESIAN_POINT('',(-1.,-32.3306,-1.013843014));
#2840=DIRECTION('',(0.,0.,1.));
#2841=VECTOR('',#2840,2.1);
#2842=LINE('',#2839,#2841);
#2843=EDGE_CURVE('',#2830,#2838,#2842,.T.);
#2844=ORIENTED_EDGE('',*,*,#2843,.T.);
#2845=CARTESIAN_POINT('',(-1.,-41.3306,1.086154543));
#2846=VERTEX_POINT('',#2845);
#2847=CARTESIAN_POINT('',(-1.,-32.3306,1.086154543));
#2848=DIRECTION('',(0.,-1.,0.));
#2849=VECTOR('',#2848,9.);
#2850=LINE('',#2847,#2849);
#2851=EDGE_CURVE('',#2838,#2846,#2850,.T.);
#2852=ORIENTED_EDGE('',*,*,#2851,.T.);
#2853=CARTESIAN_POINT('',(-1.,-41.3306,1.086154543));
#2854=DIRECTION('',(0.,0.,-1.));
#2855=VECTOR('',#2854,3.586154543);
#2856=LINE('',#2853,#2855);
#2857=EDGE_CURVE('',#2846,#1324,#2856,.T.);
#2858=ORIENTED_EDGE('',*,*,#2857,.T.);
#2859=ORIENTED_EDGE('',*,*,#1329,.F.);
#2860=CARTESIAN_POINT('',(-1.,-41.741960108,-4.15884895));
#2861=VERTEX_POINT('',#2860);
#2862=CARTESIAN_POINT('',(-1.,-41.741960108,-4.15884895));
#2863=DIRECTION('',(-0.,-0.,1.));
#2864=VECTOR('',#2863,1.65884895);
#2865=LINE('',#2862,#2864);
#2866=EDGE_CURVE('',#2861,#1315,#2865,.T.);
#2867=ORIENTED_EDGE('',*,*,#2866,.F.);
#2868=CARTESIAN_POINT('',(-1.,-39.,-5.));
#2869=VERTEX_POINT('',#2868);
#2870=CARTESIAN_POINT('',(-1.,-40.5,-5.));
#2871=DIRECTION('',(-1.,0.,0.));
#2872=DIRECTION('',(0.,0.,1.));
#2873=AXIS2_PLACEMENT_3D('',#2870,#2871,#2872);
#2874=CIRCLE('',#2873,1.5);
#2875=EDGE_CURVE('',#2861,#2869,#2874,.T.);
#2876=ORIENTED_EDGE('',*,*,#2875,.T.);
#2877=CARTESIAN_POINT('',(-1.,-39.,-10.));
#2878=VERTEX_POINT('',#2877);
#2879=CARTESIAN_POINT('',(-1.,-39.,-5.));
#2880=DIRECTION('',(0.,0.,-1.));
#2881=VECTOR('',#2880,5.);
#2882=LINE('',#2879,#2881);
#2883=EDGE_CURVE('',#2869,#2878,#2882,.T.);
#2884=ORIENTED_EDGE('',*,*,#2883,.T.);
#2885=CARTESIAN_POINT('',(-1.,-40.5,-11.5));
#2886=VERTEX_POINT('',#2885);
#2887=CARTESIAN_POINT('',(-1.,-40.5,-10.));
#2888=DIRECTION('',(-1.,0.,0.));
#2889=DIRECTION('',(0.,0.,1.));
#2890=AXIS2_PLACEMENT_3D('',#2887,#2888,#2889);
#2891=CIRCLE('',#2890,1.5);
#2892=EDGE_CURVE('',#2878,#2886,#2891,.T.);
#2893=ORIENTED_EDGE('',*,*,#2892,.T.);
#2894=CARTESIAN_POINT('',(-1.,-34.5,-11.5));
#2895=VERTEX_POINT('',#2894);
#2896=CARTESIAN_POINT('',(-1.,-40.5,-11.5));
#2897=DIRECTION('',(0.,1.,0.));
#2898=VECTOR('',#2897,6.);
#2899=LINE('',#2896,#2898);
#2900=EDGE_CURVE('',#2886,#2895,#2899,.T.);
#2901=ORIENTED_EDGE('',*,*,#2900,.T.);
#2902=CARTESIAN_POINT('',(-1.,-36.,-10.));
#2903=VERTEX_POINT('',#2902);
#2904=CARTESIAN_POINT('',(-1.,-34.5,-10.));
#2905=DIRECTION('',(-1.,0.,0.));
#2906=DIRECTION('',(0.,0.,1.));
#2907=AXIS2_PLACEMENT_3D('',#2904,#2905,#2906);
#2908=CIRCLE('',#2907,1.5);
#2909=EDGE_CURVE('',#2895,#2903,#2908,.T.);
#2910=ORIENTED_EDGE('',*,*,#2909,.T.);
#2911=CARTESIAN_POINT('',(-1.,-36.,-5.));
#2912=VERTEX_POINT('',#2911);
#2913=CARTESIAN_POINT('',(-1.,-36.,-10.));
#2914=DIRECTION('',(0.,0.,1.));
#2915=VECTOR('',#2914,5.);
#2916=LINE('',#2913,#2915);
#2917=EDGE_CURVE('',#2903,#2912,#2916,.T.);
#2918=ORIENTED_EDGE('',*,*,#2917,.T.);
#2919=CARTESIAN_POINT('',(-1.,-33.,-5.));
#2920=VERTEX_POINT('',#2919);
#2921=CARTESIAN_POINT('',(-1.,-34.5,-5.));
#2922=DIRECTION('',(-1.,0.,0.));
#2923=DIRECTION('',(0.,0.,1.));
#2924=AXIS2_PLACEMENT_3D('',#2921,#2922,#2923);
#2925=CIRCLE('',#2924,1.5);
#2926=EDGE_CURVE('',#2912,#2920,#2925,.T.);
#2927=ORIENTED_EDGE('',*,*,#2926,.T.);
#2928=CARTESIAN_POINT('',(-1.,-33.,-10.));
#2929=VERTEX_POINT('',#2928);
#2930=CARTESIAN_POINT('',(-1.,-33.,-5.));
#2931=DIRECTION('',(0.,0.,-1.));
#2932=VECTOR('',#2931,5.);
#2933=LINE('',#2930,#2932);
#2934=EDGE_CURVE('',#2920,#2929,#2933,.T.);
#2935=ORIENTED_EDGE('',*,*,#2934,.T.);
#2936=CARTESIAN_POINT('',(-1.,-34.5,-10.));
#2937=DIRECTION('',(-1.,0.,0.));
#2938=DIRECTION('',(0.,0.,1.));
#2939=AXIS2_PLACEMENT_3D('',#2936,#2937,#2938);
#2940=CIRCLE('',#2939,1.5);
#2941=EDGE_CURVE('',#2929,#2895,#2940,.T.);
#2942=ORIENTED_EDGE('',*,*,#2941,.T.);
#2943=CARTESIAN_POINT('',(-1.,-28.5,-11.5));
#2944=VERTEX_POINT('',#2943);
#2945=CARTESIAN_POINT('',(-1.,-34.5,-11.5));
#2946=DIRECTION('',(0.,1.,0.));
#2947=VECTOR('',#2946,6.);
#2948=LINE('',#2945,#2947);
#2949=EDGE_CURVE('',#2895,#2944,#2948,.T.);
#2950=ORIENTED_EDGE('',*,*,#2949,.T.);
#2951=CARTESIAN_POINT('',(-1.,-30.,-10.));
#2952=VERTEX_POINT('',#2951);
#2953=CARTESIAN_POINT('',(-1.,-28.5,-10.));
#2954=DIRECTION('',(-1.,0.,0.));
#2955=DIRECTION('',(0.,0.,1.));
#2956=AXIS2_PLACEMENT_3D('',#2953,#2954,#2955);
#2957=CIRCLE('',#2956,1.5);
#2958=EDGE_CURVE('',#2944,#2952,#2957,.T.);
#2959=ORIENTED_EDGE('',*,*,#2958,.T.);
#2960=CARTESIAN_POINT('',(-1.,-30.,-5.));
#2961=VERTEX_POINT('',#2960);
#2962=CARTESIAN_POINT('',(-1.,-30.,-10.));
#2963=DIRECTION('',(0.,0.,1.));
#2964=VECTOR('',#2963,5.);
#2965=LINE('',#2962,#2964);
#2966=EDGE_CURVE('',#2952,#2961,#2965,.T.);
#2967=ORIENTED_EDGE('',*,*,#2966,.T.);
#2968=CARTESIAN_POINT('',(-1.,-27.,-5.));
#2969=VERTEX_POINT('',#2968);
#2970=CARTESIAN_POINT('',(-1.,-28.5,-5.));
#2971=DIRECTION('',(-1.,0.,0.));
#2972=DIRECTION('',(0.,0.,1.));
#2973=AXIS2_PLACEMENT_3D('',#2970,#2971,#2972);
#2974=CIRCLE('',#2973,1.5);
#2975=EDGE_CURVE('',#2961,#2969,#2974,.T.);
#2976=ORIENTED_EDGE('',*,*,#2975,.T.);
#2977=CARTESIAN_POINT('',(-1.,-27.,-10.));
#2978=VERTEX_POINT('',#2977);
#2979=CARTESIAN_POINT('',(-1.,-27.,-5.));
#2980=DIRECTION('',(0.,0.,-1.));
#2981=VECTOR('',#2980,5.);
#2982=LINE('',#2979,#2981);
#2983=EDGE_CURVE('',#2969,#2978,#2982,.T.);
#2984=ORIENTED_EDGE('',*,*,#2983,.T.);
#2985=CARTESIAN_POINT('',(-1.,-28.5,-10.));
#2986=DIRECTION('',(-1.,0.,0.));
#2987=DIRECTION('',(0.,0.,1.));
#2988=AXIS2_PLACEMENT_3D('',#2985,#2986,#2987);
#2989=CIRCLE('',#2988,1.5);
#2990=EDGE_CURVE('',#2978,#2944,#2989,.T.);
#2991=ORIENTED_EDGE('',*,*,#2990,.T.);
#2992=CARTESIAN_POINT('',(-1.,-22.5,-11.5));
#2993=VERTEX_POINT('',#2992);
#2994=CARTESIAN_POINT('',(-1.,-28.5,-11.5));
#2995=DIRECTION('',(0.,1.,0.));
#2996=VECTOR('',#2995,6.);
#2997=LINE('',#2994,#2996);
#2998=EDGE_CURVE('',#2944,#2993,#2997,.T.);
#2999=ORIENTED_EDGE('',*,*,#2998,.T.);
#3000=CARTESIAN_POINT('',(-1.,-24.,-10.));
#3001=VERTEX_POINT('',#3000);
#3002=CARTESIAN_POINT('',(-1.,-22.5,-10.));
#3003=DIRECTION('',(-1.,0.,0.));
#3004=DIRECTION('',(0.,0.,1.));
#3005=AXIS2_PLACEMENT_3D('',#3002,#3003,#3004);
#3006=CIRCLE('',#3005,1.5);
#3007=EDGE_CURVE('',#2993,#3001,#3006,.T.);
#3008=ORIENTED_EDGE('',*,*,#3007,.T.);
#3009=CARTESIAN_POINT('',(-1.,-24.,-5.));
#3010=VERTEX_POINT('',#3009);
#3011=CARTESIAN_POINT('',(-1.,-24.,-10.));
#3012=DIRECTION('',(0.,0.,1.));
#3013=VECTOR('',#3012,5.);
#3014=LINE('',#3011,#3013);
#3015=EDGE_CURVE('',#3001,#3010,#3014,.T.);
#3016=ORIENTED_EDGE('',*,*,#3015,.T.);
#3017=CARTESIAN_POINT('',(-1.,-21.,-5.));
#3018=VERTEX_POINT('',#3017);
#3019=CARTESIAN_POINT('',(-1.,-22.5,-5.));
#3020=DIRECTION('',(-1.,0.,0.));
#3021=DIRECTION('',(0.,0.,1.));
#3022=AXIS2_PLACEMENT_3D('',#3019,#3020,#3021);
#3023=CIRCLE('',#3022,1.5);
#3024=EDGE_CURVE('',#3010,#3018,#3023,.T.);
#3025=ORIENTED_EDGE('',*,*,#3024,.T.);
#3026=CARTESIAN_POINT('',(-1.,-21.,-10.));
#3027=VERTEX_POINT('',#3026);
#3028=CARTESIAN_POINT('',(-1.,-21.,-5.));
#3029=DIRECTION('',(0.,0.,-1.));
#3030=VECTOR('',#3029,5.);
#3031=LINE('',#3028,#3030);
#3032=EDGE_CURVE('',#3018,#3027,#3031,.T.);
#3033=ORIENTED_EDGE('',*,*,#3032,.T.);
#3034=CARTESIAN_POINT('',(-1.,-22.5,-10.));
#3035=DIRECTION('',(-1.,0.,0.));
#3036=DIRECTION('',(0.,0.,1.));
#3037=AXIS2_PLACEMENT_3D('',#3034,#3035,#3036);
#3038=CIRCLE('',#3037,1.5);
#3039=EDGE_CURVE('',#3027,#2993,#3038,.T.);
#3040=ORIENTED_EDGE('',*,*,#3039,.T.);
#3041=CARTESIAN_POINT('',(-1.,-16.5,-11.5));
#3042=VERTEX_POINT('',#3041);
#3043=CARTESIAN_POINT('',(-1.,-22.5,-11.5));
#3044=DIRECTION('',(0.,1.,0.));
#3045=VECTOR('',#3044,6.);
#3046=LINE('',#3043,#3045);
#3047=EDGE_CURVE('',#2993,#3042,#3046,.T.);
#3048=ORIENTED_EDGE('',*,*,#3047,.T.);
#3049=CARTESIAN_POINT('',(-1.,-18.,-10.));
#3050=VERTEX_POINT('',#3049);
#3051=CARTESIAN_POINT('',(-1.,-16.5,-10.));
#3052=DIRECTION('',(-1.,0.,0.));
#3053=DIRECTION('',(0.,0.,1.));
#3054=AXIS2_PLACEMENT_3D('',#3051,#3052,#3053);
#3055=CIRCLE('',#3054,1.5);
#3056=EDGE_CURVE('',#3042,#3050,#3055,.T.);
#3057=ORIENTED_EDGE('',*,*,#3056,.T.);
#3058=CARTESIAN_POINT('',(-1.,-18.,-5.));
#3059=VERTEX_POINT('',#3058);
#3060=CARTESIAN_POINT('',(-1.,-18.,-10.));
#3061=DIRECTION('',(0.,0.,1.));
#3062=VECTOR('',#3061,5.);
#3063=LINE('',#3060,#3062);
#3064=EDGE_CURVE('',#3050,#3059,#3063,.T.);
#3065=ORIENTED_EDGE('',*,*,#3064,.T.);
#3066=CARTESIAN_POINT('',(-1.,-15.,-5.));
#3067=VERTEX_POINT('',#3066);
#3068=CARTESIAN_POINT('',(-1.,-16.5,-5.));
#3069=DIRECTION('',(-1.,0.,0.));
#3070=DIRECTION('',(0.,0.,1.));
#3071=AXIS2_PLACEMENT_3D('',#3068,#3069,#3070);
#3072=CIRCLE('',#3071,1.5);
#3073=EDGE_CURVE('',#3059,#3067,#3072,.T.);
#3074=ORIENTED_EDGE('',*,*,#3073,.T.);
#3075=CARTESIAN_POINT('',(-1.,-15.,-10.));
#3076=VERTEX_POINT('',#3075);
#3077=CARTESIAN_POINT('',(-1.,-15.,-5.));
#3078=DIRECTION('',(0.,0.,-1.));
#3079=VECTOR('',#3078,5.);
#3080=LINE('',#3077,#3079);
#3081=EDGE_CURVE('',#3067,#3076,#3080,.T.);
#3082=ORIENTED_EDGE('',*,*,#3081,.T.);
#3083=CARTESIAN_POINT('',(-1.,-16.5,-10.));
#3084=DIRECTION('',(-1.,0.,0.));
#3085=DIRECTION('',(0.,0.,1.));
#3086=AXIS2_PLACEMENT_3D('',#3083,#3084,#3085);
#3087=CIRCLE('',#3086,1.5);
#3088=EDGE_CURVE('',#3076,#3042,#3087,.T.);
#3089=ORIENTED_EDGE('',*,*,#3088,.T.);
#3090=CARTESIAN_POINT('',(-1.,-16.5,-11.5));
#3091=DIRECTION('',(0.,1.,0.));
#3092=VECTOR('',#3091,6.);
#3093=LINE('',#3090,#3092);
#3094=EDGE_CURVE('',#3042,#1895,#3093,.T.);
#3095=ORIENTED_EDGE('',*,*,#3094,.T.);
#3096=CARTESIAN_POINT('',(-1.,-10.5,-10.));
#3097=DIRECTION('',(-1.,0.,0.));
#3098=DIRECTION('',(0.,0.,1.));
#3099=AXIS2_PLACEMENT_3D('',#3096,#3097,#3098);
#3100=CIRCLE('',#3099,1.5);
#3101=EDGE_CURVE('',#1895,#1938,#3100,.T.);
#3102=ORIENTED_EDGE('',*,*,#3101,.T.);
#3103=ORIENTED_EDGE('',*,*,#1943,.F.);
#3104=ORIENTED_EDGE('',*,*,#2150,.T.);
#3105=ORIENTED_EDGE('',*,*,#1870,.F.);
#3106=ORIENTED_EDGE('',*,*,#1909,.T.);
#3107=CARTESIAN_POINT('',(-1.,-10.5,-11.5));
#3108=DIRECTION('',(0.,1.,0.));
#3109=VECTOR('',#3108,6.);
#3110=LINE('',#3107,#3109);
#3111=EDGE_CURVE('',#1895,#1782,#3110,.T.);
#3112=ORIENTED_EDGE('',*,*,#3111,.T.);
#3113=CARTESIAN_POINT('',(-1.,-4.5,-10.));
#3114=DIRECTION('',(-1.,0.,0.));
#3115=DIRECTION('',(0.,0.,1.));
#3116=AXIS2_PLACEMENT_3D('',#3113,#3114,#3115);
#3117=CIRCLE('',#3116,1.5);
#3118=EDGE_CURVE('',#1782,#1817,#3117,.T.);
#3119=ORIENTED_EDGE('',*,*,#3118,.T.);
#3120=ORIENTED_EDGE('',*,*,#1844,.F.);
#3121=ORIENTED_EDGE('',*,*,#2037,.T.);
#3122=ORIENTED_EDGE('',*,*,#1771,.F.);
#3123=ORIENTED_EDGE('',*,*,#1796,.T.);
#3124=CARTESIAN_POINT('',(-1.,-4.5,-11.5));
#3125=DIRECTION('',(0.,1.,0.));
#3126=VECTOR('',#3125,4.5);
#3127=LINE('',#3124,#3126);
#3128=EDGE_CURVE('',#1782,#67,#3127,.T.);
#3129=ORIENTED_EDGE('',*,*,#3128,.T.);
#3130=ORIENTED_EDGE('',*,*,#72,.F.);
#3131=EDGE_LOOP('',(#2804,#2812,#2820,#2828,#2836,#2844,#2852,#2858,#2859,#2867,#2876,#2884,#2893,#2901,#2910,#2918,#2927,#2935,#2942,#2950,#2959,#2967,#2976,#2984,#2991,#2999,
#3008,#3016,#3025,#3033,#3040,#3048,#3057,#3065,#3074,#3082,#3089,#3095,#3102,#3103,#3104,#3105,#3106,#3112,#3119,#3120,#3121,#3122,#3123,#3129,#3130));
#3132=FACE_BOUND('',#3131,.T.);
#3133=ADVANCED_FACE('',(#3132),#2796,.F.);
#3134=CARTESIAN_POINT('',(0.,0.,-11.5));
#3135=DIRECTION('',(0.,0.,1.));
#3136=DIRECTION('',(1.,0.,0.));
#3137=AXIS2_PLACEMENT_3D('',#3134,#3135,#3136);
#3138=PLANE('',#3137);
#3139=ORIENTED_EDGE('',*,*,#3094,.F.);
#3140=ORIENTED_EDGE('',*,*,#3047,.F.);
#3141=ORIENTED_EDGE('',*,*,#2998,.F.);
#3142=ORIENTED_EDGE('',*,*,#2949,.F.);
#3143=ORIENTED_EDGE('',*,*,#2900,.F.);
#3144=CARTESIAN_POINT('',(-1.,-41.7,-11.5));
#3145=VERTEX_POINT('',#3144);
#3146=CARTESIAN_POINT('',(-1.,-41.7,-11.5));
#3147=DIRECTION('',(0.,1.,0.));
#3148=VECTOR('',#3147,1.2);
#3149=LINE('',#3146,#3148);
#3150=EDGE_CURVE('',#3145,#2886,#3149,.T.);
#3151=ORIENTED_EDGE('',*,*,#3150,.F.);
#3152=CARTESIAN_POINT('',(-0.,-41.7,-11.5));
#3153=VERTEX_POINT('',#3152);
#3154=CARTESIAN_POINT('',(-0.,-41.7,-11.5));
#3155=DIRECTION('',(-1.,0.,0.));
#3156=VECTOR('',#3155,1.);
#3157=LINE('',#3154,#3156);
#3158=EDGE_CURVE('',#3153,#3145,#3157,.T.);
#3159=ORIENTED_EDGE('',*,*,#3158,.F.);
#3160=CARTESIAN_POINT('',(-0.,-44.7,-11.5));
#3161=DIRECTION('',(0.,0.,-1.));
#3162=DIRECTION('',(0.,1.,0.));
#3163=AXIS2_PLACEMENT_3D('',#3160,#3161,#3162);
#3164=CIRCLE('',#3163,3.);
#3165=EDGE_CURVE('',#3153,#1505,#3164,.T.);
#3166=ORIENTED_EDGE('',*,*,#3165,.T.);
#3167=ORIENTED_EDGE('',*,*,#1510,.F.);
#3168=ORIENTED_EDGE('',*,*,#2279,.F.);
#3169=ORIENTED_EDGE('',*,*,#80,.T.);
#3170=ORIENTED_EDGE('',*,*,#3128,.F.);
#3171=ORIENTED_EDGE('',*,*,#3111,.F.);
#3172=EDGE_LOOP('',(#3139,#3140,#3141,#3142,#3143,#3151,#3159,#3166,#3167,#3168,#3169,#3170,#3171));
#3173=FACE_BOUND('',#3172,.T.);
#3174=ADVANCED_FACE('',(#3173),#3138,.T.);
#3175=CARTESIAN_POINT('',(62.4,-40.5,-10.));
#3176=DIRECTION('',(1.,0.,0.));
#3177=DIRECTION('',(0.,0.,-1.));
#3178=AXIS2_PLACEMENT_3D('',#3175,#3176,#3177);
#3179=CYLINDRICAL_SURFACE('',#3178,1.5);
#3180=CARTESIAN_POINT('',(65.4,-40.5,-11.5));
#3181=VERTEX_POINT('',#3180);
#3182=CARTESIAN_POINT('',(65.4,-40.5,-11.5));
#3183=DIRECTION('',(-1.,-0.,0.));
#3184=VECTOR('',#3183,2.);
#3185=LINE('',#3182,#3184);
#3186=EDGE_CURVE('',#3181,#1105,#3185,.T.);
#3187=ORIENTED_EDGE('',*,*,#3186,.F.);
#3188=CARTESIAN_POINT('',(65.4,-39.,-10.));
#3189=VERTEX_POINT('',#3188);
#3190=CARTESIAN_POINT('',(65.4,-40.5,-10.));
#3191=DIRECTION('',(1.,0.,0.));
#3192=DIRECTION('',(0.,-1.,0.));
#3193=AXIS2_PLACEMENT_3D('',#3190,#3191,#3192);
#3194=CIRCLE('',#3193,1.5);
#3195=EDGE_CURVE('',#3181,#3189,#3194,.T.);
#3196=ORIENTED_EDGE('',*,*,#3195,.T.);
#3197=CARTESIAN_POINT('',(63.4,-39.,-10.));
#3198=DIRECTION('',(1.,0.,-0.));
#3199=VECTOR('',#3198,2.);
#3200=LINE('',#3197,#3199);
#3201=EDGE_CURVE('',#1113,#3189,#3200,.T.);
#3202=ORIENTED_EDGE('',*,*,#3201,.F.);
#3203=ORIENTED_EDGE('',*,*,#1119,.F.);
#3204=EDGE_LOOP('',(#3187,#3196,#3202,#3203));
#3205=FACE_BOUND('',#3204,.T.);
#3206=ADVANCED_FACE('',(#3205),#3179,.F.);
#3207=CARTESIAN_POINT('',(63.9,-41.7,-11.5));
#3208=DIRECTION('',(0.,1.,0.));
#3209=DIRECTION('',(0.,0.,1.));
#3210=AXIS2_PLACEMENT_3D('',#3207,#3208,#3209);
#3211=PLANE('',#3210);
#3212=CARTESIAN_POINT('',(62.4,-41.7,-13.5));
#3213=VERTEX_POINT('',#3212);
#3214=CARTESIAN_POINT('',(65.4,-41.7,-13.5));
#3215=VERTEX_POINT('',#3214);
#3216=CARTESIAN_POINT('',(62.4,-41.7,-13.5));
#3217=DIRECTION('',(1.,0.,-0.));
#3218=VECTOR('',#3217,3.);
#3219=LINE('',#3216,#3218);
#3220=EDGE_CURVE('',#3213,#3215,#3219,.T.);
#3221=ORIENTED_EDGE('',*,*,#3220,.T.);
#3222=CARTESIAN_POINT('',(65.4,-41.7,-11.5));
#3223=DIRECTION('',(0.,0.,-1.));
#3224=VECTOR('',#3223,2.);
#3225=LINE('',#3222,#3224);
#3226=EDGE_CURVE('',#1617,#3215,#3225,.T.);
#3227=ORIENTED_EDGE('',*,*,#3226,.F.);
#3228=ORIENTED_EDGE('',*,*,#1622,.F.);
#3229=ORIENTED_EDGE('',*,*,#2307,.F.);
#3230=CARTESIAN_POINT('',(62.4,-41.7,-11.5));
#3231=DIRECTION('',(0.,0.,-1.));
#3232=VECTOR('',#3231,2.);
#3233=LINE('',#3230,#3232);
#3234=EDGE_CURVE('',#2295,#3213,#3233,.T.);
#3235=ORIENTED_EDGE('',*,*,#3234,.T.);
#3236=EDGE_LOOP('',(#3221,#3227,#3228,#3229,#3235));
#3237=FACE_BOUND('',#3236,.T.);
#3238=ADVANCED_FACE('',(#3237),#3211,.F.);
#3239=CARTESIAN_POINT('',(-2.1,-29.004839271,-4.));
#3240=DIRECTION('',(-1.,0.,0.));
#3241=DIRECTION('',(0.,0.,1.));
#3242=AXIS2_PLACEMENT_3D('',#3239,#3240,#3241);
#3243=PLANE('',#3242);
#3244=CARTESIAN_POINT('',(-2.1,-25.679078542,-2.5));
#3245=VERTEX_POINT('',#3244);
#3246=CARTESIAN_POINT('',(-2.1,-25.679078542,-4.));
#3247=VERTEX_POINT('',#3246);
#3248=CARTESIAN_POINT('',(-2.1,-25.679078542,-2.5));
#3249=DIRECTION('',(0.,0.,-1.));
#3250=VECTOR('',#3249,1.5);
#3251=LINE('',#3248,#3250);
#3252=EDGE_CURVE('',#3245,#3247,#3251,.T.);
#3253=ORIENTED_EDGE('',*,*,#3252,.F.);
#3254=CARTESIAN_POINT('',(-2.1,-32.3306,-2.5));
#3255=VERTEX_POINT('',#3254);
#3256=CARTESIAN_POINT('',(-2.1,-25.679078542,-2.5));
#3257=DIRECTION('',(0.,-1.,0.));
#3258=VECTOR('',#3257,6.651521458);
#3259=LINE('',#3256,#3258);
#3260=EDGE_CURVE('',#3245,#3255,#3259,.T.);
#3261=ORIENTED_EDGE('',*,*,#3260,.T.);
#3262=CARTESIAN_POINT('',(-2.1,-32.3306,-4.));
#3263=VERTEX_POINT('',#3262);
#3264=CARTESIAN_POINT('',(-2.1,-32.3306,-4.));
#3265=DIRECTION('',(0.,0.,1.));
#3266=VECTOR('',#3265,1.5);
#3267=LINE('',#3264,#3266);
#3268=EDGE_CURVE('',#3263,#3255,#3267,.T.);
#3269=ORIENTED_EDGE('',*,*,#3268,.F.);
#3270=CARTESIAN_POINT('',(-2.1,-29.618033989,-4.));
#3271=VERTEX_POINT('',#3270);
#3272=CARTESIAN_POINT('',(-2.1,-29.618033989,-4.));
#3273=DIRECTION('',(0.,-1.,0.));
#3274=VECTOR('',#3273,2.712566011);
#3275=LINE('',#3272,#3274);
#3276=EDGE_CURVE('',#3271,#3263,#3275,.T.);
#3277=ORIENTED_EDGE('',*,*,#3276,.F.);
#3278=CARTESIAN_POINT('',(-2.1,-27.381966011,-4.));
#3279=VERTEX_POINT('',#3278);
#3280=CARTESIAN_POINT('',(-2.1,-28.5,-5.));
#3281=DIRECTION('',(-1.,0.,0.));
#3282=DIRECTION('',(0.,0.,1.));
#3283=AXIS2_PLACEMENT_3D('',#3280,#3281,#3282);
#3284=CIRCLE('',#3283,1.5);
#3285=EDGE_CURVE('',#3271,#3279,#3284,.T.);
#3286=ORIENTED_EDGE('',*,*,#3285,.T.);
#3287=CARTESIAN_POINT('',(-2.1,-25.679078542,-4.));
#3288=DIRECTION('',(0.,-1.,0.));
#3289=VECTOR('',#3288,1.70288747);
#3290=LINE('',#3287,#3289);
#3291=EDGE_CURVE('',#3247,#3279,#3290,.T.);
#3292=ORIENTED_EDGE('',*,*,#3291,.F.);
#3293=EDGE_LOOP('',(#3253,#3261,#3269,#3277,#3286,#3292));
#3294=FACE_BOUND('',#3293,.T.);
#3295=ADVANCED_FACE('',(#3294),#3243,.F.);
#3296=CARTESIAN_POINT('',(-0.5,-41.741960108,5.5));
#3297=DIRECTION('',(0.,0.,-1.));
#3298=DIRECTION('',(-1.,0.,0.));
#3299=AXIS2_PLACEMENT_3D('',#3296,#3297,#3298);
#3300=CYLINDRICAL_SURFACE('',#3299,0.5);
#3301=ORIENTED_EDGE('',*,*,#1321,.F.);
#3302=ORIENTED_EDGE('',*,*,#1556,.T.);
#3303=CARTESIAN_POINT('',(-0.928270259,-42.,-5.));
#3304=CARTESIAN_POINT('',(-0.928270259,-42.,-4.849189787));
#3305=CARTESIAN_POINT('',(-0.943431172,-41.977834968,-4.702803046));
#3306=CARTESIAN_POINT('',(-0.961648093,-41.934004541,-4.559964801));
#3307=CARTESIAN_POINT('',(-0.979865013,-41.890174115,-4.417126556));
#3308=CARTESIAN_POINT('',(-1.,-41.826648237,-4.283891031));
#3309=CARTESIAN_POINT('',(-1.,-41.741960108,-4.15884895));
#3310=B_SPLINE_CURVE_WITH_KNOTS('',3,(#3303,#3304,#3305,#3306,#3307,#3308,#3309),.UNSPECIFIED.,.F.,.F.,(4,3,4),(0.,0.000446207,0.000892414),.UNSPECIFIED.);
#3311=EDGE_CURVE('',#1545,#2861,#3310,.T.);
#3312=ORIENTED_EDGE('',*,*,#3311,.T.);
#3313=ORIENTED_EDGE('',*,*,#2866,.T.);
#3314=EDGE_LOOP('',(#3301,#3302,#3312,#3313));
#3315=FACE_BOUND('',#3314,.T.);
#3316=ADVANCED_FACE('',(#3315),#3300,.F.);
#3317=CARTESIAN_POINT('',(62.4,-41.2,5.5));
#3318=DIRECTION('',(0.,0.,-1.));
#3319=DIRECTION('',(-1.,0.,0.));
#3320=AXIS2_PLACEMENT_3D('',#3317,#3318,#3319);
#3321=CYLINDRICAL_SURFACE('',#3320,1.);
#3322=ORIENTED_EDGE('',*,*,#1430,.F.);
#3323=CARTESIAN_POINT('',(63.4,-41.2,-11.326649916));
#3324=VERTEX_POINT('',#3323);
#3325=CARTESIAN_POINT('',(63.,-42.,-10.));
#3326=CARTESIAN_POINT('',(63.,-42.,-10.071223375));
#3327=CARTESIAN_POINT('',(63.006852203,-41.994965636,-10.140771695));
#3328=CARTESIAN_POINT('',(63.019018141,-41.985376687,-10.208940416));
#3329=CARTESIAN_POINT('',(63.03118408,-41.975787739,-10.277109137));
#3330=CARTESIAN_POINT('',(63.048771636,-41.961481631,-10.344425722));
#3331=CARTESIAN_POINT('',(63.069230449,-41.943054915,-10.409380646));
#3332=CARTESIAN_POINT('',(63.110148076,-41.906201481,-10.539290494));
#3333=CARTESIAN_POINT('',(63.161055936,-41.854083623,-10.658698046));
#3334=CARTESIAN_POINT('',(63.210201706,-41.786151172,-10.771890642));
#3335=CARTESIAN_POINT('',(63.259347476,-41.71821872,-10.885083238));
#3336=CARTESIAN_POINT('',(63.306118643,-41.635514128,-10.989357635));
#3337=CARTESIAN_POINT('',(63.341123977,-41.538061621,-11.082787178));
#3338=CARTESIAN_POINT('',(63.376129312,-41.440609113,-11.17621672));
#3339=CARTESIAN_POINT('',(63.4,-41.325851075,-11.260245244));
#3340=CARTESIAN_POINT('',(63.4,-41.2,-11.326649916));
#3341=B_SPLINE_CURVE_WITH_KNOTS('',3,(#3325,#3326,#3327,#3328,#3329,#3330,#3331,#3332,#3333,#3334,#3335,#3336,#3337,#3338,#3339,#3340),.UNSPECIFIED.,.F.,.F.,(4,3,3,3,3,4),(0.,0.000209633,0.000419265,0.00083853,0.001257795,0.00167706),.UNSPECIFIED.);
#3342=EDGE_CURVE('',#1415,#3324,#3341,.T.);
#3343=ORIENTED_EDGE('',*,*,#3342,.T.);
#3344=CARTESIAN_POINT('',(63.4,-41.2,-11.5));
#3345=DIRECTION('',(-0.,-0.,1.));
#3346=VECTOR('',#3345,0.173350084);
#3347=LINE('',#3344,#3346);
#3348=EDGE_CURVE('',#2310,#3324,#3347,.T.);
#3349=ORIENTED_EDGE('',*,*,#3348,.F.);
#3350=ORIENTED_EDGE('',*,*,#2316,.F.);
#3351=ORIENTED_EDGE('',*,*,#1670,.F.);
#3352=EDGE_LOOP('',(#3322,#3343,#3349,#3350,#3351));
#3353=FACE_BOUND('',#3352,.T.);
#3354=ADVANCED_FACE('',(#3353),#3321,.F.);
#3355=CARTESIAN_POINT('',(-0.5,-41.741960108,5.5));
#3356=DIRECTION('',(0.,0.,-1.));
#3357=DIRECTION('',(-1.,0.,0.));
#3358=AXIS2_PLACEMENT_3D('',#3355,#3356,#3357);
#3359=CYLINDRICAL_SURFACE('',#3358,0.5);
#3360=CARTESIAN_POINT('',(-1.,-41.741960108,-10.84115105));
#3361=VERTEX_POINT('',#3360);
#3362=CARTESIAN_POINT('',(-1.,-41.741960108,-10.84115105));
#3363=CARTESIAN_POINT('',(-1.,-41.826631033,-10.716134372));
#3364=CARTESIAN_POINT('',(-0.979796,-41.89041016,-10.582239298));
#3365=CARTESIAN_POINT('',(-0.961598778,-41.934122976,-10.439649052));
#3366=CARTESIAN_POINT('',(-0.943401557,-41.977835792,-10.297058807));
#3367=CARTESIAN_POINT('',(-0.928270259,-42.,-10.150854848));
#3368=CARTESIAN_POINT('',(-0.928270259,-42.,-10.));
#3369=B_SPLINE_CURVE_WITH_KNOTS('',3,(#3362,#3363,#3364,#3365,#3366,#3367,#3368),.UNSPECIFIED.,.F.,.F.,(4,3,4),(0.,0.0004468,0.000893601),.UNSPECIFIED.);
#3370=EDGE_CURVE('',#3361,#1521,#3369,.T.);
#3371=ORIENTED_EDGE('',*,*,#3370,.T.);
#3372=ORIENTED_EDGE('',*,*,#1526,.T.);
#3373=CARTESIAN_POINT('',(-1.,-41.741960108,-11.5));
#3374=VERTEX_POINT('',#3373);
#3375=CARTESIAN_POINT('',(-0.5,-41.741960108,-11.5));
#3376=DIRECTION('',(0.,0.,1.));
#3377=DIRECTION('',(-1.,0.,0.));
#3378=AXIS2_PLACEMENT_3D('',#3375,#3376,#3377);
#3379=CIRCLE('',#3378,0.5);
#3380=EDGE_CURVE('',#3374,#1513,#3379,.T.);
#3381=ORIENTED_EDGE('',*,*,#3380,.F.);
#3382=CARTESIAN_POINT('',(-1.,-41.741960108,-11.5));
#3383=DIRECTION('',(-0.,-0.,1.));
#3384=VECTOR('',#3383,0.65884895);
#3385=LINE('',#3382,#3384);
#3386=EDGE_CURVE('',#3374,#3361,#3385,.T.);
#3387=ORIENTED_EDGE('',*,*,#3386,.T.);
#3388=EDGE_LOOP('',(#3371,#3372,#3381,#3387));
#3389=FACE_BOUND('',#3388,.T.);
#3390=ADVANCED_FACE('',(#3389),#3359,.F.);
#3391=CARTESIAN_POINT('',(5.888963551,-25.679078542,4.186156986));
#3392=DIRECTION('',(0.,1.,0.));
#3393=DIRECTION('',(0.,0.,-1.));
#3394=AXIS2_PLACEMENT_3D('',#3391,#3392,#3393);
#3395=PLANE('',#3394);
#3396=CARTESIAN_POINT('',(-1.9,-25.679078542,-2.5));
#3397=VERTEX_POINT('',#3396);
#3398=CARTESIAN_POINT('',(-2.1,-25.679078542,-2.5));
#3399=DIRECTION('',(1.,0.,-0.));
#3400=VECTOR('',#3399,0.2);
#3401=LINE('',#3398,#3400);
#3402=EDGE_CURVE('',#3245,#3397,#3401,.T.);
#3403=ORIENTED_EDGE('',*,*,#3402,.F.);
#3404=ORIENTED_EDGE('',*,*,#3252,.T.);
#3405=CARTESIAN_POINT('',(-1.9,-25.679078542,-4.));
#3406=VERTEX_POINT('',#3405);
#3407=CARTESIAN_POINT('',(-2.1,-25.679078542,-4.));
#3408=DIRECTION('',(1.,0.,-0.));
#3409=VECTOR('',#3408,0.2);
#3410=LINE('',#3407,#3409);
#3411=EDGE_CURVE('',#3247,#3406,#3410,.T.);
#3412=ORIENTED_EDGE('',*,*,#3411,.T.);
#3413=CARTESIAN_POINT('',(-1.9,-25.679078542,-4.));
#3414=DIRECTION('',(0.,0.,1.));
#3415=VECTOR('',#3414,1.5);
#3416=LINE('',#3413,#3415);
#3417=EDGE_CURVE('',#3406,#3397,#3416,.T.);
#3418=ORIENTED_EDGE('',*,*,#3417,.T.);
#3419=EDGE_LOOP('',(#3403,#3404,#3412,#3418));
#3420=FACE_BOUND('',#3419,.T.);
#3421=ADVANCED_FACE('',(#3420),#3395,.F.);
#3422=CARTESIAN_POINT('',(5.888963551,-16.739,4.186156986));
#3423=DIRECTION('',(0.,-1.,0.));
#3424=DIRECTION('',(0.,0.,1.));
#3425=AXIS2_PLACEMENT_3D('',#3422,#3423,#3424);
#3426=PLANE('',#3425);
#3427=CARTESIAN_POINT('',(-2.,-16.739,0.6));
#3428=VERTEX_POINT('',#3427);
#3429=CARTESIAN_POINT('',(-1.,-16.739,0.6));
#3430=DIRECTION('',(-1.,0.,0.));
#3431=VECTOR('',#3430,1.);
#3432=LINE('',#3429,#3431);
#3433=EDGE_CURVE('',#2806,#3428,#3432,.T.);
#3434=ORIENTED_EDGE('',*,*,#3433,.F.);
#3435=ORIENTED_EDGE('',*,*,#2811,.T.);
#3436=CARTESIAN_POINT('',(-1.,-16.739,-2.5));
#3437=DIRECTION('',(-1.,0.,0.));
#3438=VECTOR('',#3437,0.9);
#3439=LINE('',#3436,#3438);
#3440=EDGE_CURVE('',#2798,#2387,#3439,.T.);
#3441=ORIENTED_EDGE('',*,*,#3440,.T.);
#3442=ORIENTED_EDGE('',*,*,#2392,.F.);
#3443=CARTESIAN_POINT('',(-3.,-16.739,-3.519162737));
#3444=DIRECTION('',(1.,0.,-0.));
#3445=VECTOR('',#3444,1.1);
#3446=LINE('',#3443,#3445);
#3447=EDGE_CURVE('',#2496,#2378,#3446,.T.);
#3448=ORIENTED_EDGE('',*,*,#3447,.F.);
#3449=ORIENTED_EDGE('',*,*,#2501,.F.);
#3450=CARTESIAN_POINT('',(-2.,-16.739,-0.842255141));
#3451=VERTEX_POINT('',#3450);
#3452=CARTESIAN_POINT('',(-3.,-16.739,-1.886815408));
#3453=CARTESIAN_POINT('',(-2.664707982,-16.739,-1.540526321));
#3454=CARTESIAN_POINT('',(-2.330648015,-16.739,-1.192962181));
#3455=CARTESIAN_POINT('',(-2.,-16.739,-0.842255141));
#3456=B_SPLINE_CURVE_WITH_KNOTS('',3,(#3452,#3453,#3454,#3455),.UNSPECIFIED.,.F.,.F.,(4,4),(0.01239426,0.013840223),.UNSPECIFIED.);
#3457=EDGE_CURVE('',#2487,#3451,#3456,.T.);
#3458=ORIENTED_EDGE('',*,*,#3457,.T.);
#3459=CARTESIAN_POINT('',(-2.,-16.739,-0.842255141));
#3460=DIRECTION('',(0.,0.,1.));
#3461=VECTOR('',#3460,1.442255141);
#3462=LINE('',#3459,#3461);
#3463=EDGE_CURVE('',#3451,#3428,#3462,.T.);
#3464=ORIENTED_EDGE('',*,*,#3463,.T.);
#3465=EDGE_LOOP('',(#3434,#3435,#3441,#3442,#3448,#3449,#3458,#3464));
#3466=FACE_BOUND('',#3465,.T.);
#3467=ADVANCED_FACE('',(#3466),#3426,.F.);
#3468=CARTESIAN_POINT('',(-2.,0.,0.));
#3469=DIRECTION('',(-1.,0.,0.));
#3470=DIRECTION('',(0.,1.,0.));
#3471=AXIS2_PLACEMENT_3D('',#3468,#3469,#3470);
#3472=PLANE('',#3471);
#3473=CARTESIAN_POINT('',(-2.,-24.679046658,-1.013843014));
#3474=VERTEX_POINT('',#3473);
#3475=CARTESIAN_POINT('',(-2.,-27.540859254,1.086154543));
#3476=VERTEX_POINT('',#3475);
#3477=CARTESIAN_POINT('',(-2.,-24.679042418,1.986156986));
#3478=DIRECTION('',(-1.,0.,0.));
#3479=DIRECTION('',(0.,0.,1.));
#3480=AXIS2_PLACEMENT_3D('',#3477,#3478,#3479);
#3481=CIRCLE('',#3480,3.);
#3482=EDGE_CURVE('',#3474,#3476,#3481,.T.);
#3483=ORIENTED_EDGE('',*,*,#3482,.T.);
#3484=CARTESIAN_POINT('',(-2.,-25.6791,1.086154543));
#3485=VERTEX_POINT('',#3484);
#3486=CARTESIAN_POINT('',(-2.,-27.540859254,1.086154543));
#3487=DIRECTION('',(0.,1.,0.));
#3488=VECTOR('',#3487,1.861759254);
#3489=LINE('',#3486,#3488);
#3490=EDGE_CURVE('',#3476,#3485,#3489,.T.);
#3491=ORIENTED_EDGE('',*,*,#3490,.T.);
#3492=CARTESIAN_POINT('',(-2.,-25.6791,0.6));
#3493=VERTEX_POINT('',#3492);
#3494=CARTESIAN_POINT('',(-2.,-25.6791,1.086154543));
#3495=DIRECTION('',(0.,0.,-1.));
#3496=VECTOR('',#3495,0.486154543);
#3497=LINE('',#3494,#3496);
#3498=EDGE_CURVE('',#3485,#3493,#3497,.T.);
#3499=ORIENTED_EDGE('',*,*,#3498,.T.);
#3500=CARTESIAN_POINT('',(-2.,-25.6791,0.6));
#3501=DIRECTION('',(0.,1.,0.));
#3502=VECTOR('',#3501,8.9401);
#3503=LINE('',#3500,#3502);
#3504=EDGE_CURVE('',#3493,#3428,#3503,.T.);
#3505=ORIENTED_EDGE('',*,*,#3504,.T.);
#3506=ORIENTED_EDGE('',*,*,#3463,.F.);
#3507=CARTESIAN_POINT('',(-2.,-17.739042418,-1.013843014));
#3508=VERTEX_POINT('',#3507);
#3509=CARTESIAN_POINT('',(-2.,-17.739042418,1.986156986));
#3510=DIRECTION('',(-1.,0.,0.));
#3511=DIRECTION('',(0.,0.,1.));
#3512=AXIS2_PLACEMENT_3D('',#3509,#3510,#3511);
#3513=CIRCLE('',#3512,3.);
#3514=EDGE_CURVE('',#3451,#3508,#3513,.T.);
#3515=ORIENTED_EDGE('',*,*,#3514,.T.);
#3516=CARTESIAN_POINT('',(-2.,-24.679046658,-1.013843014));
#3517=DIRECTION('',(0.,1.,0.));
#3518=VECTOR('',#3517,6.94000424);
#3519=LINE('',#3516,#3518);
#3520=EDGE_CURVE('',#3474,#3508,#3519,.T.);
#3521=ORIENTED_EDGE('',*,*,#3520,.F.);
#3522=EDGE_LOOP('',(#3483,#3491,#3499,#3505,#3506,#3515,#3521));
#3523=FACE_BOUND('',#3522,.T.);
#3524=ADVANCED_FACE('',(#3523),#3472,.T.);
#3525=CARTESIAN_POINT('',(-1.,-21.35,2.));
#3526=DIRECTION('',(-1.,0.,0.));
#3527=DIRECTION('',(0.,0.,1.));
#3528=AXIS2_PLACEMENT_3D('',#3525,#3526,#3527);
#3529=PLANE('',#3528);
#3530=CARTESIAN_POINT('',(-1.,-41.741960108,-11.5));
#3531=DIRECTION('',(0.,1.,0.));
#3532=VECTOR('',#3531,0.041960108);
#3533=LINE('',#3530,#3532);
#3534=EDGE_CURVE('',#3374,#3145,#3533,.T.);
#3535=ORIENTED_EDGE('',*,*,#3534,.T.);
#3536=ORIENTED_EDGE('',*,*,#3150,.T.);
#3537=CARTESIAN_POINT('',(-1.,-40.5,-10.));
#3538=DIRECTION('',(-1.,0.,0.));
#3539=DIRECTION('',(0.,0.,1.));
#3540=AXIS2_PLACEMENT_3D('',#3537,#3538,#3539);
#3541=CIRCLE('',#3540,1.5);
#3542=EDGE_CURVE('',#2886,#3361,#3541,.T.);
#3543=ORIENTED_EDGE('',*,*,#3542,.T.);
#3544=ORIENTED_EDGE('',*,*,#3386,.F.);
#3545=EDGE_LOOP('',(#3535,#3536,#3543,#3544));
#3546=FACE_BOUND('',#3545,.T.);
#3547=ADVANCED_FACE('',(#3546),#3529,.F.);
#3548=CARTESIAN_POINT('',(-2.,-24.679042418,1.986156986));
#3549=DIRECTION('',(-1.,0.,0.));
#3550=DIRECTION('',(0.,0.,1.));
#3551=AXIS2_PLACEMENT_3D('',#3548,#3549,#3550);
#3552=CONICAL_SURFACE('',#3551,3.,45.);
#3553=CARTESIAN_POINT('',(-2.,-24.679046658,-1.013843014));
#3554=DIRECTION('',(-0.707106781,-0.000000999,-0.707106781));
#3555=VECTOR('',#3554,1.414213562);
#3556=LINE('',#3553,#3555);
#3557=EDGE_CURVE('',#3474,#2470,#3556,.T.);
#3558=ORIENTED_EDGE('',*,*,#3557,.T.);
#3559=ORIENTED_EDGE('',*,*,#2476,.F.);
#3560=CARTESIAN_POINT('',(-3.,-28.576476908,1.086154543));
#3561=CARTESIAN_POINT('',(-2.665100145,-28.232763249,1.086154543));
#3562=CARTESIAN_POINT('',(-2.331222367,-27.888075988,1.086154543));
#3563=CARTESIAN_POINT('',(-2.,-27.540859254,1.086154543));
#3564=B_SPLINE_CURVE_WITH_KNOTS('',3,(#3560,#3561,#3562,#3563),.UNSPECIFIED.,.F.,.F.,(4,4),(0.004369761,0.005809348),.UNSPECIFIED.);
#3565=EDGE_CURVE('',#2462,#3476,#3564,.T.);
#3566=ORIENTED_EDGE('',*,*,#3565,.T.);
#3567=ORIENTED_EDGE('',*,*,#3482,.F.);
#3568=EDGE_LOOP('',(#3558,#3559,#3566,#3567));
#3569=FACE_BOUND('',#3568,.T.);
#3570=ADVANCED_FACE('',(#3569),#3552,.F.);
#3571=CARTESIAN_POINT('',(-3.,-19.35,-2.013843014));
#3572=DIRECTION('',(-0.707106781,0.,0.707106781));
#3573=DIRECTION('',(0.,-1.,0.));
#3574=AXIS2_PLACEMENT_3D('',#3571,#3572,#3573);
#3575=PLANE('',#3574);
#3576=CARTESIAN_POINT('',(-2.,-17.739042418,-1.013843014));
#3577=DIRECTION('',(-0.707106781,0.,-0.707106781));
#3578=VECTOR('',#3577,1.414213562);
#3579=LINE('',#3576,#3578);
#3580=EDGE_CURVE('',#3508,#2479,#3579,.T.);
#3581=ORIENTED_EDGE('',*,*,#3580,.T.);
#3582=ORIENTED_EDGE('',*,*,#2484,.F.);
#3583=ORIENTED_EDGE('',*,*,#3557,.F.);
#3584=ORIENTED_EDGE('',*,*,#3520,.T.);
#3585=EDGE_LOOP('',(#3581,#3582,#3583,#3584));
#3586=FACE_BOUND('',#3585,.T.);
#3587=ADVANCED_FACE('',(#3586),#3575,.T.);
#3588=CARTESIAN_POINT('',(4.24500889,-36.830578542,0.6));
#3589=DIRECTION('',(0.,0.,1.));
#3590=DIRECTION('',(0.,-1.,0.));
#3591=AXIS2_PLACEMENT_3D('',#3588,#3589,#3590);
#3592=PLANE('',#3591);
#3593=ORIENTED_EDGE('',*,*,#3504,.F.);
#3594=CARTESIAN_POINT('',(-2.,-25.6791,0.6));
#3595=DIRECTION('',(1.,0.,-0.));
#3596=VECTOR('',#3595,1.);
#3597=LINE('',#3594,#3596);
#3598=EDGE_CURVE('',#3493,#2814,#3597,.T.);
#3599=ORIENTED_EDGE('',*,*,#3598,.T.);
#3600=ORIENTED_EDGE('',*,*,#2819,.F.);
#3601=ORIENTED_EDGE('',*,*,#3433,.T.);
#3602=EDGE_LOOP('',(#3593,#3599,#3600,#3601));
#3603=FACE_BOUND('',#3602,.T.);
#3604=ADVANCED_FACE('',(#3603),#3592,.T.);
#3605=CARTESIAN_POINT('',(-2.,-17.739042418,1.986156986));
#3606=DIRECTION('',(-1.,0.,0.));
#3607=DIRECTION('',(0.,0.,1.));
#3608=AXIS2_PLACEMENT_3D('',#3605,#3606,#3607);
#3609=CONICAL_SURFACE('',#3608,3.,45.);
#3610=ORIENTED_EDGE('',*,*,#3457,.F.);
#3611=ORIENTED_EDGE('',*,*,#2493,.F.);
#3612=ORIENTED_EDGE('',*,*,#3580,.F.);
#3613=ORIENTED_EDGE('',*,*,#3514,.F.);
#3614=EDGE_LOOP('',(#3610,#3611,#3612,#3613));
#3615=FACE_BOUND('',#3614,.T.);
#3616=ADVANCED_FACE('',(#3615),#3609,.F.);
#3617=CARTESIAN_POINT('',(11.49500889,-41.3306,12.086154543));
#3618=DIRECTION('',(-0.,1.,0.));
#3619=DIRECTION('',(-1.,-0.,0.));
#3620=AXIS2_PLACEMENT_3D('',#3617,#3618,#3619);
#3621=PLANE('',#3620);
#3622=ORIENTED_EDGE('',*,*,#2857,.F.);
#3623=CARTESIAN_POINT('',(-1.,-41.3306,1.086154543));
#3624=DIRECTION('',(-1.,-0.,0.));
#3625=VECTOR('',#3624,2.);
#3626=LINE('',#3623,#3625);
#3627=EDGE_CURVE('',#2846,#2454,#3626,.T.);
#3628=ORIENTED_EDGE('',*,*,#3627,.T.);
#3629=ORIENTED_EDGE('',*,*,#2459,.F.);
#3630=ORIENTED_EDGE('',*,*,#1337,.F.);
#3631=EDGE_LOOP('',(#3622,#3628,#3629,#3630));
#3632=FACE_BOUND('',#3631,.T.);
#3633=ADVANCED_FACE('',(#3632),#3621,.F.);
#3634=CARTESIAN_POINT('',(4.24500889,-36.830578542,1.086154543));
#3635=DIRECTION('',(0.,0.,1.));
#3636=DIRECTION('',(0.,-1.,0.));
#3637=AXIS2_PLACEMENT_3D('',#3634,#3635,#3636);
#3638=PLANE('',#3637);
#3639=ORIENTED_EDGE('',*,*,#2851,.F.);
#3640=CARTESIAN_POINT('',(-1.,-25.6791,1.086156986));
#3641=VERTEX_POINT('',#3640);
#3642=CARTESIAN_POINT('',(-1.,-32.3306,1.086156986));
#3643=DIRECTION('',(0.,1.,0.));
#3644=VECTOR('',#3643,6.6515);
#3645=LINE('',#3642,#3644);
#3646=EDGE_CURVE('',#2838,#3641,#3645,.T.);
#3647=ORIENTED_EDGE('',*,*,#3646,.T.);
#3648=CARTESIAN_POINT('',(-2.,-25.6791,1.086154543));
#3649=DIRECTION('',(1.,0.,-0.));
#3650=VECTOR('',#3649,1.);
#3651=LINE('',#3648,#3650);
#3652=EDGE_CURVE('',#3485,#3641,#3651,.T.);
#3653=ORIENTED_EDGE('',*,*,#3652,.F.);
#3654=ORIENTED_EDGE('',*,*,#3490,.F.);
#3655=ORIENTED_EDGE('',*,*,#3565,.F.);
#3656=ORIENTED_EDGE('',*,*,#2467,.T.);
#3657=ORIENTED_EDGE('',*,*,#3627,.F.);
#3658=EDGE_LOOP('',(#3639,#3647,#3653,#3654,#3655,#3656,#3657));
#3659=FACE_BOUND('',#3658,.T.);
#3660=ADVANCED_FACE('',(#3659),#3638,.T.);
#3661=CARTESIAN_POINT('',(11.49500889,-32.3306,12.086154543));
#3662=DIRECTION('',(0.,-1.,0.));
#3663=DIRECTION('',(1.,0.,0.));
#3664=AXIS2_PLACEMENT_3D('',#3661,#3662,#3663);
#3665=PLANE('',#3664);
#3666=ORIENTED_EDGE('',*,*,#3268,.T.);
#3667=CARTESIAN_POINT('',(-1.9,-32.3306,-2.5));
#3668=VERTEX_POINT('',#3667);
#3669=CARTESIAN_POINT('',(-2.1,-32.3306,-2.5));
#3670=DIRECTION('',(1.,0.,0.));
#3671=VECTOR('',#3670,0.2);
#3672=LINE('',#3669,#3671);
#3673=EDGE_CURVE('',#3255,#3668,#3672,.T.);
#3674=ORIENTED_EDGE('',*,*,#3673,.T.);
#3675=CARTESIAN_POINT('',(-1.9,-32.3306,-4.));
#3676=VERTEX_POINT('',#3675);
#3677=CARTESIAN_POINT('',(-1.9,-32.3306,-4.));
#3678=DIRECTION('',(0.,0.,1.));
#3679=VECTOR('',#3678,1.5);
#3680=LINE('',#3677,#3679);
#3681=EDGE_CURVE('',#3676,#3668,#3680,.T.);
#3682=ORIENTED_EDGE('',*,*,#3681,.F.);
#3683=CARTESIAN_POINT('',(-2.1,-32.3306,-4.));
#3684=DIRECTION('',(1.,0.,0.));
#3685=VECTOR('',#3684,0.2);
#3686=LINE('',#3683,#3685);
#3687=EDGE_CURVE('',#3263,#3676,#3686,.T.);
#3688=ORIENTED_EDGE('',*,*,#3687,.F.);
#3689=EDGE_LOOP('',(#3666,#3674,#3682,#3688));
#3690=FACE_BOUND('',#3689,.T.);
#3691=ADVANCED_FACE('',(#3690),#3665,.F.);
#3692=CARTESIAN_POINT('',(63.4,-24.,-7.5));
#3693=DIRECTION('',(0.,-1.,0.));
#3694=DIRECTION('',(0.,0.,-1.));
#3695=AXIS2_PLACEMENT_3D('',#3692,#3693,#3694);
#3696=PLANE('',#3695);
#3697=ORIENTED_EDGE('',*,*,#3015,.F.);
#3698=CARTESIAN_POINT('',(-3.,-24.,-10.));
#3699=DIRECTION('',(1.,0.,-0.));
#3700=VECTOR('',#3699,2.);
#3701=LINE('',#3698,#3700);
#3702=EDGE_CURVE('',#2721,#3001,#3701,.T.);
#3703=ORIENTED_EDGE('',*,*,#3702,.F.);
#3704=ORIENTED_EDGE('',*,*,#2726,.F.);
#3705=CARTESIAN_POINT('',(-3.,-24.,-5.));
#3706=DIRECTION('',(1.,0.,-0.));
#3707=VECTOR('',#3706,2.);
#3708=LINE('',#3705,#3707);
#3709=EDGE_CURVE('',#2712,#3010,#3708,.T.);
#3710=ORIENTED_EDGE('',*,*,#3709,.T.);
#3711=EDGE_LOOP('',(#3697,#3703,#3704,#3710));
#3712=FACE_BOUND('',#3711,.T.);
#3713=ADVANCED_FACE('',(#3712),#3696,.F.);
#3714=CARTESIAN_POINT('',(63.4,-22.5,-5.));
#3715=DIRECTION('',(1.,0.,0.));
#3716=DIRECTION('',(0.,0.,-1.));
#3717=AXIS2_PLACEMENT_3D('',#3714,#3715,#3716);
#3718=CYLINDRICAL_SURFACE('',#3717,1.5);
#3719=ORIENTED_EDGE('',*,*,#3024,.F.);
#3720=ORIENTED_EDGE('',*,*,#3709,.F.);
#3721=ORIENTED_EDGE('',*,*,#2718,.F.);
#3722=CARTESIAN_POINT('',(-3.,-21.,-5.));
#3723=DIRECTION('',(1.,0.,-0.));
#3724=VECTOR('',#3723,2.);
#3725=LINE('',#3722,#3724);
#3726=EDGE_CURVE('',#2704,#3018,#3725,.T.);
#3727=ORIENTED_EDGE('',*,*,#3726,.T.);
#3728=EDGE_LOOP('',(#3719,#3720,#3721,#3727));
#3729=FACE_BOUND('',#3728,.T.);
#3730=ADVANCED_FACE('',(#3729),#3718,.F.);
#3731=CARTESIAN_POINT('',(63.4,-22.5,-10.));
#3732=DIRECTION('',(1.,0.,0.));
#3733=DIRECTION('',(0.,0.,-1.));
#3734=AXIS2_PLACEMENT_3D('',#3731,#3732,#3733);
#3735=CYLINDRICAL_SURFACE('',#3734,1.5);
#3736=CARTESIAN_POINT('',(-1.,-22.5,-11.5));
#3737=DIRECTION('',(-1.,-0.,0.));
#3738=VECTOR('',#3737,2.);
#3739=LINE('',#3736,#3738);
#3740=EDGE_CURVE('',#2993,#2729,#3739,.T.);
#3741=ORIENTED_EDGE('',*,*,#3740,.F.);
#3742=ORIENTED_EDGE('',*,*,#3039,.F.);
#3743=CARTESIAN_POINT('',(-3.,-21.,-10.));
#3744=DIRECTION('',(1.,0.,-0.));
#3745=VECTOR('',#3744,2.);
#3746=LINE('',#3743,#3745);
#3747=EDGE_CURVE('',#2702,#3027,#3746,.T.);
#3748=ORIENTED_EDGE('',*,*,#3747,.F.);
#3749=ORIENTED_EDGE('',*,*,#2742,.F.);
#3750=EDGE_LOOP('',(#3741,#3742,#3748,#3749));
#3751=FACE_BOUND('',#3750,.T.);
#3752=ADVANCED_FACE('',(#3751),#3735,.F.);
#3753=CARTESIAN_POINT('',(63.4,-21.,-7.5));
#3754=DIRECTION('',(0.,1.,0.));
#3755=DIRECTION('',(0.,0.,1.));
#3756=AXIS2_PLACEMENT_3D('',#3753,#3754,#3755);
#3757=PLANE('',#3756);
#3758=ORIENTED_EDGE('',*,*,#3032,.F.);
#3759=ORIENTED_EDGE('',*,*,#3726,.F.);
#3760=ORIENTED_EDGE('',*,*,#2709,.F.);
#3761=ORIENTED_EDGE('',*,*,#3747,.T.);
#3762=EDGE_LOOP('',(#3758,#3759,#3760,#3761));
#3763=FACE_BOUND('',#3762,.T.);
#3764=ADVANCED_FACE('',(#3763),#3757,.F.);
#3765=CARTESIAN_POINT('',(63.4,-30.,-7.5));
#3766=DIRECTION('',(0.,-1.,0.));
#3767=DIRECTION('',(0.,-0.,-1.));
#3768=AXIS2_PLACEMENT_3D('',#3765,#3766,#3767);
#3769=PLANE('',#3768);
#3770=ORIENTED_EDGE('',*,*,#2966,.F.);
#3771=CARTESIAN_POINT('',(-3.,-30.,-10.));
#3772=DIRECTION('',(1.,0.,-0.));
#3773=VECTOR('',#3772,2.);
#3774=LINE('',#3771,#3773);
#3775=EDGE_CURVE('',#2668,#2952,#3774,.T.);
#3776=ORIENTED_EDGE('',*,*,#3775,.F.);
#3777=ORIENTED_EDGE('',*,*,#2673,.F.);
#3778=CARTESIAN_POINT('',(-3.,-30.,-5.));
#3779=DIRECTION('',(1.,0.,-0.));
#3780=VECTOR('',#3779,2.);
#3781=LINE('',#3778,#3780);
#3782=EDGE_CURVE('',#2659,#2961,#3781,.T.);
#3783=ORIENTED_EDGE('',*,*,#3782,.T.);
#3784=EDGE_LOOP('',(#3770,#3776,#3777,#3783));
#3785=FACE_BOUND('',#3784,.T.);
#3786=ADVANCED_FACE('',(#3785),#3769,.F.);
#3787=CARTESIAN_POINT('',(63.4,-28.5,-5.));
#3788=DIRECTION('',(1.,0.,0.));
#3789=DIRECTION('',(0.,0.,-1.));
#3790=AXIS2_PLACEMENT_3D('',#3787,#3788,#3789);
#3791=CYLINDRICAL_SURFACE('',#3790,1.5);
#3792=CARTESIAN_POINT('',(-1.9,-27.381966011,-4.));
#3793=VERTEX_POINT('',#3792);
#3794=CARTESIAN_POINT('',(-1.9,-27.381966011,-4.));
#3795=DIRECTION('',(-1.,-0.,0.));
#3796=VECTOR('',#3795,0.2);
#3797=LINE('',#3794,#3796);
#3798=EDGE_CURVE('',#3793,#3279,#3797,.T.);
#3799=ORIENTED_EDGE('',*,*,#3798,.T.);
#3800=ORIENTED_EDGE('',*,*,#3285,.F.);
#3801=CARTESIAN_POINT('',(-1.9,-29.618033989,-4.));
#3802=VERTEX_POINT('',#3801);
#3803=CARTESIAN_POINT('',(-2.1,-29.618033989,-4.));
#3804=DIRECTION('',(1.,0.,-0.));
#3805=VECTOR('',#3804,0.2);
#3806=LINE('',#3803,#3805);
#3807=EDGE_CURVE('',#3271,#3802,#3806,.T.);
#3808=ORIENTED_EDGE('',*,*,#3807,.T.);
#3809=CARTESIAN_POINT('',(-1.9,-28.5,-5.));
#3810=DIRECTION('',(1.,-0.,-0.));
#3811=DIRECTION('',(0.,0.,1.));
#3812=AXIS2_PLACEMENT_3D('',#3809,#3810,#3811);
#3813=CIRCLE('',#3812,1.5);
#3814=EDGE_CURVE('',#3793,#3802,#3813,.T.);
#3815=ORIENTED_EDGE('',*,*,#3814,.F.);
#3816=EDGE_LOOP('',(#3799,#3800,#3808,#3815));
#3817=FACE_BOUND('',#3816,.T.);
#3818=ORIENTED_EDGE('',*,*,#3782,.F.);
#3819=ORIENTED_EDGE('',*,*,#2665,.F.);
#3820=CARTESIAN_POINT('',(-3.,-27.,-5.));
#3821=DIRECTION('',(1.,0.,-0.));
#3822=VECTOR('',#3821,2.);
#3823=LINE('',#3820,#3822);
#3824=EDGE_CURVE('',#2657,#2969,#3823,.T.);
#3825=ORIENTED_EDGE('',*,*,#3824,.T.);
#3826=ORIENTED_EDGE('',*,*,#2975,.F.);
#3827=EDGE_LOOP('',(#3818,#3819,#3825,#3826));
#3828=FACE_BOUND('',#3827,.T.);
#3829=ADVANCED_FACE('',(#3817,#3828),#3791,.F.);
#3830=CARTESIAN_POINT('',(63.4,-28.5,-10.));
#3831=DIRECTION('',(1.,0.,0.));
#3832=DIRECTION('',(0.,0.,-1.));
#3833=AXIS2_PLACEMENT_3D('',#3830,#3831,#3832);
#3834=CYLINDRICAL_SURFACE('',#3833,1.5);
#3835=CARTESIAN_POINT('',(-1.,-28.5,-11.5));
#3836=DIRECTION('',(-1.,-0.,0.));
#3837=VECTOR('',#3836,2.);
#3838=LINE('',#3835,#3837);
#3839=EDGE_CURVE('',#2944,#2676,#3838,.T.);
#3840=ORIENTED_EDGE('',*,*,#3839,.F.);
#3841=ORIENTED_EDGE('',*,*,#2990,.F.);
#3842=CARTESIAN_POINT('',(-3.,-27.,-10.));
#3843=DIRECTION('',(1.,0.,-0.));
#3844=VECTOR('',#3843,2.);
#3845=LINE('',#3842,#3844);
#3846=EDGE_CURVE('',#2685,#2978,#3845,.T.);
#3847=ORIENTED_EDGE('',*,*,#3846,.F.);
#3848=ORIENTED_EDGE('',*,*,#2691,.F.);
#3849=EDGE_LOOP('',(#3840,#3841,#3847,#3848));
#3850=FACE_BOUND('',#3849,.T.);
#3851=ADVANCED_FACE('',(#3850),#3834,.F.);
#3852=CARTESIAN_POINT('',(63.4,-27.,-7.5));
#3853=DIRECTION('',(0.,1.,0.));
#3854=DIRECTION('',(0.,0.,1.));
#3855=AXIS2_PLACEMENT_3D('',#3852,#3853,#3854);
#3856=PLANE('',#3855);
#3857=ORIENTED_EDGE('',*,*,#2983,.F.);
#3858=ORIENTED_EDGE('',*,*,#3824,.F.);
#3859=ORIENTED_EDGE('',*,*,#2697,.F.);
#3860=ORIENTED_EDGE('',*,*,#3846,.T.);
#3861=EDGE_LOOP('',(#3857,#3858,#3859,#3860));
#3862=FACE_BOUND('',#3861,.T.);
#3863=ADVANCED_FACE('',(#3862),#3856,.F.);
#3864=CARTESIAN_POINT('',(63.4,-36.,-7.5));
#3865=DIRECTION('',(0.,-1.,0.));
#3866=DIRECTION('',(0.,0.,-1.));
#3867=AXIS2_PLACEMENT_3D('',#3864,#3865,#3866);
#3868=PLANE('',#3867);
#3869=ORIENTED_EDGE('',*,*,#2917,.F.);
#3870=CARTESIAN_POINT('',(-3.,-36.,-10.));
#3871=DIRECTION('',(1.,0.,-0.));
#3872=VECTOR('',#3871,2.);
#3873=LINE('',#3870,#3872);
#3874=EDGE_CURVE('',#2766,#2903,#3873,.T.);
#3875=ORIENTED_EDGE('',*,*,#3874,.F.);
#3876=ORIENTED_EDGE('',*,*,#2771,.F.);
#3877=CARTESIAN_POINT('',(-3.,-36.,-5.));
#3878=DIRECTION('',(1.,0.,-0.));
#3879=VECTOR('',#3878,2.);
#3880=LINE('',#3877,#3879);
#3881=EDGE_CURVE('',#2757,#2912,#3880,.T.);
#3882=ORIENTED_EDGE('',*,*,#3881,.T.);
#3883=EDGE_LOOP('',(#3869,#3875,#3876,#3882));
#3884=FACE_BOUND('',#3883,.T.);
#3885=ADVANCED_FACE('',(#3884),#3868,.F.);
#3886=CARTESIAN_POINT('',(63.4,-34.5,-5.));
#3887=DIRECTION('',(1.,0.,0.));
#3888=DIRECTION('',(0.,0.,-1.));
#3889=AXIS2_PLACEMENT_3D('',#3886,#3887,#3888);
#3890=CYLINDRICAL_SURFACE('',#3889,1.5);
#3891=ORIENTED_EDGE('',*,*,#2926,.F.);
#3892=ORIENTED_EDGE('',*,*,#3881,.F.);
#3893=ORIENTED_EDGE('',*,*,#2763,.F.);
#3894=CARTESIAN_POINT('',(-3.,-33.,-5.));
#3895=DIRECTION('',(1.,0.,-0.));
#3896=VECTOR('',#3895,2.);
#3897=LINE('',#3894,#3896);
#3898=EDGE_CURVE('',#2749,#2920,#3897,.T.);
#3899=ORIENTED_EDGE('',*,*,#3898,.T.);
#3900=EDGE_LOOP('',(#3891,#3892,#3893,#3899));
#3901=FACE_BOUND('',#3900,.T.);
#3902=ADVANCED_FACE('',(#3901),#3890,.F.);
#3903=CARTESIAN_POINT('',(63.4,-34.5,-10.));
#3904=DIRECTION('',(1.,0.,0.));
#3905=DIRECTION('',(0.,0.,-1.));
#3906=AXIS2_PLACEMENT_3D('',#3903,#3904,#3905);
#3907=CYLINDRICAL_SURFACE('',#3906,1.5);
#3908=CARTESIAN_POINT('',(-1.,-34.5,-11.5));
#3909=DIRECTION('',(-1.,-0.,0.));
#3910=VECTOR('',#3909,2.);
#3911=LINE('',#3908,#3910);
#3912=EDGE_CURVE('',#2895,#2774,#3911,.T.);
#3913=ORIENTED_EDGE('',*,*,#3912,.F.);
#3914=ORIENTED_EDGE('',*,*,#2941,.F.);
#3915=CARTESIAN_POINT('',(-3.,-33.,-10.));
#3916=DIRECTION('',(1.,0.,-0.));
#3917=VECTOR('',#3916,2.);
#3918=LINE('',#3915,#3917);
#3919=EDGE_CURVE('',#2747,#2929,#3918,.T.);
#3920=ORIENTED_EDGE('',*,*,#3919,.F.);
#3921=ORIENTED_EDGE('',*,*,#2787,.F.);
#3922=EDGE_LOOP('',(#3913,#3914,#3920,#3921));
#3923=FACE_BOUND('',#3922,.T.);
#3924=ADVANCED_FACE('',(#3923),#3907,.F.);
#3925=CARTESIAN_POINT('',(63.4,-33.,-7.5));
#3926=DIRECTION('',(0.,1.,0.));
#3927=DIRECTION('',(0.,0.,1.));
#3928=AXIS2_PLACEMENT_3D('',#3925,#3926,#3927);
#3929=PLANE('',#3928);
#3930=ORIENTED_EDGE('',*,*,#2934,.F.);
#3931=ORIENTED_EDGE('',*,*,#3898,.F.);
#3932=ORIENTED_EDGE('',*,*,#2754,.F.);
#3933=ORIENTED_EDGE('',*,*,#3919,.T.);
#3934=EDGE_LOOP('',(#3930,#3931,#3932,#3933));
#3935=FACE_BOUND('',#3934,.T.);
#3936=ADVANCED_FACE('',(#3935),#3929,.F.);
#3937=CARTESIAN_POINT('',(62.4,-40.5,-5.));
#3938=DIRECTION('',(1.,0.,0.));
#3939=DIRECTION('',(0.,0.,-1.));
#3940=AXIS2_PLACEMENT_3D('',#3937,#3938,#3939);
#3941=CYLINDRICAL_SURFACE('',#3940,1.5);
#3942=ORIENTED_EDGE('',*,*,#3311,.F.);
#3943=ORIENTED_EDGE('',*,*,#1550,.F.);
#3944=ORIENTED_EDGE('',*,*,#2652,.F.);
#3945=CARTESIAN_POINT('',(-3.,-39.,-5.));
#3946=DIRECTION('',(1.,0.,-0.));
#3947=VECTOR('',#3946,2.);
#3948=LINE('',#3945,#3947);
#3949=EDGE_CURVE('',#2640,#2869,#3948,.T.);
#3950=ORIENTED_EDGE('',*,*,#3949,.T.);
#3951=ORIENTED_EDGE('',*,*,#2875,.F.);
#3952=EDGE_LOOP('',(#3942,#3943,#3944,#3950,#3951));
#3953=FACE_BOUND('',#3952,.T.);
#3954=ADVANCED_FACE('',(#3953),#3941,.F.);
#3955=CARTESIAN_POINT('',(62.4,-40.5,-10.));
#3956=DIRECTION('',(1.,0.,0.));
#3957=DIRECTION('',(0.,0.,-1.));
#3958=AXIS2_PLACEMENT_3D('',#3955,#3956,#3957);
#3959=CYLINDRICAL_SURFACE('',#3958,1.5);
#3960=CARTESIAN_POINT('',(-1.,-40.5,-11.5));
#3961=DIRECTION('',(-1.,-0.,0.));
#3962=VECTOR('',#3961,2.);
#3963=LINE('',#3960,#3962);
#3964=EDGE_CURVE('',#2886,#2622,#3963,.T.);
#3965=ORIENTED_EDGE('',*,*,#3964,.F.);
#3966=ORIENTED_EDGE('',*,*,#2892,.F.);
#3967=CARTESIAN_POINT('',(-3.,-39.,-10.));
#3968=DIRECTION('',(1.,0.,-0.));
#3969=VECTOR('',#3968,2.);
#3970=LINE('',#3967,#3969);
#3971=EDGE_CURVE('',#2631,#2878,#3970,.T.);
#3972=ORIENTED_EDGE('',*,*,#3971,.F.);
#3973=ORIENTED_EDGE('',*,*,#2637,.F.);
#3974=EDGE_LOOP('',(#3965,#3966,#3972,#3973));
#3975=FACE_BOUND('',#3974,.T.);
#3976=ADVANCED_FACE('',(#3975),#3959,.F.);
#3977=CARTESIAN_POINT('',(62.4,-39.,-7.5));
#3978=DIRECTION('',(0.,1.,0.));
#3979=DIRECTION('',(0.,0.,1.));
#3980=AXIS2_PLACEMENT_3D('',#3977,#3978,#3979);
#3981=PLANE('',#3980);
#3982=ORIENTED_EDGE('',*,*,#2883,.F.);
#3983=ORIENTED_EDGE('',*,*,#3949,.F.);
#3984=ORIENTED_EDGE('',*,*,#2645,.F.);
#3985=ORIENTED_EDGE('',*,*,#3971,.T.);
#3986=EDGE_LOOP('',(#3982,#3983,#3984,#3985));
#3987=FACE_BOUND('',#3986,.T.);
#3988=ADVANCED_FACE('',(#3987),#3981,.F.);
#3989=CARTESIAN_POINT('',(63.4,-18.,-7.5));
#3990=DIRECTION('',(0.,-1.,0.));
#3991=DIRECTION('',(0.,0.,-1.));
#3992=AXIS2_PLACEMENT_3D('',#3989,#3990,#3991);
#3993=PLANE('',#3992);
#3994=ORIENTED_EDGE('',*,*,#3064,.F.);
#3995=CARTESIAN_POINT('',(-3.,-18.,-10.));
#3996=DIRECTION('',(1.,0.,-0.));
#3997=VECTOR('',#3996,2.);
#3998=LINE('',#3995,#3997);
#3999=EDGE_CURVE('',#2513,#3050,#3998,.T.);
#4000=ORIENTED_EDGE('',*,*,#3999,.F.);
#4001=ORIENTED_EDGE('',*,*,#2518,.F.);
#4002=CARTESIAN_POINT('',(-3.,-18.,-5.));
#4003=DIRECTION('',(1.,0.,-0.));
#4004=VECTOR('',#4003,2.);
#4005=LINE('',#4002,#4004);
#4006=EDGE_CURVE('',#2504,#3059,#4005,.T.);
#4007=ORIENTED_EDGE('',*,*,#4006,.T.);
#4008=EDGE_LOOP('',(#3994,#4000,#4001,#4007));
#4009=FACE_BOUND('',#4008,.T.);
#4010=ADVANCED_FACE('',(#4009),#3993,.F.);
#4011=CARTESIAN_POINT('',(63.4,-15.,-7.5));
#4012=DIRECTION('',(0.,1.,0.));
#4013=DIRECTION('',(0.,0.,1.));
#4014=AXIS2_PLACEMENT_3D('',#4011,#4012,#4013);
#4015=PLANE('',#4014);
#4016=ORIENTED_EDGE('',*,*,#3081,.F.);
#4017=CARTESIAN_POINT('',(-3.,-15.,-5.));
#4018=DIRECTION('',(1.,0.,-0.));
#4019=VECTOR('',#4018,2.);
#4020=LINE('',#4017,#4019);
#4021=EDGE_CURVE('',#2539,#3067,#4020,.T.);
#4022=ORIENTED_EDGE('',*,*,#4021,.F.);
#4023=ORIENTED_EDGE('',*,*,#2544,.F.);
#4024=CARTESIAN_POINT('',(-3.,-15.,-10.));
#4025=DIRECTION('',(1.,0.,-0.));
#4026=VECTOR('',#4025,2.);
#4027=LINE('',#4024,#4026);
#4028=EDGE_CURVE('',#2530,#3076,#4027,.T.);
#4029=ORIENTED_EDGE('',*,*,#4028,.T.);
#4030=EDGE_LOOP('',(#4016,#4022,#4023,#4029));
#4031=FACE_BOUND('',#4030,.T.);
#4032=ADVANCED_FACE('',(#4031),#4015,.F.);
#4033=CARTESIAN_POINT('',(63.4,-16.5,-10.));
#4034=DIRECTION('',(1.,0.,0.));
#4035=DIRECTION('',(0.,0.,-1.));
#4036=AXIS2_PLACEMENT_3D('',#4033,#4034,#4035);
#4037=CYLINDRICAL_SURFACE('',#4036,1.5);
#4038=CARTESIAN_POINT('',(-1.,-16.5,-11.5));
#4039=DIRECTION('',(-1.,-0.,0.));
#4040=VECTOR('',#4039,2.);
#4041=LINE('',#4038,#4040);
#4042=EDGE_CURVE('',#3042,#2521,#4041,.T.);
#4043=ORIENTED_EDGE('',*,*,#4042,.F.);
#4044=ORIENTED_EDGE('',*,*,#3088,.F.);
#4045=ORIENTED_EDGE('',*,*,#4028,.F.);
#4046=ORIENTED_EDGE('',*,*,#2536,.F.);
#4047=EDGE_LOOP('',(#4043,#4044,#4045,#4046));
#4048=FACE_BOUND('',#4047,.T.);
#4049=ADVANCED_FACE('',(#4048),#4037,.F.);
#4050=CARTESIAN_POINT('',(63.4,-16.5,-5.));
#4051=DIRECTION('',(1.,0.,0.));
#4052=DIRECTION('',(0.,0.,-1.));
#4053=AXIS2_PLACEMENT_3D('',#4050,#4051,#4052);
#4054=CYLINDRICAL_SURFACE('',#4053,1.5);
#4055=ORIENTED_EDGE('',*,*,#2510,.F.);
#4056=ORIENTED_EDGE('',*,*,#3447,.T.);
#4057=ORIENTED_EDGE('',*,*,#2384,.T.);
#4058=ORIENTED_EDGE('',*,*,#2359,.T.);
#4059=ORIENTED_EDGE('',*,*,#2551,.F.);
#4060=ORIENTED_EDGE('',*,*,#4021,.T.);
#4061=ORIENTED_EDGE('',*,*,#3073,.F.);
#4062=ORIENTED_EDGE('',*,*,#4006,.F.);
#4063=EDGE_LOOP('',(#4055,#4056,#4057,#4058,#4059,#4060,#4061,#4062));
#4064=FACE_BOUND('',#4063,.T.);
#4065=ADVANCED_FACE('',(#4064),#4054,.F.);
#4066=CARTESIAN_POINT('',(0.,0.,-11.5));
#4067=DIRECTION('',(0.,0.,-1.));
#4068=DIRECTION('',(0.,1.,0.));
#4069=AXIS2_PLACEMENT_3D('',#4066,#4067,#4068);
#4070=PLANE('',#4069);
#4071=ORIENTED_EDGE('',*,*,#3380,.T.);
#4072=ORIENTED_EDGE('',*,*,#1518,.F.);
#4073=CARTESIAN_POINT('',(3.,-44.7,-11.5));
#4074=VERTEX_POINT('',#4073);
#4075=CARTESIAN_POINT('',(-0.,-44.7,-11.5));
#4076=DIRECTION('',(0.,0.,-1.));
#4077=DIRECTION('',(0.,1.,0.));
#4078=AXIS2_PLACEMENT_3D('',#4075,#4076,#4077);
#4079=CIRCLE('',#4078,3.);
#4080=EDGE_CURVE('',#1505,#4074,#4079,.T.);
#4081=ORIENTED_EDGE('',*,*,#4080,.T.);
#4082=CARTESIAN_POINT('',(3.,-47.7,-11.5));
#4083=VERTEX_POINT('',#4082);
#4084=CARTESIAN_POINT('',(3.,-44.7,-11.5));
#4085=DIRECTION('',(0.,-1.,0.));
#4086=VECTOR('',#4085,3.);
#4087=LINE('',#4084,#4086);
#4088=EDGE_CURVE('',#4074,#4083,#4087,.T.);
#4089=ORIENTED_EDGE('',*,*,#4088,.T.);
#4090=CARTESIAN_POINT('',(-1.,-47.7,-11.5));
#4091=VERTEX_POINT('',#4090);
#4092=CARTESIAN_POINT('',(-1.,-47.7,-11.5));
#4093=DIRECTION('',(1.,0.,-0.));
#4094=VECTOR('',#4093,4.);
#4095=LINE('',#4092,#4094);
#4096=EDGE_CURVE('',#4091,#4083,#4095,.T.);
#4097=ORIENTED_EDGE('',*,*,#4096,.F.);
#4098=CARTESIAN_POINT('',(-1.,-45.7,-11.5));
#4099=DIRECTION('',(-0.,0.,-1.));
#4100=DIRECTION('',(-0.,-1.,0.));
#4101=AXIS2_PLACEMENT_3D('',#4098,#4099,#4100);
#4102=CIRCLE('',#4101,2.);
#4103=EDGE_CURVE('',#4091,#2439,#4102,.T.);
#4104=ORIENTED_EDGE('',*,*,#4103,.T.);
#4105=ORIENTED_EDGE('',*,*,#2444,.F.);
#4106=CARTESIAN_POINT('',(-1.,-41.7,-11.5));
#4107=DIRECTION('',(-1.,0.,0.));
#4108=VECTOR('',#4107,2.);
#4109=LINE('',#4106,#4108);
#4110=EDGE_CURVE('',#3145,#2431,#4109,.T.);
#4111=ORIENTED_EDGE('',*,*,#4110,.F.);
#4112=ORIENTED_EDGE('',*,*,#3534,.F.);
#4113=EDGE_LOOP('',(#4071,#4072,#4081,#4089,#4097,#4104,#4105,#4111,#4112));
#4114=FACE_BOUND('',#4113,.T.);
#4115=CARTESIAN_POINT('',(1.13137085,-43.56862915,-11.5));
#4116=VERTEX_POINT('',#4115);
#4117=CARTESIAN_POINT('',(-1.6,-44.7,-11.5));
#4118=VERTEX_POINT('',#4117);
#4119=CARTESIAN_POINT('',(-0.,-44.7,-11.5));
#4120=DIRECTION('',(-0.,-0.,1.));
#4121=DIRECTION('',(-1.,0.,0.));
#4122=AXIS2_PLACEMENT_3D('',#4119,#4120,#4121);
#4123=CIRCLE('',#4122,1.6);
#4124=EDGE_CURVE('',#4116,#4118,#4123,.T.);
#4125=ORIENTED_EDGE('',*,*,#4124,.T.);
#4126=CARTESIAN_POINT('',(-0.,-44.7,-11.5));
#4127=DIRECTION('',(-0.,-0.,1.));
#4128=DIRECTION('',(-1.,0.,0.));
#4129=AXIS2_PLACEMENT_3D('',#4126,#4127,#4128);
#4130=CIRCLE('',#4129,1.6);
#4131=EDGE_CURVE('',#4118,#4116,#4130,.T.);
#4132=ORIENTED_EDGE('',*,*,#4131,.T.);
#4133=EDGE_LOOP('',(#4125,#4132));
#4134=FACE_BOUND('',#4133,.T.);
#4135=ADVANCED_FACE('',(#4114,#4134),#4070,.T.);
#4136=CARTESIAN_POINT('',(-1.5,-41.7,-11.5));
#4137=DIRECTION('',(0.,-1.,0.));
#4138=DIRECTION('',(0.,0.,-1.));
#4139=AXIS2_PLACEMENT_3D('',#4136,#4137,#4138);
#4140=PLANE('',#4139);
#4141=CARTESIAN_POINT('',(-0.,-41.7,-13.5));
#4142=VERTEX_POINT('',#4141);
#4143=CARTESIAN_POINT('',(-0.,-41.7,-13.5));
#4144=DIRECTION('',(-1.,0.,0.));
#4145=VECTOR('',#4144,3.);
#4146=LINE('',#4143,#4145);
#4147=EDGE_CURVE('',#4142,#2423,#4146,.T.);
#4148=ORIENTED_EDGE('',*,*,#4147,.F.);
#4149=CARTESIAN_POINT('',(-0.,-41.7,-11.5));
#4150=DIRECTION('',(0.,0.,-1.));
#4151=VECTOR('',#4150,2.);
#4152=LINE('',#4149,#4151);
#4153=EDGE_CURVE('',#3153,#4142,#4152,.T.);
#4154=ORIENTED_EDGE('',*,*,#4153,.F.);
#4155=ORIENTED_EDGE('',*,*,#3158,.T.);
#4156=ORIENTED_EDGE('',*,*,#4110,.T.);
#4157=ORIENTED_EDGE('',*,*,#2436,.T.);
#4158=EDGE_LOOP('',(#4148,#4154,#4155,#4156,#4157));
#4159=FACE_BOUND('',#4158,.T.);
#4160=ADVANCED_FACE('',(#4159),#4140,.T.);
#4161=CARTESIAN_POINT('',(-0.,-44.7,-11.5));
#4162=DIRECTION('',(0.,0.,-1.));
#4163=DIRECTION('',(-1.,0.,0.));
#4164=AXIS2_PLACEMENT_3D('',#4161,#4162,#4163);
#4165=CYLINDRICAL_SURFACE('',#4164,3.);
#4166=CARTESIAN_POINT('',(3.,-44.7,-13.5));
#4167=VERTEX_POINT('',#4166);
#4168=CARTESIAN_POINT('',(-0.,-44.7,-13.5));
#4169=DIRECTION('',(0.,0.,-1.));
#4170=DIRECTION('',(0.,1.,0.));
#4171=AXIS2_PLACEMENT_3D('',#4168,#4169,#4170);
#4172=CIRCLE('',#4171,3.);
#4173=EDGE_CURVE('',#4142,#4167,#4172,.T.);
#4174=ORIENTED_EDGE('',*,*,#4173,.T.);
#4175=CARTESIAN_POINT('',(3.,-44.7,-11.5));
#4176=DIRECTION('',(0.,0.,-1.));
#4177=VECTOR('',#4176,2.);
#4178=LINE('',#4175,#4177);
#4179=EDGE_CURVE('',#4074,#4167,#4178,.T.);
#4180=ORIENTED_EDGE('',*,*,#4179,.F.);
#4181=ORIENTED_EDGE('',*,*,#4080,.F.);
#4182=ORIENTED_EDGE('',*,*,#3165,.F.);
#4183=ORIENTED_EDGE('',*,*,#4153,.T.);
#4184=EDGE_LOOP('',(#4174,#4180,#4181,#4182,#4183));
#4185=FACE_BOUND('',#4184,.T.);
#4186=ADVANCED_FACE('',(#4185),#4165,.F.);
#4187=CARTESIAN_POINT('',(62.4,-44.7,-11.5));
#4188=DIRECTION('',(0.,0.,-1.));
#4189=DIRECTION('',(-1.,0.,0.));
#4190=AXIS2_PLACEMENT_3D('',#4187,#4188,#4189);
#4191=CYLINDRICAL_SURFACE('',#4190,3.);
#4192=ORIENTED_EDGE('',*,*,#2301,.F.);
#4193=ORIENTED_EDGE('',*,*,#1662,.F.);
#4194=CARTESIAN_POINT('',(59.4,-44.7,-13.5));
#4195=VERTEX_POINT('',#4194);
#4196=CARTESIAN_POINT('',(59.4,-44.7,-11.5));
#4197=DIRECTION('',(0.,0.,-1.));
#4198=VECTOR('',#4197,2.);
#4199=LINE('',#4196,#4198);
#4200=EDGE_CURVE('',#1650,#4195,#4199,.T.);
#4201=ORIENTED_EDGE('',*,*,#4200,.T.);
#4202=CARTESIAN_POINT('',(62.4,-44.7,-13.5));
#4203=DIRECTION('',(-0.,0.,-1.));
#4204=DIRECTION('',(-1.,-0.,0.));
#4205=AXIS2_PLACEMENT_3D('',#4202,#4203,#4204);
#4206=CIRCLE('',#4205,3.);
#4207=EDGE_CURVE('',#4195,#3213,#4206,.T.);
#4208=ORIENTED_EDGE('',*,*,#4207,.T.);
#4209=ORIENTED_EDGE('',*,*,#3234,.F.);
#4210=EDGE_LOOP('',(#4192,#4193,#4201,#4208,#4209));
#4211=FACE_BOUND('',#4210,.T.);
#4212=ADVANCED_FACE('',(#4211),#4191,.F.);
#4213=CARTESIAN_POINT('',(0.,0.,-4.));
#4214=DIRECTION('',(0.,0.,-1.));
#4215=DIRECTION('',(0.,-1.,0.));
#4216=AXIS2_PLACEMENT_3D('',#4213,#4214,#4215);
#4217=PLANE('',#4216);
#4218=ORIENTED_EDGE('',*,*,#3807,.F.);
#4219=ORIENTED_EDGE('',*,*,#3276,.T.);
#4220=ORIENTED_EDGE('',*,*,#3687,.T.);
#4221=CARTESIAN_POINT('',(-1.9,-29.618033989,-4.));
#4222=DIRECTION('',(0.,-1.,0.));
#4223=VECTOR('',#4222,2.712566011);
#4224=LINE('',#4221,#4223);
#4225=EDGE_CURVE('',#3802,#3676,#4224,.T.);
#4226=ORIENTED_EDGE('',*,*,#4225,.F.);
#4227=EDGE_LOOP('',(#4218,#4219,#4220,#4226));
#4228=FACE_BOUND('',#4227,.T.);
#4229=ADVANCED_FACE('',(#4228),#4217,.F.);
#4230=CARTESIAN_POINT('',(0.,0.,-4.));
#4231=DIRECTION('',(0.,0.,-1.));
#4232=DIRECTION('',(0.,-1.,0.));
#4233=AXIS2_PLACEMENT_3D('',#4230,#4231,#4232);
#4234=PLANE('',#4233);
#4235=ORIENTED_EDGE('',*,*,#3411,.F.);
#4236=ORIENTED_EDGE('',*,*,#3291,.T.);
#4237=ORIENTED_EDGE('',*,*,#3798,.F.);
#4238=CARTESIAN_POINT('',(-1.9,-25.679078542,-4.));
#4239=DIRECTION('',(0.,-1.,0.));
#4240=VECTOR('',#4239,1.70288747);
#4241=LINE('',#4238,#4240);
#4242=EDGE_CURVE('',#3406,#3793,#4241,.T.);
#4243=ORIENTED_EDGE('',*,*,#4242,.F.);
#4244=EDGE_LOOP('',(#4235,#4236,#4237,#4243));
#4245=FACE_BOUND('',#4244,.T.);
#4246=ADVANCED_FACE('',(#4245),#4234,.F.);
#4247=CARTESIAN_POINT('',(-1.9,-29.004839271,-4.));
#4248=DIRECTION('',(-1.,0.,0.));
#4249=DIRECTION('',(0.,0.,1.));
#4250=AXIS2_PLACEMENT_3D('',#4247,#4248,#4249);
#4251=PLANE('',#4250);
#4252=ORIENTED_EDGE('',*,*,#3814,.T.);
#4253=ORIENTED_EDGE('',*,*,#4225,.T.);
#4254=ORIENTED_EDGE('',*,*,#3681,.T.);
#4255=CARTESIAN_POINT('',(-1.9,-25.679078542,-2.5));
#4256=DIRECTION('',(0.,-1.,0.));
#4257=VECTOR('',#4256,6.651521458);
#4258=LINE('',#4255,#4257);
#4259=EDGE_CURVE('',#3397,#3668,#4258,.T.);
#4260=ORIENTED_EDGE('',*,*,#4259,.F.);
#4261=ORIENTED_EDGE('',*,*,#3417,.F.);
#4262=ORIENTED_EDGE('',*,*,#4242,.T.);
#4263=EDGE_LOOP('',(#4252,#4253,#4254,#4260,#4261,#4262));
#4264=FACE_BOUND('',#4263,.T.);
#4265=ADVANCED_FACE('',(#4264),#4251,.T.);
#4266=CARTESIAN_POINT('',(0.,0.,-2.5));
#4267=DIRECTION('',(0.,0.,1.));
#4268=DIRECTION('',(-1.,0.,0.));
#4269=AXIS2_PLACEMENT_3D('',#4266,#4267,#4268);
#4270=PLANE('',#4269);
#4271=ORIENTED_EDGE('',*,*,#3260,.F.);
#4272=ORIENTED_EDGE('',*,*,#3402,.T.);
#4273=ORIENTED_EDGE('',*,*,#4259,.T.);
#4274=ORIENTED_EDGE('',*,*,#3673,.F.);
#4275=EDGE_LOOP('',(#4271,#4272,#4273,#4274));
#4276=FACE_BOUND('',#4275,.T.);
#4277=ADVANCED_FACE('',(#4276),#4270,.F.);
#4278=CARTESIAN_POINT('',(-0.,-25.739042418,-1.013843014));
#4279=DIRECTION('',(0.,0.,-1.));
#4280=DIRECTION('',(-1.,0.,0.));
#4281=AXIS2_PLACEMENT_3D('',#4278,#4279,#4280);
#4282=PLANE('',#4281);
#4283=CARTESIAN_POINT('',(-0.,-25.6791,-1.013843014));
#4284=VERTEX_POINT('',#4283);
#4285=CARTESIAN_POINT('',(-0.,-32.3306,-1.013843014));
#4286=VERTEX_POINT('',#4285);
#4287=CARTESIAN_POINT('',(-0.,-25.6791,-1.013843014));
#4288=DIRECTION('',(0.,-1.,0.));
#4289=VECTOR('',#4288,6.6515);
#4290=LINE('',#4287,#4289);
#4291=EDGE_CURVE('',#4284,#4286,#4290,.T.);
#4292=ORIENTED_EDGE('',*,*,#4291,.T.);
#4293=CARTESIAN_POINT('',(-0.,-32.3306,-1.013843014));
#4294=DIRECTION('',(-1.,-0.,0.));
#4295=VECTOR('',#4294,1.);
#4296=LINE('',#4293,#4295);
#4297=EDGE_CURVE('',#4286,#2830,#4296,.T.);
#4298=ORIENTED_EDGE('',*,*,#4297,.T.);
#4299=ORIENTED_EDGE('',*,*,#2835,.F.);
#4300=CARTESIAN_POINT('',(-1.,-25.6791,-1.013843014));
#4301=DIRECTION('',(1.,0.,-0.));
#4302=VECTOR('',#4301,1.);
#4303=LINE('',#4300,#4302);
#4304=EDGE_CURVE('',#2822,#4284,#4303,.T.);
#4305=ORIENTED_EDGE('',*,*,#4304,.T.);
#4306=EDGE_LOOP('',(#4292,#4298,#4299,#4305));
#4307=FACE_BOUND('',#4306,.T.);
#4308=ADVANCED_FACE('',(#4307),#4282,.T.);
#4309=CARTESIAN_POINT('',(-0.,0.,0.));
#4310=DIRECTION('',(1.,0.,0.));
#4311=DIRECTION('',(0.,-1.,0.));
#4312=AXIS2_PLACEMENT_3D('',#4309,#4310,#4311);
#4313=PLANE('',#4312);
#4314=CARTESIAN_POINT('',(-0.,-32.3306,1.086156986));
#4315=VERTEX_POINT('',#4314);
#4316=CARTESIAN_POINT('',(-0.,-25.6791,1.086156986));
#4317=VERTEX_POINT('',#4316);
#4318=CARTESIAN_POINT('',(-0.,-32.3306,1.086156986));
#4319=DIRECTION('',(0.,1.,0.));
#4320=VECTOR('',#4319,6.6515);
#4321=LINE('',#4318,#4320);
#4322=EDGE_CURVE('',#4315,#4317,#4321,.T.);
#4323=ORIENTED_EDGE('',*,*,#4322,.F.);
#4324=CARTESIAN_POINT('',(-0.,-32.3306,1.086156986));
#4325=DIRECTION('',(0.,0.,-1.));
#4326=VECTOR('',#4325,2.1);
#4327=LINE('',#4324,#4326);
#4328=EDGE_CURVE('',#4315,#4286,#4327,.T.);
#4329=ORIENTED_EDGE('',*,*,#4328,.T.);
#4330=ORIENTED_EDGE('',*,*,#4291,.F.);
#4331=CARTESIAN_POINT('',(-0.,-25.6791,-1.013843014));
#4332=DIRECTION('',(0.,0.,1.));
#4333=VECTOR('',#4332,2.1);
#4334=LINE('',#4331,#4333);
#4335=EDGE_CURVE('',#4284,#4317,#4334,.T.);
#4336=ORIENTED_EDGE('',*,*,#4335,.T.);
#4337=EDGE_LOOP('',(#4323,#4329,#4330,#4336));
#4338=FACE_BOUND('',#4337,.T.);
#4339=ADVANCED_FACE('',(#4338),#4313,.T.);
#4340=CARTESIAN_POINT('',(5.888963551,-25.6791,4.186156986));
#4341=DIRECTION('',(0.,1.,0.));
#4342=DIRECTION('',(0.,0.,-1.));
#4343=AXIS2_PLACEMENT_3D('',#4340,#4341,#4342);
#4344=PLANE('',#4343);
#4345=ORIENTED_EDGE('',*,*,#4304,.F.);
#4346=ORIENTED_EDGE('',*,*,#2827,.T.);
#4347=ORIENTED_EDGE('',*,*,#3598,.F.);
#4348=ORIENTED_EDGE('',*,*,#3498,.F.);
#4349=ORIENTED_EDGE('',*,*,#3652,.T.);
#4350=CARTESIAN_POINT('',(-0.,-25.6791,1.086154543));
#4351=DIRECTION('',(-1.,0.,0.));
#4352=VECTOR('',#4351,1.);
#4353=LINE('',#4350,#4352);
#4354=EDGE_CURVE('',#4317,#3641,#4353,.T.);
#4355=ORIENTED_EDGE('',*,*,#4354,.F.);
#4356=ORIENTED_EDGE('',*,*,#4335,.F.);
#4357=EDGE_LOOP('',(#4345,#4346,#4347,#4348,#4349,#4355,#4356));
#4358=FACE_BOUND('',#4357,.T.);
#4359=ADVANCED_FACE('',(#4358),#4344,.T.);
#4360=CARTESIAN_POINT('',(11.49500889,-32.3306,12.086154543));
#4361=DIRECTION('',(0.,-1.,0.));
#4362=DIRECTION('',(1.,0.,0.));
#4363=AXIS2_PLACEMENT_3D('',#4360,#4361,#4362);
#4364=PLANE('',#4363);
#4365=ORIENTED_EDGE('',*,*,#2843,.F.);
#4366=ORIENTED_EDGE('',*,*,#4297,.F.);
#4367=ORIENTED_EDGE('',*,*,#4328,.F.);
#4368=CARTESIAN_POINT('',(-1.,-32.3306,1.086154543));
#4369=DIRECTION('',(1.,0.,0.));
#4370=VECTOR('',#4369,1.);
#4371=LINE('',#4368,#4370);
#4372=EDGE_CURVE('',#2838,#4315,#4371,.T.);
#4373=ORIENTED_EDGE('',*,*,#4372,.F.);
#4374=EDGE_LOOP('',(#4365,#4366,#4367,#4373));
#4375=FACE_BOUND('',#4374,.T.);
#4376=ADVANCED_FACE('',(#4375),#4364,.T.);
#4377=CARTESIAN_POINT('',(4.24500889,-36.830578542,1.086154543));
#4378=DIRECTION('',(0.,0.,1.));
#4379=DIRECTION('',(0.,-1.,0.));
#4380=AXIS2_PLACEMENT_3D('',#4377,#4378,#4379);
#4381=PLANE('',#4380);
#4382=ORIENTED_EDGE('',*,*,#3646,.F.);
#4383=ORIENTED_EDGE('',*,*,#4372,.T.);
#4384=ORIENTED_EDGE('',*,*,#4322,.T.);
#4385=ORIENTED_EDGE('',*,*,#4354,.T.);
#4386=EDGE_LOOP('',(#4382,#4383,#4384,#4385));
#4387=FACE_BOUND('',#4386,.T.);
#4388=ADVANCED_FACE('',(#4387),#4381,.T.);
#4389=CARTESIAN_POINT('',(0.,0.,-4.));
#4390=DIRECTION('',(0.,0.,-1.));
#4391=DIRECTION('',(0.,-1.,0.));
#4392=AXIS2_PLACEMENT_3D('',#4389,#4390,#4391);
#4393=PLANE('',#4392);
#4394=CARTESIAN_POINT('',(3.5,-47.7,-4.));
#4395=VERTEX_POINT('',#4394);
#4396=CARTESIAN_POINT('',(58.9,-47.7,-4.));
#4397=VERTEX_POINT('',#4396);
#4398=CARTESIAN_POINT('',(3.5,-47.7,-4.));
#4399=DIRECTION('',(1.,0.,-0.));
#4400=VECTOR('',#4399,55.4);
#4401=LINE('',#4398,#4400);
#4402=EDGE_CURVE('',#4395,#4397,#4401,.T.);
#4403=ORIENTED_EDGE('',*,*,#4402,.T.);
#4404=CARTESIAN_POINT('',(58.9,-46.6,-4.));
#4405=VERTEX_POINT('',#4404);
#4406=CARTESIAN_POINT('',(58.9,-46.6,-4.));
#4407=DIRECTION('',(0.,-1.,0.));
#4408=VECTOR('',#4407,1.1);
#4409=LINE('',#4406,#4408);
#4410=EDGE_CURVE('',#4405,#4397,#4409,.T.);
#4411=ORIENTED_EDGE('',*,*,#4410,.F.);
#4412=CARTESIAN_POINT('',(3.5,-46.6,-4.));
#4413=VERTEX_POINT('',#4412);
#4414=CARTESIAN_POINT('',(58.9,-46.6,-4.));
#4415=DIRECTION('',(-1.,0.,0.));
#4416=VECTOR('',#4415,55.4);
#4417=LINE('',#4414,#4416);
#4418=EDGE_CURVE('',#4405,#4413,#4417,.T.);
#4419=ORIENTED_EDGE('',*,*,#4418,.T.);
#4420=CARTESIAN_POINT('',(3.5,-46.6,-4.));
#4421=DIRECTION('',(0.,-1.,0.));
#4422=VECTOR('',#4421,1.1);
#4423=LINE('',#4420,#4422);
#4424=EDGE_CURVE('',#4413,#4395,#4423,.T.);
#4425=ORIENTED_EDGE('',*,*,#4424,.T.);
#4426=EDGE_LOOP('',(#4403,#4411,#4419,#4425));
#4427=FACE_BOUND('',#4426,.T.);
#4428=ADVANCED_FACE('',(#4427),#4393,.F.);
#4429=CARTESIAN_POINT('',(58.9,-47.2,-4.));
#4430=DIRECTION('',(-1.,0.,0.));
#4431=DIRECTION('',(0.,0.,1.));
#4432=AXIS2_PLACEMENT_3D('',#4429,#4430,#4431);
#4433=PLANE('',#4432);
#4434=ORIENTED_EDGE('',*,*,#1384,.F.);
#4435=CARTESIAN_POINT('',(58.9,-46.6,-4.));
#4436=DIRECTION('',(0.,0.,1.));
#4437=VECTOR('',#4436,1.5);
#4438=LINE('',#4435,#4437);
#4439=EDGE_CURVE('',#4405,#1373,#4438,.T.);
#4440=ORIENTED_EDGE('',*,*,#4439,.F.);
#4441=ORIENTED_EDGE('',*,*,#4410,.T.);
#4442=CARTESIAN_POINT('',(58.9,-47.7,-4.));
#4443=DIRECTION('',(0.,0.,1.));
#4444=VECTOR('',#4443,1.5);
#4445=LINE('',#4442,#4444);
#4446=EDGE_CURVE('',#4397,#1231,#4445,.T.);
#4447=ORIENTED_EDGE('',*,*,#4446,.T.);
#4448=EDGE_LOOP('',(#4434,#4440,#4441,#4447));
#4449=FACE_BOUND('',#4448,.T.);
#4450=ADVANCED_FACE('',(#4449),#4433,.T.);
#4451=CARTESIAN_POINT('',(17.35,-46.6,-4.));
#4452=DIRECTION('',(0.,1.,0.));
#4453=DIRECTION('',(0.,0.,1.));
#4454=AXIS2_PLACEMENT_3D('',#4451,#4452,#4453);
#4455=PLANE('',#4454);
#4456=ORIENTED_EDGE('',*,*,#1378,.T.);
#4457=CARTESIAN_POINT('',(3.5,-46.6,-4.));
#4458=DIRECTION('',(0.,0.,1.));
#4459=VECTOR('',#4458,1.5);
#4460=LINE('',#4457,#4459);
#4461=EDGE_CURVE('',#4413,#1365,#4460,.T.);
#4462=ORIENTED_EDGE('',*,*,#4461,.F.);
#4463=ORIENTED_EDGE('',*,*,#4418,.F.);
#4464=ORIENTED_EDGE('',*,*,#4439,.T.);
#4465=EDGE_LOOP('',(#4456,#4462,#4463,#4464));
#4466=FACE_BOUND('',#4465,.T.);
#4467=ADVANCED_FACE('',(#4466),#4455,.F.);
#4468=CARTESIAN_POINT('',(3.5,-47.2,-4.));
#4469=DIRECTION('',(-1.,-0.,0.));
#4470=DIRECTION('',(0.,-1.,0.));
#4471=AXIS2_PLACEMENT_3D('',#4468,#4469,#4470);
#4472=PLANE('',#4471);
#4473=ORIENTED_EDGE('',*,*,#1370,.T.);
#4474=CARTESIAN_POINT('',(3.5,-47.7,-4.));
#4475=DIRECTION('',(0.,0.,1.));
#4476=VECTOR('',#4475,1.5);
#4477=LINE('',#4474,#4476);
#4478=EDGE_CURVE('',#4395,#1357,#4477,.T.);
#4479=ORIENTED_EDGE('',*,*,#4478,.F.);
#4480=ORIENTED_EDGE('',*,*,#4424,.F.);
#4481=ORIENTED_EDGE('',*,*,#4461,.T.);
#4482=EDGE_LOOP('',(#4473,#4479,#4480,#4481));
#4483=FACE_BOUND('',#4482,.T.);
#4484=ADVANCED_FACE('',(#4483),#4472,.F.);
#4485=CARTESIAN_POINT('',(31.2,-45.7,2.));
#4486=DIRECTION('',(0.,-1.,0.));
#4487=DIRECTION('',(0.,0.,-1.));
#4488=AXIS2_PLACEMENT_3D('',#4485,#4486,#4487);
#4489=PLANE('',#4488);
#4490=CARTESIAN_POINT('',(10.,-45.7,-10.5));
#4491=VERTEX_POINT('',#4490);
#4492=CARTESIAN_POINT('',(10.,-45.7,-2.5));
#4493=DIRECTION('',(0.,0.,-1.));
#4494=VECTOR('',#4493,8.);
#4495=LINE('',#4492,#4494);
#4496=EDGE_CURVE('',#1291,#4491,#4495,.T.);
#4497=ORIENTED_EDGE('',*,*,#4496,.F.);
#4498=ORIENTED_EDGE('',*,*,#1296,.F.);
#4499=CARTESIAN_POINT('',(54.,-45.7,-10.5));
#4500=VERTEX_POINT('',#4499);
#4501=CARTESIAN_POINT('',(54.,-45.7,-2.5));
#4502=DIRECTION('',(0.,0.,-1.));
#4503=VECTOR('',#4502,8.);
#4504=LINE('',#4501,#4503);
#4505=EDGE_CURVE('',#1283,#4500,#4504,.T.);
#4506=ORIENTED_EDGE('',*,*,#4505,.T.);
#4507=CARTESIAN_POINT('',(54.,-45.7,-10.5));
#4508=DIRECTION('',(-1.,0.,0.));
#4509=VECTOR('',#4508,44.);
#4510=LINE('',#4507,#4509);
#4511=EDGE_CURVE('',#4500,#4491,#4510,.T.);
#4512=ORIENTED_EDGE('',*,*,#4511,.T.);
#4513=EDGE_LOOP('',(#4497,#4498,#4506,#4512));
#4514=FACE_BOUND('',#4513,.T.);
#4515=ADVANCED_FACE('',(#4514),#4489,.F.);
#4516=CARTESIAN_POINT('',(53.,-43.85,-2.5));
#4517=DIRECTION('',(0.879706514,0.475517034,0.));
#4518=DIRECTION('',(-0.475517034,0.879706514,0.));
#4519=AXIS2_PLACEMENT_3D('',#4516,#4517,#4518);
#4520=PLANE('',#4519);
#4521=CARTESIAN_POINT('',(52.,-42.,-10.5));
#4522=DIRECTION('',(0.475517034,-0.879706514,0.));
#4523=VECTOR('',#4522,4.205948169);
#4524=LINE('',#4521,#4523);
#4525=EDGE_CURVE('',#1568,#4500,#4524,.T.);
#4526=ORIENTED_EDGE('',*,*,#4525,.T.);
#4527=ORIENTED_EDGE('',*,*,#4505,.F.);
#4528=ORIENTED_EDGE('',*,*,#1288,.F.);
#4529=ORIENTED_EDGE('',*,*,#1579,.T.);
#4530=EDGE_LOOP('',(#4526,#4527,#4528,#4529));
#4531=FACE_BOUND('',#4530,.T.);
#4532=ADVANCED_FACE('',(#4531),#4520,.F.);
#4533=CARTESIAN_POINT('',(0.,0.,-10.5));
#4534=DIRECTION('',(0.,0.,1.));
#4535=DIRECTION('',(1.,0.,0.));
#4536=AXIS2_PLACEMENT_3D('',#4533,#4534,#4535);
#4537=PLANE('',#4536);
#4538=ORIENTED_EDGE('',*,*,#1573,.F.);
#4539=CARTESIAN_POINT('',(12.,-42.,-10.5));
#4540=DIRECTION('',(-0.475517034,-0.879706514,0.));
#4541=VECTOR('',#4540,4.205948169);
#4542=LINE('',#4539,#4541);
#4543=EDGE_CURVE('',#1560,#4491,#4542,.T.);
#4544=ORIENTED_EDGE('',*,*,#4543,.T.);
#4545=ORIENTED_EDGE('',*,*,#4511,.F.);
#4546=ORIENTED_EDGE('',*,*,#4525,.F.);
#4547=EDGE_LOOP('',(#4538,#4544,#4545,#4546));
#4548=FACE_BOUND('',#4547,.T.);
#4549=ADVANCED_FACE('',(#4548),#4537,.T.);
#4550=CARTESIAN_POINT('',(11.,-43.85,-2.5));
#4551=DIRECTION('',(0.879706514,-0.475517034,0.));
#4552=DIRECTION('',(0.475517034,0.879706514,0.));
#4553=AXIS2_PLACEMENT_3D('',#4550,#4551,#4552);
#4554=PLANE('',#4553);
#4555=ORIENTED_EDGE('',*,*,#4543,.F.);
#4556=ORIENTED_EDGE('',*,*,#1565,.F.);
#4557=ORIENTED_EDGE('',*,*,#1304,.T.);
#4558=ORIENTED_EDGE('',*,*,#4496,.T.);
#4559=EDGE_LOOP('',(#4555,#4556,#4557,#4558));
#4560=FACE_BOUND('',#4559,.T.);
#4561=ADVANCED_FACE('',(#4560),#4554,.T.);
#4562=CARTESIAN_POINT('',(-1.,-45.7,2.));
#4563=DIRECTION('',(0.,0.,1.));
#4564=DIRECTION('',(1.,0.,-0.));
#4565=AXIS2_PLACEMENT_3D('',#4562,#4563,#4564);
#4566=CYLINDRICAL_SURFACE('',#4565,2.);
#4567=ORIENTED_EDGE('',*,*,#4103,.F.);
#4568=CARTESIAN_POINT('',(-1.,-47.7,-2.5));
#4569=DIRECTION('',(-0.,-0.,-1.));
#4570=VECTOR('',#4569,9.);
#4571=LINE('',#4568,#4570);
#4572=EDGE_CURVE('',#1348,#4091,#4571,.T.);
#4573=ORIENTED_EDGE('',*,*,#4572,.F.);
#4574=ORIENTED_EDGE('',*,*,#1354,.T.);
#4575=ORIENTED_EDGE('',*,*,#2450,.F.);
#4576=EDGE_LOOP('',(#4567,#4573,#4574,#4575));
#4577=FACE_BOUND('',#4576,.T.);
#4578=ADVANCED_FACE('',(#4577),#4566,.T.);
#4579=CARTESIAN_POINT('',(-0.,-44.7,5.5));
#4580=DIRECTION('',(0.,0.,-1.));
#4581=DIRECTION('',(-1.,0.,0.));
#4582=AXIS2_PLACEMENT_3D('',#4579,#4580,#4581);
#4583=CYLINDRICAL_SURFACE('',#4582,1.6);
#4584=CARTESIAN_POINT('',(-1.6,-44.7,-11.5));
#4585=DIRECTION('',(-0.,-0.,1.));
#4586=VECTOR('',#4585,9.);
#4587=LINE('',#4584,#4586);
#4588=EDGE_CURVE('',#4118,#1389,#4587,.T.);
#4589=ORIENTED_EDGE('',*,*,#4588,.F.);
#4590=ORIENTED_EDGE('',*,*,#4124,.F.);
#4591=ORIENTED_EDGE('',*,*,#4131,.F.);
#4592=ORIENTED_EDGE('',*,*,#4588,.T.);
#4593=ORIENTED_EDGE('',*,*,#1397,.T.);
#4594=ORIENTED_EDGE('',*,*,#1404,.T.);
#4595=EDGE_LOOP('',(#4589,#4590,#4591,#4592,#4593,#4594));
#4596=FACE_BOUND('',#4595,.T.);
#4597=ADVANCED_FACE('',(#4596),#4583,.F.);
#4598=CARTESIAN_POINT('',(3.,-46.2,-11.5));
#4599=DIRECTION('',(1.,0.,0.));
#4600=DIRECTION('',(0.,0.,-1.));
#4601=AXIS2_PLACEMENT_3D('',#4598,#4599,#4600);
#4602=PLANE('',#4601);
#4603=CARTESIAN_POINT('',(3.,-47.7,-13.5));
#4604=VERTEX_POINT('',#4603);
#4605=CARTESIAN_POINT('',(3.,-44.7,-13.5));
#4606=DIRECTION('',(0.,-1.,0.));
#4607=VECTOR('',#4606,3.);
#4608=LINE('',#4605,#4607);
#4609=EDGE_CURVE('',#4167,#4604,#4608,.T.);
#4610=ORIENTED_EDGE('',*,*,#4609,.T.);
#4611=CARTESIAN_POINT('',(3.,-47.7,-11.5));
#4612=DIRECTION('',(0.,0.,-1.));
#4613=VECTOR('',#4612,2.);
#4614=LINE('',#4611,#4613);
#4615=EDGE_CURVE('',#4083,#4604,#4614,.T.);
#4616=ORIENTED_EDGE('',*,*,#4615,.F.);
#4617=ORIENTED_EDGE('',*,*,#4088,.F.);
#4618=ORIENTED_EDGE('',*,*,#4179,.T.);
#4619=EDGE_LOOP('',(#4610,#4616,#4617,#4618));
#4620=FACE_BOUND('',#4619,.T.);
#4621=ADVANCED_FACE('',(#4620),#4602,.F.);
#4622=CARTESIAN_POINT('',(30.2,-47.7,2.));
#4623=DIRECTION('',(0.,1.,0.));
#4624=DIRECTION('',(0.,0.,1.));
#4625=AXIS2_PLACEMENT_3D('',#4622,#4623,#4624);
#4626=PLANE('',#4625);
#4627=ORIENTED_EDGE('',*,*,#4402,.F.);
#4628=ORIENTED_EDGE('',*,*,#4478,.T.);
#4629=ORIENTED_EDGE('',*,*,#1362,.F.);
#4630=ORIENTED_EDGE('',*,*,#4572,.T.);
#4631=ORIENTED_EDGE('',*,*,#4096,.T.);
#4632=ORIENTED_EDGE('',*,*,#4615,.T.);
#4633=CARTESIAN_POINT('',(59.4,-47.7,-13.5));
#4634=VERTEX_POINT('',#4633);
#4635=CARTESIAN_POINT('',(3.,-47.7,-13.5));
#4636=DIRECTION('',(1.,0.,-0.));
#4637=VECTOR('',#4636,56.4);
#4638=LINE('',#4635,#4637);
#4639=EDGE_CURVE('',#4604,#4634,#4638,.T.);
#4640=ORIENTED_EDGE('',*,*,#4639,.T.);
#4641=CARTESIAN_POINT('',(59.4,-47.7,-11.5));
#4642=DIRECTION('',(0.,0.,-1.));
#4643=VECTOR('',#4642,2.);
#4644=LINE('',#4641,#4643);
#4645=EDGE_CURVE('',#1642,#4634,#4644,.T.);
#4646=ORIENTED_EDGE('',*,*,#4645,.F.);
#4647=ORIENTED_EDGE('',*,*,#1647,.T.);
#4648=ORIENTED_EDGE('',*,*,#1731,.T.);
#4649=ORIENTED_EDGE('',*,*,#1238,.F.);
#4650=ORIENTED_EDGE('',*,*,#4446,.F.);
#4651=EDGE_LOOP('',(#4627,#4628,#4629,#4630,#4631,#4632,#4640,#4646,#4647,#4648,#4649,#4650));
#4652=FACE_BOUND('',#4651,.T.);
#4653=ADVANCED_FACE('',(#4652),#4626,.F.);
#4654=CARTESIAN_POINT('',(59.4,-46.2,-11.5));
#4655=DIRECTION('',(1.,0.,0.));
#4656=DIRECTION('',(0.,0.,-1.));
#4657=AXIS2_PLACEMENT_3D('',#4654,#4655,#4656);
#4658=PLANE('',#4657);
#4659=CARTESIAN_POINT('',(59.4,-44.7,-13.5));
#4660=DIRECTION('',(0.,-1.,0.));
#4661=VECTOR('',#4660,3.);
#4662=LINE('',#4659,#4661);
#4663=EDGE_CURVE('',#4195,#4634,#4662,.T.);
#4664=ORIENTED_EDGE('',*,*,#4663,.F.);
#4665=ORIENTED_EDGE('',*,*,#4200,.F.);
#4666=ORIENTED_EDGE('',*,*,#1655,.T.);
#4667=ORIENTED_EDGE('',*,*,#4645,.T.);
#4668=EDGE_LOOP('',(#4664,#4665,#4666,#4667));
#4669=FACE_BOUND('',#4668,.T.);
#4670=ADVANCED_FACE('',(#4669),#4658,.T.);
#4671=CARTESIAN_POINT('',(0.,0.,-11.5));
#4672=DIRECTION('',(0.,0.,1.));
#4673=DIRECTION('',(-1.,0.,0.));
#4674=AXIS2_PLACEMENT_3D('',#4671,#4672,#4673);
#4675=PLANE('',#4674);
#4676=CARTESIAN_POINT('',(61.26862915,4.86862915,-11.5));
#4677=VERTEX_POINT('',#4676);
#4678=CARTESIAN_POINT('',(60.8,6.,-11.5));
#4679=VERTEX_POINT('',#4678);
#4680=CARTESIAN_POINT('',(62.4,6.,-11.5));
#4681=DIRECTION('',(0.,0.,1.));
#4682=DIRECTION('',(1.,0.,-0.));
#4683=AXIS2_PLACEMENT_3D('',#4680,#4681,#4682);
#4684=CIRCLE('',#4683,1.6);
#4685=EDGE_CURVE('',#4677,#4679,#4684,.T.);
#4686=ORIENTED_EDGE('',*,*,#4685,.T.);
#4687=CARTESIAN_POINT('',(62.4,6.,-11.5));
#4688=DIRECTION('',(0.,0.,1.));
#4689=DIRECTION('',(1.,0.,-0.));
#4690=AXIS2_PLACEMENT_3D('',#4687,#4688,#4689);
#4691=CIRCLE('',#4690,1.6);
#4692=EDGE_CURVE('',#4679,#4677,#4691,.T.);
#4693=ORIENTED_EDGE('',*,*,#4692,.T.);
#4694=EDGE_LOOP('',(#4686,#4693));
#4695=FACE_BOUND('',#4694,.T.);
#4696=CARTESIAN_POINT('',(65.4,3.,-11.5));
#4697=VERTEX_POINT('',#4696);
#4698=CARTESIAN_POINT('',(65.4,7.,-11.5));
#4699=VERTEX_POINT('',#4698);
#4700=CARTESIAN_POINT('',(65.4,3.,-11.5));
#4701=DIRECTION('',(0.,1.,0.));
#4702=VECTOR('',#4701,4.);
#4703=LINE('',#4700,#4702);
#4704=EDGE_CURVE('',#4697,#4699,#4703,.T.);
#4705=ORIENTED_EDGE('',*,*,#4704,.F.);
#4706=CARTESIAN_POINT('',(62.4,3.,-11.5));
#4707=VERTEX_POINT('',#4706);
#4708=CARTESIAN_POINT('',(62.4,3.,-11.5));
#4709=DIRECTION('',(1.,0.,-0.));
#4710=VECTOR('',#4709,3.);
#4711=LINE('',#4708,#4710);
#4712=EDGE_CURVE('',#4707,#4697,#4711,.T.);
#4713=ORIENTED_EDGE('',*,*,#4712,.F.);
#4714=CARTESIAN_POINT('',(59.4,6.,-11.5));
#4715=VERTEX_POINT('',#4714);
#4716=CARTESIAN_POINT('',(62.4,6.,-11.5));
#4717=DIRECTION('',(0.,0.,-1.));
#4718=DIRECTION('',(0.,-1.,0.));
#4719=AXIS2_PLACEMENT_3D('',#4716,#4717,#4718);
#4720=CIRCLE('',#4719,3.);
#4721=EDGE_CURVE('',#4707,#4715,#4720,.T.);
#4722=ORIENTED_EDGE('',*,*,#4721,.T.);
#4723=CARTESIAN_POINT('',(59.4,9.,-11.5));
#4724=VERTEX_POINT('',#4723);
#4725=CARTESIAN_POINT('',(59.4,6.,-11.5));
#4726=DIRECTION('',(0.,1.,0.));
#4727=VECTOR('',#4726,3.);
#4728=LINE('',#4725,#4727);
#4729=EDGE_CURVE('',#4715,#4724,#4728,.T.);
#4730=ORIENTED_EDGE('',*,*,#4729,.T.);
#4731=CARTESIAN_POINT('',(63.4,9.,-11.5));
#4732=VERTEX_POINT('',#4731);
#4733=CARTESIAN_POINT('',(63.4,9.,-11.5));
#4734=DIRECTION('',(-1.,0.,0.));
#4735=VECTOR('',#4734,4.);
#4736=LINE('',#4733,#4735);
#4737=EDGE_CURVE('',#4732,#4724,#4736,.T.);
#4738=ORIENTED_EDGE('',*,*,#4737,.F.);
#4739=CARTESIAN_POINT('',(63.4,7.,-11.5));
#4740=DIRECTION('',(0.,0.,-1.));
#4741=DIRECTION('',(0.,1.,0.));
#4742=AXIS2_PLACEMENT_3D('',#4739,#4740,#4741);
#4743=CIRCLE('',#4742,2.);
#4744=EDGE_CURVE('',#4732,#4699,#4743,.T.);
#4745=ORIENTED_EDGE('',*,*,#4744,.T.);
#4746=EDGE_LOOP('',(#4705,#4713,#4722,#4730,#4738,#4745));
#4747=FACE_BOUND('',#4746,.T.);
#4748=ADVANCED_FACE('',(#4695,#4747),#4675,.F.);
#4749=CARTESIAN_POINT('',(63.9,3.,-11.5));
#4750=DIRECTION('',(0.,1.,0.));
#4751=DIRECTION('',(0.,0.,1.));
#4752=AXIS2_PLACEMENT_3D('',#4749,#4750,#4751);
#4753=PLANE('',#4752);
#4754=ORIENTED_EDGE('',*,*,#4712,.T.);
#4755=CARTESIAN_POINT('',(65.4,3.,-13.5));
#4756=VERTEX_POINT('',#4755);
#4757=CARTESIAN_POINT('',(65.4,3.,-11.5));
#4758=DIRECTION('',(0.,0.,-1.));
#4759=VECTOR('',#4758,2.);
#4760=LINE('',#4757,#4759);
#4761=EDGE_CURVE('',#4697,#4756,#4760,.T.);
#4762=ORIENTED_EDGE('',*,*,#4761,.T.);
#4763=CARTESIAN_POINT('',(62.4,3.,-13.5));
#4764=VERTEX_POINT('',#4763);
#4765=CARTESIAN_POINT('',(62.4,3.,-13.5));
#4766=DIRECTION('',(1.,0.,-0.));
#4767=VECTOR('',#4766,3.);
#4768=LINE('',#4765,#4767);
#4769=EDGE_CURVE('',#4764,#4756,#4768,.T.);
#4770=ORIENTED_EDGE('',*,*,#4769,.F.);
#4771=CARTESIAN_POINT('',(62.4,3.,-11.5));
#4772=DIRECTION('',(0.,0.,-1.));
#4773=VECTOR('',#4772,2.);
#4774=LINE('',#4771,#4773);
#4775=EDGE_CURVE('',#4707,#4764,#4774,.T.);
#4776=ORIENTED_EDGE('',*,*,#4775,.F.);
#4777=EDGE_LOOP('',(#4754,#4762,#4770,#4776));
#4778=FACE_BOUND('',#4777,.T.);
#4779=ADVANCED_FACE('',(#4778),#4753,.T.);
#4780=CARTESIAN_POINT('',(62.4,6.,5.5));
#4781=DIRECTION('',(0.,0.,-1.));
#4782=DIRECTION('',(-1.,0.,0.));
#4783=AXIS2_PLACEMENT_3D('',#4780,#4781,#4782);
#4784=CYLINDRICAL_SURFACE('',#4783,1.6);
#4785=CARTESIAN_POINT('',(60.8,6.,-2.5));
#4786=VERTEX_POINT('',#4785);
#4787=CARTESIAN_POINT('',(60.8,6.,-11.5));
#4788=DIRECTION('',(-0.,-0.,1.));
#4789=VECTOR('',#4788,9.);
#4790=LINE('',#4787,#4789);
#4791=EDGE_CURVE('',#4679,#4786,#4790,.T.);
#4792=ORIENTED_EDGE('',*,*,#4791,.F.);
#4793=ORIENTED_EDGE('',*,*,#4685,.F.);
#4794=ORIENTED_EDGE('',*,*,#4692,.F.);
#4795=ORIENTED_EDGE('',*,*,#4791,.T.);
#4796=CARTESIAN_POINT('',(61.26862915,4.86862915,-2.5));
#4797=VERTEX_POINT('',#4796);
#4798=CARTESIAN_POINT('',(62.4,6.,-2.5));
#4799=DIRECTION('',(0.,0.,1.));
#4800=DIRECTION('',(1.,0.,-0.));
#4801=AXIS2_PLACEMENT_3D('',#4798,#4799,#4800);
#4802=CIRCLE('',#4801,1.6);
#4803=EDGE_CURVE('',#4786,#4797,#4802,.T.);
#4804=ORIENTED_EDGE('',*,*,#4803,.T.);
#4805=CARTESIAN_POINT('',(62.4,6.,-2.5));
#4806=DIRECTION('',(0.,0.,1.));
#4807=DIRECTION('',(1.,0.,-0.));
#4808=AXIS2_PLACEMENT_3D('',#4805,#4806,#4807);
#4809=CIRCLE('',#4808,1.6);
#4810=EDGE_CURVE('',#4797,#4786,#4809,.T.);
#4811=ORIENTED_EDGE('',*,*,#4810,.T.);
#4812=EDGE_LOOP('',(#4792,#4793,#4794,#4795,#4804,#4811));
#4813=FACE_BOUND('',#4812,.T.);
#4814=ADVANCED_FACE('',(#4813),#4784,.F.);
#4815=CARTESIAN_POINT('',(0.,0.,-4.));
#4816=DIRECTION('',(0.,0.,-1.));
#4817=DIRECTION('',(0.,-1.,0.));
#4818=AXIS2_PLACEMENT_3D('',#4815,#4816,#4817);
#4819=PLANE('',#4818);
#4820=CARTESIAN_POINT('',(58.9,9.,-4.));
#4821=VERTEX_POINT('',#4820);
#4822=CARTESIAN_POINT('',(3.5,9.,-4.));
#4823=VERTEX_POINT('',#4822);
#4824=CARTESIAN_POINT('',(58.9,9.,-4.));
#4825=DIRECTION('',(-1.,0.,0.));
#4826=VECTOR('',#4825,55.4);
#4827=LINE('',#4824,#4826);
#4828=EDGE_CURVE('',#4821,#4823,#4827,.T.);
#4829=ORIENTED_EDGE('',*,*,#4828,.T.);
#4830=CARTESIAN_POINT('',(3.5,7.9,-4.));
#4831=VERTEX_POINT('',#4830);
#4832=CARTESIAN_POINT('',(3.5,7.9,-4.));
#4833=DIRECTION('',(-0.,1.,0.));
#4834=VECTOR('',#4833,1.1);
#4835=LINE('',#4832,#4834);
#4836=EDGE_CURVE('',#4831,#4823,#4835,.T.);
#4837=ORIENTED_EDGE('',*,*,#4836,.F.);
#4838=CARTESIAN_POINT('',(58.9,7.9,-4.));
#4839=VERTEX_POINT('',#4838);
#4840=CARTESIAN_POINT('',(3.5,7.9,-4.));
#4841=DIRECTION('',(1.,0.,-0.));
#4842=VECTOR('',#4841,55.4);
#4843=LINE('',#4840,#4842);
#4844=EDGE_CURVE('',#4831,#4839,#4843,.T.);
#4845=ORIENTED_EDGE('',*,*,#4844,.T.);
#4846=CARTESIAN_POINT('',(58.9,7.9,-4.));
#4847=DIRECTION('',(0.,1.,0.));
#4848=VECTOR('',#4847,1.1);
#4849=LINE('',#4846,#4848);
#4850=EDGE_CURVE('',#4839,#4821,#4849,.T.);
#4851=ORIENTED_EDGE('',*,*,#4850,.T.);
#4852=EDGE_LOOP('',(#4829,#4837,#4845,#4851));
#4853=FACE_BOUND('',#4852,.T.);
#4854=ADVANCED_FACE('',(#4853),#4819,.F.);
#4855=CARTESIAN_POINT('',(62.4,6.,-11.5));
#4856=DIRECTION('',(0.,0.,-1.));
#4857=DIRECTION('',(-1.,0.,0.));
#4858=AXIS2_PLACEMENT_3D('',#4855,#4856,#4857);
#4859=CYLINDRICAL_SURFACE('',#4858,3.);
#4860=CARTESIAN_POINT('',(59.4,6.,-13.5));
#4861=VERTEX_POINT('',#4860);
#4862=CARTESIAN_POINT('',(62.4,6.,-13.5));
#4863=DIRECTION('',(0.,0.,-1.));
#4864=DIRECTION('',(0.,-1.,0.));
#4865=AXIS2_PLACEMENT_3D('',#4862,#4863,#4864);
#4866=CIRCLE('',#4865,3.);
#4867=EDGE_CURVE('',#4764,#4861,#4866,.T.);
#4868=ORIENTED_EDGE('',*,*,#4867,.T.);
#4869=CARTESIAN_POINT('',(59.4,6.,-11.5));
#4870=DIRECTION('',(0.,0.,-1.));
#4871=VECTOR('',#4870,2.);
#4872=LINE('',#4869,#4871);
#4873=EDGE_CURVE('',#4715,#4861,#4872,.T.);
#4874=ORIENTED_EDGE('',*,*,#4873,.F.);
#4875=ORIENTED_EDGE('',*,*,#4721,.F.);
#4876=ORIENTED_EDGE('',*,*,#4775,.T.);
#4877=EDGE_LOOP('',(#4868,#4874,#4875,#4876));
#4878=FACE_BOUND('',#4877,.T.);
#4879=ADVANCED_FACE('',(#4878),#4859,.F.);
#4880=CARTESIAN_POINT('',(59.4,7.5,-11.5));
#4881=DIRECTION('',(-1.,0.,0.));
#4882=DIRECTION('',(0.,0.,1.));
#4883=AXIS2_PLACEMENT_3D('',#4880,#4881,#4882);
#4884=PLANE('',#4883);
#4885=CARTESIAN_POINT('',(59.4,9.,-13.5));
#4886=VERTEX_POINT('',#4885);
#4887=CARTESIAN_POINT('',(59.4,6.,-13.5));
#4888=DIRECTION('',(0.,1.,0.));
#4889=VECTOR('',#4888,3.);
#4890=LINE('',#4887,#4889);
#4891=EDGE_CURVE('',#4861,#4886,#4890,.T.);
#4892=ORIENTED_EDGE('',*,*,#4891,.T.);
#4893=CARTESIAN_POINT('',(59.4,9.,-11.5));
#4894=DIRECTION('',(0.,0.,-1.));
#4895=VECTOR('',#4894,2.);
#4896=LINE('',#4893,#4895);
#4897=EDGE_CURVE('',#4724,#4886,#4896,.T.);
#4898=ORIENTED_EDGE('',*,*,#4897,.F.);
#4899=ORIENTED_EDGE('',*,*,#4729,.F.);
#4900=ORIENTED_EDGE('',*,*,#4873,.T.);
#4901=EDGE_LOOP('',(#4892,#4898,#4899,#4900));
#4902=FACE_BOUND('',#4901,.T.);
#4903=ADVANCED_FACE('',(#4902),#4884,.F.);
#4904=CARTESIAN_POINT('',(3.,7.5,-11.5));
#4905=DIRECTION('',(-1.,0.,0.));
#4906=DIRECTION('',(0.,0.,1.));
#4907=AXIS2_PLACEMENT_3D('',#4904,#4905,#4906);
#4908=PLANE('',#4907);
#4909=CARTESIAN_POINT('',(3.,6.,-13.5));
#4910=VERTEX_POINT('',#4909);
#4911=CARTESIAN_POINT('',(3.,9.,-13.5));
#4912=VERTEX_POINT('',#4911);
#4913=CARTESIAN_POINT('',(3.,6.,-13.5));
#4914=DIRECTION('',(0.,1.,0.));
#4915=VECTOR('',#4914,3.);
#4916=LINE('',#4913,#4915);
#4917=EDGE_CURVE('',#4910,#4912,#4916,.T.);
#4918=ORIENTED_EDGE('',*,*,#4917,.F.);
#4919=CARTESIAN_POINT('',(3.,6.,-11.5));
#4920=VERTEX_POINT('',#4919);
#4921=CARTESIAN_POINT('',(3.,6.,-11.5));
#4922=DIRECTION('',(0.,0.,-1.));
#4923=VECTOR('',#4922,2.);
#4924=LINE('',#4921,#4923);
#4925=EDGE_CURVE('',#4920,#4910,#4924,.T.);
#4926=ORIENTED_EDGE('',*,*,#4925,.F.);
#4927=CARTESIAN_POINT('',(3.,9.,-11.5));
#4928=VERTEX_POINT('',#4927);
#4929=CARTESIAN_POINT('',(3.,6.,-11.5));
#4930=DIRECTION('',(0.,1.,0.));
#4931=VECTOR('',#4930,3.);
#4932=LINE('',#4929,#4931);
#4933=EDGE_CURVE('',#4920,#4928,#4932,.T.);
#4934=ORIENTED_EDGE('',*,*,#4933,.T.);
#4935=CARTESIAN_POINT('',(3.,9.,-11.5));
#4936=DIRECTION('',(0.,0.,-1.));
#4937=VECTOR('',#4936,2.);
#4938=LINE('',#4935,#4937);
#4939=EDGE_CURVE('',#4928,#4912,#4938,.T.);
#4940=ORIENTED_EDGE('',*,*,#4939,.T.);
#4941=EDGE_LOOP('',(#4918,#4926,#4934,#4940));
#4942=FACE_BOUND('',#4941,.T.);
#4943=ADVANCED_FACE('',(#4942),#4908,.T.);
#4944=CARTESIAN_POINT('',(-0.,6.,-11.5));
#4945=DIRECTION('',(0.,0.,-1.));
#4946=DIRECTION('',(-1.,0.,0.));
#4947=AXIS2_PLACEMENT_3D('',#4944,#4945,#4946);
#4948=CYLINDRICAL_SURFACE('',#4947,3.);
#4949=CARTESIAN_POINT('',(0.,3.,-13.5));
#4950=VERTEX_POINT('',#4949);
#4951=CARTESIAN_POINT('',(-0.,6.,-13.5));
#4952=DIRECTION('',(0.,0.,-1.));
#4953=DIRECTION('',(1.,0.,0.));
#4954=AXIS2_PLACEMENT_3D('',#4951,#4952,#4953);
#4955=CIRCLE('',#4954,3.);
#4956=EDGE_CURVE('',#4910,#4950,#4955,.T.);
#4957=ORIENTED_EDGE('',*,*,#4956,.T.);
#4958=CARTESIAN_POINT('',(0.,3.,-11.5));
#4959=VERTEX_POINT('',#4958);
#4960=CARTESIAN_POINT('',(0.,3.,-11.5));
#4961=DIRECTION('',(0.,0.,-1.));
#4962=VECTOR('',#4961,2.);
#4963=LINE('',#4960,#4962);
#4964=EDGE_CURVE('',#4959,#4950,#4963,.T.);
#4965=ORIENTED_EDGE('',*,*,#4964,.F.);
#4966=CARTESIAN_POINT('',(-0.,6.,-11.5));
#4967=DIRECTION('',(0.,0.,-1.));
#4968=DIRECTION('',(1.,0.,0.));
#4969=AXIS2_PLACEMENT_3D('',#4966,#4967,#4968);
#4970=CIRCLE('',#4969,3.);
#4971=EDGE_CURVE('',#4920,#4959,#4970,.T.);
#4972=ORIENTED_EDGE('',*,*,#4971,.F.);
#4973=ORIENTED_EDGE('',*,*,#4925,.T.);
#4974=EDGE_LOOP('',(#4957,#4965,#4972,#4973));
#4975=FACE_BOUND('',#4974,.T.);
#4976=ADVANCED_FACE('',(#4975),#4948,.F.);
#4977=CARTESIAN_POINT('',(-1.5,3.,-11.5));
#4978=DIRECTION('',(0.,-1.,0.));
#4979=DIRECTION('',(0.,0.,-1.));
#4980=AXIS2_PLACEMENT_3D('',#4977,#4978,#4979);
#4981=PLANE('',#4980);
#4982=CARTESIAN_POINT('',(0.,3.,-13.5));
#4983=DIRECTION('',(-1.,0.,0.));
#4984=VECTOR('',#4983,3.);
#4985=LINE('',#4982,#4984);
#4986=EDGE_CURVE('',#4950,#2421,#4985,.T.);
#4987=ORIENTED_EDGE('',*,*,#4986,.T.);
#4988=ORIENTED_EDGE('',*,*,#2616,.F.);
#4989=CARTESIAN_POINT('',(0.,3.,-11.5));
#4990=DIRECTION('',(-1.,0.,0.));
#4991=VECTOR('',#4990,3.);
#4992=LINE('',#4989,#4991);
#4993=EDGE_CURVE('',#4959,#2605,#4992,.T.);
#4994=ORIENTED_EDGE('',*,*,#4993,.F.);
#4995=ORIENTED_EDGE('',*,*,#4964,.T.);
#4996=EDGE_LOOP('',(#4987,#4988,#4994,#4995));
#4997=FACE_BOUND('',#4996,.T.);
#4998=ADVANCED_FACE('',(#4997),#4981,.F.);
#4999=CARTESIAN_POINT('',(0.,0.,-11.5));
#5000=DIRECTION('',(0.,0.,1.));
#5001=DIRECTION('',(-1.,0.,0.));
#5002=AXIS2_PLACEMENT_3D('',#4999,#5000,#5001);
#5003=PLANE('',#5002);
#5004=CARTESIAN_POINT('',(1.13137085,4.86862915,-11.5));
#5005=VERTEX_POINT('',#5004);
#5006=CARTESIAN_POINT('',(-1.6,6.,-11.5));
#5007=VERTEX_POINT('',#5006);
#5008=CARTESIAN_POINT('',(-0.,6.,-11.5));
#5009=DIRECTION('',(0.,0.,1.));
#5010=DIRECTION('',(1.,0.,-0.));
#5011=AXIS2_PLACEMENT_3D('',#5008,#5009,#5010);
#5012=CIRCLE('',#5011,1.6);
#5013=EDGE_CURVE('',#5005,#5007,#5012,.T.);
#5014=ORIENTED_EDGE('',*,*,#5013,.T.);
#5015=CARTESIAN_POINT('',(-0.,6.,-11.5));
#5016=DIRECTION('',(0.,0.,1.));
#5017=DIRECTION('',(1.,0.,-0.));
#5018=AXIS2_PLACEMENT_3D('',#5015,#5016,#5017);
#5019=CIRCLE('',#5018,1.6);
#5020=EDGE_CURVE('',#5007,#5005,#5019,.T.);
#5021=ORIENTED_EDGE('',*,*,#5020,.T.);
#5022=EDGE_LOOP('',(#5014,#5021));
#5023=FACE_BOUND('',#5022,.T.);
#5024=ORIENTED_EDGE('',*,*,#4933,.F.);
#5025=ORIENTED_EDGE('',*,*,#4971,.T.);
#5026=ORIENTED_EDGE('',*,*,#4993,.T.);
#5027=ORIENTED_EDGE('',*,*,#2610,.F.);
#5028=CARTESIAN_POINT('',(-1.,9.,-11.5));
#5029=VERTEX_POINT('',#5028);
#5030=CARTESIAN_POINT('',(-1.,7.,-11.5));
#5031=DIRECTION('',(0.,0.,-1.));
#5032=DIRECTION('',(-1.,0.,0.));
#5033=AXIS2_PLACEMENT_3D('',#5030,#5031,#5032);
#5034=CIRCLE('',#5033,2.);
#5035=EDGE_CURVE('',#2597,#5029,#5034,.T.);
#5036=ORIENTED_EDGE('',*,*,#5035,.T.);
#5037=CARTESIAN_POINT('',(3.,9.,-11.5));
#5038=DIRECTION('',(-1.,0.,0.));
#5039=VECTOR('',#5038,4.);
#5040=LINE('',#5037,#5039);
#5041=EDGE_CURVE('',#4928,#5029,#5040,.T.);
#5042=ORIENTED_EDGE('',*,*,#5041,.F.);
#5043=EDGE_LOOP('',(#5024,#5025,#5026,#5027,#5036,#5042));
#5044=FACE_BOUND('',#5043,.T.);
#5045=ADVANCED_FACE('',(#5023,#5044),#5003,.F.);
#5046=CARTESIAN_POINT('',(-0.,6.,5.5));
#5047=DIRECTION('',(0.,0.,-1.));
#5048=DIRECTION('',(-1.,0.,0.));
#5049=AXIS2_PLACEMENT_3D('',#5046,#5047,#5048);
#5050=CYLINDRICAL_SURFACE('',#5049,1.6);
#5051=CARTESIAN_POINT('',(-1.6,6.,-2.5));
#5052=VERTEX_POINT('',#5051);
#5053=CARTESIAN_POINT('',(-1.6,6.,-11.5));
#5054=DIRECTION('',(-0.,-0.,1.));
#5055=VECTOR('',#5054,9.);
#5056=LINE('',#5053,#5055);
#5057=EDGE_CURVE('',#5007,#5052,#5056,.T.);
#5058=ORIENTED_EDGE('',*,*,#5057,.F.);
#5059=ORIENTED_EDGE('',*,*,#5013,.F.);
#5060=ORIENTED_EDGE('',*,*,#5020,.F.);
#5061=ORIENTED_EDGE('',*,*,#5057,.T.);
#5062=CARTESIAN_POINT('',(1.13137085,4.86862915,-2.5));
#5063=VERTEX_POINT('',#5062);
#5064=CARTESIAN_POINT('',(-0.,6.,-2.5));
#5065=DIRECTION('',(0.,0.,1.));
#5066=DIRECTION('',(1.,0.,-0.));
#5067=AXIS2_PLACEMENT_3D('',#5064,#5065,#5066);
#5068=CIRCLE('',#5067,1.6);
#5069=EDGE_CURVE('',#5052,#5063,#5068,.T.);
#5070=ORIENTED_EDGE('',*,*,#5069,.T.);
#5071=CARTESIAN_POINT('',(-0.,6.,-2.5));
#5072=DIRECTION('',(0.,0.,1.));
#5073=DIRECTION('',(1.,0.,-0.));
#5074=AXIS2_PLACEMENT_3D('',#5071,#5072,#5073);
#5075=CIRCLE('',#5074,1.6);
#5076=EDGE_CURVE('',#5063,#5052,#5075,.T.);
#5077=ORIENTED_EDGE('',*,*,#5076,.T.);
#5078=EDGE_LOOP('',(#5058,#5059,#5060,#5061,#5070,#5077));
#5079=FACE_BOUND('',#5078,.T.);
#5080=ADVANCED_FACE('',(#5079),#5050,.F.);
#5081=CARTESIAN_POINT('',(-1.,7.,2.));
#5082=DIRECTION('',(0.,0.,-1.));
#5083=DIRECTION('',(-1.,0.,0.));
#5084=AXIS2_PLACEMENT_3D('',#5081,#5082,#5083);
#5085=CYLINDRICAL_SURFACE('',#5084,2.);
#5086=ORIENTED_EDGE('',*,*,#5035,.F.);
#5087=ORIENTED_EDGE('',*,*,#2602,.F.);
#5088=CARTESIAN_POINT('',(-1.,9.,-2.5));
#5089=VERTEX_POINT('',#5088);
#5090=CARTESIAN_POINT('',(-1.,7.,-2.5));
#5091=DIRECTION('',(-0.,-0.,-1.));
#5092=DIRECTION('',(1.,0.,-0.));
#5093=AXIS2_PLACEMENT_3D('',#5090,#5091,#5092);
#5094=CIRCLE('',#5093,2.);
#5095=EDGE_CURVE('',#2589,#5089,#5094,.T.);
#5096=ORIENTED_EDGE('',*,*,#5095,.T.);
#5097=CARTESIAN_POINT('',(-1.,9.,-2.5));
#5098=DIRECTION('',(0.,0.,-1.));
#5099=VECTOR('',#5098,9.);
#5100=LINE('',#5097,#5099);
#5101=EDGE_CURVE('',#5089,#5029,#5100,.T.);
#5102=ORIENTED_EDGE('',*,*,#5101,.T.);
#5103=EDGE_LOOP('',(#5086,#5087,#5096,#5102));
#5104=FACE_BOUND('',#5103,.T.);
#5105=ADVANCED_FACE('',(#5104),#5085,.T.);
#5106=CARTESIAN_POINT('',(3.5,8.5,-4.));
#5107=DIRECTION('',(1.,0.,0.));
#5108=DIRECTION('',(-0.,1.,0.));
#5109=AXIS2_PLACEMENT_3D('',#5106,#5107,#5108);
#5110=PLANE('',#5109);
#5111=CARTESIAN_POINT('',(3.5,7.9,-2.5));
#5112=VERTEX_POINT('',#5111);
#5113=CARTESIAN_POINT('',(3.5,9.,-2.5));
#5114=VERTEX_POINT('',#5113);
#5115=CARTESIAN_POINT('',(3.5,7.9,-2.5));
#5116=DIRECTION('',(-0.,1.,0.));
#5117=VECTOR('',#5116,1.1);
#5118=LINE('',#5115,#5117);
#5119=EDGE_CURVE('',#5112,#5114,#5118,.T.);
#5120=ORIENTED_EDGE('',*,*,#5119,.F.);
#5121=CARTESIAN_POINT('',(3.5,7.9,-4.));
#5122=DIRECTION('',(0.,0.,1.));
#5123=VECTOR('',#5122,1.5);
#5124=LINE('',#5121,#5123);
#5125=EDGE_CURVE('',#4831,#5112,#5124,.T.);
#5126=ORIENTED_EDGE('',*,*,#5125,.F.);
#5127=ORIENTED_EDGE('',*,*,#4836,.T.);
#5128=CARTESIAN_POINT('',(3.5,9.,-4.));
#5129=DIRECTION('',(0.,0.,1.));
#5130=VECTOR('',#5129,1.5);
#5131=LINE('',#5128,#5130);
#5132=EDGE_CURVE('',#4823,#5114,#5131,.T.);
#5133=ORIENTED_EDGE('',*,*,#5132,.T.);
#5134=EDGE_LOOP('',(#5120,#5126,#5127,#5133));
#5135=FACE_BOUND('',#5134,.T.);
#5136=ADVANCED_FACE('',(#5135),#5110,.T.);
#5137=CARTESIAN_POINT('',(31.2,7.9,-4.));
#5138=DIRECTION('',(0.,-1.,0.));
#5139=DIRECTION('',(0.,0.,-1.));
#5140=AXIS2_PLACEMENT_3D('',#5137,#5138,#5139);
#5141=PLANE('',#5140);
#5142=CARTESIAN_POINT('',(58.9,7.9,-2.5));
#5143=VERTEX_POINT('',#5142);
#5144=CARTESIAN_POINT('',(3.5,7.9,-2.5));
#5145=DIRECTION('',(1.,0.,-0.));
#5146=VECTOR('',#5145,55.4);
#5147=LINE('',#5144,#5146);
#5148=EDGE_CURVE('',#5112,#5143,#5147,.T.);
#5149=ORIENTED_EDGE('',*,*,#5148,.T.);
#5150=CARTESIAN_POINT('',(58.9,7.9,-4.));
#5151=DIRECTION('',(0.,0.,1.));
#5152=VECTOR('',#5151,1.5);
#5153=LINE('',#5150,#5152);
#5154=EDGE_CURVE('',#4839,#5143,#5153,.T.);
#5155=ORIENTED_EDGE('',*,*,#5154,.F.);
#5156=ORIENTED_EDGE('',*,*,#4844,.F.);
#5157=ORIENTED_EDGE('',*,*,#5125,.T.);
#5158=EDGE_LOOP('',(#5149,#5155,#5156,#5157));
#5159=FACE_BOUND('',#5158,.T.);
#5160=ADVANCED_FACE('',(#5159),#5141,.F.);
#5161=CARTESIAN_POINT('',(58.9,8.5,-4.));
#5162=DIRECTION('',(1.,0.,0.));
#5163=DIRECTION('',(0.,0.,-1.));
#5164=AXIS2_PLACEMENT_3D('',#5161,#5162,#5163);
#5165=PLANE('',#5164);
#5166=CARTESIAN_POINT('',(58.9,9.,-2.5));
#5167=VERTEX_POINT('',#5166);
#5168=CARTESIAN_POINT('',(58.9,7.9,-2.5));
#5169=DIRECTION('',(0.,1.,0.));
#5170=VECTOR('',#5169,1.1);
#5171=LINE('',#5168,#5170);
#5172=EDGE_CURVE('',#5143,#5167,#5171,.T.);
#5173=ORIENTED_EDGE('',*,*,#5172,.T.);
#5174=CARTESIAN_POINT('',(58.9,9.,-4.));
#5175=DIRECTION('',(0.,0.,1.));
#5176=VECTOR('',#5175,1.5);
#5177=LINE('',#5174,#5176);
#5178=EDGE_CURVE('',#4821,#5167,#5177,.T.);
#5179=ORIENTED_EDGE('',*,*,#5178,.F.);
#5180=ORIENTED_EDGE('',*,*,#4850,.F.);
#5181=ORIENTED_EDGE('',*,*,#5154,.T.);
#5182=EDGE_LOOP('',(#5173,#5179,#5180,#5181));
#5183=FACE_BOUND('',#5182,.T.);
#5184=ADVANCED_FACE('',(#5183),#5165,.F.);
#5185=CARTESIAN_POINT('',(31.2,9.,2.));
#5186=DIRECTION('',(0.,-1.,0.));
#5187=DIRECTION('',(0.,0.,-1.));
#5188=AXIS2_PLACEMENT_3D('',#5185,#5186,#5187);
#5189=PLANE('',#5188);
#5190=ORIENTED_EDGE('',*,*,#4828,.F.);
#5191=ORIENTED_EDGE('',*,*,#5178,.T.);
#5192=CARTESIAN_POINT('',(63.4,9.,-2.5));
#5193=VERTEX_POINT('',#5192);
#5194=CARTESIAN_POINT('',(63.4,9.,-2.5));
#5195=DIRECTION('',(-1.,0.,0.));
#5196=VECTOR('',#5195,4.5);
#5197=LINE('',#5194,#5196);
#5198=EDGE_CURVE('',#5193,#5167,#5197,.T.);
#5199=ORIENTED_EDGE('',*,*,#5198,.F.);
#5200=CARTESIAN_POINT('',(63.4,9.,-2.5));
#5201=DIRECTION('',(0.,0.,-1.));
#5202=VECTOR('',#5201,9.);
#5203=LINE('',#5200,#5202);
#5204=EDGE_CURVE('',#5193,#4732,#5203,.T.);
#5205=ORIENTED_EDGE('',*,*,#5204,.T.);
#5206=ORIENTED_EDGE('',*,*,#4737,.T.);
#5207=ORIENTED_EDGE('',*,*,#4897,.T.);
#5208=CARTESIAN_POINT('',(59.4,9.,-13.5));
#5209=DIRECTION('',(-1.,0.,0.));
#5210=VECTOR('',#5209,56.4);
#5211=LINE('',#5208,#5210);
#5212=EDGE_CURVE('',#4886,#4912,#5211,.T.);
#5213=ORIENTED_EDGE('',*,*,#5212,.T.);
#5214=ORIENTED_EDGE('',*,*,#4939,.F.);
#5215=ORIENTED_EDGE('',*,*,#5041,.T.);
#5216=ORIENTED_EDGE('',*,*,#5101,.F.);
#5217=CARTESIAN_POINT('',(3.5,9.,-2.5));
#5218=DIRECTION('',(-1.,0.,0.));
#5219=VECTOR('',#5218,4.5);
#5220=LINE('',#5217,#5219);
#5221=EDGE_CURVE('',#5114,#5089,#5220,.T.);
#5222=ORIENTED_EDGE('',*,*,#5221,.F.);
#5223=ORIENTED_EDGE('',*,*,#5132,.F.);
#5224=EDGE_LOOP('',(#5190,#5191,#5199,#5205,#5206,#5207,#5213,#5214,#5215,#5216,#5222,#5223));
#5225=FACE_BOUND('',#5224,.T.);
#5226=ADVANCED_FACE('',(#5225),#5189,.F.);
#5227=CARTESIAN_POINT('',(-2.5,2.5,-4.));
#5228=DIRECTION('',(-0.,1.,0.));
#5229=DIRECTION('',(-1.,-0.,0.));
#5230=AXIS2_PLACEMENT_3D('',#5227,#5228,#5229);
#5231=PLANE('',#5230);
#5232=CARTESIAN_POINT('',(-1.9,2.5,-2.5));
#5233=DIRECTION('',(-1.,-0.,0.));
#5234=VECTOR('',#5233,1.1);
#5235=LINE('',#5232,#5234);
#5236=EDGE_CURVE('',#2395,#2581,#5235,.T.);
#5237=ORIENTED_EDGE('',*,*,#5236,.T.);
#5238=ORIENTED_EDGE('',*,*,#2586,.F.);
#5239=ORIENTED_EDGE('',*,*,#2070,.F.);
#5240=ORIENTED_EDGE('',*,*,#2406,.T.);
#5241=EDGE_LOOP('',(#5237,#5238,#5239,#5240));
#5242=FACE_BOUND('',#5241,.T.);
#5243=ADVANCED_FACE('',(#5242),#5231,.F.);
#5244=CARTESIAN_POINT('',(64.9,2.5,-4.));
#5245=DIRECTION('',(-0.,-1.,0.));
#5246=DIRECTION('',(1.,-0.,0.));
#5247=AXIS2_PLACEMENT_3D('',#5244,#5245,#5246);
#5248=PLANE('',#5247);
#5249=CARTESIAN_POINT('',(64.3,2.5,-2.5));
#5250=VERTEX_POINT('',#5249);
#5251=CARTESIAN_POINT('',(65.4,2.5,-2.5));
#5252=VERTEX_POINT('',#5251);
#5253=CARTESIAN_POINT('',(64.3,2.5,-2.5));
#5254=DIRECTION('',(1.,-0.,0.));
#5255=VECTOR('',#5254,1.1);
#5256=LINE('',#5253,#5255);
#5257=EDGE_CURVE('',#5250,#5252,#5256,.T.);
#5258=ORIENTED_EDGE('',*,*,#5257,.F.);
#5259=CARTESIAN_POINT('',(64.3,2.5,-4.));
#5260=VERTEX_POINT('',#5259);
#5261=CARTESIAN_POINT('',(64.3,2.5,-4.));
#5262=DIRECTION('',(0.,0.,1.));
#5263=VECTOR('',#5262,1.5);
#5264=LINE('',#5261,#5263);
#5265=EDGE_CURVE('',#5260,#5250,#5264,.T.);
#5266=ORIENTED_EDGE('',*,*,#5265,.F.);
#5267=CARTESIAN_POINT('',(65.4,2.5,-4.));
#5268=VERTEX_POINT('',#5267);
#5269=CARTESIAN_POINT('',(64.3,2.5,-4.));
#5270=DIRECTION('',(1.,-0.,0.));
#5271=VECTOR('',#5270,1.1);
#5272=LINE('',#5269,#5271);
#5273=EDGE_CURVE('',#5260,#5268,#5272,.T.);
#5274=ORIENTED_EDGE('',*,*,#5273,.T.);
#5275=CARTESIAN_POINT('',(65.4,2.5,-4.));
#5276=DIRECTION('',(0.,0.,1.));
#5277=VECTOR('',#5276,1.5);
#5278=LINE('',#5275,#5277);
#5279=EDGE_CURVE('',#5268,#5252,#5278,.T.);
#5280=ORIENTED_EDGE('',*,*,#5279,.T.);
#5281=EDGE_LOOP('',(#5258,#5266,#5274,#5280));
#5282=FACE_BOUND('',#5281,.T.);
#5283=ADVANCED_FACE('',(#5282),#5248,.T.);
#5284=CARTESIAN_POINT('',(63.4,7.,2.));
#5285=DIRECTION('',(0.,0.,-1.));
#5286=DIRECTION('',(-1.,0.,0.));
#5287=AXIS2_PLACEMENT_3D('',#5284,#5285,#5286);
#5288=CYLINDRICAL_SURFACE('',#5287,2.);
#5289=ORIENTED_EDGE('',*,*,#4744,.F.);
#5290=ORIENTED_EDGE('',*,*,#5204,.F.);
#5291=CARTESIAN_POINT('',(65.4,7.,-2.5));
#5292=VERTEX_POINT('',#5291);
#5293=CARTESIAN_POINT('',(63.4,7.,-2.5));
#5294=DIRECTION('',(-0.,-0.,-1.));
#5295=DIRECTION('',(1.,0.,-0.));
#5296=AXIS2_PLACEMENT_3D('',#5293,#5294,#5295);
#5297=CIRCLE('',#5296,2.);
#5298=EDGE_CURVE('',#5193,#5292,#5297,.T.);
#5299=ORIENTED_EDGE('',*,*,#5298,.T.);
#5300=CARTESIAN_POINT('',(65.4,7.,-11.5));
#5301=DIRECTION('',(-0.,-0.,1.));
#5302=VECTOR('',#5301,9.);
#5303=LINE('',#5300,#5302);
#5304=EDGE_CURVE('',#4699,#5292,#5303,.T.);
#5305=ORIENTED_EDGE('',*,*,#5304,.F.);
#5306=EDGE_LOOP('',(#5289,#5290,#5299,#5305));
#5307=FACE_BOUND('',#5306,.T.);
#5308=ADVANCED_FACE('',(#5307),#5288,.T.);
#5309=CARTESIAN_POINT('',(63.4,-34.5,-10.));
#5310=DIRECTION('',(1.,0.,0.));
#5311=DIRECTION('',(0.,0.,-1.));
#5312=AXIS2_PLACEMENT_3D('',#5309,#5310,#5311);
#5313=CYLINDRICAL_SURFACE('',#5312,1.5);
#5314=CARTESIAN_POINT('',(65.4,-34.5,-11.5));
#5315=VERTEX_POINT('',#5314);
#5316=CARTESIAN_POINT('',(65.4,-34.5,-11.5));
#5317=DIRECTION('',(-1.,-0.,0.));
#5318=VECTOR('',#5317,2.);
#5319=LINE('',#5316,#5318);
#5320=EDGE_CURVE('',#5315,#1056,#5319,.T.);
#5321=ORIENTED_EDGE('',*,*,#5320,.F.);
#5322=CARTESIAN_POINT('',(65.4,-33.,-10.));
#5323=VERTEX_POINT('',#5322);
#5324=CARTESIAN_POINT('',(65.4,-34.5,-10.));
#5325=DIRECTION('',(1.,0.,0.));
#5326=DIRECTION('',(0.,-1.,0.));
#5327=AXIS2_PLACEMENT_3D('',#5324,#5325,#5326);
#5328=CIRCLE('',#5327,1.5);
#5329=EDGE_CURVE('',#5315,#5323,#5328,.T.);
#5330=ORIENTED_EDGE('',*,*,#5329,.T.);
#5331=CARTESIAN_POINT('',(63.4,-33.,-10.));
#5332=DIRECTION('',(1.,0.,-0.));
#5333=VECTOR('',#5332,2.);
#5334=LINE('',#5331,#5333);
#5335=EDGE_CURVE('',#1064,#5323,#5334,.T.);
#5336=ORIENTED_EDGE('',*,*,#5335,.F.);
#5337=ORIENTED_EDGE('',*,*,#1070,.F.);
#5338=EDGE_LOOP('',(#5321,#5330,#5336,#5337));
#5339=FACE_BOUND('',#5338,.T.);
#5340=ADVANCED_FACE('',(#5339),#5313,.F.);
#5341=CARTESIAN_POINT('',(63.4,-28.5,-10.));
#5342=DIRECTION('',(1.,0.,0.));
#5343=DIRECTION('',(0.,0.,-1.));
#5344=AXIS2_PLACEMENT_3D('',#5341,#5342,#5343);
#5345=CYLINDRICAL_SURFACE('',#5344,1.5);
#5346=CARTESIAN_POINT('',(65.4,-28.5,-11.5));
#5347=VERTEX_POINT('',#5346);
#5348=CARTESIAN_POINT('',(65.4,-28.5,-11.5));
#5349=DIRECTION('',(-1.,-0.,0.));
#5350=VECTOR('',#5349,2.);
#5351=LINE('',#5348,#5350);
#5352=EDGE_CURVE('',#5347,#1007,#5351,.T.);
#5353=ORIENTED_EDGE('',*,*,#5352,.F.);
#5354=CARTESIAN_POINT('',(65.4,-27.,-10.));
#5355=VERTEX_POINT('',#5354);
#5356=CARTESIAN_POINT('',(65.4,-28.5,-10.));
#5357=DIRECTION('',(1.,0.,0.));
#5358=DIRECTION('',(0.,-1.,0.));
#5359=AXIS2_PLACEMENT_3D('',#5356,#5357,#5358);
#5360=CIRCLE('',#5359,1.5);
#5361=EDGE_CURVE('',#5347,#5355,#5360,.T.);
#5362=ORIENTED_EDGE('',*,*,#5361,.T.);
#5363=CARTESIAN_POINT('',(63.4,-27.,-10.));
#5364=DIRECTION('',(1.,0.,-0.));
#5365=VECTOR('',#5364,2.);
#5366=LINE('',#5363,#5365);
#5367=EDGE_CURVE('',#1015,#5355,#5366,.T.);
#5368=ORIENTED_EDGE('',*,*,#5367,.F.);
#5369=ORIENTED_EDGE('',*,*,#1021,.F.);
#5370=EDGE_LOOP('',(#5353,#5362,#5368,#5369));
#5371=FACE_BOUND('',#5370,.T.);
#5372=ADVANCED_FACE('',(#5371),#5345,.F.);
#5373=CARTESIAN_POINT('',(63.4,-22.5,-10.));
#5374=DIRECTION('',(1.,0.,0.));
#5375=DIRECTION('',(0.,0.,-1.));
#5376=AXIS2_PLACEMENT_3D('',#5373,#5374,#5375);
#5377=CYLINDRICAL_SURFACE('',#5376,1.5);
#5378=CARTESIAN_POINT('',(65.4,-22.5,-11.5));
#5379=VERTEX_POINT('',#5378);
#5380=CARTESIAN_POINT('',(65.4,-22.5,-11.5));
#5381=DIRECTION('',(-1.,-0.,0.));
#5382=VECTOR('',#5381,2.);
#5383=LINE('',#5380,#5382);
#5384=EDGE_CURVE('',#5379,#958,#5383,.T.);
#5385=ORIENTED_EDGE('',*,*,#5384,.F.);
#5386=CARTESIAN_POINT('',(65.4,-21.,-10.));
#5387=VERTEX_POINT('',#5386);
#5388=CARTESIAN_POINT('',(65.4,-22.5,-10.));
#5389=DIRECTION('',(1.,0.,0.));
#5390=DIRECTION('',(0.,-1.,0.));
#5391=AXIS2_PLACEMENT_3D('',#5388,#5389,#5390);
#5392=CIRCLE('',#5391,1.5);
#5393=EDGE_CURVE('',#5379,#5387,#5392,.T.);
#5394=ORIENTED_EDGE('',*,*,#5393,.T.);
#5395=CARTESIAN_POINT('',(63.4,-21.,-10.));
#5396=DIRECTION('',(1.,0.,-0.));
#5397=VECTOR('',#5396,2.);
#5398=LINE('',#5395,#5397);
#5399=EDGE_CURVE('',#966,#5387,#5398,.T.);
#5400=ORIENTED_EDGE('',*,*,#5399,.F.);
#5401=ORIENTED_EDGE('',*,*,#972,.F.);
#5402=EDGE_LOOP('',(#5385,#5394,#5400,#5401));
#5403=FACE_BOUND('',#5402,.T.);
#5404=ADVANCED_FACE('',(#5403),#5377,.F.);
#5405=CARTESIAN_POINT('',(63.4,-16.5,-10.));
#5406=DIRECTION('',(1.,0.,0.));
#5407=DIRECTION('',(0.,0.,-1.));
#5408=AXIS2_PLACEMENT_3D('',#5405,#5406,#5407);
#5409=CYLINDRICAL_SURFACE('',#5408,1.5);
#5410=CARTESIAN_POINT('',(65.4,-16.5,-11.5));
#5411=VERTEX_POINT('',#5410);
#5412=CARTESIAN_POINT('',(65.4,-16.5,-11.5));
#5413=DIRECTION('',(-1.,-0.,0.));
#5414=VECTOR('',#5413,2.);
#5415=LINE('',#5412,#5414);
#5416=EDGE_CURVE('',#5411,#909,#5415,.T.);
#5417=ORIENTED_EDGE('',*,*,#5416,.F.);
#5418=CARTESIAN_POINT('',(65.4,-15.,-10.));
#5419=VERTEX_POINT('',#5418);
#5420=CARTESIAN_POINT('',(65.4,-16.5,-10.));
#5421=DIRECTION('',(1.,0.,0.));
#5422=DIRECTION('',(0.,-1.,0.));
#5423=AXIS2_PLACEMENT_3D('',#5420,#5421,#5422);
#5424=CIRCLE('',#5423,1.5);
#5425=EDGE_CURVE('',#5411,#5419,#5424,.T.);
#5426=ORIENTED_EDGE('',*,*,#5425,.T.);
#5427=CARTESIAN_POINT('',(63.4,-15.,-10.));
#5428=DIRECTION('',(1.,0.,-0.));
#5429=VECTOR('',#5428,2.);
#5430=LINE('',#5427,#5429);
#5431=EDGE_CURVE('',#917,#5419,#5430,.T.);
#5432=ORIENTED_EDGE('',*,*,#5431,.F.);
#5433=ORIENTED_EDGE('',*,*,#923,.F.);
#5434=EDGE_LOOP('',(#5417,#5426,#5432,#5433));
#5435=FACE_BOUND('',#5434,.T.);
#5436=ADVANCED_FACE('',(#5435),#5409,.F.);
#5437=CARTESIAN_POINT('',(63.4,-18.,-7.5));
#5438=DIRECTION('',(0.,-1.,0.));
#5439=DIRECTION('',(0.,0.,-1.));
#5440=AXIS2_PLACEMENT_3D('',#5437,#5438,#5439);
#5441=PLANE('',#5440);
#5442=CARTESIAN_POINT('',(65.4,-18.,-5.));
#5443=VERTEX_POINT('',#5442);
#5444=CARTESIAN_POINT('',(65.4,-18.,-10.));
#5445=VERTEX_POINT('',#5444);
#5446=CARTESIAN_POINT('',(65.4,-18.,-5.));
#5447=DIRECTION('',(0.,0.,-1.));
#5448=VECTOR('',#5447,5.);
#5449=LINE('',#5446,#5448);
#5450=EDGE_CURVE('',#5443,#5445,#5449,.T.);
#5451=ORIENTED_EDGE('',*,*,#5450,.T.);
#5452=CARTESIAN_POINT('',(63.4,-18.,-10.));
#5453=DIRECTION('',(1.,0.,-0.));
#5454=VECTOR('',#5453,2.);
#5455=LINE('',#5452,#5454);
#5456=EDGE_CURVE('',#943,#5445,#5455,.T.);
#5457=ORIENTED_EDGE('',*,*,#5456,.F.);
#5458=ORIENTED_EDGE('',*,*,#948,.F.);
#5459=CARTESIAN_POINT('',(63.4,-18.,-5.));
#5460=DIRECTION('',(1.,0.,-0.));
#5461=VECTOR('',#5460,2.);
#5462=LINE('',#5459,#5461);
#5463=EDGE_CURVE('',#934,#5443,#5462,.T.);
#5464=ORIENTED_EDGE('',*,*,#5463,.T.);
#5465=EDGE_LOOP('',(#5451,#5457,#5458,#5464));
#5466=FACE_BOUND('',#5465,.T.);
#5467=ADVANCED_FACE('',(#5466),#5441,.F.);
#5468=CARTESIAN_POINT('',(63.4,-15.,-7.5));
#5469=DIRECTION('',(0.,1.,0.));
#5470=DIRECTION('',(0.,0.,1.));
#5471=AXIS2_PLACEMENT_3D('',#5468,#5469,#5470);
#5472=PLANE('',#5471);
#5473=CARTESIAN_POINT('',(65.4,-15.,-5.));
#5474=VERTEX_POINT('',#5473);
#5475=CARTESIAN_POINT('',(65.4,-15.,-10.));
#5476=DIRECTION('',(0.,0.,1.));
#5477=VECTOR('',#5476,5.);
#5478=LINE('',#5475,#5477);
#5479=EDGE_CURVE('',#5419,#5474,#5478,.T.);
#5480=ORIENTED_EDGE('',*,*,#5479,.T.);
#5481=CARTESIAN_POINT('',(63.4,-15.,-5.));
#5482=DIRECTION('',(1.,0.,-0.));
#5483=VECTOR('',#5482,2.);
#5484=LINE('',#5481,#5483);
#5485=EDGE_CURVE('',#926,#5474,#5484,.T.);
#5486=ORIENTED_EDGE('',*,*,#5485,.F.);
#5487=ORIENTED_EDGE('',*,*,#931,.F.);
#5488=ORIENTED_EDGE('',*,*,#5431,.T.);
#5489=EDGE_LOOP('',(#5480,#5486,#5487,#5488));
#5490=FACE_BOUND('',#5489,.T.);
#5491=ADVANCED_FACE('',(#5490),#5472,.F.);
#5492=CARTESIAN_POINT('',(63.4,-24.,-7.5));
#5493=DIRECTION('',(0.,-1.,0.));
#5494=DIRECTION('',(0.,0.,-1.));
#5495=AXIS2_PLACEMENT_3D('',#5492,#5493,#5494);
#5496=PLANE('',#5495);
#5497=CARTESIAN_POINT('',(65.4,-24.,-5.));
#5498=VERTEX_POINT('',#5497);
#5499=CARTESIAN_POINT('',(65.4,-24.,-10.));
#5500=VERTEX_POINT('',#5499);
#5501=CARTESIAN_POINT('',(65.4,-24.,-5.));
#5502=DIRECTION('',(0.,0.,-1.));
#5503=VECTOR('',#5502,5.);
#5504=LINE('',#5501,#5503);
#5505=EDGE_CURVE('',#5498,#5500,#5504,.T.);
#5506=ORIENTED_EDGE('',*,*,#5505,.T.);
#5507=CARTESIAN_POINT('',(63.4,-24.,-10.));
#5508=DIRECTION('',(1.,0.,-0.));
#5509=VECTOR('',#5508,2.);
#5510=LINE('',#5507,#5509);
#5511=EDGE_CURVE('',#992,#5500,#5510,.T.);
#5512=ORIENTED_EDGE('',*,*,#5511,.F.);
#5513=ORIENTED_EDGE('',*,*,#997,.F.);
#5514=CARTESIAN_POINT('',(63.4,-24.,-5.));
#5515=DIRECTION('',(1.,0.,-0.));
#5516=VECTOR('',#5515,2.);
#5517=LINE('',#5514,#5516);
#5518=EDGE_CURVE('',#983,#5498,#5517,.T.);
#5519=ORIENTED_EDGE('',*,*,#5518,.T.);
#5520=EDGE_LOOP('',(#5506,#5512,#5513,#5519));
#5521=FACE_BOUND('',#5520,.T.);
#5522=ADVANCED_FACE('',(#5521),#5496,.F.);
#5523=CARTESIAN_POINT('',(0.,0.,-4.));
#5524=DIRECTION('',(0.,0.,-1.));
#5525=DIRECTION('',(0.,-1.,0.));
#5526=AXIS2_PLACEMENT_3D('',#5523,#5524,#5525);
#5527=PLANE('',#5526);
#5528=CARTESIAN_POINT('',(64.3,-17.618033989,-4.));
#5529=VERTEX_POINT('',#5528);
#5530=CARTESIAN_POINT('',(64.3,-21.381966011,-4.));
#5531=VERTEX_POINT('',#5530);
#5532=CARTESIAN_POINT('',(64.3,-17.618033989,-4.));
#5533=DIRECTION('',(0.,-1.,0.));
#5534=VECTOR('',#5533,3.763932023);
#5535=LINE('',#5532,#5534);
#5536=EDGE_CURVE('',#5529,#5531,#5535,.T.);
#5537=ORIENTED_EDGE('',*,*,#5536,.T.);
#5538=CARTESIAN_POINT('',(65.4,-21.381966011,-4.));
#5539=VERTEX_POINT('',#5538);
#5540=CARTESIAN_POINT('',(65.4,-21.381966011,-4.));
#5541=DIRECTION('',(-1.,-0.,0.));
#5542=VECTOR('',#5541,1.1);
#5543=LINE('',#5540,#5542);
#5544=EDGE_CURVE('',#5539,#5531,#5543,.T.);
#5545=ORIENTED_EDGE('',*,*,#5544,.F.);
#5546=CARTESIAN_POINT('',(65.4,-17.618033989,-4.));
#5547=VERTEX_POINT('',#5546);
#5548=CARTESIAN_POINT('',(65.4,-21.381966011,-4.));
#5549=DIRECTION('',(0.,1.,0.));
#5550=VECTOR('',#5549,3.763932023);
#5551=LINE('',#5548,#5550);
#5552=EDGE_CURVE('',#5539,#5547,#5551,.T.);
#5553=ORIENTED_EDGE('',*,*,#5552,.T.);
#5554=CARTESIAN_POINT('',(64.3,-17.618033989,-4.));
#5555=DIRECTION('',(1.,0.,-0.));
#5556=VECTOR('',#5555,1.1);
#5557=LINE('',#5554,#5556);
#5558=EDGE_CURVE('',#5529,#5547,#5557,.T.);
#5559=ORIENTED_EDGE('',*,*,#5558,.F.);
#5560=EDGE_LOOP('',(#5537,#5545,#5553,#5559));
#5561=FACE_BOUND('',#5560,.T.);
#5562=ADVANCED_FACE('',(#5561),#5527,.F.);
#5563=CARTESIAN_POINT('',(63.4,-21.,-7.5));
#5564=DIRECTION('',(0.,1.,0.));
#5565=DIRECTION('',(0.,0.,1.));
#5566=AXIS2_PLACEMENT_3D('',#5563,#5564,#5565);
#5567=PLANE('',#5566);
#5568=CARTESIAN_POINT('',(65.4,-21.,-5.));
#5569=VERTEX_POINT('',#5568);
#5570=CARTESIAN_POINT('',(65.4,-21.,-10.));
#5571=DIRECTION('',(0.,0.,1.));
#5572=VECTOR('',#5571,5.);
#5573=LINE('',#5570,#5572);
#5574=EDGE_CURVE('',#5387,#5569,#5573,.T.);
#5575=ORIENTED_EDGE('',*,*,#5574,.T.);
#5576=CARTESIAN_POINT('',(63.4,-21.,-5.));
#5577=DIRECTION('',(1.,0.,-0.));
#5578=VECTOR('',#5577,2.);
#5579=LINE('',#5576,#5578);
#5580=EDGE_CURVE('',#975,#5569,#5579,.T.);
#5581=ORIENTED_EDGE('',*,*,#5580,.F.);
#5582=ORIENTED_EDGE('',*,*,#980,.F.);
#5583=ORIENTED_EDGE('',*,*,#5399,.T.);
#5584=EDGE_LOOP('',(#5575,#5581,#5582,#5583));
#5585=FACE_BOUND('',#5584,.T.);
#5586=ADVANCED_FACE('',(#5585),#5567,.F.);
#5587=CARTESIAN_POINT('',(63.4,-30.,-7.5));
#5588=DIRECTION('',(0.,-1.,0.));
#5589=DIRECTION('',(0.,-0.,-1.));
#5590=AXIS2_PLACEMENT_3D('',#5587,#5588,#5589);
#5591=PLANE('',#5590);
#5592=CARTESIAN_POINT('',(65.4,-30.,-5.));
#5593=VERTEX_POINT('',#5592);
#5594=CARTESIAN_POINT('',(65.4,-30.,-10.));
#5595=VERTEX_POINT('',#5594);
#5596=CARTESIAN_POINT('',(65.4,-30.,-5.));
#5597=DIRECTION('',(0.,-0.,-1.));
#5598=VECTOR('',#5597,5.);
#5599=LINE('',#5596,#5598);
#5600=EDGE_CURVE('',#5593,#5595,#5599,.T.);
#5601=ORIENTED_EDGE('',*,*,#5600,.T.);
#5602=CARTESIAN_POINT('',(63.4,-30.,-10.));
#5603=DIRECTION('',(1.,0.,-0.));
#5604=VECTOR('',#5603,2.);
#5605=LINE('',#5602,#5604);
#5606=EDGE_CURVE('',#1041,#5595,#5605,.T.);
#5607=ORIENTED_EDGE('',*,*,#5606,.F.);
#5608=ORIENTED_EDGE('',*,*,#1046,.F.);
#5609=CARTESIAN_POINT('',(63.4,-30.,-5.));
#5610=DIRECTION('',(1.,0.,-0.));
#5611=VECTOR('',#5610,2.);
#5612=LINE('',#5609,#5611);
#5613=EDGE_CURVE('',#1032,#5593,#5612,.T.);
#5614=ORIENTED_EDGE('',*,*,#5613,.T.);
#5615=EDGE_LOOP('',(#5601,#5607,#5608,#5614));
#5616=FACE_BOUND('',#5615,.T.);
#5617=ADVANCED_FACE('',(#5616),#5591,.F.);
#5618=CARTESIAN_POINT('',(0.,0.,-4.));
#5619=DIRECTION('',(0.,0.,-1.));
#5620=DIRECTION('',(0.,-1.,0.));
#5621=AXIS2_PLACEMENT_3D('',#5618,#5619,#5620);
#5622=PLANE('',#5621);
#5623=CARTESIAN_POINT('',(64.3,-23.618033989,-4.));
#5624=VERTEX_POINT('',#5623);
#5625=CARTESIAN_POINT('',(64.3,-27.381966011,-4.));
#5626=VERTEX_POINT('',#5625);
#5627=CARTESIAN_POINT('',(64.3,-23.618033989,-4.));
#5628=DIRECTION('',(0.,-1.,0.));
#5629=VECTOR('',#5628,3.763932023);
#5630=LINE('',#5627,#5629);
#5631=EDGE_CURVE('',#5624,#5626,#5630,.T.);
#5632=ORIENTED_EDGE('',*,*,#5631,.T.);
#5633=CARTESIAN_POINT('',(65.4,-27.381966011,-4.));
#5634=VERTEX_POINT('',#5633);
#5635=CARTESIAN_POINT('',(65.4,-27.381966011,-4.));
#5636=DIRECTION('',(-1.,-0.,0.));
#5637=VECTOR('',#5636,1.1);
#5638=LINE('',#5635,#5637);
#5639=EDGE_CURVE('',#5634,#5626,#5638,.T.);
#5640=ORIENTED_EDGE('',*,*,#5639,.F.);
#5641=CARTESIAN_POINT('',(65.4,-23.618033989,-4.));
#5642=VERTEX_POINT('',#5641);
#5643=CARTESIAN_POINT('',(65.4,-27.381966011,-4.));
#5644=DIRECTION('',(0.,1.,0.));
#5645=VECTOR('',#5644,3.763932023);
#5646=LINE('',#5643,#5645);
#5647=EDGE_CURVE('',#5634,#5642,#5646,.T.);
#5648=ORIENTED_EDGE('',*,*,#5647,.T.);
#5649=CARTESIAN_POINT('',(64.3,-23.618033989,-4.));
#5650=DIRECTION('',(1.,0.,-0.));
#5651=VECTOR('',#5650,1.1);
#5652=LINE('',#5649,#5651);
#5653=EDGE_CURVE('',#5624,#5642,#5652,.T.);
#5654=ORIENTED_EDGE('',*,*,#5653,.F.);
#5655=EDGE_LOOP('',(#5632,#5640,#5648,#5654));
#5656=FACE_BOUND('',#5655,.T.);
#5657=ADVANCED_FACE('',(#5656),#5622,.F.);
#5658=CARTESIAN_POINT('',(63.4,-27.,-7.5));
#5659=DIRECTION('',(0.,1.,0.));
#5660=DIRECTION('',(0.,0.,1.));
#5661=AXIS2_PLACEMENT_3D('',#5658,#5659,#5660);
#5662=PLANE('',#5661);
#5663=CARTESIAN_POINT('',(65.4,-27.,-5.));
#5664=VERTEX_POINT('',#5663);
#5665=CARTESIAN_POINT('',(65.4,-27.,-10.));
#5666=DIRECTION('',(0.,0.,1.));
#5667=VECTOR('',#5666,5.);
#5668=LINE('',#5665,#5667);
#5669=EDGE_CURVE('',#5355,#5664,#5668,.T.);
#5670=ORIENTED_EDGE('',*,*,#5669,.T.);
#5671=CARTESIAN_POINT('',(63.4,-27.,-5.));
#5672=DIRECTION('',(1.,0.,-0.));
#5673=VECTOR('',#5672,2.);
#5674=LINE('',#5671,#5673);
#5675=EDGE_CURVE('',#1024,#5664,#5674,.T.);
#5676=ORIENTED_EDGE('',*,*,#5675,.F.);
#5677=ORIENTED_EDGE('',*,*,#1029,.F.);
#5678=ORIENTED_EDGE('',*,*,#5367,.T.);
#5679=EDGE_LOOP('',(#5670,#5676,#5677,#5678));
#5680=FACE_BOUND('',#5679,.T.);
#5681=ADVANCED_FACE('',(#5680),#5662,.F.);
#5682=CARTESIAN_POINT('',(63.4,-36.,-7.5));
#5683=DIRECTION('',(0.,-1.,0.));
#5684=DIRECTION('',(0.,0.,-1.));
#5685=AXIS2_PLACEMENT_3D('',#5682,#5683,#5684);
#5686=PLANE('',#5685);
#5687=CARTESIAN_POINT('',(65.4,-36.,-5.));
#5688=VERTEX_POINT('',#5687);
#5689=CARTESIAN_POINT('',(65.4,-36.,-10.));
#5690=VERTEX_POINT('',#5689);
#5691=CARTESIAN_POINT('',(65.4,-36.,-5.));
#5692=DIRECTION('',(0.,0.,-1.));
#5693=VECTOR('',#5692,5.);
#5694=LINE('',#5691,#5693);
#5695=EDGE_CURVE('',#5688,#5690,#5694,.T.);
#5696=ORIENTED_EDGE('',*,*,#5695,.T.);
#5697=CARTESIAN_POINT('',(63.4,-36.,-10.));
#5698=DIRECTION('',(1.,0.,-0.));
#5699=VECTOR('',#5698,2.);
#5700=LINE('',#5697,#5699);
#5701=EDGE_CURVE('',#1090,#5690,#5700,.T.);
#5702=ORIENTED_EDGE('',*,*,#5701,.F.);
#5703=ORIENTED_EDGE('',*,*,#1095,.F.);
#5704=CARTESIAN_POINT('',(63.4,-36.,-5.));
#5705=DIRECTION('',(1.,0.,-0.));
#5706=VECTOR('',#5705,2.);
#5707=LINE('',#5704,#5706);
#5708=EDGE_CURVE('',#1081,#5688,#5707,.T.);
#5709=ORIENTED_EDGE('',*,*,#5708,.T.);
#5710=EDGE_LOOP('',(#5696,#5702,#5703,#5709));
#5711=FACE_BOUND('',#5710,.T.);
#5712=ADVANCED_FACE('',(#5711),#5686,.F.);
#5713=CARTESIAN_POINT('',(0.,0.,-4.));
#5714=DIRECTION('',(0.,0.,-1.));
#5715=DIRECTION('',(0.,-1.,0.));
#5716=AXIS2_PLACEMENT_3D('',#5713,#5714,#5715);
#5717=PLANE('',#5716);
#5718=CARTESIAN_POINT('',(64.3,-29.618033989,-4.));
#5719=VERTEX_POINT('',#5718);
#5720=CARTESIAN_POINT('',(64.3,-33.381966011,-4.));
#5721=VERTEX_POINT('',#5720);
#5722=CARTESIAN_POINT('',(64.3,-29.618033989,-4.));
#5723=DIRECTION('',(0.,-1.,0.));
#5724=VECTOR('',#5723,3.763932023);
#5725=LINE('',#5722,#5724);
#5726=EDGE_CURVE('',#5719,#5721,#5725,.T.);
#5727=ORIENTED_EDGE('',*,*,#5726,.T.);
#5728=CARTESIAN_POINT('',(65.4,-33.381966011,-4.));
#5729=VERTEX_POINT('',#5728);
#5730=CARTESIAN_POINT('',(65.4,-33.381966011,-4.));
#5731=DIRECTION('',(-1.,-0.,0.));
#5732=VECTOR('',#5731,1.1);
#5733=LINE('',#5730,#5732);
#5734=EDGE_CURVE('',#5729,#5721,#5733,.T.);
#5735=ORIENTED_EDGE('',*,*,#5734,.F.);
#5736=CARTESIAN_POINT('',(65.4,-29.618033989,-4.));
#5737=VERTEX_POINT('',#5736);
#5738=CARTESIAN_POINT('',(65.4,-33.381966011,-4.));
#5739=DIRECTION('',(0.,1.,0.));
#5740=VECTOR('',#5739,3.763932023);
#5741=LINE('',#5738,#5740);
#5742=EDGE_CURVE('',#5729,#5737,#5741,.T.);
#5743=ORIENTED_EDGE('',*,*,#5742,.T.);
#5744=CARTESIAN_POINT('',(64.3,-29.618033989,-4.));
#5745=DIRECTION('',(1.,0.,-0.));
#5746=VECTOR('',#5745,1.1);
#5747=LINE('',#5744,#5746);
#5748=EDGE_CURVE('',#5719,#5737,#5747,.T.);
#5749=ORIENTED_EDGE('',*,*,#5748,.F.);
#5750=EDGE_LOOP('',(#5727,#5735,#5743,#5749));
#5751=FACE_BOUND('',#5750,.T.);
#5752=ADVANCED_FACE('',(#5751),#5717,.F.);
#5753=CARTESIAN_POINT('',(63.4,-33.,-7.5));
#5754=DIRECTION('',(0.,1.,0.));
#5755=DIRECTION('',(0.,0.,1.));
#5756=AXIS2_PLACEMENT_3D('',#5753,#5754,#5755);
#5757=PLANE('',#5756);
#5758=CARTESIAN_POINT('',(65.4,-33.,-5.));
#5759=VERTEX_POINT('',#5758);
#5760=CARTESIAN_POINT('',(65.4,-33.,-10.));
#5761=DIRECTION('',(0.,0.,1.));
#5762=VECTOR('',#5761,5.);
#5763=LINE('',#5760,#5762);
#5764=EDGE_CURVE('',#5323,#5759,#5763,.T.);
#5765=ORIENTED_EDGE('',*,*,#5764,.T.);
#5766=CARTESIAN_POINT('',(63.4,-33.,-5.));
#5767=DIRECTION('',(1.,0.,-0.));
#5768=VECTOR('',#5767,2.);
#5769=LINE('',#5766,#5768);
#5770=EDGE_CURVE('',#1073,#5759,#5769,.T.);
#5771=ORIENTED_EDGE('',*,*,#5770,.F.);
#5772=ORIENTED_EDGE('',*,*,#1078,.F.);
#5773=ORIENTED_EDGE('',*,*,#5335,.T.);
#5774=EDGE_LOOP('',(#5765,#5771,#5772,#5773));
#5775=FACE_BOUND('',#5774,.T.);
#5776=ADVANCED_FACE('',(#5775),#5757,.F.);
#5777=CARTESIAN_POINT('',(64.9,-41.2,-4.));
#5778=DIRECTION('',(0.,-1.,0.));
#5779=DIRECTION('',(0.,0.,-1.));
#5780=AXIS2_PLACEMENT_3D('',#5777,#5778,#5779);
#5781=PLANE('',#5780);
#5782=CARTESIAN_POINT('',(64.3,-41.2,-3.673350084));
#5783=VERTEX_POINT('',#5782);
#5784=CARTESIAN_POINT('',(64.3,-41.2,-3.673350084));
#5785=DIRECTION('',(0.,0.,1.));
#5786=VECTOR('',#5785,1.173350084);
#5787=LINE('',#5784,#5786);
#5788=EDGE_CURVE('',#5783,#1258,#5787,.T.);
#5789=ORIENTED_EDGE('',*,*,#5788,.T.);
#5790=ORIENTED_EDGE('',*,*,#1263,.T.);
#5791=CARTESIAN_POINT('',(65.4,-41.2,-3.673350084));
#5792=VERTEX_POINT('',#5791);
#5793=CARTESIAN_POINT('',(65.4,-41.2,-3.673350084));
#5794=DIRECTION('',(0.,0.,1.));
#5795=VECTOR('',#5794,1.173350084);
#5796=LINE('',#5793,#5795);
#5797=EDGE_CURVE('',#5792,#1250,#5796,.T.);
#5798=ORIENTED_EDGE('',*,*,#5797,.F.);
#5799=CARTESIAN_POINT('',(64.3,-41.2,-3.673350084));
#5800=DIRECTION('',(1.,0.,-0.));
#5801=VECTOR('',#5800,1.1);
#5802=LINE('',#5799,#5801);
#5803=EDGE_CURVE('',#5783,#5792,#5802,.T.);
#5804=ORIENTED_EDGE('',*,*,#5803,.F.);
#5805=EDGE_LOOP('',(#5789,#5790,#5798,#5804));
#5806=FACE_BOUND('',#5805,.T.);
#5807=ADVANCED_FACE('',(#5806),#5781,.F.);
#5808=CARTESIAN_POINT('',(0.,0.,-4.));
#5809=DIRECTION('',(0.,0.,-1.));
#5810=DIRECTION('',(0.,-1.,0.));
#5811=AXIS2_PLACEMENT_3D('',#5808,#5809,#5810);
#5812=PLANE('',#5811);
#5813=CARTESIAN_POINT('',(64.3,-35.618033989,-4.));
#5814=VERTEX_POINT('',#5813);
#5815=CARTESIAN_POINT('',(64.3,-39.381966011,-4.));
#5816=VERTEX_POINT('',#5815);
#5817=CARTESIAN_POINT('',(64.3,-35.618033989,-4.));
#5818=DIRECTION('',(0.,-1.,0.));
#5819=VECTOR('',#5818,3.763932023);
#5820=LINE('',#5817,#5819);
#5821=EDGE_CURVE('',#5814,#5816,#5820,.T.);
#5822=ORIENTED_EDGE('',*,*,#5821,.T.);
#5823=CARTESIAN_POINT('',(65.4,-39.381966011,-4.));
#5824=VERTEX_POINT('',#5823);
#5825=CARTESIAN_POINT('',(65.4,-39.381966011,-4.));
#5826=DIRECTION('',(-1.,-0.,0.));
#5827=VECTOR('',#5826,1.1);
#5828=LINE('',#5825,#5827);
#5829=EDGE_CURVE('',#5824,#5816,#5828,.T.);
#5830=ORIENTED_EDGE('',*,*,#5829,.F.);
#5831=CARTESIAN_POINT('',(65.4,-35.618033989,-4.));
#5832=VERTEX_POINT('',#5831);
#5833=CARTESIAN_POINT('',(65.4,-39.381966011,-4.));
#5834=DIRECTION('',(0.,1.,0.));
#5835=VECTOR('',#5834,3.763932023);
#5836=LINE('',#5833,#5835);
#5837=EDGE_CURVE('',#5824,#5832,#5836,.T.);
#5838=ORIENTED_EDGE('',*,*,#5837,.T.);
#5839=CARTESIAN_POINT('',(64.3,-35.618033989,-4.));
#5840=DIRECTION('',(1.,0.,-0.));
#5841=VECTOR('',#5840,1.1);
#5842=LINE('',#5839,#5841);
#5843=EDGE_CURVE('',#5814,#5832,#5842,.T.);
#5844=ORIENTED_EDGE('',*,*,#5843,.F.);
#5845=EDGE_LOOP('',(#5822,#5830,#5838,#5844));
#5846=FACE_BOUND('',#5845,.T.);
#5847=ADVANCED_FACE('',(#5846),#5812,.F.);
#5848=CARTESIAN_POINT('',(62.4,-39.,-7.5));
#5849=DIRECTION('',(0.,1.,0.));
#5850=DIRECTION('',(0.,0.,1.));
#5851=AXIS2_PLACEMENT_3D('',#5848,#5849,#5850);
#5852=PLANE('',#5851);
#5853=ORIENTED_EDGE('',*,*,#3201,.T.);
#5854=CARTESIAN_POINT('',(65.4,-39.,-5.));
#5855=VERTEX_POINT('',#5854);
#5856=CARTESIAN_POINT('',(65.4,-39.,-10.));
#5857=DIRECTION('',(0.,0.,1.));
#5858=VECTOR('',#5857,5.);
#5859=LINE('',#5856,#5858);
#5860=EDGE_CURVE('',#3189,#5855,#5859,.T.);
#5861=ORIENTED_EDGE('',*,*,#5860,.T.);
#5862=CARTESIAN_POINT('',(63.4,-39.,-5.));
#5863=DIRECTION('',(1.,0.,-0.));
#5864=VECTOR('',#5863,2.);
#5865=LINE('',#5862,#5864);
#5866=EDGE_CURVE('',#1122,#5855,#5865,.T.);
#5867=ORIENTED_EDGE('',*,*,#5866,.F.);
#5868=ORIENTED_EDGE('',*,*,#1127,.F.);
#5869=EDGE_LOOP('',(#5853,#5861,#5867,#5868));
#5870=FACE_BOUND('',#5869,.T.);
#5871=ADVANCED_FACE('',(#5870),#5852,.F.);
#5872=CARTESIAN_POINT('',(0.,0.,-4.));
#5873=DIRECTION('',(0.,0.,-1.));
#5874=DIRECTION('',(0.,-1.,0.));
#5875=AXIS2_PLACEMENT_3D('',#5872,#5873,#5874);
#5876=PLANE('',#5875);
#5877=CARTESIAN_POINT('',(65.4,-15.381966011,-4.));
#5878=VERTEX_POINT('',#5877);
#5879=CARTESIAN_POINT('',(65.4,-15.381966011,-4.));
#5880=DIRECTION('',(0.,1.,0.));
#5881=VECTOR('',#5880,2.546866011);
#5882=LINE('',#5879,#5881);
#5883=EDGE_CURVE('',#5878,#431,#5882,.T.);
#5884=ORIENTED_EDGE('',*,*,#5883,.T.);
#5885=ORIENTED_EDGE('',*,*,#436,.F.);
#5886=CARTESIAN_POINT('',(64.3,-15.381966011,-4.));
#5887=VERTEX_POINT('',#5886);
#5888=CARTESIAN_POINT('',(64.3,-12.8351,-4.));
#5889=DIRECTION('',(0.,-1.,0.));
#5890=VECTOR('',#5889,2.546866011);
#5891=LINE('',#5888,#5890);
#5892=EDGE_CURVE('',#423,#5887,#5891,.T.);
#5893=ORIENTED_EDGE('',*,*,#5892,.T.);
#5894=CARTESIAN_POINT('',(65.4,-15.381966011,-4.));
#5895=DIRECTION('',(-1.,-0.,0.));
#5896=VECTOR('',#5895,1.1);
#5897=LINE('',#5894,#5896);
#5898=EDGE_CURVE('',#5878,#5887,#5897,.T.);
#5899=ORIENTED_EDGE('',*,*,#5898,.F.);
#5900=EDGE_LOOP('',(#5884,#5885,#5893,#5899));
#5901=FACE_BOUND('',#5900,.T.);
#5902=ADVANCED_FACE('',(#5901),#5876,.F.);
#5903=CARTESIAN_POINT('',(64.3,-27.06755,-4.));
#5904=DIRECTION('',(-1.,0.,0.));
#5905=DIRECTION('',(0.,0.,1.));
#5906=AXIS2_PLACEMENT_3D('',#5903,#5904,#5905);
#5907=PLANE('',#5906);
#5908=ORIENTED_EDGE('',*,*,#5892,.F.);
#5909=ORIENTED_EDGE('',*,*,#428,.T.);
#5910=ORIENTED_EDGE('',*,*,#1269,.T.);
#5911=ORIENTED_EDGE('',*,*,#5788,.F.);
#5912=CARTESIAN_POINT('',(64.3,-40.5,-5.));
#5913=DIRECTION('',(1.,-0.,-0.));
#5914=DIRECTION('',(0.,0.,1.));
#5915=AXIS2_PLACEMENT_3D('',#5912,#5913,#5914);
#5916=CIRCLE('',#5915,1.5);
#5917=EDGE_CURVE('',#5816,#5783,#5916,.T.);
#5918=ORIENTED_EDGE('',*,*,#5917,.F.);
#5919=ORIENTED_EDGE('',*,*,#5821,.F.);
#5920=CARTESIAN_POINT('',(64.3,-34.5,-5.));
#5921=DIRECTION('',(1.,-0.,-0.));
#5922=DIRECTION('',(0.,0.,1.));
#5923=AXIS2_PLACEMENT_3D('',#5920,#5921,#5922);
#5924=CIRCLE('',#5923,1.5);
#5925=EDGE_CURVE('',#5721,#5814,#5924,.T.);
#5926=ORIENTED_EDGE('',*,*,#5925,.F.);
#5927=ORIENTED_EDGE('',*,*,#5726,.F.);
#5928=CARTESIAN_POINT('',(64.3,-28.5,-5.));
#5929=DIRECTION('',(1.,-0.,-0.));
#5930=DIRECTION('',(0.,0.,1.));
#5931=AXIS2_PLACEMENT_3D('',#5928,#5929,#5930);
#5932=CIRCLE('',#5931,1.5);
#5933=EDGE_CURVE('',#5626,#5719,#5932,.T.);
#5934=ORIENTED_EDGE('',*,*,#5933,.F.);
#5935=ORIENTED_EDGE('',*,*,#5631,.F.);
#5936=CARTESIAN_POINT('',(64.3,-22.5,-5.));
#5937=DIRECTION('',(1.,-0.,-0.));
#5938=DIRECTION('',(0.,0.,1.));
#5939=AXIS2_PLACEMENT_3D('',#5936,#5937,#5938);
#5940=CIRCLE('',#5939,1.5);
#5941=EDGE_CURVE('',#5531,#5624,#5940,.T.);
#5942=ORIENTED_EDGE('',*,*,#5941,.F.);
#5943=ORIENTED_EDGE('',*,*,#5536,.F.);
#5944=CARTESIAN_POINT('',(64.3,-16.5,-5.));
#5945=DIRECTION('',(1.,-0.,-0.));
#5946=DIRECTION('',(0.,0.,1.));
#5947=AXIS2_PLACEMENT_3D('',#5944,#5945,#5946);
#5948=CIRCLE('',#5947,1.5);
#5949=EDGE_CURVE('',#5887,#5529,#5948,.T.);
#5950=ORIENTED_EDGE('',*,*,#5949,.F.);
#5951=EDGE_LOOP('',(#5908,#5909,#5910,#5911,#5918,#5919,#5926,#5927,#5934,#5935,#5942,#5943,#5950));
#5952=FACE_BOUND('',#5951,.T.);
#5953=ADVANCED_FACE('',(#5952),#5907,.F.);
#5954=CARTESIAN_POINT('',(63.4,5.,2.));
#5955=DIRECTION('',(1.,0.,0.));
#5956=DIRECTION('',(-0.,1.,0.));
#5957=AXIS2_PLACEMENT_3D('',#5954,#5955,#5956);
#5958=PLANE('',#5957);
#5959=ORIENTED_EDGE('',*,*,#3348,.T.);
#5960=CARTESIAN_POINT('',(63.4,-40.5,-10.));
#5961=DIRECTION('',(1.,0.,0.));
#5962=DIRECTION('',(-0.,1.,0.));
#5963=AXIS2_PLACEMENT_3D('',#5960,#5961,#5962);
#5964=CIRCLE('',#5963,1.5);
#5965=EDGE_CURVE('',#3324,#1105,#5964,.T.);
#5966=ORIENTED_EDGE('',*,*,#5965,.T.);
#5967=ORIENTED_EDGE('',*,*,#2322,.T.);
#5968=EDGE_LOOP('',(#5959,#5966,#5967));
#5969=FACE_BOUND('',#5968,.T.);
#5970=ADVANCED_FACE('',(#5969),#5958,.F.);
#5971=CARTESIAN_POINT('',(63.4,-16.5,-5.));
#5972=DIRECTION('',(1.,0.,0.));
#5973=DIRECTION('',(0.,0.,-1.));
#5974=AXIS2_PLACEMENT_3D('',#5971,#5972,#5973);
#5975=CYLINDRICAL_SURFACE('',#5974,1.5);
#5976=ORIENTED_EDGE('',*,*,#5463,.F.);
#5977=ORIENTED_EDGE('',*,*,#940,.F.);
#5978=ORIENTED_EDGE('',*,*,#5485,.T.);
#5979=CARTESIAN_POINT('',(65.4,-16.5,-5.));
#5980=DIRECTION('',(1.,0.,0.));
#5981=DIRECTION('',(-0.,1.,0.));
#5982=AXIS2_PLACEMENT_3D('',#5979,#5980,#5981);
#5983=CIRCLE('',#5982,1.5);
#5984=EDGE_CURVE('',#5474,#5878,#5983,.T.);
#5985=ORIENTED_EDGE('',*,*,#5984,.T.);
#5986=ORIENTED_EDGE('',*,*,#5898,.T.);
#5987=ORIENTED_EDGE('',*,*,#5949,.T.);
#5988=ORIENTED_EDGE('',*,*,#5558,.T.);
#5989=CARTESIAN_POINT('',(65.4,-16.5,-5.));
#5990=DIRECTION('',(1.,0.,0.));
#5991=DIRECTION('',(-0.,1.,0.));
#5992=AXIS2_PLACEMENT_3D('',#5989,#5990,#5991);
#5993=CIRCLE('',#5992,1.5);
#5994=EDGE_CURVE('',#5547,#5443,#5993,.T.);
#5995=ORIENTED_EDGE('',*,*,#5994,.T.);
#5996=EDGE_LOOP('',(#5976,#5977,#5978,#5985,#5986,#5987,#5988,#5995));
#5997=FACE_BOUND('',#5996,.T.);
#5998=ADVANCED_FACE('',(#5997),#5975,.F.);
#5999=CARTESIAN_POINT('',(63.4,-22.5,-5.));
#6000=DIRECTION('',(1.,0.,0.));
#6001=DIRECTION('',(0.,0.,-1.));
#6002=AXIS2_PLACEMENT_3D('',#5999,#6000,#6001);
#6003=CYLINDRICAL_SURFACE('',#6002,1.5);
#6004=ORIENTED_EDGE('',*,*,#5518,.F.);
#6005=ORIENTED_EDGE('',*,*,#989,.T.);
#6006=ORIENTED_EDGE('',*,*,#5580,.T.);
#6007=CARTESIAN_POINT('',(65.4,-22.5,-5.));
#6008=DIRECTION('',(1.,0.,0.));
#6009=DIRECTION('',(0.,1.,-0.));
#6010=AXIS2_PLACEMENT_3D('',#6007,#6008,#6009);
#6011=CIRCLE('',#6010,1.5);
#6012=EDGE_CURVE('',#5569,#5539,#6011,.T.);
#6013=ORIENTED_EDGE('',*,*,#6012,.T.);
#6014=ORIENTED_EDGE('',*,*,#5544,.T.);
#6015=ORIENTED_EDGE('',*,*,#5941,.T.);
#6016=ORIENTED_EDGE('',*,*,#5653,.T.);
#6017=CARTESIAN_POINT('',(65.4,-22.5,-5.));
#6018=DIRECTION('',(1.,0.,0.));
#6019=DIRECTION('',(0.,1.,-0.));
#6020=AXIS2_PLACEMENT_3D('',#6017,#6018,#6019);
#6021=CIRCLE('',#6020,1.5);
#6022=EDGE_CURVE('',#5642,#5498,#6021,.T.);
#6023=ORIENTED_EDGE('',*,*,#6022,.T.);
#6024=EDGE_LOOP('',(#6004,#6005,#6006,#6013,#6014,#6015,#6016,#6023));
#6025=FACE_BOUND('',#6024,.T.);
#6026=ADVANCED_FACE('',(#6025),#6003,.F.);
#6027=CARTESIAN_POINT('',(63.4,-28.5,-5.));
#6028=DIRECTION('',(1.,0.,0.));
#6029=DIRECTION('',(0.,0.,-1.));
#6030=AXIS2_PLACEMENT_3D('',#6027,#6028,#6029);
#6031=CYLINDRICAL_SURFACE('',#6030,1.5);
#6032=ORIENTED_EDGE('',*,*,#5613,.F.);
#6033=ORIENTED_EDGE('',*,*,#1038,.T.);
#6034=ORIENTED_EDGE('',*,*,#5675,.T.);
#6035=CARTESIAN_POINT('',(65.4,-28.5,-5.));
#6036=DIRECTION('',(1.,0.,0.));
#6037=DIRECTION('',(-0.,1.,0.));
#6038=AXIS2_PLACEMENT_3D('',#6035,#6036,#6037);
#6039=CIRCLE('',#6038,1.5);
#6040=EDGE_CURVE('',#5664,#5634,#6039,.T.);
#6041=ORIENTED_EDGE('',*,*,#6040,.T.);
#6042=ORIENTED_EDGE('',*,*,#5639,.T.);
#6043=ORIENTED_EDGE('',*,*,#5933,.T.);
#6044=ORIENTED_EDGE('',*,*,#5748,.T.);
#6045=CARTESIAN_POINT('',(65.4,-28.5,-5.));
#6046=DIRECTION('',(1.,0.,0.));
#6047=DIRECTION('',(-0.,1.,0.));
#6048=AXIS2_PLACEMENT_3D('',#6045,#6046,#6047);
#6049=CIRCLE('',#6048,1.5);
#6050=EDGE_CURVE('',#5737,#5593,#6049,.T.);
#6051=ORIENTED_EDGE('',*,*,#6050,.T.);
#6052=EDGE_LOOP('',(#6032,#6033,#6034,#6041,#6042,#6043,#6044,#6051));
#6053=FACE_BOUND('',#6052,.T.);
#6054=ADVANCED_FACE('',(#6053),#6031,.F.);
#6055=CARTESIAN_POINT('',(63.4,-34.5,-5.));
#6056=DIRECTION('',(1.,0.,0.));
#6057=DIRECTION('',(0.,0.,-1.));
#6058=AXIS2_PLACEMENT_3D('',#6055,#6056,#6057);
#6059=CYLINDRICAL_SURFACE('',#6058,1.5);
#6060=ORIENTED_EDGE('',*,*,#5708,.F.);
#6061=ORIENTED_EDGE('',*,*,#1087,.T.);
#6062=ORIENTED_EDGE('',*,*,#5770,.T.);
#6063=CARTESIAN_POINT('',(65.4,-34.5,-5.));
#6064=DIRECTION('',(1.,0.,0.));
#6065=DIRECTION('',(-0.,1.,0.));
#6066=AXIS2_PLACEMENT_3D('',#6063,#6064,#6065);
#6067=CIRCLE('',#6066,1.5);
#6068=EDGE_CURVE('',#5759,#5729,#6067,.T.);
#6069=ORIENTED_EDGE('',*,*,#6068,.T.);
#6070=ORIENTED_EDGE('',*,*,#5734,.T.);
#6071=ORIENTED_EDGE('',*,*,#5925,.T.);
#6072=ORIENTED_EDGE('',*,*,#5843,.T.);
#6073=CARTESIAN_POINT('',(65.4,-34.5,-5.));
#6074=DIRECTION('',(1.,0.,0.));
#6075=DIRECTION('',(-0.,1.,0.));
#6076=AXIS2_PLACEMENT_3D('',#6073,#6074,#6075);
#6077=CIRCLE('',#6076,1.5);
#6078=EDGE_CURVE('',#5832,#5688,#6077,.T.);
#6079=ORIENTED_EDGE('',*,*,#6078,.T.);
#6080=EDGE_LOOP('',(#6060,#6061,#6062,#6069,#6070,#6071,#6072,#6079));
#6081=FACE_BOUND('',#6080,.T.);
#6082=ADVANCED_FACE('',(#6081),#6059,.F.);
#6083=CARTESIAN_POINT('',(62.4,-40.5,-5.));
#6084=DIRECTION('',(1.,0.,0.));
#6085=DIRECTION('',(0.,0.,-1.));
#6086=AXIS2_PLACEMENT_3D('',#6083,#6084,#6085);
#6087=CYLINDRICAL_SURFACE('',#6086,1.5);
#6088=CARTESIAN_POINT('',(63.684233347,-40.5,-5.));
#6089=DIRECTION('',(-0.923879533,-0.,-0.382683432));
#6090=DIRECTION('',(0.382683432,-0.,-0.923879533));
#6091=AXIS2_PLACEMENT_3D('',#6088,#6089,#6090);
#6092=ELLIPSE('',#6091,1.6235883,1.5);
#6093=EDGE_CURVE('',#1585,#1130,#6092,.T.);
#6094=ORIENTED_EDGE('',*,*,#6093,.T.);
#6095=ORIENTED_EDGE('',*,*,#1136,.T.);
#6096=ORIENTED_EDGE('',*,*,#5866,.T.);
#6097=CARTESIAN_POINT('',(65.4,-40.5,-5.));
#6098=DIRECTION('',(1.,0.,0.));
#6099=DIRECTION('',(-0.,1.,0.));
#6100=AXIS2_PLACEMENT_3D('',#6097,#6098,#6099);
#6101=CIRCLE('',#6100,1.5);
#6102=EDGE_CURVE('',#5855,#5824,#6101,.T.);
#6103=ORIENTED_EDGE('',*,*,#6102,.T.);
#6104=ORIENTED_EDGE('',*,*,#5829,.T.);
#6105=ORIENTED_EDGE('',*,*,#5917,.T.);
#6106=ORIENTED_EDGE('',*,*,#5803,.T.);
#6107=CARTESIAN_POINT('',(65.4,-40.5,-5.));
#6108=DIRECTION('',(1.,0.,0.));
#6109=DIRECTION('',(-0.,1.,0.));
#6110=AXIS2_PLACEMENT_3D('',#6107,#6108,#6109);
#6111=CIRCLE('',#6110,1.5);
#6112=EDGE_CURVE('',#5792,#1593,#6111,.T.);
#6113=ORIENTED_EDGE('',*,*,#6112,.T.);
#6114=ORIENTED_EDGE('',*,*,#1598,.F.);
#6115=EDGE_LOOP('',(#6094,#6095,#6096,#6103,#6104,#6105,#6106,#6113,#6114));
#6116=FACE_BOUND('',#6115,.T.);
#6117=ADVANCED_FACE('',(#6116),#6087,.F.);
#6118=CARTESIAN_POINT('',(63.4,5.,-4.3138));
#6119=DIRECTION('',(0.923879533,0.,0.382683432));
#6120=DIRECTION('',(-0.,1.,-0.));
#6121=AXIS2_PLACEMENT_3D('',#6118,#6119,#6120);
#6122=PLANE('',#6121);
#6123=ORIENTED_EDGE('',*,*,#1590,.F.);
#6124=ORIENTED_EDGE('',*,*,#1144,.T.);
#6125=ORIENTED_EDGE('',*,*,#6093,.F.);
#6126=EDGE_LOOP('',(#6123,#6124,#6125));
#6127=FACE_BOUND('',#6126,.T.);
#6128=ADVANCED_FACE('',(#6127),#6122,.F.);
#6129=CARTESIAN_POINT('',(63.4,5.,2.));
#6130=DIRECTION('',(1.,0.,0.));
#6131=DIRECTION('',(-0.,1.,0.));
#6132=AXIS2_PLACEMENT_3D('',#6129,#6130,#6131);
#6133=PLANE('',#6132);
#6134=ORIENTED_EDGE('',*,*,#2334,.T.);
#6135=ORIENTED_EDGE('',*,*,#871,.T.);
#6136=ORIENTED_EDGE('',*,*,#832,.F.);
#6137=ORIENTED_EDGE('',*,*,#632,.T.);
#6138=ORIENTED_EDGE('',*,*,#371,.T.);
#6139=ORIENTED_EDGE('',*,*,#612,.F.);
#6140=CARTESIAN_POINT('',(63.4,-1.1351,-2.5));
#6141=DIRECTION('',(-0.,1.,0.));
#6142=VECTOR('',#6141,1.1351);
#6143=LINE('',#6140,#6142);
#6144=EDGE_CURVE('',#581,#121,#6143,.T.);
#6145=ORIENTED_EDGE('',*,*,#6144,.T.);
#6146=ORIENTED_EDGE('',*,*,#126,.T.);
#6147=ORIENTED_EDGE('',*,*,#40,.T.);
#6148=EDGE_LOOP('',(#6134,#6135,#6136,#6137,#6138,#6139,#6145,#6146,#6147));
#6149=FACE_BOUND('',#6148,.T.);
#6150=ADVANCED_FACE('',(#6149),#6133,.F.);
#6151=CARTESIAN_POINT('',(0.,0.,-2.5));
#6152=DIRECTION('',(0.,0.,1.));
#6153=DIRECTION('',(-1.,0.,0.));
#6154=AXIS2_PLACEMENT_3D('',#6151,#6152,#6153);
#6155=PLANE('',#6154);
#6156=CARTESIAN_POINT('',(64.3,-1.1351,-2.5));
#6157=DIRECTION('',(0.,1.,0.));
#6158=VECTOR('',#6157,3.6351);
#6159=LINE('',#6156,#6158);
#6160=EDGE_CURVE('',#573,#5250,#6159,.T.);
#6161=ORIENTED_EDGE('',*,*,#6160,.T.);
#6162=ORIENTED_EDGE('',*,*,#5257,.T.);
#6163=CARTESIAN_POINT('',(65.4,2.5,-2.5));
#6164=DIRECTION('',(0.,1.,0.));
#6165=VECTOR('',#6164,4.5);
#6166=LINE('',#6163,#6165);
#6167=EDGE_CURVE('',#5252,#5292,#6166,.T.);
#6168=ORIENTED_EDGE('',*,*,#6167,.T.);
#6169=ORIENTED_EDGE('',*,*,#5298,.F.);
#6170=ORIENTED_EDGE('',*,*,#5198,.T.);
#6171=ORIENTED_EDGE('',*,*,#5172,.F.);
#6172=ORIENTED_EDGE('',*,*,#5148,.F.);
#6173=ORIENTED_EDGE('',*,*,#5119,.T.);
#6174=ORIENTED_EDGE('',*,*,#5221,.T.);
#6175=ORIENTED_EDGE('',*,*,#5095,.F.);
#6176=ORIENTED_EDGE('',*,*,#2594,.T.);
#6177=ORIENTED_EDGE('',*,*,#5236,.F.);
#6178=ORIENTED_EDGE('',*,*,#2400,.F.);
#6179=ORIENTED_EDGE('',*,*,#3440,.F.);
#6180=ORIENTED_EDGE('',*,*,#2803,.T.);
#6181=ORIENTED_EDGE('',*,*,#64,.F.);
#6182=ORIENTED_EDGE('',*,*,#132,.T.);
#6183=ORIENTED_EDGE('',*,*,#6144,.F.);
#6184=ORIENTED_EDGE('',*,*,#586,.F.);
#6185=EDGE_LOOP('',(#6161,#6162,#6168,#6169,#6170,#6171,#6172,#6173,#6174,#6175,#6176,#6177,#6178,#6179,#6180,#6181,#6182,#6183,#6184));
#6186=FACE_BOUND('',#6185,.T.);
#6187=ORIENTED_EDGE('',*,*,#4803,.F.);
#6188=ORIENTED_EDGE('',*,*,#4810,.F.);
#6189=EDGE_LOOP('',(#6187,#6188));
#6190=FACE_BOUND('',#6189,.T.);
#6191=ORIENTED_EDGE('',*,*,#5069,.F.);
#6192=ORIENTED_EDGE('',*,*,#5076,.F.);
#6193=EDGE_LOOP('',(#6191,#6192));
#6194=FACE_BOUND('',#6193,.T.);
#6195=ADVANCED_FACE('',(#6186,#6190,#6194),#6155,.T.);
#6196=CARTESIAN_POINT('',(0.,0.,-13.5));
#6197=DIRECTION('',(0.,0.,-1.));
#6198=DIRECTION('',(0.,1.,0.));
#6199=AXIS2_PLACEMENT_3D('',#6196,#6197,#6198);
#6200=PLANE('',#6199);
#6201=CARTESIAN_POINT('',(65.4,-41.7,-13.5));
#6202=DIRECTION('',(0.,1.,0.));
#6203=VECTOR('',#6202,44.7);
#6204=LINE('',#6201,#6203);
#6205=EDGE_CURVE('',#3215,#4756,#6204,.T.);
#6206=ORIENTED_EDGE('',*,*,#6205,.F.);
#6207=ORIENTED_EDGE('',*,*,#3220,.F.);
#6208=ORIENTED_EDGE('',*,*,#4207,.F.);
#6209=ORIENTED_EDGE('',*,*,#4663,.T.);
#6210=ORIENTED_EDGE('',*,*,#4639,.F.);
#6211=ORIENTED_EDGE('',*,*,#4609,.F.);
#6212=ORIENTED_EDGE('',*,*,#4173,.F.);
#6213=ORIENTED_EDGE('',*,*,#4147,.T.);
#6214=ORIENTED_EDGE('',*,*,#2428,.F.);
#6215=ORIENTED_EDGE('',*,*,#4986,.F.);
#6216=ORIENTED_EDGE('',*,*,#4956,.F.);
#6217=ORIENTED_EDGE('',*,*,#4917,.T.);
#6218=ORIENTED_EDGE('',*,*,#5212,.F.);
#6219=ORIENTED_EDGE('',*,*,#4891,.F.);
#6220=ORIENTED_EDGE('',*,*,#4867,.F.);
#6221=ORIENTED_EDGE('',*,*,#4769,.T.);
#6222=EDGE_LOOP('',(#6206,#6207,#6208,#6209,#6210,#6211,#6212,#6213,#6214,#6215,#6216,#6217,#6218,#6219,#6220,#6221));
#6223=FACE_BOUND('',#6222,.T.);
#6224=ADVANCED_FACE('',(#6223),#6200,.T.);
#6225=CARTESIAN_POINT('',(65.4,-20.35,2.));
#6226=DIRECTION('',(-1.,0.,0.));
#6227=DIRECTION('',(0.,0.,1.));
#6228=AXIS2_PLACEMENT_3D('',#6225,#6226,#6227);
#6229=PLANE('',#6228);
#6230=ORIENTED_EDGE('',*,*,#6205,.T.);
#6231=ORIENTED_EDGE('',*,*,#4761,.F.);
#6232=ORIENTED_EDGE('',*,*,#4704,.T.);
#6233=ORIENTED_EDGE('',*,*,#5304,.T.);
#6234=ORIENTED_EDGE('',*,*,#6167,.F.);
#6235=ORIENTED_EDGE('',*,*,#5279,.F.);
#6236=CARTESIAN_POINT('',(65.4,-1.1351,-4.));
#6237=DIRECTION('',(0.,1.,0.));
#6238=VECTOR('',#6237,3.6351);
#6239=LINE('',#6236,#6238);
#6240=EDGE_CURVE('',#557,#5268,#6239,.T.);
#6241=ORIENTED_EDGE('',*,*,#6240,.F.);
#6242=ORIENTED_EDGE('',*,*,#562,.F.);
#6243=ORIENTED_EDGE('',*,*,#678,.T.);
#6244=ORIENTED_EDGE('',*,*,#444,.F.);
#6245=ORIENTED_EDGE('',*,*,#5883,.F.);
#6246=ORIENTED_EDGE('',*,*,#5984,.F.);
#6247=ORIENTED_EDGE('',*,*,#5479,.F.);
#6248=ORIENTED_EDGE('',*,*,#5425,.F.);
#6249=CARTESIAN_POINT('',(65.4,-16.5,-10.));
#6250=DIRECTION('',(1.,0.,0.));
#6251=DIRECTION('',(0.,-1.,0.));
#6252=AXIS2_PLACEMENT_3D('',#6249,#6250,#6251);
#6253=CIRCLE('',#6252,1.5);
#6254=EDGE_CURVE('',#5445,#5411,#6253,.T.);
#6255=ORIENTED_EDGE('',*,*,#6254,.F.);
#6256=ORIENTED_EDGE('',*,*,#5450,.F.);
#6257=ORIENTED_EDGE('',*,*,#5994,.F.);
#6258=ORIENTED_EDGE('',*,*,#5552,.F.);
#6259=ORIENTED_EDGE('',*,*,#6012,.F.);
#6260=ORIENTED_EDGE('',*,*,#5574,.F.);
#6261=ORIENTED_EDGE('',*,*,#5393,.F.);
#6262=CARTESIAN_POINT('',(65.4,-22.5,-10.));
#6263=DIRECTION('',(1.,0.,0.));
#6264=DIRECTION('',(0.,-1.,0.));
#6265=AXIS2_PLACEMENT_3D('',#6262,#6263,#6264);
#6266=CIRCLE('',#6265,1.5);
#6267=EDGE_CURVE('',#5500,#5379,#6266,.T.);
#6268=ORIENTED_EDGE('',*,*,#6267,.F.);
#6269=ORIENTED_EDGE('',*,*,#5505,.F.);
#6270=ORIENTED_EDGE('',*,*,#6022,.F.);
#6271=ORIENTED_EDGE('',*,*,#5647,.F.);
#6272=ORIENTED_EDGE('',*,*,#6040,.F.);
#6273=ORIENTED_EDGE('',*,*,#5669,.F.);
#6274=ORIENTED_EDGE('',*,*,#5361,.F.);
#6275=CARTESIAN_POINT('',(65.4,-28.5,-10.));
#6276=DIRECTION('',(1.,0.,0.));
#6277=DIRECTION('',(0.,-1.,0.));
#6278=AXIS2_PLACEMENT_3D('',#6275,#6276,#6277);
#6279=CIRCLE('',#6278,1.5);
#6280=EDGE_CURVE('',#5595,#5347,#6279,.T.);
#6281=ORIENTED_EDGE('',*,*,#6280,.F.);
#6282=ORIENTED_EDGE('',*,*,#5600,.F.);
#6283=ORIENTED_EDGE('',*,*,#6050,.F.);
#6284=ORIENTED_EDGE('',*,*,#5742,.F.);
#6285=ORIENTED_EDGE('',*,*,#6068,.F.);
#6286=ORIENTED_EDGE('',*,*,#5764,.F.);
#6287=ORIENTED_EDGE('',*,*,#5329,.F.);
#6288=CARTESIAN_POINT('',(65.4,-34.5,-10.));
#6289=DIRECTION('',(1.,0.,0.));
#6290=DIRECTION('',(0.,-1.,0.));
#6291=AXIS2_PLACEMENT_3D('',#6288,#6289,#6290);
#6292=CIRCLE('',#6291,1.5);
#6293=EDGE_CURVE('',#5690,#5315,#6292,.T.);
#6294=ORIENTED_EDGE('',*,*,#6293,.F.);
#6295=ORIENTED_EDGE('',*,*,#5695,.F.);
#6296=ORIENTED_EDGE('',*,*,#6078,.F.);
#6297=ORIENTED_EDGE('',*,*,#5837,.F.);
#6298=ORIENTED_EDGE('',*,*,#6102,.F.);
#6299=ORIENTED_EDGE('',*,*,#5860,.F.);
#6300=ORIENTED_EDGE('',*,*,#3195,.F.);
#6301=CARTESIAN_POINT('',(65.4,-40.5,-10.));
#6302=DIRECTION('',(1.,0.,0.));
#6303=DIRECTION('',(0.,-1.,0.));
#6304=AXIS2_PLACEMENT_3D('',#6301,#6302,#6303);
#6305=CIRCLE('',#6304,1.5);
#6306=EDGE_CURVE('',#1417,#3181,#6305,.T.);
#6307=ORIENTED_EDGE('',*,*,#6306,.F.);
#6308=ORIENTED_EDGE('',*,*,#1604,.F.);
#6309=ORIENTED_EDGE('',*,*,#6112,.F.);
#6310=ORIENTED_EDGE('',*,*,#5797,.T.);
#6311=ORIENTED_EDGE('',*,*,#1255,.F.);
#6312=ORIENTED_EDGE('',*,*,#1724,.T.);
#6313=ORIENTED_EDGE('',*,*,#1630,.T.);
#6314=ORIENTED_EDGE('',*,*,#3226,.T.);
#6315=EDGE_LOOP('',(#6230,#6231,#6232,#6233,#6234,#6235,#6241,#6242,#6243,#6244,#6245,#6246,#6247,#6248,#6255,#6256,#6257,#6258,#6259,#6260,#6261,#6268,#6269,#6270,#6271,#6272,
#6273,#6274,#6281,#6282,#6283,#6284,#6285,#6286,#6287,#6294,#6295,#6296,#6297,#6298,#6299,#6300,#6307,#6308,#6309,#6310,#6311,#6312,#6313,#6314));
#6316=FACE_BOUND('',#6315,.T.);
#6317=ORIENTED_EDGE('',*,*,#792,.T.);
#6318=ORIENTED_EDGE('',*,*,#649,.F.);
#6319=ORIENTED_EDGE('',*,*,#823,.T.);
#6320=ORIENTED_EDGE('',*,*,#863,.F.);
#6321=CARTESIAN_POINT('',(65.4,-4.5,-10.));
#6322=DIRECTION('',(1.,0.,0.));
#6323=DIRECTION('',(0.,-1.,0.));
#6324=AXIS2_PLACEMENT_3D('',#6321,#6322,#6323);
#6325=CIRCLE('',#6324,1.5);
#6326=EDGE_CURVE('',#787,#849,#6325,.T.);
#6327=ORIENTED_EDGE('',*,*,#6326,.F.);
#6328=EDGE_LOOP('',(#6317,#6318,#6319,#6320,#6327));
#6329=FACE_BOUND('',#6328,.T.);
#6330=ORIENTED_EDGE('',*,*,#697,.T.);
#6331=ORIENTED_EDGE('',*,*,#522,.F.);
#6332=ORIENTED_EDGE('',*,*,#728,.T.);
#6333=ORIENTED_EDGE('',*,*,#768,.F.);
#6334=CARTESIAN_POINT('',(65.4,-10.5,-10.));
#6335=DIRECTION('',(1.,0.,0.));
#6336=DIRECTION('',(0.,-1.,0.));
#6337=AXIS2_PLACEMENT_3D('',#6334,#6335,#6336);
#6338=CIRCLE('',#6337,1.5);
#6339=EDGE_CURVE('',#692,#754,#6338,.T.);
#6340=ORIENTED_EDGE('',*,*,#6339,.F.);
#6341=EDGE_LOOP('',(#6330,#6331,#6332,#6333,#6340));
#6342=FACE_BOUND('',#6341,.T.);
#6343=ADVANCED_FACE('',(#6316,#6329,#6342),#6229,.F.);
#6344=CARTESIAN_POINT('',(0.,0.,-4.));
#6345=DIRECTION('',(0.,0.,-1.));
#6346=DIRECTION('',(0.,-1.,0.));
#6347=AXIS2_PLACEMENT_3D('',#6344,#6345,#6346);
#6348=PLANE('',#6347);
#6349=ORIENTED_EDGE('',*,*,#6240,.T.);
#6350=ORIENTED_EDGE('',*,*,#5273,.F.);
#6351=CARTESIAN_POINT('',(64.3,-1.1351,-4.));
#6352=DIRECTION('',(0.,1.,0.));
#6353=VECTOR('',#6352,3.6351);
#6354=LINE('',#6351,#6353);
#6355=EDGE_CURVE('',#565,#5260,#6354,.T.);
#6356=ORIENTED_EDGE('',*,*,#6355,.F.);
#6357=ORIENTED_EDGE('',*,*,#570,.F.);
#6358=EDGE_LOOP('',(#6349,#6350,#6356,#6357));
#6359=FACE_BOUND('',#6358,.T.);
#6360=ADVANCED_FACE('',(#6359),#6348,.F.);
#6361=CARTESIAN_POINT('',(64.3,0.73245,-4.));
#6362=DIRECTION('',(1.,-0.,0.));
#6363=DIRECTION('',(0.,1.,0.));
#6364=AXIS2_PLACEMENT_3D('',#6361,#6362,#6363);
#6365=PLANE('',#6364);
#6366=ORIENTED_EDGE('',*,*,#6355,.T.);
#6367=ORIENTED_EDGE('',*,*,#5265,.T.);
#6368=ORIENTED_EDGE('',*,*,#6160,.F.);
#6369=ORIENTED_EDGE('',*,*,#578,.F.);
#6370=EDGE_LOOP('',(#6366,#6367,#6368,#6369));
#6371=FACE_BOUND('',#6370,.T.);
#6372=ADVANCED_FACE('',(#6371),#6365,.T.);
#6373=CARTESIAN_POINT('',(63.4,-10.5,-10.));
#6374=DIRECTION('',(1.,0.,0.));
#6375=DIRECTION('',(0.,0.,-1.));
#6376=AXIS2_PLACEMENT_3D('',#6373,#6374,#6375);
#6377=CYLINDRICAL_SURFACE('',#6376,1.5);
#6378=ORIENTED_EDGE('',*,*,#761,.T.);
#6379=ORIENTED_EDGE('',*,*,#1169,.F.);
#6380=ORIENTED_EDGE('',*,*,#705,.T.);
#6381=ORIENTED_EDGE('',*,*,#6339,.T.);
#6382=EDGE_LOOP('',(#6378,#6379,#6380,#6381));
#6383=FACE_BOUND('',#6382,.T.);
#6384=ADVANCED_FACE('',(#6383),#6377,.F.);
#6385=CARTESIAN_POINT('',(63.4,-4.5,-10.));
#6386=DIRECTION('',(1.,0.,0.));
#6387=DIRECTION('',(0.,0.,-1.));
#6388=AXIS2_PLACEMENT_3D('',#6385,#6386,#6387);
#6389=CYLINDRICAL_SURFACE('',#6388,1.5);
#6390=ORIENTED_EDGE('',*,*,#856,.T.);
#6391=ORIENTED_EDGE('',*,*,#890,.F.);
#6392=ORIENTED_EDGE('',*,*,#800,.T.);
#6393=ORIENTED_EDGE('',*,*,#6326,.T.);
#6394=EDGE_LOOP('',(#6390,#6391,#6392,#6393));
#6395=FACE_BOUND('',#6394,.T.);
#6396=ADVANCED_FACE('',(#6395),#6389,.F.);
#6397=CARTESIAN_POINT('',(63.4,-4.5,-10.));
#6398=DIRECTION('',(1.,0.,0.));
#6399=DIRECTION('',(0.,0.,-1.));
#6400=AXIS2_PLACEMENT_3D('',#6397,#6398,#6399);
#6401=CYLINDRICAL_SURFACE('',#6400,1.5);
#6402=ORIENTED_EDGE('',*,*,#1789,.T.);
#6403=ORIENTED_EDGE('',*,*,#2574,.F.);
#6404=ORIENTED_EDGE('',*,*,#1822,.T.);
#6405=ORIENTED_EDGE('',*,*,#3118,.F.);
#6406=EDGE_LOOP('',(#6402,#6403,#6404,#6405));
#6407=FACE_BOUND('',#6406,.T.);
#6408=ADVANCED_FACE('',(#6407),#6401,.F.);
#6409=CARTESIAN_POINT('',(63.4,-10.5,-10.));
#6410=DIRECTION('',(1.,0.,0.));
#6411=DIRECTION('',(0.,0.,-1.));
#6412=AXIS2_PLACEMENT_3D('',#6409,#6410,#6411);
#6413=CYLINDRICAL_SURFACE('',#6412,1.5);
#6414=ORIENTED_EDGE('',*,*,#1902,.T.);
#6415=ORIENTED_EDGE('',*,*,#2561,.F.);
#6416=ORIENTED_EDGE('',*,*,#1951,.T.);
#6417=ORIENTED_EDGE('',*,*,#3101,.F.);
#6418=EDGE_LOOP('',(#6414,#6415,#6416,#6417));
#6419=FACE_BOUND('',#6418,.T.);
#6420=ADVANCED_FACE('',(#6419),#6413,.F.);
#6421=CARTESIAN_POINT('',(62.4,-40.5,-10.));
#6422=DIRECTION('',(1.,0.,0.));
#6423=DIRECTION('',(0.,0.,-1.));
#6424=AXIS2_PLACEMENT_3D('',#6421,#6422,#6423);
#6425=CYLINDRICAL_SURFACE('',#6424,1.5);
#6426=ORIENTED_EDGE('',*,*,#3186,.T.);
#6427=ORIENTED_EDGE('',*,*,#5965,.F.);
#6428=ORIENTED_EDGE('',*,*,#3342,.F.);
#6429=ORIENTED_EDGE('',*,*,#1422,.T.);
#6430=ORIENTED_EDGE('',*,*,#6306,.T.);
#6431=EDGE_LOOP('',(#6426,#6427,#6428,#6429,#6430));
#6432=FACE_BOUND('',#6431,.T.);
#6433=ADVANCED_FACE('',(#6432),#6425,.F.);
#6434=CARTESIAN_POINT('',(63.4,-22.5,-10.));
#6435=DIRECTION('',(1.,0.,0.));
#6436=DIRECTION('',(0.,0.,-1.));
#6437=AXIS2_PLACEMENT_3D('',#6434,#6435,#6436);
#6438=CYLINDRICAL_SURFACE('',#6437,1.5);
#6439=ORIENTED_EDGE('',*,*,#3740,.T.);
#6440=ORIENTED_EDGE('',*,*,#2735,.F.);
#6441=ORIENTED_EDGE('',*,*,#3702,.T.);
#6442=ORIENTED_EDGE('',*,*,#3007,.F.);
#6443=EDGE_LOOP('',(#6439,#6440,#6441,#6442));
#6444=FACE_BOUND('',#6443,.T.);
#6445=ADVANCED_FACE('',(#6444),#6438,.F.);
#6446=CARTESIAN_POINT('',(63.4,-28.5,-10.));
#6447=DIRECTION('',(1.,0.,0.));
#6448=DIRECTION('',(0.,0.,-1.));
#6449=AXIS2_PLACEMENT_3D('',#6446,#6447,#6448);
#6450=CYLINDRICAL_SURFACE('',#6449,1.5);
#6451=ORIENTED_EDGE('',*,*,#3839,.T.);
#6452=ORIENTED_EDGE('',*,*,#2682,.F.);
#6453=ORIENTED_EDGE('',*,*,#3775,.T.);
#6454=ORIENTED_EDGE('',*,*,#2958,.F.);
#6455=EDGE_LOOP('',(#6451,#6452,#6453,#6454));
#6456=FACE_BOUND('',#6455,.T.);
#6457=ADVANCED_FACE('',(#6456),#6450,.F.);
#6458=CARTESIAN_POINT('',(63.4,-34.5,-10.));
#6459=DIRECTION('',(1.,0.,0.));
#6460=DIRECTION('',(0.,0.,-1.));
#6461=AXIS2_PLACEMENT_3D('',#6458,#6459,#6460);
#6462=CYLINDRICAL_SURFACE('',#6461,1.5);
#6463=ORIENTED_EDGE('',*,*,#3912,.T.);
#6464=ORIENTED_EDGE('',*,*,#2780,.F.);
#6465=ORIENTED_EDGE('',*,*,#3874,.T.);
#6466=ORIENTED_EDGE('',*,*,#2909,.F.);
#6467=EDGE_LOOP('',(#6463,#6464,#6465,#6466));
#6468=FACE_BOUND('',#6467,.T.);
#6469=ADVANCED_FACE('',(#6468),#6462,.F.);
#6470=CARTESIAN_POINT('',(62.4,-40.5,-10.));
#6471=DIRECTION('',(1.,0.,0.));
#6472=DIRECTION('',(0.,0.,-1.));
#6473=AXIS2_PLACEMENT_3D('',#6470,#6471,#6472);
#6474=CYLINDRICAL_SURFACE('',#6473,1.5);
#6475=ORIENTED_EDGE('',*,*,#3964,.T.);
#6476=ORIENTED_EDGE('',*,*,#2628,.F.);
#6477=ORIENTED_EDGE('',*,*,#1534,.T.);
#6478=ORIENTED_EDGE('',*,*,#3370,.F.);
#6479=ORIENTED_EDGE('',*,*,#3542,.F.);
#6480=EDGE_LOOP('',(#6475,#6476,#6477,#6478,#6479));
#6481=FACE_BOUND('',#6480,.T.);
#6482=ADVANCED_FACE('',(#6481),#6474,.F.);
#6483=CARTESIAN_POINT('',(63.4,-16.5,-10.));
#6484=DIRECTION('',(1.,0.,0.));
#6485=DIRECTION('',(0.,0.,-1.));
#6486=AXIS2_PLACEMENT_3D('',#6483,#6484,#6485);
#6487=CYLINDRICAL_SURFACE('',#6486,1.5);
#6488=ORIENTED_EDGE('',*,*,#4042,.T.);
#6489=ORIENTED_EDGE('',*,*,#2527,.F.);
#6490=ORIENTED_EDGE('',*,*,#3999,.T.);
#6491=ORIENTED_EDGE('',*,*,#3056,.F.);
#6492=EDGE_LOOP('',(#6488,#6489,#6490,#6491));
#6493=FACE_BOUND('',#6492,.T.);
#6494=ADVANCED_FACE('',(#6493),#6487,.F.);
#6495=CARTESIAN_POINT('',(63.4,-34.5,-10.));
#6496=DIRECTION('',(1.,0.,0.));
#6497=DIRECTION('',(0.,0.,-1.));
#6498=AXIS2_PLACEMENT_3D('',#6495,#6496,#6497);
#6499=CYLINDRICAL_SURFACE('',#6498,1.5);
#6500=ORIENTED_EDGE('',*,*,#5320,.T.);
#6501=ORIENTED_EDGE('',*,*,#1102,.F.);
#6502=ORIENTED_EDGE('',*,*,#5701,.T.);
#6503=ORIENTED_EDGE('',*,*,#6293,.T.);
#6504=EDGE_LOOP('',(#6500,#6501,#6502,#6503));
#6505=FACE_BOUND('',#6504,.T.);
#6506=ADVANCED_FACE('',(#6505),#6499,.F.);
#6507=CARTESIAN_POINT('',(63.4,-28.5,-10.));
#6508=DIRECTION('',(1.,0.,0.));
#6509=DIRECTION('',(0.,0.,-1.));
#6510=AXIS2_PLACEMENT_3D('',#6507,#6508,#6509);
#6511=CYLINDRICAL_SURFACE('',#6510,1.5);
#6512=ORIENTED_EDGE('',*,*,#5352,.T.);
#6513=ORIENTED_EDGE('',*,*,#1053,.F.);
#6514=ORIENTED_EDGE('',*,*,#5606,.T.);
#6515=ORIENTED_EDGE('',*,*,#6280,.T.);
#6516=EDGE_LOOP('',(#6512,#6513,#6514,#6515));
#6517=FACE_BOUND('',#6516,.T.);
#6518=ADVANCED_FACE('',(#6517),#6511,.F.);
#6519=CARTESIAN_POINT('',(63.4,-22.5,-10.));
#6520=DIRECTION('',(1.,0.,0.));
#6521=DIRECTION('',(0.,0.,-1.));
#6522=AXIS2_PLACEMENT_3D('',#6519,#6520,#6521);
#6523=CYLINDRICAL_SURFACE('',#6522,1.5);
#6524=ORIENTED_EDGE('',*,*,#5384,.T.);
#6525=ORIENTED_EDGE('',*,*,#1004,.F.);
#6526=ORIENTED_EDGE('',*,*,#5511,.T.);
#6527=ORIENTED_EDGE('',*,*,#6267,.T.);
#6528=EDGE_LOOP('',(#6524,#6525,#6526,#6527));
#6529=FACE_BOUND('',#6528,.T.);
#6530=ADVANCED_FACE('',(#6529),#6523,.F.);
#6531=CARTESIAN_POINT('',(63.4,-16.5,-10.));
#6532=DIRECTION('',(1.,0.,0.));
#6533=DIRECTION('',(0.,0.,-1.));
#6534=AXIS2_PLACEMENT_3D('',#6531,#6532,#6533);
#6535=CYLINDRICAL_SURFACE('',#6534,1.5);
#6536=ORIENTED_EDGE('',*,*,#5416,.T.);
#6537=ORIENTED_EDGE('',*,*,#955,.F.);
#6538=ORIENTED_EDGE('',*,*,#5456,.T.);
#6539=ORIENTED_EDGE('',*,*,#6254,.T.);
#6540=EDGE_LOOP('',(#6536,#6537,#6538,#6539));
#6541=FACE_BOUND('',#6540,.T.);
#6542=ADVANCED_FACE('',(#6541),#6535,.F.);
#6543=CLOSED_SHELL('',(#114,#138,#178,#209,#240,#271,#318,#349,#407,#467,#491,#541,#601,#618,#668,#685,#716,#747,#780,#811,#842,#875,#902,#1173,#1204,#1408,
#1608,#1694,#1713,#1735,#1775,#1808,#1848,#1888,#1921,#1961,#2001,#2050,#2081,#2121,#2170,#2192,#2214,#2231,#2248,#2269,#2286,#2339,#2370,#2414,#2791,
#3133,#3174,#3206,#3238,#3295,#3316,#3354,#3390,#3421,#3467,#3524,#3547,#3570,#3587,#3604,#3616,#3633,#3660,#3691,#3713,#3730,#3752,#3764,#3786,#3829,
#3851,#3863,#3885,#3902,#3924,#3936,#3954,#3976,#3988,#4010,#4032,#4049,#4065,#4135,#4160,#4186,#4212,#4229,#4246,#4265,#4277,#4308,#4339,#4359,#4376,
#4388,#4428,#4450,#4467,#4484,#4515,#4532,#4549,#4561,#4578,#4597,#4621,#4653,#4670,#4748,#4779,#4814,#4854,#4879,#4903,#4943,#4976,#4998,#5045,#5080,
#5105,#5136,#5160,#5184,#5226,#5243,#5283,#5308,#5340,#5372,#5404,#5436,#5467,#5491,#5522,#5562,#5586,#5617,#5657,#5681,#5712,#5752,#5776,#5807,#5847,
#5871,#5902,#5953,#5970,#5998,#6026,#6054,#6082,#6117,#6128,#6150,#6195,#6224,#6343,#6360,#6372,#6384,#6396,#6408,#6420,#6433,#6445,#6457,#6469,#6482,
#6494,#6506,#6518,#6530,#6542));
#6544=MANIFOLD_SOLID_BREP('\X2\591658F34E0B\X0\',#6543);
#6545=COLOUR_RGB('',0.627451003,0.627451003,0.643137276);
#6546=FILL_AREA_STYLE_COLOUR('',#6545);
#6547=FILL_AREA_STYLE('',(#6546));
#6548=SURFACE_STYLE_FILL_AREA(#6547);
#6549=SURFACE_SIDE_STYLE('',(#6548));
#6550=SURFACE_STYLE_USAGE(.BOTH.,#6549);
#6551=PRESENTATION_STYLE_ASSIGNMENT((#6550));
#26=STYLED_ITEM('',(#6551),#6544);
#16=SHAPE_REPRESENTATION('root',(#15),#10);
#17=ADVANCED_BREP_SHAPE_REPRESENTATION('root',(#6544),#10);
#6559=SHAPE_REPRESENTATION_RELATIONSHIP('','',#16,#17);
#6560=CARTESIAN_POINT('',(0.,0.,0.));
#6561=DIRECTION('',(0.,0.,1.));
#6562=DIRECTION('',(1.,0.,0.));
#6563=AXIS2_PLACEMENT_3D('',#6560,#6561,#6562);
#6565=MAPPED_ITEM('',#6564,#6563);
#6564=REPRESENTATION_MAP(#6563,#16);
#6566=APPLICATION_CONTEXT('Managed model based 3d engineering');
#6567=APPLICATION_PROTOCOL_DEFINITION('international standard','ap242_managed_model_based_3d_engineering',2014,#6566);
#6568=PRODUCT_CONTEXT('',#6566,'mechanical');
#6569=PRODUCT_DEFINITION_CONTEXT('part definition',#6566,'design');
#24=PRODUCT('root','root','',(#6568));
#6570=PRODUCT_RELATED_PRODUCT_CATEGORY('part','',(#24));
#6571=PRODUCT_DEFINITION_FORMATION_WITH_SPECIFIED_SOURCE('','',#24,.NOT_KNOWN.);
#25=PRODUCT_DEFINITION('design','',#6571,#6569);
#23=PRODUCT_DEFINITION_SHAPE('','',#25);
#6572=SHAPE_DEFINITION_REPRESENTATION(#23,#16);
#11=DRAUGHTING_MODEL('',(#6565),#10);
#6573=DESCRIPTIVE_REPRESENTATION_ITEM('KEY','C:\\Users\\86180\\AppData\\Local\\Packages\\Shapr3D.Shapr3D_j403pzjkqtqbj\\TempState\\255a89fc-e25b-45cc-8618-bc089c000431.tmp');
#6574=PROPERTY_DEFINITION('KEY','',#25);
#6575=REPRESENTATION('',(#6573),#10);
#6576=PROPERTY_DEFINITION_REPRESENTATION(#6574,#6575);
#6577=GENERAL_PROPERTY('','KEY','');
#6578=GENERAL_PROPERTY_ASSOCIATION('','',#6577,#6574);
#1=MECHANICAL_DESIGN_GEOMETRIC_PRESENTATION_REPRESENTATION('',(#26),#10);
ENDSEC;
END-ISO-10303-21;
