ISO-10303-21;
HEADER;

/* File generated by Shapr3D Version 26.161.11733.0 */

FILE_DESCRIPTION(('HOOPS Exchange Step'),'2;1');

FILE_NAME('C:\\Users\\86180\\AppData\\Local\\Packages\\Shapr3D.Shapr3D_j403pzjkqtqbj\\TempState\\export\\temp_export',
'2026-09-19T00:18:03-16:00',
('86180'),
('Shapr3D Limited'),
'HOOPS Exchange 2026.3',
'Shapr3D',
'Authorized');

FILE_SCHEMA( ('AP242_MANAGED_MODEL_BASED_3D_ENGINEERING_MIM_LF {1 0 10303 442 1 1 4}') );

ENDSEC;

DATA;
#3=(NAMED_UNIT(*)PLANE_ANGLE_UNIT()SI_UNIT($,.RADIAN.));
#4=PLANE_ANGLE_MEASURE_WITH_UNIT(PLANE_ANGLE_MEASURE(0.0174532925),#3);
#5=(CONVERSION_BASED_UNIT('DEGREE',#4)NAMED_UNIT(#6)PLANE_ANGLE_UNIT());
#6=DIMENSIONAL_EXPONENTS(0.,0.,0.,0.,0.,0.,0.);
#7=(NAMED_UNIT(*)SI_UNIT($,.STERADIAN.)SOLID_ANGLE_UNIT());
#8=(LENGTH_UNIT()NAMED_UNIT(*)SI_UNIT(.MILLI.,.METRE.));
#9=UNCERTAINTY_MEASURE_WITH_UNIT(LENGTH_MEASURE(1.000000E-05),#8,'DISTANCE_ACCURACY_VALUE','Maximum Tolerance applied to model');
#10=(GEOMETRIC_REPRESENTATION_CONTEXT(3)GLOBAL_UNCERTAINTY_ASSIGNED_CONTEXT((#9))GLOBAL_UNIT_ASSIGNED_CONTEXT((#8,#5,#7))REPRESENTATION_CONTEXT('','root'));
#12=CARTESIAN_POINT('',(0.,0.,0.));
#13=DIRECTION('',(0.,0.,1.));
#14=DIRECTION('',(1.,0.,0.));
#15=AXIS2_PLACEMENT_3D('',#12,#13,#14);
#27=CARTESIAN_POINT('',(15.1,7.,2.));
#28=DIRECTION('',(0.,-1.,0.));
#29=DIRECTION('',(1.,0.,0.));
#30=AXIS2_PLACEMENT_3D('',#27,#28,#29);
#31=PLANE('',#30);
#32=CARTESIAN_POINT('',(40.2,7.,8.5));
#33=VERTEX_POINT('',#32);
#34=CARTESIAN_POINT('',(31.2,7.,17.5));
#35=VERTEX_POINT('',#34);
#36=CARTESIAN_POINT('',(31.2,7.,8.5));
#37=DIRECTION('',(-0.,1.,0.));
#38=DIRECTION('',(1.,0.,0.));
#39=AXIS2_PLACEMENT_3D('',#36,#37,#38);
#40=CIRCLE('',#39,9.);
#41=EDGE_CURVE('',#33,#35,#40,.T.);
#42=ORIENTED_EDGE('',*,*,#41,.T.);
#43=CARTESIAN_POINT('',(31.2,7.,8.5));
#44=DIRECTION('',(-0.,1.,0.));
#45=DIRECTION('',(1.,0.,0.));
#46=AXIS2_PLACEMENT_3D('',#43,#44,#45);
#47=CIRCLE('',#46,9.);
#48=EDGE_CURVE('',#35,#33,#47,.T.);
#49=ORIENTED_EDGE('',*,*,#48,.T.);
#50=EDGE_LOOP('',(#42,#49));
#51=FACE_BOUND('',#50,.T.);
#52=CARTESIAN_POINT('',(24.45,7.,0.5));
#53=VERTEX_POINT('',#52);
#54=CARTESIAN_POINT('',(21.95,7.,0.5));
#55=VERTEX_POINT('',#54);
#56=CARTESIAN_POINT('',(23.2,7.,0.5));
#57=DIRECTION('',(0.,-1.,0.));
#58=DIRECTION('',(-1.,-0.,0.));
#59=AXIS2_PLACEMENT_3D('',#56,#57,#58);
#60=CIRCLE('',#59,1.25);
#61=EDGE_CURVE('',#53,#55,#60,.T.);
#62=ORIENTED_EDGE('',*,*,#61,.F.);
#63=CARTESIAN_POINT('',(23.2,7.,0.5));
#64=DIRECTION('',(0.,-1.,0.));
#65=DIRECTION('',(-1.,-0.,0.));
#66=AXIS2_PLACEMENT_3D('',#63,#64,#65);
#67=CIRCLE('',#66,1.25);
#68=EDGE_CURVE('',#55,#53,#67,.T.);
#69=ORIENTED_EDGE('',*,*,#68,.F.);
#70=EDGE_LOOP('',(#62,#69));
#71=FACE_BOUND('',#70,.T.);
#72=CARTESIAN_POINT('',(40.45,7.,0.5));
#73=VERTEX_POINT('',#72);
#74=CARTESIAN_POINT('',(37.95,7.,0.5));
#75=VERTEX_POINT('',#74);
#76=CARTESIAN_POINT('',(39.2,7.,0.5));
#77=DIRECTION('',(0.,-1.,0.));
#78=DIRECTION('',(-1.,-0.,0.));
#79=AXIS2_PLACEMENT_3D('',#76,#77,#78);
#80=CIRCLE('',#79,1.25);
#81=EDGE_CURVE('',#73,#75,#80,.T.);
#82=ORIENTED_EDGE('',*,*,#81,.F.);
#83=CARTESIAN_POINT('',(39.2,7.,0.5));
#84=DIRECTION('',(0.,-1.,0.));
#85=DIRECTION('',(-1.,-0.,0.));
#86=AXIS2_PLACEMENT_3D('',#83,#84,#85);
#87=CIRCLE('',#86,1.25);
#88=EDGE_CURVE('',#75,#73,#87,.T.);
#89=ORIENTED_EDGE('',*,*,#88,.F.);
#90=EDGE_LOOP('',(#82,#89));
#91=FACE_BOUND('',#90,.T.);
#92=CARTESIAN_POINT('',(40.45,7.,16.5));
#93=VERTEX_POINT('',#92);
#94=CARTESIAN_POINT('',(37.95,7.,16.5));
#95=VERTEX_POINT('',#94);
#96=CARTESIAN_POINT('',(39.2,7.,16.5));
#97=DIRECTION('',(0.,-1.,0.));
#98=DIRECTION('',(-1.,-0.,0.));
#99=AXIS2_PLACEMENT_3D('',#96,#97,#98);
#100=CIRCLE('',#99,1.25);
#101=EDGE_CURVE('',#93,#95,#100,.T.);
#102=ORIENTED_EDGE('',*,*,#101,.F.);
#103=CARTESIAN_POINT('',(39.2,7.,16.5));
#104=DIRECTION('',(0.,-1.,0.));
#105=DIRECTION('',(-1.,-0.,0.));
#106=AXIS2_PLACEMENT_3D('',#103,#104,#105);
#107=CIRCLE('',#106,1.25);
#108=EDGE_CURVE('',#95,#93,#107,.T.);
#109=ORIENTED_EDGE('',*,*,#108,.F.);
#110=EDGE_LOOP('',(#102,#109));
#111=FACE_BOUND('',#110,.T.);
#112=CARTESIAN_POINT('',(24.45,7.,16.5));
#113=VERTEX_POINT('',#112);
#114=CARTESIAN_POINT('',(21.95,7.,16.5));
#115=VERTEX_POINT('',#114);
#116=CARTESIAN_POINT('',(23.2,7.,16.5));
#117=DIRECTION('',(0.,-1.,0.));
#118=DIRECTION('',(-1.,-0.,0.));
#119=AXIS2_PLACEMENT_3D('',#116,#117,#118);
#120=CIRCLE('',#119,1.25);
#121=EDGE_CURVE('',#113,#115,#120,.T.);
#122=ORIENTED_EDGE('',*,*,#121,.F.);
#123=CARTESIAN_POINT('',(23.2,7.,16.5));
#124=DIRECTION('',(0.,-1.,0.));
#125=DIRECTION('',(-1.,-0.,0.));
#126=AXIS2_PLACEMENT_3D('',#123,#124,#125);
#127=CIRCLE('',#126,1.25);
#128=EDGE_CURVE('',#115,#113,#127,.T.);
#129=ORIENTED_EDGE('',*,*,#128,.F.);
#130=EDGE_LOOP('',(#122,#129));
#131=FACE_BOUND('',#130,.T.);
#132=CARTESIAN_POINT('',(20.7,7.,16.5));
#133=VERTEX_POINT('',#132);
#134=CARTESIAN_POINT('',(8.388104367,7.,16.5));
#135=VERTEX_POINT('',#134);
#136=CARTESIAN_POINT('',(20.7,7.,16.5));
#137=DIRECTION('',(-1.,-0.,0.));
#138=VECTOR('',#137,12.311895633);
#139=LINE('',#136,#138);
#140=EDGE_CURVE('',#133,#135,#139,.T.);
#141=ORIENTED_EDGE('',*,*,#140,.T.);
#142=CARTESIAN_POINT('',(8.388104367,7.,13.5));
#143=VERTEX_POINT('',#142);
#144=CARTESIAN_POINT('',(8.388104367,7.,16.5));
#145=DIRECTION('',(-0.,-0.,-1.));
#146=VECTOR('',#145,3.);
#147=LINE('',#144,#146);
#148=EDGE_CURVE('',#135,#143,#147,.T.);
#149=ORIENTED_EDGE('',*,*,#148,.T.);
#150=CARTESIAN_POINT('',(7.611895633,7.,13.5));
#151=VERTEX_POINT('',#150);
#152=CARTESIAN_POINT('',(7.611895633,7.,13.5));
#153=DIRECTION('',(1.,0.,0.));
#154=VECTOR('',#153,0.776208735);
#155=LINE('',#152,#154);
#156=EDGE_CURVE('',#151,#143,#155,.T.);
#157=ORIENTED_EDGE('',*,*,#156,.F.);
#158=CARTESIAN_POINT('',(7.611895633,7.,16.5));
#159=VERTEX_POINT('',#158);
#160=CARTESIAN_POINT('',(7.611895633,7.,13.5));
#161=DIRECTION('',(0.,0.,1.));
#162=VECTOR('',#161,3.);
#163=LINE('',#160,#162);
#164=EDGE_CURVE('',#151,#159,#163,.T.);
#165=ORIENTED_EDGE('',*,*,#164,.T.);
#166=CARTESIAN_POINT('',(-1.,7.,16.5));
#167=VERTEX_POINT('',#166);
#168=CARTESIAN_POINT('',(7.611895633,7.,16.5));
#169=DIRECTION('',(-1.,-0.,0.));
#170=VECTOR('',#169,8.611895633);
#171=LINE('',#168,#170);
#172=EDGE_CURVE('',#159,#167,#171,.T.);
#173=ORIENTED_EDGE('',*,*,#172,.T.);
#174=CARTESIAN_POINT('',(-1.,7.,-2.5));
#175=VERTEX_POINT('',#174);
#176=CARTESIAN_POINT('',(-1.,7.,16.5));
#177=DIRECTION('',(0.,0.,-1.));
#178=VECTOR('',#177,19.);
#179=LINE('',#176,#178);
#180=EDGE_CURVE('',#167,#175,#179,.T.);
#181=ORIENTED_EDGE('',*,*,#180,.T.);
#182=CARTESIAN_POINT('',(-0.979795897,7.,-2.5));
#183=VERTEX_POINT('',#182);
#184=CARTESIAN_POINT('',(-0.979795897,7.,-2.5));
#185=DIRECTION('',(-1.,-0.,0.));
#186=VECTOR('',#185,0.020204103);
#187=LINE('',#184,#186);
#188=EDGE_CURVE('',#183,#175,#187,.T.);
#189=ORIENTED_EDGE('',*,*,#188,.F.);
#190=CARTESIAN_POINT('',(-0.979795897,7.,5.5));
#191=VERTEX_POINT('',#190);
#192=CARTESIAN_POINT('',(-0.979795897,7.,5.5));
#193=DIRECTION('',(0.,0.,-1.));
#194=VECTOR('',#193,8.);
#195=LINE('',#192,#194);
#196=EDGE_CURVE('',#191,#183,#195,.T.);
#197=ORIENTED_EDGE('',*,*,#196,.F.);
#198=CARTESIAN_POINT('',(0.979795897,7.,5.5));
#199=VERTEX_POINT('',#198);
#200=CARTESIAN_POINT('',(0.979795897,7.,5.5));
#201=DIRECTION('',(-1.,-0.,0.));
#202=VECTOR('',#201,1.959591794);
#203=LINE('',#200,#202);
#204=EDGE_CURVE('',#199,#191,#203,.T.);
#205=ORIENTED_EDGE('',*,*,#204,.F.);
#206=CARTESIAN_POINT('',(3.5,7.,5.5));
#207=VERTEX_POINT('',#206);
#208=CARTESIAN_POINT('',(3.5,7.,5.5));
#209=DIRECTION('',(-1.,-0.,0.));
#210=VECTOR('',#209,2.520204103);
#211=LINE('',#208,#210);
#212=EDGE_CURVE('',#207,#199,#211,.T.);
#213=ORIENTED_EDGE('',*,*,#212,.F.);
#214=CARTESIAN_POINT('',(3.5,7.,-2.5));
#215=VERTEX_POINT('',#214);
#216=CARTESIAN_POINT('',(3.5,7.,5.5));
#217=DIRECTION('',(-0.,-0.,-1.));
#218=VECTOR('',#217,8.);
#219=LINE('',#216,#218);
#220=EDGE_CURVE('',#207,#215,#219,.T.);
#221=ORIENTED_EDGE('',*,*,#220,.T.);
#222=CARTESIAN_POINT('',(58.9,7.,-2.5));
#223=VERTEX_POINT('',#222);
#224=CARTESIAN_POINT('',(58.9,7.,-2.5));
#225=DIRECTION('',(-1.,-0.,0.));
#226=VECTOR('',#225,55.4);
#227=LINE('',#224,#226);
#228=EDGE_CURVE('',#223,#215,#227,.T.);
#229=ORIENTED_EDGE('',*,*,#228,.F.);
#230=CARTESIAN_POINT('',(58.9,7.,5.5));
#231=VERTEX_POINT('',#230);
#232=CARTESIAN_POINT('',(58.9,7.,-2.5));
#233=DIRECTION('',(0.,0.,1.));
#234=VECTOR('',#233,8.);
#235=LINE('',#232,#234);
#236=EDGE_CURVE('',#223,#231,#235,.T.);
#237=ORIENTED_EDGE('',*,*,#236,.T.);
#238=CARTESIAN_POINT('',(61.420204103,7.,5.5));
#239=VERTEX_POINT('',#238);
#240=CARTESIAN_POINT('',(61.420204103,7.,5.5));
#241=DIRECTION('',(-1.,-0.,0.));
#242=VECTOR('',#241,2.520204103);
#243=LINE('',#240,#242);
#244=EDGE_CURVE('',#239,#231,#243,.T.);
#245=ORIENTED_EDGE('',*,*,#244,.F.);
#246=CARTESIAN_POINT('',(63.379795897,7.,5.5));
#247=VERTEX_POINT('',#246);
#248=CARTESIAN_POINT('',(63.379795897,7.,5.5));
#249=DIRECTION('',(-1.,0.,0.));
#250=VECTOR('',#249,1.959591794);
#251=LINE('',#248,#250);
#252=EDGE_CURVE('',#247,#239,#251,.T.);
#253=ORIENTED_EDGE('',*,*,#252,.F.);
#254=CARTESIAN_POINT('',(63.379795897,7.,-2.5));
#255=VERTEX_POINT('',#254);
#256=CARTESIAN_POINT('',(63.379795897,7.,5.5));
#257=DIRECTION('',(0.,0.,-1.));
#258=VECTOR('',#257,8.);
#259=LINE('',#256,#258);
#260=EDGE_CURVE('',#247,#255,#259,.T.);
#261=ORIENTED_EDGE('',*,*,#260,.T.);
#262=CARTESIAN_POINT('',(63.4,7.,-2.5));
#263=VERTEX_POINT('',#262);
#264=CARTESIAN_POINT('',(63.4,7.,-2.5));
#265=DIRECTION('',(-1.,-0.,0.));
#266=VECTOR('',#265,0.020204103);
#267=LINE('',#264,#266);
#268=EDGE_CURVE('',#263,#255,#267,.T.);
#269=ORIENTED_EDGE('',*,*,#268,.F.);
#270=CARTESIAN_POINT('',(63.4,7.,16.5));
#271=VERTEX_POINT('',#270);
#272=CARTESIAN_POINT('',(63.4,7.,16.5));
#273=DIRECTION('',(0.,0.,-1.));
#274=VECTOR('',#273,19.);
#275=LINE('',#272,#274);
#276=EDGE_CURVE('',#271,#263,#275,.T.);
#277=ORIENTED_EDGE('',*,*,#276,.F.);
#278=CARTESIAN_POINT('',(48.388104367,7.,16.5));
#279=VERTEX_POINT('',#278);
#280=CARTESIAN_POINT('',(63.4,7.,16.5));
#281=DIRECTION('',(-1.,-0.,0.));
#282=VECTOR('',#281,15.011895633);
#283=LINE('',#280,#282);
#284=EDGE_CURVE('',#271,#279,#283,.T.);
#285=ORIENTED_EDGE('',*,*,#284,.T.);
#286=CARTESIAN_POINT('',(48.388104367,7.,13.5));
#287=VERTEX_POINT('',#286);
#288=CARTESIAN_POINT('',(48.388104367,7.,16.5));
#289=DIRECTION('',(-0.,-0.,-1.));
#290=VECTOR('',#289,3.);
#291=LINE('',#288,#290);
#292=EDGE_CURVE('',#279,#287,#291,.T.);
#293=ORIENTED_EDGE('',*,*,#292,.T.);
#294=CARTESIAN_POINT('',(47.611895633,7.,13.5));
#295=VERTEX_POINT('',#294);
#296=CARTESIAN_POINT('',(47.611895633,7.,13.5));
#297=DIRECTION('',(1.,0.,0.));
#298=VECTOR('',#297,0.776208735);
#299=LINE('',#296,#298);
#300=EDGE_CURVE('',#295,#287,#299,.T.);
#301=ORIENTED_EDGE('',*,*,#300,.F.);
#302=CARTESIAN_POINT('',(47.611895633,7.,16.5));
#303=VERTEX_POINT('',#302);
#304=CARTESIAN_POINT('',(47.611895633,7.,13.5));
#305=DIRECTION('',(0.,0.,1.));
#306=VECTOR('',#305,3.);
#307=LINE('',#304,#306);
#308=EDGE_CURVE('',#295,#303,#307,.T.);
#309=ORIENTED_EDGE('',*,*,#308,.T.);
#310=CARTESIAN_POINT('',(41.7,7.,16.5));
#311=VERTEX_POINT('',#310);
#312=CARTESIAN_POINT('',(47.611895633,7.,16.5));
#313=DIRECTION('',(-1.,-0.,0.));
#314=VECTOR('',#313,5.911895633);
#315=LINE('',#312,#314);
#316=EDGE_CURVE('',#303,#311,#315,.T.);
#317=ORIENTED_EDGE('',*,*,#316,.T.);
#318=CARTESIAN_POINT('',(41.7,7.,18.5));
#319=VERTEX_POINT('',#318);
#320=CARTESIAN_POINT('',(41.7,7.,18.5));
#321=DIRECTION('',(0.,0.,-1.));
#322=VECTOR('',#321,2.);
#323=LINE('',#320,#322);
#324=EDGE_CURVE('',#319,#311,#323,.T.);
#325=ORIENTED_EDGE('',*,*,#324,.F.);
#326=CARTESIAN_POINT('',(20.7,7.,18.5));
#327=VERTEX_POINT('',#326);
#328=CARTESIAN_POINT('',(41.7,7.,18.5));
#329=DIRECTION('',(-1.,-0.,0.));
#330=VECTOR('',#329,21.);
#331=LINE('',#328,#330);
#332=EDGE_CURVE('',#319,#327,#331,.T.);
#333=ORIENTED_EDGE('',*,*,#332,.T.);
#334=CARTESIAN_POINT('',(20.7,7.,18.5));
#335=DIRECTION('',(0.,0.,-1.));
#336=VECTOR('',#335,2.);
#337=LINE('',#334,#336);
#338=EDGE_CURVE('',#327,#133,#337,.T.);
#339=ORIENTED_EDGE('',*,*,#338,.T.);
#340=EDGE_LOOP('',(#141,#149,#157,#165,#173,#181,#189,#197,#205,#213,#221,#229,#237,#245,#253,#261,#269,#277,#285,#293,#301,#309,#317,#325,#333,#339));
#341=FACE_BOUND('',#340,.T.);
#342=ADVANCED_FACE('',(#51,#71,#91,#111,#131,#341),#31,.T.);
#343=CARTESIAN_POINT('',(11.,2.1,13.5));
#344=DIRECTION('',(-1.,0.,0.));
#345=DIRECTION('',(0.,0.,1.));
#346=AXIS2_PLACEMENT_3D('',#343,#344,#345);
#347=PLANE('',#346);
#348=CARTESIAN_POINT('',(11.,3.611895633,16.5));
#349=VERTEX_POINT('',#348);
#350=CARTESIAN_POINT('',(11.,3.611895633,13.5));
#351=VERTEX_POINT('',#350);
#352=CARTESIAN_POINT('',(11.,3.611895633,16.5));
#353=DIRECTION('',(-0.,-0.,-1.));
#354=VECTOR('',#353,3.);
#355=LINE('',#352,#354);
#356=EDGE_CURVE('',#349,#351,#355,.T.);
#357=ORIENTED_EDGE('',*,*,#356,.F.);
#358=CARTESIAN_POINT('',(11.,0.2,16.5));
#359=VERTEX_POINT('',#358);
#360=CARTESIAN_POINT('',(11.,3.611895633,16.5));
#361=DIRECTION('',(0.,-1.,0.));
#362=VECTOR('',#361,3.411895633);
#363=LINE('',#360,#362);
#364=EDGE_CURVE('',#349,#359,#363,.T.);
#365=ORIENTED_EDGE('',*,*,#364,.T.);
#366=CARTESIAN_POINT('',(11.,0.2,13.5));
#367=VERTEX_POINT('',#366);
#368=CARTESIAN_POINT('',(11.,0.2,13.5));
#369=DIRECTION('',(0.,0.,1.));
#370=VECTOR('',#369,3.);
#371=LINE('',#368,#370);
#372=EDGE_CURVE('',#367,#359,#371,.T.);
#373=ORIENTED_EDGE('',*,*,#372,.F.);
#374=CARTESIAN_POINT('',(11.,3.611895633,13.5));
#375=DIRECTION('',(0.,-1.,0.));
#376=VECTOR('',#375,3.411895633);
#377=LINE('',#374,#376);
#378=EDGE_CURVE('',#351,#367,#377,.T.);
#379=ORIENTED_EDGE('',*,*,#378,.F.);
#380=EDGE_LOOP('',(#357,#365,#373,#379));
#381=FACE_BOUND('',#380,.T.);
#382=ADVANCED_FACE('',(#381),#347,.F.);
#383=CARTESIAN_POINT('',(5.,2.1,13.5));
#384=DIRECTION('',(-1.,0.,0.));
#385=DIRECTION('',(0.,0.,1.));
#386=AXIS2_PLACEMENT_3D('',#383,#384,#385);
#387=PLANE('',#386);
#388=CARTESIAN_POINT('',(5.,3.611895633,16.5));
#389=VERTEX_POINT('',#388);
#390=CARTESIAN_POINT('',(5.,0.2,16.5));
#391=VERTEX_POINT('',#390);
#392=CARTESIAN_POINT('',(5.,3.611895633,16.5));
#393=DIRECTION('',(0.,-1.,0.));
#394=VECTOR('',#393,3.411895633);
#395=LINE('',#392,#394);
#396=EDGE_CURVE('',#389,#391,#395,.T.);
#397=ORIENTED_EDGE('',*,*,#396,.F.);
#398=CARTESIAN_POINT('',(5.,3.611895633,13.5));
#399=VERTEX_POINT('',#398);
#400=CARTESIAN_POINT('',(5.,3.611895633,16.5));
#401=DIRECTION('',(-0.,-0.,-1.));
#402=VECTOR('',#401,3.);
#403=LINE('',#400,#402);
#404=EDGE_CURVE('',#389,#399,#403,.T.);
#405=ORIENTED_EDGE('',*,*,#404,.T.);
#406=CARTESIAN_POINT('',(5.,0.2,13.5));
#407=VERTEX_POINT('',#406);
#408=CARTESIAN_POINT('',(5.,3.611895633,13.5));
#409=DIRECTION('',(0.,-1.,0.));
#410=VECTOR('',#409,3.411895633);
#411=LINE('',#408,#410);
#412=EDGE_CURVE('',#399,#407,#411,.T.);
#413=ORIENTED_EDGE('',*,*,#412,.T.);
#414=CARTESIAN_POINT('',(5.,0.2,13.5));
#415=DIRECTION('',(0.,0.,1.));
#416=VECTOR('',#415,3.);
#417=LINE('',#414,#416);
#418=EDGE_CURVE('',#407,#391,#417,.T.);
#419=ORIENTED_EDGE('',*,*,#418,.T.);
#420=EDGE_LOOP('',(#397,#405,#413,#419));
#421=FACE_BOUND('',#420,.T.);
#422=ADVANCED_FACE('',(#421),#387,.T.);
#423=CARTESIAN_POINT('',(51.,2.1,13.5));
#424=DIRECTION('',(-1.,0.,0.));
#425=DIRECTION('',(0.,0.,1.));
#426=AXIS2_PLACEMENT_3D('',#423,#424,#425);
#427=PLANE('',#426);
#428=CARTESIAN_POINT('',(51.,3.611895633,16.5));
#429=VERTEX_POINT('',#428);
#430=CARTESIAN_POINT('',(51.,3.611895633,13.5));
#431=VERTEX_POINT('',#430);
#432=CARTESIAN_POINT('',(51.,3.611895633,16.5));
#433=DIRECTION('',(-0.,-0.,-1.));
#434=VECTOR('',#433,3.);
#435=LINE('',#432,#434);
#436=EDGE_CURVE('',#429,#431,#435,.T.);
#437=ORIENTED_EDGE('',*,*,#436,.F.);
#438=CARTESIAN_POINT('',(51.,0.2,16.5));
#439=VERTEX_POINT('',#438);
#440=CARTESIAN_POINT('',(51.,3.611895633,16.5));
#441=DIRECTION('',(0.,-1.,0.));
#442=VECTOR('',#441,3.411895633);
#443=LINE('',#440,#442);
#444=EDGE_CURVE('',#429,#439,#443,.T.);
#445=ORIENTED_EDGE('',*,*,#444,.T.);
#446=CARTESIAN_POINT('',(51.,0.2,13.5));
#447=VERTEX_POINT('',#446);
#448=CARTESIAN_POINT('',(51.,0.2,13.5));
#449=DIRECTION('',(0.,0.,1.));
#450=VECTOR('',#449,3.);
#451=LINE('',#448,#450);
#452=EDGE_CURVE('',#447,#439,#451,.T.);
#453=ORIENTED_EDGE('',*,*,#452,.F.);
#454=CARTESIAN_POINT('',(51.,3.611895633,13.5));
#455=DIRECTION('',(0.,-1.,0.));
#456=VECTOR('',#455,3.411895633);
#457=LINE('',#454,#456);
#458=EDGE_CURVE('',#431,#447,#457,.T.);
#459=ORIENTED_EDGE('',*,*,#458,.F.);
#460=EDGE_LOOP('',(#437,#445,#453,#459));
#461=FACE_BOUND('',#460,.T.);
#462=ADVANCED_FACE('',(#461),#427,.F.);
#463=CARTESIAN_POINT('',(45.,2.1,13.5));
#464=DIRECTION('',(-1.,0.,0.));
#465=DIRECTION('',(0.,0.,1.));
#466=AXIS2_PLACEMENT_3D('',#463,#464,#465);
#467=PLANE('',#466);
#468=CARTESIAN_POINT('',(45.,3.611895633,16.5));
#469=VERTEX_POINT('',#468);
#470=CARTESIAN_POINT('',(45.,0.2,16.5));
#471=VERTEX_POINT('',#470);
#472=CARTESIAN_POINT('',(45.,3.611895633,16.5));
#473=DIRECTION('',(0.,-1.,0.));
#474=VECTOR('',#473,3.411895633);
#475=LINE('',#472,#474);
#476=EDGE_CURVE('',#469,#471,#475,.T.);
#477=ORIENTED_EDGE('',*,*,#476,.F.);
#478=CARTESIAN_POINT('',(45.,3.611895633,13.5));
#479=VERTEX_POINT('',#478);
#480=CARTESIAN_POINT('',(45.,3.611895633,16.5));
#481=DIRECTION('',(-0.,-0.,-1.));
#482=VECTOR('',#481,3.);
#483=LINE('',#480,#482);
#484=EDGE_CURVE('',#469,#479,#483,.T.);
#485=ORIENTED_EDGE('',*,*,#484,.T.);
#486=CARTESIAN_POINT('',(45.,0.2,13.5));
#487=VERTEX_POINT('',#486);
#488=CARTESIAN_POINT('',(45.,3.611895633,13.5));
#489=DIRECTION('',(0.,-1.,0.));
#490=VECTOR('',#489,3.411895633);
#491=LINE('',#488,#490);
#492=EDGE_CURVE('',#479,#487,#491,.T.);
#493=ORIENTED_EDGE('',*,*,#492,.T.);
#494=CARTESIAN_POINT('',(45.,0.2,13.5));
#495=DIRECTION('',(0.,0.,1.));
#496=VECTOR('',#495,3.);
#497=LINE('',#494,#496);
#498=EDGE_CURVE('',#487,#471,#497,.T.);
#499=ORIENTED_EDGE('',*,*,#498,.T.);
#500=EDGE_LOOP('',(#477,#485,#493,#499));
#501=FACE_BOUND('',#500,.T.);
#502=ADVANCED_FACE('',(#501),#467,.T.);
#503=CARTESIAN_POINT('',(0.,0.,-2.5));
#504=DIRECTION('',(0.,0.,1.));
#505=DIRECTION('',(-1.,0.,0.));
#506=AXIS2_PLACEMENT_3D('',#503,#504,#505);
#507=PLANE('',#506);
#508=CARTESIAN_POINT('',(63.4,2.5,-2.5));
#509=VERTEX_POINT('',#508);
#510=CARTESIAN_POINT('',(63.4,-41.2,-2.5));
#511=VERTEX_POINT('',#510);
#512=CARTESIAN_POINT('',(63.4,2.5,-2.5));
#513=DIRECTION('',(0.,-1.,0.));
#514=VECTOR('',#513,43.7);
#515=LINE('',#512,#514);
#516=EDGE_CURVE('',#509,#511,#515,.T.);
#517=ORIENTED_EDGE('',*,*,#516,.F.);
#518=CARTESIAN_POINT('',(62.4,3.5,-2.5));
#519=VERTEX_POINT('',#518);
#520=CARTESIAN_POINT('',(62.4,2.5,-2.5));
#521=DIRECTION('',(0.,0.,1.));
#522=DIRECTION('',(1.,0.,-0.));
#523=AXIS2_PLACEMENT_3D('',#520,#521,#522);
#524=CIRCLE('',#523,1.);
#525=EDGE_CURVE('',#509,#519,#524,.T.);
#526=ORIENTED_EDGE('',*,*,#525,.T.);
#527=CARTESIAN_POINT('',(59.9,6.,-2.5));
#528=VERTEX_POINT('',#527);
#529=CARTESIAN_POINT('',(62.4,6.,-2.5));
#530=DIRECTION('',(0.,0.,-1.));
#531=DIRECTION('',(0.,1.,0.));
#532=AXIS2_PLACEMENT_3D('',#529,#530,#531);
#533=CIRCLE('',#532,2.5);
#534=EDGE_CURVE('',#519,#528,#533,.T.);
#535=ORIENTED_EDGE('',*,*,#534,.T.);
#536=CARTESIAN_POINT('',(58.9,6.,-2.5));
#537=DIRECTION('',(0.,0.,1.));
#538=DIRECTION('',(1.,0.,-0.));
#539=AXIS2_PLACEMENT_3D('',#536,#537,#538);
#540=CIRCLE('',#539,1.);
#541=EDGE_CURVE('',#528,#223,#540,.T.);
#542=ORIENTED_EDGE('',*,*,#541,.T.);
#543=ORIENTED_EDGE('',*,*,#228,.T.);
#544=CARTESIAN_POINT('',(2.5,6.,-2.5));
#545=VERTEX_POINT('',#544);
#546=CARTESIAN_POINT('',(3.5,6.,-2.5));
#547=DIRECTION('',(0.,0.,1.));
#548=DIRECTION('',(1.,0.,-0.));
#549=AXIS2_PLACEMENT_3D('',#546,#547,#548);
#550=CIRCLE('',#549,1.);
#551=EDGE_CURVE('',#215,#545,#550,.T.);
#552=ORIENTED_EDGE('',*,*,#551,.T.);
#553=CARTESIAN_POINT('',(-0.,3.5,-2.5));
#554=VERTEX_POINT('',#553);
#555=CARTESIAN_POINT('',(-0.,6.,-2.5));
#556=DIRECTION('',(0.,0.,-1.));
#557=DIRECTION('',(-0.,1.,0.));
#558=AXIS2_PLACEMENT_3D('',#555,#556,#557);
#559=CIRCLE('',#558,2.5);
#560=EDGE_CURVE('',#545,#554,#559,.T.);
#561=ORIENTED_EDGE('',*,*,#560,.T.);
#562=CARTESIAN_POINT('',(-1.,2.5,-2.5));
#563=VERTEX_POINT('',#562);
#564=CARTESIAN_POINT('',(-0.,2.5,-2.5));
#565=DIRECTION('',(0.,0.,1.));
#566=DIRECTION('',(1.,0.,-0.));
#567=AXIS2_PLACEMENT_3D('',#564,#565,#566);
#568=CIRCLE('',#567,1.);
#569=EDGE_CURVE('',#554,#563,#568,.T.);
#570=ORIENTED_EDGE('',*,*,#569,.T.);
#571=CARTESIAN_POINT('',(-1.,-41.741960108,-2.5));
#572=VERTEX_POINT('',#571);
#573=CARTESIAN_POINT('',(-1.,-41.741960108,-2.5));
#574=DIRECTION('',(0.,1.,0.));
#575=VECTOR('',#574,44.241960108);
#576=LINE('',#573,#575);
#577=EDGE_CURVE('',#572,#563,#576,.T.);
#578=ORIENTED_EDGE('',*,*,#577,.F.);
#579=CARTESIAN_POINT('',(-0.416666667,-42.234966757,-2.5));
#580=VERTEX_POINT('',#579);
#581=CARTESIAN_POINT('',(-0.5,-41.741960108,-2.5));
#582=DIRECTION('',(0.,0.,1.));
#583=DIRECTION('',(1.,0.,-0.));
#584=AXIS2_PLACEMENT_3D('',#581,#582,#583);
#585=CIRCLE('',#584,0.5);
#586=EDGE_CURVE('',#572,#580,#585,.T.);
#587=ORIENTED_EDGE('',*,*,#586,.T.);
#588=CARTESIAN_POINT('',(-0.090160353,-42.201626307,-2.5));
#589=VERTEX_POINT('',#588);
#590=CARTESIAN_POINT('',(-0.,-44.7,-2.5));
#591=DIRECTION('',(0.,0.,-1.));
#592=DIRECTION('',(-0.,1.,0.));
#593=AXIS2_PLACEMENT_3D('',#590,#591,#592);
#594=CIRCLE('',#593,2.5);
#595=EDGE_CURVE('',#580,#589,#594,.T.);
#596=ORIENTED_EDGE('',*,*,#595,.T.);
#597=CARTESIAN_POINT('',(1.00000254,-42.90008382,-2.5));
#598=VERTEX_POINT('',#597);
#599=CARTESIAN_POINT('',(1.00000254,-41.70008382,-2.5));
#600=DIRECTION('',(0.,0.,-1.));
#601=DIRECTION('',(-1.,0.,0.));
#602=AXIS2_PLACEMENT_3D('',#599,#600,#601);
#603=CIRCLE('',#602,1.2);
#604=EDGE_CURVE('',#598,#589,#603,.T.);
#605=ORIENTED_EDGE('',*,*,#604,.F.);
#606=CARTESIAN_POINT('',(1.735022117,-42.90008382,-2.5));
#607=VERTEX_POINT('',#606);
#608=CARTESIAN_POINT('',(1.735022117,-42.90008382,-2.5));
#609=DIRECTION('',(-1.,-0.,0.));
#610=VECTOR('',#609,0.735019577);
#611=LINE('',#608,#610);
#612=EDGE_CURVE('',#607,#598,#611,.T.);
#613=ORIENTED_EDGE('',*,*,#612,.F.);
#614=CARTESIAN_POINT('',(2.5,-44.7,-2.5));
#615=VERTEX_POINT('',#614);
#616=CARTESIAN_POINT('',(-0.,-44.7,-2.5));
#617=DIRECTION('',(0.,0.,-1.));
#618=DIRECTION('',(-0.,1.,0.));
#619=AXIS2_PLACEMENT_3D('',#616,#617,#618);
#620=CIRCLE('',#619,2.5);
#621=EDGE_CURVE('',#607,#615,#620,.T.);
#622=ORIENTED_EDGE('',*,*,#621,.T.);
#623=CARTESIAN_POINT('',(3.5,-45.7,-2.5));
#624=VERTEX_POINT('',#623);
#625=CARTESIAN_POINT('',(3.5,-44.7,-2.5));
#626=DIRECTION('',(0.,0.,1.));
#627=DIRECTION('',(1.,0.,-0.));
#628=AXIS2_PLACEMENT_3D('',#625,#626,#627);
#629=CIRCLE('',#628,1.);
#630=EDGE_CURVE('',#615,#624,#629,.T.);
#631=ORIENTED_EDGE('',*,*,#630,.T.);
#632=CARTESIAN_POINT('',(58.9,-45.7,-2.5));
#633=VERTEX_POINT('',#632);
#634=CARTESIAN_POINT('',(58.9,-45.7,-2.5));
#635=DIRECTION('',(-1.,0.,0.));
#636=VECTOR('',#635,55.4);
#637=LINE('',#634,#636);
#638=EDGE_CURVE('',#633,#624,#637,.T.);
#639=ORIENTED_EDGE('',*,*,#638,.F.);
#640=CARTESIAN_POINT('',(59.9,-44.7,-2.5));
#641=VERTEX_POINT('',#640);
#642=CARTESIAN_POINT('',(58.9,-44.7,-2.5));
#643=DIRECTION('',(0.,0.,1.));
#644=DIRECTION('',(1.,0.,-0.));
#645=AXIS2_PLACEMENT_3D('',#642,#643,#644);
#646=CIRCLE('',#645,1.);
#647=EDGE_CURVE('',#633,#641,#646,.T.);
#648=ORIENTED_EDGE('',*,*,#647,.T.);
#649=CARTESIAN_POINT('',(62.4,-42.2,-2.5));
#650=VERTEX_POINT('',#649);
#651=CARTESIAN_POINT('',(62.4,-44.7,-2.5));
#652=DIRECTION('',(0.,0.,-1.));
#653=DIRECTION('',(0.,1.,0.));
#654=AXIS2_PLACEMENT_3D('',#651,#652,#653);
#655=CIRCLE('',#654,2.5);
#656=EDGE_CURVE('',#641,#650,#655,.T.);
#657=ORIENTED_EDGE('',*,*,#656,.T.);
#658=CARTESIAN_POINT('',(62.4,-41.2,-2.5));
#659=DIRECTION('',(0.,0.,1.));
#660=DIRECTION('',(1.,0.,-0.));
#661=AXIS2_PLACEMENT_3D('',#658,#659,#660);
#662=CIRCLE('',#661,1.);
#663=EDGE_CURVE('',#650,#511,#662,.T.);
#664=ORIENTED_EDGE('',*,*,#663,.T.);
#665=EDGE_LOOP('',(#517,#526,#535,#542,#543,#552,#561,#570,#578,#587,#596,#605,#613,#622,#631,#639,#648,#657,#664));
#666=FACE_BOUND('',#665,.T.);
#667=CARTESIAN_POINT('',(-3.,7.,-2.5));
#668=VERTEX_POINT('',#667);
#669=CARTESIAN_POINT('',(-3.,-45.7,-2.5));
#670=VERTEX_POINT('',#669);
#671=CARTESIAN_POINT('',(-3.,7.,-2.5));
#672=DIRECTION('',(0.,-1.,0.));
#673=VECTOR('',#672,52.7);
#674=LINE('',#671,#673);
#675=EDGE_CURVE('',#668,#670,#674,.T.);
#676=ORIENTED_EDGE('',*,*,#675,.F.);
#677=CARTESIAN_POINT('',(-1.,9.,-2.5));
#678=VERTEX_POINT('',#677);
#679=CARTESIAN_POINT('',(-1.,7.,-2.5));
#680=DIRECTION('',(-0.,-0.,-1.));
#681=DIRECTION('',(1.,0.,-0.));
#682=AXIS2_PLACEMENT_3D('',#679,#680,#681);
#683=CIRCLE('',#682,2.);
#684=EDGE_CURVE('',#668,#678,#683,.T.);
#685=ORIENTED_EDGE('',*,*,#684,.T.);
#686=CARTESIAN_POINT('',(63.4,9.,-2.5));
#687=VERTEX_POINT('',#686);
#688=CARTESIAN_POINT('',(63.4,9.,-2.5));
#689=DIRECTION('',(-1.,0.,0.));
#690=VECTOR('',#689,64.4);
#691=LINE('',#688,#690);
#692=EDGE_CURVE('',#687,#678,#691,.T.);
#693=ORIENTED_EDGE('',*,*,#692,.F.);
#694=CARTESIAN_POINT('',(65.4,7.,-2.5));
#695=VERTEX_POINT('',#694);
#696=CARTESIAN_POINT('',(63.4,7.,-2.5));
#697=DIRECTION('',(-0.,-0.,-1.));
#698=DIRECTION('',(1.,0.,-0.));
#699=AXIS2_PLACEMENT_3D('',#696,#697,#698);
#700=CIRCLE('',#699,2.);
#701=EDGE_CURVE('',#687,#695,#700,.T.);
#702=ORIENTED_EDGE('',*,*,#701,.T.);
#703=CARTESIAN_POINT('',(65.4,-45.7,-2.5));
#704=VERTEX_POINT('',#703);
#705=CARTESIAN_POINT('',(65.4,-45.7,-2.5));
#706=DIRECTION('',(0.,1.,0.));
#707=VECTOR('',#706,52.7);
#708=LINE('',#705,#707);
#709=EDGE_CURVE('',#704,#695,#708,.T.);
#710=ORIENTED_EDGE('',*,*,#709,.F.);
#711=CARTESIAN_POINT('',(63.4,-47.7,-2.5));
#712=VERTEX_POINT('',#711);
#713=CARTESIAN_POINT('',(63.4,-45.7,-2.5));
#714=DIRECTION('',(-0.,-0.,-1.));
#715=DIRECTION('',(1.,0.,-0.));
#716=AXIS2_PLACEMENT_3D('',#713,#714,#715);
#717=CIRCLE('',#716,2.);
#718=EDGE_CURVE('',#704,#712,#717,.T.);
#719=ORIENTED_EDGE('',*,*,#718,.T.);
#720=CARTESIAN_POINT('',(-1.,-47.7,-2.5));
#721=VERTEX_POINT('',#720);
#722=CARTESIAN_POINT('',(-1.,-47.7,-2.5));
#723=DIRECTION('',(1.,0.,-0.));
#724=VECTOR('',#723,64.4);
#725=LINE('',#722,#724);
#726=EDGE_CURVE('',#721,#712,#725,.T.);
#727=ORIENTED_EDGE('',*,*,#726,.F.);
#728=CARTESIAN_POINT('',(-1.,-45.7,-2.5));
#729=DIRECTION('',(-0.,-0.,-1.));
#730=DIRECTION('',(1.,0.,-0.));
#731=AXIS2_PLACEMENT_3D('',#728,#729,#730);
#732=CIRCLE('',#731,2.);
#733=EDGE_CURVE('',#721,#670,#732,.T.);
#734=ORIENTED_EDGE('',*,*,#733,.T.);
#735=EDGE_LOOP('',(#676,#685,#693,#702,#710,#719,#727,#734));
#736=FACE_BOUND('',#735,.T.);
#737=CARTESIAN_POINT('',(-1.,6.979795897,-2.5));
#738=VERTEX_POINT('',#737);
#739=CARTESIAN_POINT('',(-1.,6.979795897,-2.5));
#740=DIRECTION('',(0.,1.,0.));
#741=VECTOR('',#740,0.020204103);
#742=LINE('',#739,#741);
#743=EDGE_CURVE('',#738,#175,#742,.T.);
#744=ORIENTED_EDGE('',*,*,#743,.F.);
#745=CARTESIAN_POINT('',(-1.4,6.,-2.5));
#746=VERTEX_POINT('',#745);
#747=CARTESIAN_POINT('',(-0.,6.,-2.5));
#748=DIRECTION('',(0.,0.,-1.));
#749=DIRECTION('',(-0.,1.,0.));
#750=AXIS2_PLACEMENT_3D('',#747,#748,#749);
#751=CIRCLE('',#750,1.4);
#752=EDGE_CURVE('',#746,#738,#751,.T.);
#753=ORIENTED_EDGE('',*,*,#752,.F.);
#754=CARTESIAN_POINT('',(-0.,6.,-2.5));
#755=DIRECTION('',(0.,0.,-1.));
#756=DIRECTION('',(-0.,1.,0.));
#757=AXIS2_PLACEMENT_3D('',#754,#755,#756);
#758=CIRCLE('',#757,1.4);
#759=EDGE_CURVE('',#183,#746,#758,.T.);
#760=ORIENTED_EDGE('',*,*,#759,.F.);
#761=ORIENTED_EDGE('',*,*,#188,.T.);
#762=EDGE_LOOP('',(#744,#753,#760,#761));
#763=FACE_BOUND('',#762,.T.);
#764=CARTESIAN_POINT('',(-1.4,-44.7,-2.5));
#765=VERTEX_POINT('',#764);
#766=CARTESIAN_POINT('',(-0.979795897,-45.7,-2.5));
#767=VERTEX_POINT('',#766);
#768=CARTESIAN_POINT('',(-0.,-44.7,-2.5));
#769=DIRECTION('',(0.,0.,-1.));
#770=DIRECTION('',(-0.,1.,0.));
#771=AXIS2_PLACEMENT_3D('',#768,#769,#770);
#772=CIRCLE('',#771,1.4);
#773=EDGE_CURVE('',#765,#767,#772,.T.);
#774=ORIENTED_EDGE('',*,*,#773,.F.);
#775=CARTESIAN_POINT('',(-1.,-45.679795897,-2.5));
#776=VERTEX_POINT('',#775);
#777=CARTESIAN_POINT('',(-0.,-44.7,-2.5));
#778=DIRECTION('',(0.,0.,-1.));
#779=DIRECTION('',(-0.,1.,0.));
#780=AXIS2_PLACEMENT_3D('',#777,#778,#779);
#781=CIRCLE('',#780,1.4);
#782=EDGE_CURVE('',#776,#765,#781,.T.);
#783=ORIENTED_EDGE('',*,*,#782,.F.);
#784=CARTESIAN_POINT('',(-1.,-45.7,-2.5));
#785=VERTEX_POINT('',#784);
#786=CARTESIAN_POINT('',(-1.,-45.7,-2.5));
#787=DIRECTION('',(0.,1.,0.));
#788=VECTOR('',#787,0.020204103);
#789=LINE('',#786,#788);
#790=EDGE_CURVE('',#785,#776,#789,.T.);
#791=ORIENTED_EDGE('',*,*,#790,.F.);
#792=CARTESIAN_POINT('',(-0.979795897,-45.7,-2.5));
#793=DIRECTION('',(-1.,0.,0.));
#794=VECTOR('',#793,0.020204103);
#795=LINE('',#792,#794);
#796=EDGE_CURVE('',#767,#785,#795,.T.);
#797=ORIENTED_EDGE('',*,*,#796,.F.);
#798=EDGE_LOOP('',(#774,#783,#791,#797));
#799=FACE_BOUND('',#798,.T.);
#800=CARTESIAN_POINT('',(63.4,-45.679795897,-2.5));
#801=VERTEX_POINT('',#800);
#802=CARTESIAN_POINT('',(63.4,-45.7,-2.5));
#803=VERTEX_POINT('',#802);
#804=CARTESIAN_POINT('',(63.4,-45.679795897,-2.5));
#805=DIRECTION('',(0.,-1.,0.));
#806=VECTOR('',#805,0.020204103);
#807=LINE('',#804,#806);
#808=EDGE_CURVE('',#801,#803,#807,.T.);
#809=ORIENTED_EDGE('',*,*,#808,.F.);
#810=CARTESIAN_POINT('',(61.,-44.7,-2.5));
#811=VERTEX_POINT('',#810);
#812=CARTESIAN_POINT('',(62.4,-44.7,-2.5));
#813=DIRECTION('',(0.,0.,-1.));
#814=DIRECTION('',(0.,1.,0.));
#815=AXIS2_PLACEMENT_3D('',#812,#813,#814);
#816=CIRCLE('',#815,1.4);
#817=EDGE_CURVE('',#811,#801,#816,.T.);
#818=ORIENTED_EDGE('',*,*,#817,.F.);
#819=CARTESIAN_POINT('',(63.379795897,-45.7,-2.5));
#820=VERTEX_POINT('',#819);
#821=CARTESIAN_POINT('',(62.4,-44.7,-2.5));
#822=DIRECTION('',(0.,0.,-1.));
#823=DIRECTION('',(0.,1.,0.));
#824=AXIS2_PLACEMENT_3D('',#821,#822,#823);
#825=CIRCLE('',#824,1.4);
#826=EDGE_CURVE('',#820,#811,#825,.T.);
#827=ORIENTED_EDGE('',*,*,#826,.F.);
#828=CARTESIAN_POINT('',(63.4,-45.7,-2.5));
#829=DIRECTION('',(-1.,0.,0.));
#830=VECTOR('',#829,0.020204103);
#831=LINE('',#828,#830);
#832=EDGE_CURVE('',#803,#820,#831,.T.);
#833=ORIENTED_EDGE('',*,*,#832,.F.);
#834=EDGE_LOOP('',(#809,#818,#827,#833));
#835=FACE_BOUND('',#834,.T.);
#836=ORIENTED_EDGE('',*,*,#268,.T.);
#837=CARTESIAN_POINT('',(61.,6.,-2.5));
#838=VERTEX_POINT('',#837);
#839=CARTESIAN_POINT('',(62.4,6.,-2.5));
#840=DIRECTION('',(0.,0.,-1.));
#841=DIRECTION('',(0.,1.,0.));
#842=AXIS2_PLACEMENT_3D('',#839,#840,#841);
#843=CIRCLE('',#842,1.4);
#844=EDGE_CURVE('',#838,#255,#843,.T.);
#845=ORIENTED_EDGE('',*,*,#844,.F.);
#846=CARTESIAN_POINT('',(63.4,6.979795897,-2.5));
#847=VERTEX_POINT('',#846);
#848=CARTESIAN_POINT('',(62.4,6.,-2.5));
#849=DIRECTION('',(0.,0.,-1.));
#850=DIRECTION('',(0.,1.,0.));
#851=AXIS2_PLACEMENT_3D('',#848,#849,#850);
#852=CIRCLE('',#851,1.4);
#853=EDGE_CURVE('',#847,#838,#852,.T.);
#854=ORIENTED_EDGE('',*,*,#853,.F.);
#855=CARTESIAN_POINT('',(63.4,7.,-2.5));
#856=DIRECTION('',(0.,-1.,0.));
#857=VECTOR('',#856,0.020204103);
#858=LINE('',#855,#857);
#859=EDGE_CURVE('',#263,#847,#858,.T.);
#860=ORIENTED_EDGE('',*,*,#859,.F.);
#861=EDGE_LOOP('',(#836,#845,#854,#860));
#862=FACE_BOUND('',#861,.T.);
#863=ADVANCED_FACE('',(#666,#736,#763,#799,#835,#862),#507,.F.);
#864=CARTESIAN_POINT('',(63.4,5.,2.));
#865=DIRECTION('',(1.,0.,0.));
#866=DIRECTION('',(-0.,1.,0.));
#867=AXIS2_PLACEMENT_3D('',#864,#865,#866);
#868=PLANE('',#867);
#869=CARTESIAN_POINT('',(63.4,-0.03514097,-1.9138));
#870=VERTEX_POINT('',#869);
#871=CARTESIAN_POINT('',(63.4,-0.03514097,5.786156944));
#872=VERTEX_POINT('',#871);
#873=CARTESIAN_POINT('',(63.4,-0.03514097,-1.9138));
#874=DIRECTION('',(0.,0.,1.));
#875=VECTOR('',#874,7.699956944);
#876=LINE('',#873,#875);
#877=EDGE_CURVE('',#870,#872,#876,.T.);
#878=ORIENTED_EDGE('',*,*,#877,.T.);
#879=CARTESIAN_POINT('',(63.4,-2.33514097,8.086156944));
#880=VERTEX_POINT('',#879);
#881=CARTESIAN_POINT('',(63.4,-2.33514097,5.786156944));
#882=DIRECTION('',(-1.,-0.,0.));
#883=DIRECTION('',(-0.,0.,1.));
#884=AXIS2_PLACEMENT_3D('',#881,#882,#883);
#885=CIRCLE('',#884,2.3);
#886=EDGE_CURVE('',#880,#872,#885,.T.);
#887=ORIENTED_EDGE('',*,*,#886,.F.);
#888=CARTESIAN_POINT('',(63.4,-11.63514097,8.086156944));
#889=VERTEX_POINT('',#888);
#890=CARTESIAN_POINT('',(63.4,-11.63514097,8.086156944));
#891=DIRECTION('',(-0.,1.,0.));
#892=VECTOR('',#891,9.3);
#893=LINE('',#890,#892);
#894=EDGE_CURVE('',#889,#880,#893,.T.);
#895=ORIENTED_EDGE('',*,*,#894,.F.);
#896=CARTESIAN_POINT('',(63.4,-13.93514097,5.786156944));
#897=VERTEX_POINT('',#896);
#898=CARTESIAN_POINT('',(63.4,-11.63514097,5.786156944));
#899=DIRECTION('',(-1.,-0.,0.));
#900=DIRECTION('',(0.,-1.,0.));
#901=AXIS2_PLACEMENT_3D('',#898,#899,#900);
#902=CIRCLE('',#901,2.3);
#903=EDGE_CURVE('',#897,#889,#902,.T.);
#904=ORIENTED_EDGE('',*,*,#903,.F.);
#905=CARTESIAN_POINT('',(63.4,-13.93514097,-1.9138));
#906=VERTEX_POINT('',#905);
#907=CARTESIAN_POINT('',(63.4,-13.93514097,5.786156944));
#908=DIRECTION('',(0.,0.,-1.));
#909=VECTOR('',#908,7.699956944);
#910=LINE('',#907,#909);
#911=EDGE_CURVE('',#897,#906,#910,.T.);
#912=ORIENTED_EDGE('',*,*,#911,.T.);
#913=CARTESIAN_POINT('',(63.4,-0.03514097,-1.9138));
#914=DIRECTION('',(0.,-1.,0.));
#915=VECTOR('',#914,13.9);
#916=LINE('',#913,#915);
#917=EDGE_CURVE('',#870,#906,#916,.T.);
#918=ORIENTED_EDGE('',*,*,#917,.F.);
#919=EDGE_LOOP('',(#878,#887,#895,#904,#912,#918));
#920=FACE_BOUND('',#919,.T.);
#921=CARTESIAN_POINT('',(63.4,-28.5,0.086154543));
#922=VERTEX_POINT('',#921);
#923=CARTESIAN_POINT('',(63.4,-28.5,10.828427125));
#924=VERTEX_POINT('',#923);
#925=CARTESIAN_POINT('',(63.4,-28.5,0.086154543));
#926=DIRECTION('',(0.,0.,1.));
#927=VECTOR('',#926,10.742272581);
#928=LINE('',#925,#927);
#929=EDGE_CURVE('',#922,#924,#928,.T.);
#930=ORIENTED_EDGE('',*,*,#929,.F.);
#931=CARTESIAN_POINT('',(63.4,-15.5,0.086154543));
#932=VERTEX_POINT('',#931);
#933=CARTESIAN_POINT('',(63.4,-28.5,0.086154543));
#934=DIRECTION('',(-0.,1.,0.));
#935=VECTOR('',#934,13.);
#936=LINE('',#933,#935);
#937=EDGE_CURVE('',#922,#932,#936,.T.);
#938=ORIENTED_EDGE('',*,*,#937,.T.);
#939=CARTESIAN_POINT('',(63.4,-15.5,10.828427125));
#940=VERTEX_POINT('',#939);
#941=CARTESIAN_POINT('',(63.4,-15.5,10.828427125));
#942=DIRECTION('',(0.,0.,-1.));
#943=VECTOR('',#942,10.742272581);
#944=LINE('',#941,#943);
#945=EDGE_CURVE('',#940,#932,#944,.T.);
#946=ORIENTED_EDGE('',*,*,#945,.F.);
#947=CARTESIAN_POINT('',(63.4,-15.5,10.828427125));
#948=DIRECTION('',(0.,-1.,0.));
#949=VECTOR('',#948,13.);
#950=LINE('',#947,#949);
#951=EDGE_CURVE('',#940,#924,#950,.T.);
#952=ORIENTED_EDGE('',*,*,#951,.T.);
#953=EDGE_LOOP('',(#930,#938,#946,#952));
#954=FACE_BOUND('',#953,.T.);
#955=CARTESIAN_POINT('',(63.4,6.979795897,5.5));
#956=VERTEX_POINT('',#955);
#957=CARTESIAN_POINT('',(63.4,6.979795897,5.5));
#958=DIRECTION('',(0.,0.,-1.));
#959=VECTOR('',#958,8.);
#960=LINE('',#957,#959);
#961=EDGE_CURVE('',#956,#847,#960,.T.);
#962=ORIENTED_EDGE('',*,*,#961,.F.);
#963=CARTESIAN_POINT('',(63.4,5.020204103,5.5));
#964=VERTEX_POINT('',#963);
#965=CARTESIAN_POINT('',(63.4,6.979795897,5.5));
#966=DIRECTION('',(0.,-1.,0.));
#967=VECTOR('',#966,1.959591794);
#968=LINE('',#965,#967);
#969=EDGE_CURVE('',#956,#964,#968,.T.);
#970=ORIENTED_EDGE('',*,*,#969,.T.);
#971=CARTESIAN_POINT('',(63.4,2.5,5.5));
#972=VERTEX_POINT('',#971);
#973=CARTESIAN_POINT('',(63.4,5.020204103,5.5));
#974=DIRECTION('',(0.,-1.,0.));
#975=VECTOR('',#974,2.520204103);
#976=LINE('',#973,#975);
#977=EDGE_CURVE('',#964,#972,#976,.T.);
#978=ORIENTED_EDGE('',*,*,#977,.T.);
#979=CARTESIAN_POINT('',(63.4,2.5,5.5));
#980=DIRECTION('',(0.,0.,-1.));
#981=VECTOR('',#980,8.);
#982=LINE('',#979,#981);
#983=EDGE_CURVE('',#972,#509,#982,.T.);
#984=ORIENTED_EDGE('',*,*,#983,.T.);
#985=ORIENTED_EDGE('',*,*,#516,.T.);
#986=CARTESIAN_POINT('',(63.4,-41.2,5.5));
#987=VERTEX_POINT('',#986);
#988=CARTESIAN_POINT('',(63.4,-41.2,-2.5));
#989=DIRECTION('',(-0.,-0.,1.));
#990=VECTOR('',#989,8.);
#991=LINE('',#988,#990);
#992=EDGE_CURVE('',#511,#987,#991,.T.);
#993=ORIENTED_EDGE('',*,*,#992,.T.);
#994=CARTESIAN_POINT('',(63.4,-43.720204103,5.5));
#995=VERTEX_POINT('',#994);
#996=CARTESIAN_POINT('',(63.4,-41.2,5.5));
#997=DIRECTION('',(0.,-1.,0.));
#998=VECTOR('',#997,2.520204103);
#999=LINE('',#996,#998);
#1000=EDGE_CURVE('',#987,#995,#999,.T.);
#1001=ORIENTED_EDGE('',*,*,#1000,.T.);
#1002=CARTESIAN_POINT('',(63.4,-45.679795897,5.5));
#1003=VERTEX_POINT('',#1002);
#1004=CARTESIAN_POINT('',(63.4,-43.720204103,5.5));
#1005=DIRECTION('',(0.,-1.,0.));
#1006=VECTOR('',#1005,1.959591794);
#1007=LINE('',#1004,#1006);
#1008=EDGE_CURVE('',#995,#1003,#1007,.T.);
#1009=ORIENTED_EDGE('',*,*,#1008,.T.);
#1010=CARTESIAN_POINT('',(63.4,-45.679795897,5.5));
#1011=DIRECTION('',(0.,0.,-1.));
#1012=VECTOR('',#1011,8.);
#1013=LINE('',#1010,#1012);
#1014=EDGE_CURVE('',#1003,#801,#1013,.T.);
#1015=ORIENTED_EDGE('',*,*,#1014,.T.);
#1016=ORIENTED_EDGE('',*,*,#808,.T.);
#1017=CARTESIAN_POINT('',(63.4,-45.7,16.5));
#1018=VERTEX_POINT('',#1017);
#1019=CARTESIAN_POINT('',(63.4,-45.7,16.5));
#1020=DIRECTION('',(0.,0.,-1.));
#1021=VECTOR('',#1020,19.);
#1022=LINE('',#1019,#1021);
#1023=EDGE_CURVE('',#1018,#803,#1022,.T.);
#1024=ORIENTED_EDGE('',*,*,#1023,.F.);
#1025=CARTESIAN_POINT('',(63.4,7.,16.5));
#1026=DIRECTION('',(0.,-1.,0.));
#1027=VECTOR('',#1026,52.7);
#1028=LINE('',#1025,#1027);
#1029=EDGE_CURVE('',#271,#1018,#1028,.T.);
#1030=ORIENTED_EDGE('',*,*,#1029,.F.);
#1031=ORIENTED_EDGE('',*,*,#276,.T.);
#1032=ORIENTED_EDGE('',*,*,#859,.T.);
#1033=EDGE_LOOP('',(#962,#970,#978,#984,#985,#993,#1001,#1009,#1015,#1016,#1024,#1030,#1031,#1032));
#1034=FACE_BOUND('',#1033,.T.);
#1035=ADVANCED_FACE('',(#920,#954,#1034),#868,.F.);
#1036=CARTESIAN_POINT('',(31.2,-45.7,2.));
#1037=DIRECTION('',(0.,-1.,0.));
#1038=DIRECTION('',(0.,0.,-1.));
#1039=AXIS2_PLACEMENT_3D('',#1036,#1037,#1038);
#1040=PLANE('',#1039);
#1041=CARTESIAN_POINT('',(63.379795897,-45.7,5.5));
#1042=VERTEX_POINT('',#1041);
#1043=CARTESIAN_POINT('',(63.379795897,-45.7,5.5));
#1044=DIRECTION('',(0.,0.,-1.));
#1045=VECTOR('',#1044,8.);
#1046=LINE('',#1043,#1045);
#1047=EDGE_CURVE('',#1042,#820,#1046,.T.);
#1048=ORIENTED_EDGE('',*,*,#1047,.F.);
#1049=CARTESIAN_POINT('',(61.420204103,-45.7,5.5));
#1050=VERTEX_POINT('',#1049);
#1051=CARTESIAN_POINT('',(63.379795897,-45.7,5.5));
#1052=DIRECTION('',(-1.,0.,0.));
#1053=VECTOR('',#1052,1.959591794);
#1054=LINE('',#1051,#1053);
#1055=EDGE_CURVE('',#1042,#1050,#1054,.T.);
#1056=ORIENTED_EDGE('',*,*,#1055,.T.);
#1057=CARTESIAN_POINT('',(58.9,-45.7,5.5));
#1058=VERTEX_POINT('',#1057);
#1059=CARTESIAN_POINT('',(61.420204103,-45.7,5.5));
#1060=DIRECTION('',(-1.,0.,0.));
#1061=VECTOR('',#1060,2.520204103);
#1062=LINE('',#1059,#1061);
#1063=EDGE_CURVE('',#1050,#1058,#1062,.T.);
#1064=ORIENTED_EDGE('',*,*,#1063,.T.);
#1065=CARTESIAN_POINT('',(58.9,-45.7,5.5));
#1066=DIRECTION('',(0.,0.,-1.));
#1067=VECTOR('',#1066,8.);
#1068=LINE('',#1065,#1067);
#1069=EDGE_CURVE('',#1058,#633,#1068,.T.);
#1070=ORIENTED_EDGE('',*,*,#1069,.T.);
#1071=ORIENTED_EDGE('',*,*,#638,.T.);
#1072=CARTESIAN_POINT('',(3.5,-45.7,5.5));
#1073=VERTEX_POINT('',#1072);
#1074=CARTESIAN_POINT('',(3.5,-45.7,-2.5));
#1075=DIRECTION('',(-0.,-0.,1.));
#1076=VECTOR('',#1075,8.);
#1077=LINE('',#1074,#1076);
#1078=EDGE_CURVE('',#624,#1073,#1077,.T.);
#1079=ORIENTED_EDGE('',*,*,#1078,.T.);
#1080=CARTESIAN_POINT('',(0.979795897,-45.7,5.5));
#1081=VERTEX_POINT('',#1080);
#1082=CARTESIAN_POINT('',(3.5,-45.7,5.5));
#1083=DIRECTION('',(-1.,0.,0.));
#1084=VECTOR('',#1083,2.520204103);
#1085=LINE('',#1082,#1084);
#1086=EDGE_CURVE('',#1073,#1081,#1085,.T.);
#1087=ORIENTED_EDGE('',*,*,#1086,.T.);
#1088=CARTESIAN_POINT('',(-0.979795897,-45.7,5.5));
#1089=VERTEX_POINT('',#1088);
#1090=CARTESIAN_POINT('',(0.979795897,-45.7,5.5));
#1091=DIRECTION('',(-1.,0.,0.));
#1092=VECTOR('',#1091,1.959591794);
#1093=LINE('',#1090,#1092);
#1094=EDGE_CURVE('',#1081,#1089,#1093,.T.);
#1095=ORIENTED_EDGE('',*,*,#1094,.T.);
#1096=CARTESIAN_POINT('',(-0.979795897,-45.7,5.5));
#1097=DIRECTION('',(0.,0.,-1.));
#1098=VECTOR('',#1097,8.);
#1099=LINE('',#1096,#1098);
#1100=EDGE_CURVE('',#1089,#767,#1099,.T.);
#1101=ORIENTED_EDGE('',*,*,#1100,.T.);
#1102=ORIENTED_EDGE('',*,*,#796,.T.);
#1103=CARTESIAN_POINT('',(-1.,-45.7,16.5));
#1104=VERTEX_POINT('',#1103);
#1105=CARTESIAN_POINT('',(-1.,-45.7,16.5));
#1106=DIRECTION('',(0.,0.,-1.));
#1107=VECTOR('',#1106,19.);
#1108=LINE('',#1105,#1107);
#1109=EDGE_CURVE('',#1104,#785,#1108,.T.);
#1110=ORIENTED_EDGE('',*,*,#1109,.F.);
#1111=CARTESIAN_POINT('',(45.841548364,-45.7,16.5));
#1112=VERTEX_POINT('',#1111);
#1113=CARTESIAN_POINT('',(45.841548364,-45.7,16.5));
#1114=DIRECTION('',(-1.,0.,0.));
#1115=VECTOR('',#1114,46.841548364);
#1116=LINE('',#1113,#1115);
#1117=EDGE_CURVE('',#1112,#1104,#1116,.T.);
#1118=ORIENTED_EDGE('',*,*,#1117,.F.);
#1119=CARTESIAN_POINT('',(44.4957,-45.7,12.99));
#1120=VERTEX_POINT('',#1119);
#1121=CARTESIAN_POINT('',(49.7457,-45.7,12.99));
#1122=DIRECTION('',(-0.,1.,-0.));
#1123=DIRECTION('',(0.,0.,-1.));
#1124=AXIS2_PLACEMENT_3D('',#1121,#1122,#1123);
#1125=CIRCLE('',#1124,5.25);
#1126=EDGE_CURVE('',#1120,#1112,#1125,.T.);
#1127=ORIENTED_EDGE('',*,*,#1126,.F.);
#1128=CARTESIAN_POINT('',(44.4957,-45.7,11.13));
#1129=VERTEX_POINT('',#1128);
#1130=CARTESIAN_POINT('',(44.4957,-45.7,11.13));
#1131=DIRECTION('',(0.,0.,1.));
#1132=VECTOR('',#1131,1.86);
#1133=LINE('',#1130,#1132);
#1134=EDGE_CURVE('',#1129,#1120,#1133,.T.);
#1135=ORIENTED_EDGE('',*,*,#1134,.F.);
#1136=CARTESIAN_POINT('',(48.7457,-45.7,6.88));
#1137=VERTEX_POINT('',#1136);
#1138=CARTESIAN_POINT('',(48.7457,-45.7,11.13));
#1139=DIRECTION('',(0.,1.,0.));
#1140=DIRECTION('',(-0.,0.,-1.));
#1141=AXIS2_PLACEMENT_3D('',#1138,#1139,#1140);
#1142=CIRCLE('',#1141,4.25);
#1143=EDGE_CURVE('',#1137,#1129,#1142,.T.);
#1144=ORIENTED_EDGE('',*,*,#1143,.F.);
#1145=CARTESIAN_POINT('',(57.3857,-45.7,6.88));
#1146=VERTEX_POINT('',#1145);
#1147=CARTESIAN_POINT('',(57.3857,-45.7,6.88));
#1148=DIRECTION('',(-1.,0.,0.));
#1149=VECTOR('',#1148,8.64);
#1150=LINE('',#1147,#1149);
#1151=EDGE_CURVE('',#1146,#1137,#1150,.T.);
#1152=ORIENTED_EDGE('',*,*,#1151,.F.);
#1153=CARTESIAN_POINT('',(61.6357,-45.7,11.13));
#1154=VERTEX_POINT('',#1153);
#1155=CARTESIAN_POINT('',(57.3857,-45.7,11.13));
#1156=DIRECTION('',(-0.,1.,0.));
#1157=DIRECTION('',(1.,0.,0.));
#1158=AXIS2_PLACEMENT_3D('',#1155,#1156,#1157);
#1159=CIRCLE('',#1158,4.25);
#1160=EDGE_CURVE('',#1154,#1146,#1159,.T.);
#1161=ORIENTED_EDGE('',*,*,#1160,.F.);
#1162=CARTESIAN_POINT('',(61.6357,-45.7,12.99));
#1163=VERTEX_POINT('',#1162);
#1164=CARTESIAN_POINT('',(61.6357,-45.7,11.13));
#1165=DIRECTION('',(0.,0.,1.));
#1166=VECTOR('',#1165,1.86);
#1167=LINE('',#1164,#1166);
#1168=EDGE_CURVE('',#1154,#1163,#1167,.T.);
#1169=ORIENTED_EDGE('',*,*,#1168,.T.);
#1170=CARTESIAN_POINT('',(60.289851636,-45.7,16.5));
#1171=VERTEX_POINT('',#1170);
#1172=CARTESIAN_POINT('',(56.3857,-45.7,12.99));
#1173=DIRECTION('',(-0.,1.,-0.));
#1174=DIRECTION('',(0.,0.,-1.));
#1175=AXIS2_PLACEMENT_3D('',#1172,#1173,#1174);
#1176=CIRCLE('',#1175,5.25);
#1177=EDGE_CURVE('',#1171,#1163,#1176,.T.);
#1178=ORIENTED_EDGE('',*,*,#1177,.F.);
#1179=CARTESIAN_POINT('',(63.4,-45.7,16.5));
#1180=DIRECTION('',(-1.,0.,0.));
#1181=VECTOR('',#1180,3.110148364);
#1182=LINE('',#1179,#1181);
#1183=EDGE_CURVE('',#1018,#1171,#1182,.T.);
#1184=ORIENTED_EDGE('',*,*,#1183,.F.);
#1185=ORIENTED_EDGE('',*,*,#1023,.T.);
#1186=ORIENTED_EDGE('',*,*,#832,.T.);
#1187=EDGE_LOOP('',(#1048,#1056,#1064,#1070,#1071,#1079,#1087,#1095,#1101,#1102,#1110,#1118,#1127,#1135,#1144,#1152,#1161,#1169,#1178,#1184,#1185,#1186));
#1188=FACE_BOUND('',#1187,.T.);
#1189=ADVANCED_FACE('',(#1188),#1040,.F.);
#1190=CARTESIAN_POINT('',(-1.,-21.35,2.));
#1191=DIRECTION('',(-1.,0.,0.));
#1192=DIRECTION('',(0.,0.,1.));
#1193=AXIS2_PLACEMENT_3D('',#1190,#1191,#1192);
#1194=PLANE('',#1193);
#1195=CARTESIAN_POINT('',(-1.,-9.,5.086154543));
#1196=VERTEX_POINT('',#1195);
#1197=CARTESIAN_POINT('',(-1.,-9.,1.086154543));
#1198=VERTEX_POINT('',#1197);
#1199=CARTESIAN_POINT('',(-1.,-9.,5.086154543));
#1200=DIRECTION('',(0.,0.,-1.));
#1201=VECTOR('',#1200,4.);
#1202=LINE('',#1199,#1201);
#1203=EDGE_CURVE('',#1196,#1198,#1202,.T.);
#1204=ORIENTED_EDGE('',*,*,#1203,.T.);
#1205=CARTESIAN_POINT('',(-1.,-1.739042418,1.086156944));
#1206=VERTEX_POINT('',#1205);
#1207=CARTESIAN_POINT('',(-1.,-9.,1.086156986));
#1208=DIRECTION('',(0.,1.,0.));
#1209=VECTOR('',#1208,7.260957582);
#1210=LINE('',#1207,#1209);
#1211=EDGE_CURVE('',#1198,#1206,#1210,.T.);
#1212=ORIENTED_EDGE('',*,*,#1211,.T.);
#1213=CARTESIAN_POINT('',(-1.,-1.739042418,-1.013843014));
#1214=VERTEX_POINT('',#1213);
#1215=CARTESIAN_POINT('',(-1.,-1.739042418,1.086156944));
#1216=DIRECTION('',(0.,0.,-1.));
#1217=VECTOR('',#1216,2.099999958);
#1218=LINE('',#1215,#1217);
#1219=EDGE_CURVE('',#1206,#1214,#1218,.T.);
#1220=ORIENTED_EDGE('',*,*,#1219,.T.);
#1221=CARTESIAN_POINT('',(-1.,-41.739042418,-1.013843014));
#1222=VERTEX_POINT('',#1221);
#1223=CARTESIAN_POINT('',(-1.,-1.739042418,-1.013843014));
#1224=DIRECTION('',(0.,-1.,0.));
#1225=VECTOR('',#1224,40.);
#1226=LINE('',#1223,#1225);
#1227=EDGE_CURVE('',#1214,#1222,#1226,.T.);
#1228=ORIENTED_EDGE('',*,*,#1227,.T.);
#1229=CARTESIAN_POINT('',(-1.,-41.739042418,1.086156944));
#1230=VERTEX_POINT('',#1229);
#1231=CARTESIAN_POINT('',(-1.,-41.739042418,-1.013843014));
#1232=DIRECTION('',(0.,0.,1.));
#1233=VECTOR('',#1232,2.099999958);
#1234=LINE('',#1231,#1233);
#1235=EDGE_CURVE('',#1222,#1230,#1234,.T.);
#1236=ORIENTED_EDGE('',*,*,#1235,.T.);
#1237=CARTESIAN_POINT('',(-1.,-41.4306,1.086156986));
#1238=VERTEX_POINT('',#1237);
#1239=CARTESIAN_POINT('',(-1.,-41.739042418,1.086156986));
#1240=DIRECTION('',(0.,1.,0.));
#1241=VECTOR('',#1240,0.308442418);
#1242=LINE('',#1239,#1241);
#1243=EDGE_CURVE('',#1230,#1238,#1242,.T.);
#1244=ORIENTED_EDGE('',*,*,#1243,.T.);
#1245=CARTESIAN_POINT('',(-1.,-41.4306,12.1862));
#1246=VERTEX_POINT('',#1245);
#1247=CARTESIAN_POINT('',(-1.,-41.4306,12.1862));
#1248=DIRECTION('',(0.,0.,-1.));
#1249=VECTOR('',#1248,11.100043014);
#1250=LINE('',#1247,#1249);
#1251=EDGE_CURVE('',#1246,#1238,#1250,.T.);
#1252=ORIENTED_EDGE('',*,*,#1251,.F.);
#1253=CARTESIAN_POINT('',(-1.,-32.2306,12.1862));
#1254=VERTEX_POINT('',#1253);
#1255=CARTESIAN_POINT('',(-1.,-41.4306,12.1862));
#1256=DIRECTION('',(0.,1.,0.));
#1257=VECTOR('',#1256,9.2);
#1258=LINE('',#1255,#1257);
#1259=EDGE_CURVE('',#1246,#1254,#1258,.T.);
#1260=ORIENTED_EDGE('',*,*,#1259,.T.);
#1261=CARTESIAN_POINT('',(-1.,-32.2306,1.086156986));
#1262=VERTEX_POINT('',#1261);
#1263=CARTESIAN_POINT('',(-1.,-32.2306,1.086156986));
#1264=DIRECTION('',(0.,0.,1.));
#1265=VECTOR('',#1264,11.100043014);
#1266=LINE('',#1263,#1265);
#1267=EDGE_CURVE('',#1262,#1254,#1266,.T.);
#1268=ORIENTED_EDGE('',*,*,#1267,.F.);
#1269=CARTESIAN_POINT('',(-1.,-24.779078542,1.086156965));
#1270=VERTEX_POINT('',#1269);
#1271=CARTESIAN_POINT('',(-1.,-32.2306,1.086156986));
#1272=DIRECTION('',(0.,1.,0.));
#1273=VECTOR('',#1272,7.451521458);
#1274=LINE('',#1271,#1273);
#1275=EDGE_CURVE('',#1262,#1270,#1274,.T.);
#1276=ORIENTED_EDGE('',*,*,#1275,.T.);
#1277=CARTESIAN_POINT('',(-1.,-25.779078542,2.086156986));
#1278=VERTEX_POINT('',#1277);
#1279=CARTESIAN_POINT('',(-1.,-24.779078542,2.086156986));
#1280=DIRECTION('',(-1.,0.,0.));
#1281=DIRECTION('',(0.,0.,1.));
#1282=AXIS2_PLACEMENT_3D('',#1279,#1280,#1281);
#1283=CIRCLE('',#1282,1.);
#1284=EDGE_CURVE('',#1270,#1278,#1283,.T.);
#1285=ORIENTED_EDGE('',*,*,#1284,.T.);
#1286=CARTESIAN_POINT('',(-1.,-25.779078542,3.2862));
#1287=VERTEX_POINT('',#1286);
#1288=CARTESIAN_POINT('',(-1.,-25.779078542,3.2862));
#1289=DIRECTION('',(0.,0.,-1.));
#1290=VECTOR('',#1289,1.200043014);
#1291=LINE('',#1288,#1290);
#1292=EDGE_CURVE('',#1287,#1278,#1291,.T.);
#1293=ORIENTED_EDGE('',*,*,#1292,.F.);
#1294=CARTESIAN_POINT('',(-1.,-24.779078542,4.2862));
#1295=VERTEX_POINT('',#1294);
#1296=CARTESIAN_POINT('',(-1.,-24.779078542,3.2862));
#1297=DIRECTION('',(-1.,0.,0.));
#1298=DIRECTION('',(0.,0.,1.));
#1299=AXIS2_PLACEMENT_3D('',#1296,#1297,#1298);
#1300=CIRCLE('',#1299,1.);
#1301=EDGE_CURVE('',#1287,#1295,#1300,.T.);
#1302=ORIENTED_EDGE('',*,*,#1301,.T.);
#1303=CARTESIAN_POINT('',(-1.,-17.639,4.2862));
#1304=VERTEX_POINT('',#1303);
#1305=CARTESIAN_POINT('',(-1.,-17.639,4.2862));
#1306=DIRECTION('',(0.,-1.,0.));
#1307=VECTOR('',#1306,7.140078542);
#1308=LINE('',#1305,#1307);
#1309=EDGE_CURVE('',#1304,#1295,#1308,.T.);
#1310=ORIENTED_EDGE('',*,*,#1309,.F.);
#1311=CARTESIAN_POINT('',(-1.,-16.639,3.2862));
#1312=VERTEX_POINT('',#1311);
#1313=CARTESIAN_POINT('',(-1.,-17.639,3.2862));
#1314=DIRECTION('',(-1.,0.,0.));
#1315=DIRECTION('',(0.,0.,1.));
#1316=AXIS2_PLACEMENT_3D('',#1313,#1314,#1315);
#1317=CIRCLE('',#1316,1.);
#1318=EDGE_CURVE('',#1304,#1312,#1317,.T.);
#1319=ORIENTED_EDGE('',*,*,#1318,.T.);
#1320=CARTESIAN_POINT('',(-1.,-16.639,2.086156986));
#1321=VERTEX_POINT('',#1320);
#1322=CARTESIAN_POINT('',(-1.,-16.639,2.086156986));
#1323=DIRECTION('',(0.,0.,1.));
#1324=VECTOR('',#1323,1.200043014);
#1325=LINE('',#1322,#1324);
#1326=EDGE_CURVE('',#1321,#1312,#1325,.T.);
#1327=ORIENTED_EDGE('',*,*,#1326,.F.);
#1328=CARTESIAN_POINT('',(-1.,-17.639,1.086156986));
#1329=VERTEX_POINT('',#1328);
#1330=CARTESIAN_POINT('',(-1.,-17.639,2.086156986));
#1331=DIRECTION('',(-1.,0.,0.));
#1332=DIRECTION('',(0.,0.,1.));
#1333=AXIS2_PLACEMENT_3D('',#1330,#1331,#1332);
#1334=CIRCLE('',#1333,1.);
#1335=EDGE_CURVE('',#1321,#1329,#1334,.T.);
#1336=ORIENTED_EDGE('',*,*,#1335,.T.);
#1337=CARTESIAN_POINT('',(-1.,-15.,1.086154543));
#1338=VERTEX_POINT('',#1337);
#1339=CARTESIAN_POINT('',(-1.,-17.639,1.086156986));
#1340=DIRECTION('',(0.,1.,0.));
#1341=VECTOR('',#1340,2.639);
#1342=LINE('',#1339,#1341);
#1343=EDGE_CURVE('',#1329,#1338,#1342,.T.);
#1344=ORIENTED_EDGE('',*,*,#1343,.T.);
#1345=CARTESIAN_POINT('',(-1.,-15.,5.086154543));
#1346=VERTEX_POINT('',#1345);
#1347=CARTESIAN_POINT('',(-1.,-15.,5.086154543));
#1348=DIRECTION('',(0.,0.,-1.));
#1349=VECTOR('',#1348,4.);
#1350=LINE('',#1347,#1349);
#1351=EDGE_CURVE('',#1346,#1338,#1350,.T.);
#1352=ORIENTED_EDGE('',*,*,#1351,.F.);
#1353=CARTESIAN_POINT('',(-1.,-15.,5.086154543));
#1354=DIRECTION('',(0.,1.,0.));
#1355=VECTOR('',#1354,6.);
#1356=LINE('',#1353,#1355);
#1357=EDGE_CURVE('',#1346,#1196,#1356,.T.);
#1358=ORIENTED_EDGE('',*,*,#1357,.T.);
#1359=EDGE_LOOP('',(#1204,#1212,#1220,#1228,#1236,#1244,#1252,#1260,#1268,#1276,#1285,#1293,#1302,#1310,#1319,#1327,#1336,#1344,#1352,#1358));
#1360=FACE_BOUND('',#1359,.T.);
#1361=CARTESIAN_POINT('',(-1.,-45.679795897,5.5));
#1362=VERTEX_POINT('',#1361);
#1363=CARTESIAN_POINT('',(-1.,-45.679795897,5.5));
#1364=DIRECTION('',(0.,0.,-1.));
#1365=VECTOR('',#1364,8.);
#1366=LINE('',#1363,#1365);
#1367=EDGE_CURVE('',#1362,#776,#1366,.T.);
#1368=ORIENTED_EDGE('',*,*,#1367,.F.);
#1369=CARTESIAN_POINT('',(-1.,-43.720204103,5.5));
#1370=VERTEX_POINT('',#1369);
#1371=CARTESIAN_POINT('',(-1.,-45.679795897,5.5));
#1372=DIRECTION('',(0.,1.,0.));
#1373=VECTOR('',#1372,1.959591794);
#1374=LINE('',#1371,#1373);
#1375=EDGE_CURVE('',#1362,#1370,#1374,.T.);
#1376=ORIENTED_EDGE('',*,*,#1375,.T.);
#1377=CARTESIAN_POINT('',(-1.,-41.741960108,5.5));
#1378=VERTEX_POINT('',#1377);
#1379=CARTESIAN_POINT('',(-1.,-43.720204103,5.5));
#1380=DIRECTION('',(0.,1.,0.));
#1381=VECTOR('',#1380,1.978243994);
#1382=LINE('',#1379,#1381);
#1383=EDGE_CURVE('',#1370,#1378,#1382,.T.);
#1384=ORIENTED_EDGE('',*,*,#1383,.T.);
#1385=CARTESIAN_POINT('',(-1.,-41.741960108,5.5));
#1386=DIRECTION('',(0.,0.,-1.));
#1387=VECTOR('',#1386,8.);
#1388=LINE('',#1385,#1387);
#1389=EDGE_CURVE('',#1378,#572,#1388,.T.);
#1390=ORIENTED_EDGE('',*,*,#1389,.T.);
#1391=ORIENTED_EDGE('',*,*,#577,.T.);
#1392=CARTESIAN_POINT('',(-1.,2.5,5.5));
#1393=VERTEX_POINT('',#1392);
#1394=CARTESIAN_POINT('',(-1.,2.5,-2.5));
#1395=DIRECTION('',(-0.,-0.,1.));
#1396=VECTOR('',#1395,8.);
#1397=LINE('',#1394,#1396);
#1398=EDGE_CURVE('',#563,#1393,#1397,.T.);
#1399=ORIENTED_EDGE('',*,*,#1398,.T.);
#1400=CARTESIAN_POINT('',(-1.,5.020204103,5.5));
#1401=VERTEX_POINT('',#1400);
#1402=CARTESIAN_POINT('',(-1.,2.5,5.5));
#1403=DIRECTION('',(0.,1.,0.));
#1404=VECTOR('',#1403,2.520204103);
#1405=LINE('',#1402,#1404);
#1406=EDGE_CURVE('',#1393,#1401,#1405,.T.);
#1407=ORIENTED_EDGE('',*,*,#1406,.T.);
#1408=CARTESIAN_POINT('',(-1.,6.979795897,5.5));
#1409=VERTEX_POINT('',#1408);
#1410=CARTESIAN_POINT('',(-1.,5.020204103,5.5));
#1411=DIRECTION('',(0.,1.,0.));
#1412=VECTOR('',#1411,1.959591794);
#1413=LINE('',#1410,#1412);
#1414=EDGE_CURVE('',#1401,#1409,#1413,.T.);
#1415=ORIENTED_EDGE('',*,*,#1414,.T.);
#1416=CARTESIAN_POINT('',(-1.,6.979795897,5.5));
#1417=DIRECTION('',(0.,0.,-1.));
#1418=VECTOR('',#1417,8.);
#1419=LINE('',#1416,#1418);
#1420=EDGE_CURVE('',#1409,#738,#1419,.T.);
#1421=ORIENTED_EDGE('',*,*,#1420,.T.);
#1422=ORIENTED_EDGE('',*,*,#743,.T.);
#1423=ORIENTED_EDGE('',*,*,#180,.F.);
#1424=CARTESIAN_POINT('',(-1.,-45.7,16.5));
#1425=DIRECTION('',(0.,1.,0.));
#1426=VECTOR('',#1425,52.7);
#1427=LINE('',#1424,#1426);
#1428=EDGE_CURVE('',#1104,#167,#1427,.T.);
#1429=ORIENTED_EDGE('',*,*,#1428,.F.);
#1430=ORIENTED_EDGE('',*,*,#1109,.T.);
#1431=ORIENTED_EDGE('',*,*,#790,.T.);
#1432=EDGE_LOOP('',(#1368,#1376,#1384,#1390,#1391,#1399,#1407,#1415,#1421,#1422,#1423,#1429,#1430,#1431));
#1433=FACE_BOUND('',#1432,.T.);
#1434=ADVANCED_FACE('',(#1360,#1433),#1194,.F.);
#1435=CARTESIAN_POINT('',(57.2,-23.5,2.043078486));
#1436=DIRECTION('',(0.,-1.,0.));
#1437=DIRECTION('',(1.,0.,0.));
#1438=AXIS2_PLACEMENT_3D('',#1435,#1436,#1437);
#1439=PLANE('',#1438);
#1440=CARTESIAN_POINT('',(58.6,-23.5,1.086154543));
#1441=VERTEX_POINT('',#1440);
#1442=CARTESIAN_POINT('',(58.6,-23.5,6.028427125));
#1443=VERTEX_POINT('',#1442);
#1444=CARTESIAN_POINT('',(58.6,-23.5,1.086154543));
#1445=DIRECTION('',(0.,0.,1.));
#1446=VECTOR('',#1445,4.942272581);
#1447=LINE('',#1444,#1446);
#1448=EDGE_CURVE('',#1441,#1443,#1447,.T.);
#1449=ORIENTED_EDGE('',*,*,#1448,.F.);
#1450=CARTESIAN_POINT('',(55.4,-23.5,1.086156972));
#1451=VERTEX_POINT('',#1450);
#1452=CARTESIAN_POINT('',(55.4,-23.5,1.086156972));
#1453=DIRECTION('',(1.,0.,0.));
#1454=VECTOR('',#1453,3.2);
#1455=LINE('',#1452,#1454);
#1456=EDGE_CURVE('',#1451,#1441,#1455,.T.);
#1457=ORIENTED_EDGE('',*,*,#1456,.F.);
#1458=CARTESIAN_POINT('',(55.4,-23.5,3.));
#1459=VERTEX_POINT('',#1458);
#1460=CARTESIAN_POINT('',(55.4,-23.5,3.));
#1461=DIRECTION('',(0.,0.,-1.));
#1462=VECTOR('',#1461,1.913843028);
#1463=LINE('',#1460,#1462);
#1464=EDGE_CURVE('',#1459,#1451,#1463,.T.);
#1465=ORIENTED_EDGE('',*,*,#1464,.F.);
#1466=CARTESIAN_POINT('',(55.571572875,-23.5,3.));
#1467=VERTEX_POINT('',#1466);
#1468=CARTESIAN_POINT('',(55.4,-23.5,3.));
#1469=DIRECTION('',(1.,0.,0.));
#1470=VECTOR('',#1469,0.171572875);
#1471=LINE('',#1468,#1470);
#1472=EDGE_CURVE('',#1459,#1467,#1471,.T.);
#1473=ORIENTED_EDGE('',*,*,#1472,.T.);
#1474=CARTESIAN_POINT('',(55.571572875,-23.5,3.));
#1475=DIRECTION('',(0.707106781,0.,0.707106781));
#1476=VECTOR('',#1475,4.282842712);
#1477=LINE('',#1474,#1476);
#1478=EDGE_CURVE('',#1467,#1443,#1477,.T.);
#1479=ORIENTED_EDGE('',*,*,#1478,.T.);
#1480=EDGE_LOOP('',(#1449,#1457,#1465,#1473,#1479));
#1481=FACE_BOUND('',#1480,.T.);
#1482=ADVANCED_FACE('',(#1481),#1439,.F.);
#1483=CARTESIAN_POINT('',(31.2,3.1,21.5));
#1484=DIRECTION('',(0.,-1.,0.));
#1485=DIRECTION('',(1.,0.,0.));
#1486=AXIS2_PLACEMENT_3D('',#1483,#1484,#1485);
#1487=PLANE('',#1486);
#1488=CARTESIAN_POINT('',(61.5,3.1,21.5));
#1489=VERTEX_POINT('',#1488);
#1490=CARTESIAN_POINT('',(0.9,3.1,21.5));
#1491=VERTEX_POINT('',#1490);
#1492=CARTESIAN_POINT('',(61.5,3.1,21.5));
#1493=DIRECTION('',(-1.,-0.,0.));
#1494=VECTOR('',#1493,60.6);
#1495=LINE('',#1492,#1494);
#1496=EDGE_CURVE('',#1489,#1491,#1495,.T.);
#1497=ORIENTED_EDGE('',*,*,#1496,.T.);
#1498=CARTESIAN_POINT('',(0.9,3.1,20.));
#1499=VERTEX_POINT('',#1498);
#1500=CARTESIAN_POINT('',(0.9,3.1,21.5));
#1501=DIRECTION('',(0.,0.,-1.));
#1502=VECTOR('',#1501,1.5);
#1503=LINE('',#1500,#1502);
#1504=EDGE_CURVE('',#1491,#1499,#1503,.T.);
#1505=ORIENTED_EDGE('',*,*,#1504,.T.);
#1506=CARTESIAN_POINT('',(61.5,3.1,20.));
#1507=VERTEX_POINT('',#1506);
#1508=CARTESIAN_POINT('',(61.5,3.1,20.));
#1509=DIRECTION('',(-1.,-0.,0.));
#1510=VECTOR('',#1509,60.6);
#1511=LINE('',#1508,#1510);
#1512=EDGE_CURVE('',#1507,#1499,#1511,.T.);
#1513=ORIENTED_EDGE('',*,*,#1512,.F.);
#1514=CARTESIAN_POINT('',(61.5,3.1,20.));
#1515=DIRECTION('',(-0.,-0.,1.));
#1516=VECTOR('',#1515,1.5);
#1517=LINE('',#1514,#1516);
#1518=EDGE_CURVE('',#1507,#1489,#1517,.T.);
#1519=ORIENTED_EDGE('',*,*,#1518,.T.);
#1520=EDGE_LOOP('',(#1497,#1505,#1513,#1519));
#1521=FACE_BOUND('',#1520,.T.);
#1522=ADVANCED_FACE('',(#1521),#1487,.T.);
#1523=CARTESIAN_POINT('',(31.2,9.,2.));
#1524=DIRECTION('',(0.,-1.,0.));
#1525=DIRECTION('',(0.,0.,-1.));
#1526=AXIS2_PLACEMENT_3D('',#1523,#1524,#1525);
#1527=PLANE('',#1526);
#1528=CARTESIAN_POINT('',(21.95,9.,16.5));
#1529=VERTEX_POINT('',#1528);
#1530=CARTESIAN_POINT('',(24.45,9.,16.5));
#1531=VERTEX_POINT('',#1530);
#1532=CARTESIAN_POINT('',(23.2,9.,16.5));
#1533=DIRECTION('',(0.,-1.,0.));
#1534=DIRECTION('',(-1.,-0.,0.));
#1535=AXIS2_PLACEMENT_3D('',#1532,#1533,#1534);
#1536=CIRCLE('',#1535,1.25);
#1537=EDGE_CURVE('',#1529,#1531,#1536,.T.);
#1538=ORIENTED_EDGE('',*,*,#1537,.T.);
#1539=CARTESIAN_POINT('',(23.2,9.,16.5));
#1540=DIRECTION('',(0.,-1.,0.));
#1541=DIRECTION('',(-1.,-0.,0.));
#1542=AXIS2_PLACEMENT_3D('',#1539,#1540,#1541);
#1543=CIRCLE('',#1542,1.25);
#1544=EDGE_CURVE('',#1531,#1529,#1543,.T.);
#1545=ORIENTED_EDGE('',*,*,#1544,.T.);
#1546=EDGE_LOOP('',(#1538,#1545));
#1547=FACE_BOUND('',#1546,.T.);
#1548=CARTESIAN_POINT('',(37.95,9.,16.5));
#1549=VERTEX_POINT('',#1548);
#1550=CARTESIAN_POINT('',(40.45,9.,16.5));
#1551=VERTEX_POINT('',#1550);
#1552=CARTESIAN_POINT('',(39.2,9.,16.5));
#1553=DIRECTION('',(0.,-1.,0.));
#1554=DIRECTION('',(-1.,-0.,0.));
#1555=AXIS2_PLACEMENT_3D('',#1552,#1553,#1554);
#1556=CIRCLE('',#1555,1.25);
#1557=EDGE_CURVE('',#1549,#1551,#1556,.T.);
#1558=ORIENTED_EDGE('',*,*,#1557,.T.);
#1559=CARTESIAN_POINT('',(39.2,9.,16.5));
#1560=DIRECTION('',(0.,-1.,0.));
#1561=DIRECTION('',(-1.,-0.,0.));
#1562=AXIS2_PLACEMENT_3D('',#1559,#1560,#1561);
#1563=CIRCLE('',#1562,1.25);
#1564=EDGE_CURVE('',#1551,#1549,#1563,.T.);
#1565=ORIENTED_EDGE('',*,*,#1564,.T.);
#1566=EDGE_LOOP('',(#1558,#1565));
#1567=FACE_BOUND('',#1566,.T.);
#1568=CARTESIAN_POINT('',(39.2,9.,-0.75));
#1569=VERTEX_POINT('',#1568);
#1570=CARTESIAN_POINT('',(40.45,9.,0.5));
#1571=VERTEX_POINT('',#1570);
#1572=CARTESIAN_POINT('',(39.2,9.,0.5));
#1573=DIRECTION('',(0.,-1.,0.));
#1574=DIRECTION('',(0.,0.,-1.));
#1575=AXIS2_PLACEMENT_3D('',#1572,#1573,#1574);
#1576=CIRCLE('',#1575,1.25);
#1577=EDGE_CURVE('',#1569,#1571,#1576,.T.);
#1578=ORIENTED_EDGE('',*,*,#1577,.T.);
#1579=CARTESIAN_POINT('',(39.2,9.,0.5));
#1580=DIRECTION('',(0.,-1.,0.));
#1581=DIRECTION('',(0.,0.,-1.));
#1582=AXIS2_PLACEMENT_3D('',#1579,#1580,#1581);
#1583=CIRCLE('',#1582,1.25);
#1584=EDGE_CURVE('',#1571,#1569,#1583,.T.);
#1585=ORIENTED_EDGE('',*,*,#1584,.T.);
#1586=EDGE_LOOP('',(#1578,#1585));
#1587=FACE_BOUND('',#1586,.T.);
#1588=CARTESIAN_POINT('',(21.95,9.,0.5));
#1589=VERTEX_POINT('',#1588);
#1590=CARTESIAN_POINT('',(24.45,9.,0.5));
#1591=VERTEX_POINT('',#1590);
#1592=CARTESIAN_POINT('',(23.2,9.,0.5));
#1593=DIRECTION('',(0.,-1.,0.));
#1594=DIRECTION('',(-1.,-0.,0.));
#1595=AXIS2_PLACEMENT_3D('',#1592,#1593,#1594);
#1596=CIRCLE('',#1595,1.25);
#1597=EDGE_CURVE('',#1589,#1591,#1596,.T.);
#1598=ORIENTED_EDGE('',*,*,#1597,.T.);
#1599=CARTESIAN_POINT('',(23.2,9.,0.5));
#1600=DIRECTION('',(0.,-1.,0.));
#1601=DIRECTION('',(-1.,-0.,0.));
#1602=AXIS2_PLACEMENT_3D('',#1599,#1600,#1601);
#1603=CIRCLE('',#1602,1.25);
#1604=EDGE_CURVE('',#1591,#1589,#1603,.T.);
#1605=ORIENTED_EDGE('',*,*,#1604,.T.);
#1606=EDGE_LOOP('',(#1598,#1605));
#1607=FACE_BOUND('',#1606,.T.);
#1608=CARTESIAN_POINT('',(31.2,9.,17.5));
#1609=VERTEX_POINT('',#1608);
#1610=CARTESIAN_POINT('',(40.2,9.,8.5));
#1611=VERTEX_POINT('',#1610);
#1612=CARTESIAN_POINT('',(31.2,9.,8.5));
#1613=DIRECTION('',(-0.,1.,0.));
#1614=DIRECTION('',(1.,0.,0.));
#1615=AXIS2_PLACEMENT_3D('',#1612,#1613,#1614);
#1616=CIRCLE('',#1615,9.);
#1617=EDGE_CURVE('',#1609,#1611,#1616,.T.);
#1618=ORIENTED_EDGE('',*,*,#1617,.F.);
#1619=CARTESIAN_POINT('',(31.2,9.,8.5));
#1620=DIRECTION('',(-0.,1.,0.));
#1621=DIRECTION('',(1.,0.,0.));
#1622=AXIS2_PLACEMENT_3D('',#1619,#1620,#1621);
#1623=CIRCLE('',#1622,9.);
#1624=EDGE_CURVE('',#1611,#1609,#1623,.T.);
#1625=ORIENTED_EDGE('',*,*,#1624,.F.);
#1626=EDGE_LOOP('',(#1618,#1625));
#1627=FACE_BOUND('',#1626,.T.);
#1628=ORIENTED_EDGE('',*,*,#692,.T.);
#1629=CARTESIAN_POINT('',(-1.,9.,21.5));
#1630=VERTEX_POINT('',#1629);
#1631=CARTESIAN_POINT('',(-1.,9.,-2.5));
#1632=DIRECTION('',(-0.,-0.,1.));
#1633=VECTOR('',#1632,24.);
#1634=LINE('',#1631,#1633);
#1635=EDGE_CURVE('',#678,#1630,#1634,.T.);
#1636=ORIENTED_EDGE('',*,*,#1635,.T.);
#1637=CARTESIAN_POINT('',(63.4,9.,21.5));
#1638=VERTEX_POINT('',#1637);
#1639=CARTESIAN_POINT('',(63.4,9.,21.5));
#1640=DIRECTION('',(-1.,0.,0.));
#1641=VECTOR('',#1640,64.4);
#1642=LINE('',#1639,#1641);
#1643=EDGE_CURVE('',#1638,#1630,#1642,.T.);
#1644=ORIENTED_EDGE('',*,*,#1643,.F.);
#1645=CARTESIAN_POINT('',(63.4,9.,21.5));
#1646=DIRECTION('',(0.,0.,-1.));
#1647=VECTOR('',#1646,24.);
#1648=LINE('',#1645,#1647);
#1649=EDGE_CURVE('',#1638,#687,#1648,.T.);
#1650=ORIENTED_EDGE('',*,*,#1649,.T.);
#1651=EDGE_LOOP('',(#1628,#1636,#1644,#1650));
#1652=FACE_BOUND('',#1651,.T.);
#1653=ADVANCED_FACE('',(#1547,#1567,#1587,#1607,#1627,#1652),#1527,.F.);
#1654=CARTESIAN_POINT('',(0.,0.,20.));
#1655=DIRECTION('',(0.,0.,1.));
#1656=DIRECTION('',(-1.,0.,0.));
#1657=AXIS2_PLACEMENT_3D('',#1654,#1655,#1656);
#1658=PLANE('',#1657);
#1659=CARTESIAN_POINT('',(59.4,0.5,20.));
#1660=VERTEX_POINT('',#1659);
#1661=CARTESIAN_POINT('',(59.4,-43.2,20.));
#1662=VERTEX_POINT('',#1661);
#1663=CARTESIAN_POINT('',(59.4,0.5,20.));
#1664=DIRECTION('',(0.,-1.,0.));
#1665=VECTOR('',#1664,43.7);
#1666=LINE('',#1663,#1665);
#1667=EDGE_CURVE('',#1660,#1662,#1666,.T.);
#1668=ORIENTED_EDGE('',*,*,#1667,.T.);
#1669=CARTESIAN_POINT('',(-0.6,-43.2,20.));
#1670=VERTEX_POINT('',#1669);
#1671=CARTESIAN_POINT('',(59.4,-43.2,20.));
#1672=DIRECTION('',(-1.,0.,0.));
#1673=VECTOR('',#1672,60.);
#1674=LINE('',#1671,#1673);
#1675=EDGE_CURVE('',#1662,#1670,#1674,.T.);
#1676=ORIENTED_EDGE('',*,*,#1675,.T.);
#1677=CARTESIAN_POINT('',(-0.6,0.5,20.));
#1678=VERTEX_POINT('',#1677);
#1679=CARTESIAN_POINT('',(-0.6,-43.2,20.));
#1680=DIRECTION('',(0.,1.,0.));
#1681=VECTOR('',#1680,43.7);
#1682=LINE('',#1679,#1681);
#1683=EDGE_CURVE('',#1670,#1678,#1682,.T.);
#1684=ORIENTED_EDGE('',*,*,#1683,.T.);
#1685=CARTESIAN_POINT('',(59.4,0.5,20.));
#1686=DIRECTION('',(-1.,-0.,0.));
#1687=VECTOR('',#1686,60.);
#1688=LINE('',#1685,#1687);
#1689=EDGE_CURVE('',#1660,#1678,#1688,.T.);
#1690=ORIENTED_EDGE('',*,*,#1689,.F.);
#1691=EDGE_LOOP('',(#1668,#1676,#1684,#1690));
#1692=FACE_BOUND('',#1691,.T.);
#1693=ORIENTED_EDGE('',*,*,#1512,.T.);
#1694=CARTESIAN_POINT('',(-1.1,1.1,20.));
#1695=VERTEX_POINT('',#1694);
#1696=CARTESIAN_POINT('',(0.9,1.1,20.));
#1697=DIRECTION('',(0.,0.,1.));
#1698=DIRECTION('',(1.,0.,-0.));
#1699=AXIS2_PLACEMENT_3D('',#1696,#1697,#1698);
#1700=CIRCLE('',#1699,2.);
#1701=EDGE_CURVE('',#1499,#1695,#1700,.T.);
#1702=ORIENTED_EDGE('',*,*,#1701,.T.);
#1703=CARTESIAN_POINT('',(-1.1,-43.8,20.));
#1704=VERTEX_POINT('',#1703);
#1705=CARTESIAN_POINT('',(-1.1,1.1,20.));
#1706=DIRECTION('',(0.,-1.,0.));
#1707=VECTOR('',#1706,44.9);
#1708=LINE('',#1705,#1707);
#1709=EDGE_CURVE('',#1695,#1704,#1708,.T.);
#1710=ORIENTED_EDGE('',*,*,#1709,.T.);
#1711=CARTESIAN_POINT('',(0.9,-45.8,20.));
#1712=VERTEX_POINT('',#1711);
#1713=CARTESIAN_POINT('',(0.9,-43.8,20.));
#1714=DIRECTION('',(0.,0.,1.));
#1715=DIRECTION('',(1.,0.,-0.));
#1716=AXIS2_PLACEMENT_3D('',#1713,#1714,#1715);
#1717=CIRCLE('',#1716,2.);
#1718=EDGE_CURVE('',#1704,#1712,#1717,.T.);
#1719=ORIENTED_EDGE('',*,*,#1718,.T.);
#1720=CARTESIAN_POINT('',(61.5,-45.8,20.));
#1721=VERTEX_POINT('',#1720);
#1722=CARTESIAN_POINT('',(0.9,-45.8,20.));
#1723=DIRECTION('',(1.,0.,-0.));
#1724=VECTOR('',#1723,60.6);
#1725=LINE('',#1722,#1724);
#1726=EDGE_CURVE('',#1712,#1721,#1725,.T.);
#1727=ORIENTED_EDGE('',*,*,#1726,.T.);
#1728=CARTESIAN_POINT('',(63.5,-43.8,20.));
#1729=VERTEX_POINT('',#1728);
#1730=CARTESIAN_POINT('',(61.5,-43.8,20.));
#1731=DIRECTION('',(0.,0.,1.));
#1732=DIRECTION('',(1.,0.,-0.));
#1733=AXIS2_PLACEMENT_3D('',#1730,#1731,#1732);
#1734=CIRCLE('',#1733,2.);
#1735=EDGE_CURVE('',#1721,#1729,#1734,.T.);
#1736=ORIENTED_EDGE('',*,*,#1735,.T.);
#1737=CARTESIAN_POINT('',(63.5,1.1,20.));
#1738=VERTEX_POINT('',#1737);
#1739=CARTESIAN_POINT('',(63.5,-43.8,20.));
#1740=DIRECTION('',(0.,1.,0.));
#1741=VECTOR('',#1740,44.9);
#1742=LINE('',#1739,#1741);
#1743=EDGE_CURVE('',#1729,#1738,#1742,.T.);
#1744=ORIENTED_EDGE('',*,*,#1743,.T.);
#1745=CARTESIAN_POINT('',(61.5,1.1,20.));
#1746=DIRECTION('',(0.,0.,1.));
#1747=DIRECTION('',(1.,0.,-0.));
#1748=AXIS2_PLACEMENT_3D('',#1745,#1746,#1747);
#1749=CIRCLE('',#1748,2.);
#1750=EDGE_CURVE('',#1738,#1507,#1749,.T.);
#1751=ORIENTED_EDGE('',*,*,#1750,.T.);
#1752=EDGE_LOOP('',(#1693,#1702,#1710,#1719,#1727,#1736,#1744,#1751));
#1753=FACE_BOUND('',#1752,.T.);
#1754=ADVANCED_FACE('',(#1692,#1753),#1658,.T.);
#1755=CARTESIAN_POINT('',(-0.6,-19.35,16.5));
#1756=DIRECTION('',(0.,0.,1.));
#1757=DIRECTION('',(1.,0.,0.));
#1758=AXIS2_PLACEMENT_3D('',#1755,#1756,#1757);
#1759=PLANE('',#1758);
#1760=CARTESIAN_POINT('',(11.025,4.,16.5));
#1761=VERTEX_POINT('',#1760);
#1762=CARTESIAN_POINT('',(8.,4.,16.5));
#1763=DIRECTION('',(0.,0.,-1.));
#1764=DIRECTION('',(-1.,0.,0.));
#1765=AXIS2_PLACEMENT_3D('',#1762,#1763,#1764);
#1766=CIRCLE('',#1765,3.025);
#1767=EDGE_CURVE('',#1761,#349,#1766,.T.);
#1768=ORIENTED_EDGE('',*,*,#1767,.F.);
#1769=CARTESIAN_POINT('',(8.,4.,16.5));
#1770=DIRECTION('',(0.,0.,-1.));
#1771=DIRECTION('',(-1.,0.,0.));
#1772=AXIS2_PLACEMENT_3D('',#1769,#1770,#1771);
#1773=CIRCLE('',#1772,3.025);
#1774=EDGE_CURVE('',#135,#1761,#1773,.T.);
#1775=ORIENTED_EDGE('',*,*,#1774,.F.);
#1776=ORIENTED_EDGE('',*,*,#140,.F.);
#1777=CARTESIAN_POINT('',(20.7,0.5,16.5));
#1778=VERTEX_POINT('',#1777);
#1779=CARTESIAN_POINT('',(20.7,7.,16.5));
#1780=DIRECTION('',(0.,-1.,0.));
#1781=VECTOR('',#1780,6.5);
#1782=LINE('',#1779,#1781);
#1783=EDGE_CURVE('',#133,#1778,#1782,.T.);
#1784=ORIENTED_EDGE('',*,*,#1783,.T.);
#1785=CARTESIAN_POINT('',(41.7,0.5,16.5));
#1786=VERTEX_POINT('',#1785);
#1787=CARTESIAN_POINT('',(20.7,0.5,16.5));
#1788=DIRECTION('',(1.,0.,-0.));
#1789=VECTOR('',#1788,21.);
#1790=LINE('',#1787,#1789);
#1791=EDGE_CURVE('',#1778,#1786,#1790,.T.);
#1792=ORIENTED_EDGE('',*,*,#1791,.T.);
#1793=CARTESIAN_POINT('',(41.7,0.5,16.5));
#1794=DIRECTION('',(-0.,1.,0.));
#1795=VECTOR('',#1794,6.5);
#1796=LINE('',#1793,#1795);
#1797=EDGE_CURVE('',#1786,#311,#1796,.T.);
#1798=ORIENTED_EDGE('',*,*,#1797,.T.);
#1799=ORIENTED_EDGE('',*,*,#316,.F.);
#1800=CARTESIAN_POINT('',(48.,4.,16.5));
#1801=DIRECTION('',(0.,0.,-1.));
#1802=DIRECTION('',(-1.,0.,0.));
#1803=AXIS2_PLACEMENT_3D('',#1800,#1801,#1802);
#1804=CIRCLE('',#1803,3.025);
#1805=EDGE_CURVE('',#469,#303,#1804,.T.);
#1806=ORIENTED_EDGE('',*,*,#1805,.F.);
#1807=ORIENTED_EDGE('',*,*,#476,.T.);
#1808=CARTESIAN_POINT('',(51.,0.2,16.5));
#1809=DIRECTION('',(-1.,0.,0.));
#1810=VECTOR('',#1809,6.);
#1811=LINE('',#1808,#1810);
#1812=EDGE_CURVE('',#439,#471,#1811,.T.);
#1813=ORIENTED_EDGE('',*,*,#1812,.F.);
#1814=ORIENTED_EDGE('',*,*,#444,.F.);
#1815=CARTESIAN_POINT('',(51.025,4.,16.5));
#1816=VERTEX_POINT('',#1815);
#1817=CARTESIAN_POINT('',(48.,4.,16.5));
#1818=DIRECTION('',(0.,0.,-1.));
#1819=DIRECTION('',(-1.,0.,0.));
#1820=AXIS2_PLACEMENT_3D('',#1817,#1818,#1819);
#1821=CIRCLE('',#1820,3.025);
#1822=EDGE_CURVE('',#1816,#429,#1821,.T.);
#1823=ORIENTED_EDGE('',*,*,#1822,.F.);
#1824=CARTESIAN_POINT('',(48.,4.,16.5));
#1825=DIRECTION('',(0.,0.,-1.));
#1826=DIRECTION('',(-1.,0.,0.));
#1827=AXIS2_PLACEMENT_3D('',#1824,#1825,#1826);
#1828=CIRCLE('',#1827,3.025);
#1829=EDGE_CURVE('',#279,#1816,#1828,.T.);
#1830=ORIENTED_EDGE('',*,*,#1829,.F.);
#1831=ORIENTED_EDGE('',*,*,#284,.F.);
#1832=ORIENTED_EDGE('',*,*,#1029,.T.);
#1833=ORIENTED_EDGE('',*,*,#1183,.T.);
#1834=CARTESIAN_POINT('',(60.289851636,-42.7,16.5));
#1835=VERTEX_POINT('',#1834);
#1836=CARTESIAN_POINT('',(60.289851636,-42.7,16.5));
#1837=DIRECTION('',(0.,-1.,0.));
#1838=VECTOR('',#1837,3.);
#1839=LINE('',#1836,#1838);
#1840=EDGE_CURVE('',#1835,#1171,#1839,.T.);
#1841=ORIENTED_EDGE('',*,*,#1840,.F.);
#1842=CARTESIAN_POINT('',(45.841548364,-42.7,16.5));
#1843=VERTEX_POINT('',#1842);
#1844=CARTESIAN_POINT('',(60.289851636,-42.7,16.5));
#1845=DIRECTION('',(-1.,0.,0.));
#1846=VECTOR('',#1845,14.448303273);
#1847=LINE('',#1844,#1846);
#1848=EDGE_CURVE('',#1835,#1843,#1847,.T.);
#1849=ORIENTED_EDGE('',*,*,#1848,.T.);
#1850=CARTESIAN_POINT('',(45.841548364,-42.7,16.5));
#1851=DIRECTION('',(0.,-1.,0.));
#1852=VECTOR('',#1851,3.);
#1853=LINE('',#1850,#1852);
#1854=EDGE_CURVE('',#1843,#1112,#1853,.T.);
#1855=ORIENTED_EDGE('',*,*,#1854,.T.);
#1856=ORIENTED_EDGE('',*,*,#1117,.T.);
#1857=ORIENTED_EDGE('',*,*,#1428,.T.);
#1858=ORIENTED_EDGE('',*,*,#172,.F.);
#1859=CARTESIAN_POINT('',(8.,4.,16.5));
#1860=DIRECTION('',(0.,0.,-1.));
#1861=DIRECTION('',(-1.,0.,0.));
#1862=AXIS2_PLACEMENT_3D('',#1859,#1860,#1861);
#1863=CIRCLE('',#1862,3.025);
#1864=EDGE_CURVE('',#389,#159,#1863,.T.);
#1865=ORIENTED_EDGE('',*,*,#1864,.F.);
#1866=ORIENTED_EDGE('',*,*,#396,.T.);
#1867=CARTESIAN_POINT('',(5.,0.2,16.5));
#1868=DIRECTION('',(1.,0.,-0.));
#1869=VECTOR('',#1868,6.);
#1870=LINE('',#1867,#1869);
#1871=EDGE_CURVE('',#391,#359,#1870,.T.);
#1872=ORIENTED_EDGE('',*,*,#1871,.T.);
#1873=ORIENTED_EDGE('',*,*,#364,.F.);
#1874=EDGE_LOOP('',(#1768,#1775,#1776,#1784,#1792,#1798,#1799,#1806,#1807,#1813,#1814,#1823,#1830,#1831,#1832,#1833,#1841,#1849,#1855,#1856,#1857,#1858,#1865,#1866,#1872,#1873));
#1875=FACE_BOUND('',#1874,.T.);
#1876=CARTESIAN_POINT('',(-0.6,-8.5,16.5));
#1877=VERTEX_POINT('',#1876);
#1878=CARTESIAN_POINT('',(50.4,-8.5,16.5));
#1879=VERTEX_POINT('',#1878);
#1880=CARTESIAN_POINT('',(-0.6,-8.5,16.5));
#1881=DIRECTION('',(1.,0.,0.));
#1882=VECTOR('',#1881,51.);
#1883=LINE('',#1880,#1882);
#1884=EDGE_CURVE('',#1877,#1879,#1883,.T.);
#1885=ORIENTED_EDGE('',*,*,#1884,.F.);
#1886=CARTESIAN_POINT('',(-0.6,-41.2,16.5));
#1887=VERTEX_POINT('',#1886);
#1888=CARTESIAN_POINT('',(-0.6,-41.2,16.5));
#1889=DIRECTION('',(0.,1.,0.));
#1890=VECTOR('',#1889,32.7);
#1891=LINE('',#1888,#1890);
#1892=EDGE_CURVE('',#1887,#1877,#1891,.T.);
#1893=ORIENTED_EDGE('',*,*,#1892,.F.);
#1894=CARTESIAN_POINT('',(50.4,-41.2,16.5));
#1895=VERTEX_POINT('',#1894);
#1896=CARTESIAN_POINT('',(50.4,-41.2,16.5));
#1897=DIRECTION('',(-1.,0.,0.));
#1898=VECTOR('',#1897,51.);
#1899=LINE('',#1896,#1898);
#1900=EDGE_CURVE('',#1895,#1887,#1899,.T.);
#1901=ORIENTED_EDGE('',*,*,#1900,.F.);
#1902=CARTESIAN_POINT('',(50.4,-8.5,16.5));
#1903=DIRECTION('',(0.,-1.,0.));
#1904=VECTOR('',#1903,32.7);
#1905=LINE('',#1902,#1904);
#1906=EDGE_CURVE('',#1879,#1895,#1905,.T.);
#1907=ORIENTED_EDGE('',*,*,#1906,.F.);
#1908=EDGE_LOOP('',(#1885,#1893,#1901,#1907));
#1909=FACE_BOUND('',#1908,.T.);
#1910=ADVANCED_FACE('',(#1875,#1909),#1759,.F.);
#1911=CARTESIAN_POINT('',(0.,0.,21.5));
#1912=DIRECTION('',(0.,0.,1.));
#1913=DIRECTION('',(1.,0.,0.));
#1914=AXIS2_PLACEMENT_3D('',#1911,#1912,#1913);
#1915=PLANE('',#1914);
#1916=CARTESIAN_POINT('',(-1.1,1.1,21.5));
#1917=VERTEX_POINT('',#1916);
#1918=CARTESIAN_POINT('',(0.9,1.1,21.5));
#1919=DIRECTION('',(-0.,-0.,-1.));
#1920=DIRECTION('',(1.,0.,-0.));
#1921=AXIS2_PLACEMENT_3D('',#1918,#1919,#1920);
#1922=CIRCLE('',#1921,2.);
#1923=EDGE_CURVE('',#1917,#1491,#1922,.T.);
#1924=ORIENTED_EDGE('',*,*,#1923,.T.);
#1925=ORIENTED_EDGE('',*,*,#1496,.F.);
#1926=CARTESIAN_POINT('',(63.5,1.1,21.5));
#1927=VERTEX_POINT('',#1926);
#1928=CARTESIAN_POINT('',(61.5,1.1,21.5));
#1929=DIRECTION('',(-0.,-0.,-1.));
#1930=DIRECTION('',(1.,0.,-0.));
#1931=AXIS2_PLACEMENT_3D('',#1928,#1929,#1930);
#1932=CIRCLE('',#1931,2.);
#1933=EDGE_CURVE('',#1489,#1927,#1932,.T.);
#1934=ORIENTED_EDGE('',*,*,#1933,.T.);
#1935=CARTESIAN_POINT('',(63.5,-43.8,21.5));
#1936=VERTEX_POINT('',#1935);
#1937=CARTESIAN_POINT('',(63.5,-43.8,21.5));
#1938=DIRECTION('',(0.,1.,0.));
#1939=VECTOR('',#1938,44.9);
#1940=LINE('',#1937,#1939);
#1941=EDGE_CURVE('',#1936,#1927,#1940,.T.);
#1942=ORIENTED_EDGE('',*,*,#1941,.F.);
#1943=CARTESIAN_POINT('',(61.5,-45.8,21.5));
#1944=VERTEX_POINT('',#1943);
#1945=CARTESIAN_POINT('',(61.5,-43.8,21.5));
#1946=DIRECTION('',(-0.,-0.,-1.));
#1947=DIRECTION('',(1.,0.,-0.));
#1948=AXIS2_PLACEMENT_3D('',#1945,#1946,#1947);
#1949=CIRCLE('',#1948,2.);
#1950=EDGE_CURVE('',#1936,#1944,#1949,.T.);
#1951=ORIENTED_EDGE('',*,*,#1950,.T.);
#1952=CARTESIAN_POINT('',(0.9,-45.8,21.5));
#1953=VERTEX_POINT('',#1952);
#1954=CARTESIAN_POINT('',(0.9,-45.8,21.5));
#1955=DIRECTION('',(1.,0.,-0.));
#1956=VECTOR('',#1955,60.6);
#1957=LINE('',#1954,#1956);
#1958=EDGE_CURVE('',#1953,#1944,#1957,.T.);
#1959=ORIENTED_EDGE('',*,*,#1958,.F.);
#1960=CARTESIAN_POINT('',(-1.1,-43.8,21.5));
#1961=VERTEX_POINT('',#1960);
#1962=CARTESIAN_POINT('',(0.9,-43.8,21.5));
#1963=DIRECTION('',(-0.,-0.,-1.));
#1964=DIRECTION('',(1.,0.,-0.));
#1965=AXIS2_PLACEMENT_3D('',#1962,#1963,#1964);
#1966=CIRCLE('',#1965,2.);
#1967=EDGE_CURVE('',#1953,#1961,#1966,.T.);
#1968=ORIENTED_EDGE('',*,*,#1967,.T.);
#1969=CARTESIAN_POINT('',(-1.1,1.1,21.5));
#1970=DIRECTION('',(0.,-1.,0.));
#1971=VECTOR('',#1970,44.9);
#1972=LINE('',#1969,#1971);
#1973=EDGE_CURVE('',#1917,#1961,#1972,.T.);
#1974=ORIENTED_EDGE('',*,*,#1973,.F.);
#1975=EDGE_LOOP('',(#1924,#1925,#1934,#1942,#1951,#1959,#1968,#1974));
#1976=FACE_BOUND('',#1975,.T.);
#1977=ORIENTED_EDGE('',*,*,#1643,.T.);
#1978=CARTESIAN_POINT('',(-3.,7.,21.5));
#1979=VERTEX_POINT('',#1978);
#1980=CARTESIAN_POINT('',(-1.,7.,21.5));
#1981=DIRECTION('',(0.,0.,1.));
#1982=DIRECTION('',(1.,0.,-0.));
#1983=AXIS2_PLACEMENT_3D('',#1980,#1981,#1982);
#1984=CIRCLE('',#1983,2.);
#1985=EDGE_CURVE('',#1630,#1979,#1984,.T.);
#1986=ORIENTED_EDGE('',*,*,#1985,.T.);
#1987=CARTESIAN_POINT('',(-3.,-45.7,21.5));
#1988=VERTEX_POINT('',#1987);
#1989=CARTESIAN_POINT('',(-3.,7.,21.5));
#1990=DIRECTION('',(0.,-1.,0.));
#1991=VECTOR('',#1990,52.7);
#1992=LINE('',#1989,#1991);
#1993=EDGE_CURVE('',#1979,#1988,#1992,.T.);
#1994=ORIENTED_EDGE('',*,*,#1993,.T.);
#1995=CARTESIAN_POINT('',(-1.,-47.7,21.5));
#1996=VERTEX_POINT('',#1995);
#1997=CARTESIAN_POINT('',(-1.,-45.7,21.5));
#1998=DIRECTION('',(0.,0.,1.));
#1999=DIRECTION('',(1.,0.,-0.));
#2000=AXIS2_PLACEMENT_3D('',#1997,#1998,#1999);
#2001=CIRCLE('',#2000,2.);
#2002=EDGE_CURVE('',#1988,#1996,#2001,.T.);
#2003=ORIENTED_EDGE('',*,*,#2002,.T.);
#2004=CARTESIAN_POINT('',(63.4,-47.7,21.5));
#2005=VERTEX_POINT('',#2004);
#2006=CARTESIAN_POINT('',(-1.,-47.7,21.5));
#2007=DIRECTION('',(1.,0.,-0.));
#2008=VECTOR('',#2007,64.4);
#2009=LINE('',#2006,#2008);
#2010=EDGE_CURVE('',#1996,#2005,#2009,.T.);
#2011=ORIENTED_EDGE('',*,*,#2010,.T.);
#2012=CARTESIAN_POINT('',(65.4,-45.7,21.5));
#2013=VERTEX_POINT('',#2012);
#2014=CARTESIAN_POINT('',(63.4,-45.7,21.5));
#2015=DIRECTION('',(0.,0.,1.));
#2016=DIRECTION('',(1.,0.,-0.));
#2017=AXIS2_PLACEMENT_3D('',#2014,#2015,#2016);
#2018=CIRCLE('',#2017,2.);
#2019=EDGE_CURVE('',#2005,#2013,#2018,.T.);
#2020=ORIENTED_EDGE('',*,*,#2019,.T.);
#2021=CARTESIAN_POINT('',(65.4,7.,21.5));
#2022=VERTEX_POINT('',#2021);
#2023=CARTESIAN_POINT('',(65.4,-45.7,21.5));
#2024=DIRECTION('',(0.,1.,0.));
#2025=VECTOR('',#2024,52.7);
#2026=LINE('',#2023,#2025);
#2027=EDGE_CURVE('',#2013,#2022,#2026,.T.);
#2028=ORIENTED_EDGE('',*,*,#2027,.T.);
#2029=CARTESIAN_POINT('',(63.4,7.,21.5));
#2030=DIRECTION('',(0.,0.,1.));
#2031=DIRECTION('',(1.,0.,-0.));
#2032=AXIS2_PLACEMENT_3D('',#2029,#2030,#2031);
#2033=CIRCLE('',#2032,2.);
#2034=EDGE_CURVE('',#2022,#1638,#2033,.T.);
#2035=ORIENTED_EDGE('',*,*,#2034,.T.);
#2036=EDGE_LOOP('',(#1977,#1986,#1994,#2003,#2011,#2020,#2028,#2035));
#2037=FACE_BOUND('',#2036,.T.);
#2038=ADVANCED_FACE('',(#1976,#2037),#1915,.T.);
#2039=CARTESIAN_POINT('',(30.2,-47.7,2.));
#2040=DIRECTION('',(0.,1.,0.));
#2041=DIRECTION('',(0.,0.,1.));
#2042=AXIS2_PLACEMENT_3D('',#2039,#2040,#2041);
#2043=PLANE('',#2042);
#2044=CARTESIAN_POINT('',(56.3857,-47.7,17.74));
#2045=VERTEX_POINT('',#2044);
#2046=CARTESIAN_POINT('',(61.1357,-47.7,12.99));
#2047=VERTEX_POINT('',#2046);
#2048=CARTESIAN_POINT('',(56.3857,-47.7,12.99));
#2049=DIRECTION('',(0.,1.,0.));
#2050=DIRECTION('',(0.,-0.,1.));
#2051=AXIS2_PLACEMENT_3D('',#2048,#2049,#2050);
#2052=CIRCLE('',#2051,4.75);
#2053=EDGE_CURVE('',#2045,#2047,#2052,.T.);
#2054=ORIENTED_EDGE('',*,*,#2053,.T.);
#2055=CARTESIAN_POINT('',(61.1357,-47.7,12.13));
#2056=VERTEX_POINT('',#2055);
#2057=CARTESIAN_POINT('',(61.1357,-47.7,12.99));
#2058=DIRECTION('',(0.,0.,-1.));
#2059=VECTOR('',#2058,0.86);
#2060=LINE('',#2057,#2059);
#2061=EDGE_CURVE('',#2047,#2056,#2060,.T.);
#2062=ORIENTED_EDGE('',*,*,#2061,.T.);
#2063=CARTESIAN_POINT('',(56.3857,-47.7,7.38));
#2064=VERTEX_POINT('',#2063);
#2065=CARTESIAN_POINT('',(56.3857,-47.7,12.13));
#2066=DIRECTION('',(0.,1.,0.));
#2067=DIRECTION('',(0.,-0.,1.));
#2068=AXIS2_PLACEMENT_3D('',#2065,#2066,#2067);
#2069=CIRCLE('',#2068,4.75);
#2070=EDGE_CURVE('',#2056,#2064,#2069,.T.);
#2071=ORIENTED_EDGE('',*,*,#2070,.T.);
#2072=CARTESIAN_POINT('',(49.7457,-47.7,7.38));
#2073=VERTEX_POINT('',#2072);
#2074=CARTESIAN_POINT('',(56.3857,-47.7,7.38));
#2075=DIRECTION('',(-1.,0.,0.));
#2076=VECTOR('',#2075,6.64);
#2077=LINE('',#2074,#2076);
#2078=EDGE_CURVE('',#2064,#2073,#2077,.T.);
#2079=ORIENTED_EDGE('',*,*,#2078,.T.);
#2080=CARTESIAN_POINT('',(44.9957,-47.7,12.13));
#2081=VERTEX_POINT('',#2080);
#2082=CARTESIAN_POINT('',(49.7457,-47.7,12.13));
#2083=DIRECTION('',(0.,1.,0.));
#2084=DIRECTION('',(0.,-0.,1.));
#2085=AXIS2_PLACEMENT_3D('',#2082,#2083,#2084);
#2086=CIRCLE('',#2085,4.75);
#2087=EDGE_CURVE('',#2073,#2081,#2086,.T.);
#2088=ORIENTED_EDGE('',*,*,#2087,.T.);
#2089=CARTESIAN_POINT('',(44.9957,-47.7,12.99));
#2090=VERTEX_POINT('',#2089);
#2091=CARTESIAN_POINT('',(44.9957,-47.7,12.13));
#2092=DIRECTION('',(0.,0.,1.));
#2093=VECTOR('',#2092,0.86);
#2094=LINE('',#2091,#2093);
#2095=EDGE_CURVE('',#2081,#2090,#2094,.T.);
#2096=ORIENTED_EDGE('',*,*,#2095,.T.);
#2097=CARTESIAN_POINT('',(49.7457,-47.7,17.74));
#2098=VERTEX_POINT('',#2097);
#2099=CARTESIAN_POINT('',(49.7457,-47.7,12.99));
#2100=DIRECTION('',(0.,1.,0.));
#2101=DIRECTION('',(0.,-0.,1.));
#2102=AXIS2_PLACEMENT_3D('',#2099,#2100,#2101);
#2103=CIRCLE('',#2102,4.75);
#2104=EDGE_CURVE('',#2090,#2098,#2103,.T.);
#2105=ORIENTED_EDGE('',*,*,#2104,.T.);
#2106=CARTESIAN_POINT('',(49.7457,-47.7,17.74));
#2107=DIRECTION('',(1.,0.,-0.));
#2108=VECTOR('',#2107,6.64);
#2109=LINE('',#2106,#2108);
#2110=EDGE_CURVE('',#2098,#2045,#2109,.T.);
#2111=ORIENTED_EDGE('',*,*,#2110,.T.);
#2112=EDGE_LOOP('',(#2054,#2062,#2071,#2079,#2088,#2096,#2105,#2111));
#2113=FACE_BOUND('',#2112,.T.);
#2114=ORIENTED_EDGE('',*,*,#726,.T.);
#2115=CARTESIAN_POINT('',(63.4,-47.7,-2.5));
#2116=DIRECTION('',(0.,0.,1.));
#2117=VECTOR('',#2116,24.);
#2118=LINE('',#2115,#2117);
#2119=EDGE_CURVE('',#712,#2005,#2118,.T.);
#2120=ORIENTED_EDGE('',*,*,#2119,.T.);
#2121=ORIENTED_EDGE('',*,*,#2010,.F.);
#2122=CARTESIAN_POINT('',(-1.,-47.7,21.5));
#2123=DIRECTION('',(-0.,-0.,-1.));
#2124=VECTOR('',#2123,24.);
#2125=LINE('',#2122,#2124);
#2126=EDGE_CURVE('',#1996,#721,#2125,.T.);
#2127=ORIENTED_EDGE('',*,*,#2126,.T.);
#2128=EDGE_LOOP('',(#2114,#2120,#2121,#2127));
#2129=FACE_BOUND('',#2128,.T.);
#2130=ADVANCED_FACE('',(#2113,#2129),#2043,.F.);
#2131=CARTESIAN_POINT('',(61.1357,-47.7,2.));
#2132=DIRECTION('',(-0.707106781,-0.707106781,0.));
#2133=DIRECTION('',(0.,0.,1.));
#2134=AXIS2_PLACEMENT_3D('',#2131,#2132,#2133);
#2135=PLANE('',#2134);
#2136=CARTESIAN_POINT('',(60.1357,-46.7,12.13));
#2137=VERTEX_POINT('',#2136);
#2138=CARTESIAN_POINT('',(60.1357,-46.7,12.13));
#2139=DIRECTION('',(0.707106781,-0.707106781,-0.));
#2140=VECTOR('',#2139,1.414213562);
#2141=LINE('',#2138,#2140);
#2142=EDGE_CURVE('',#2137,#2056,#2141,.T.);
#2143=ORIENTED_EDGE('',*,*,#2142,.T.);
#2144=ORIENTED_EDGE('',*,*,#2061,.F.);
#2145=CARTESIAN_POINT('',(60.1357,-46.7,12.99));
#2146=VERTEX_POINT('',#2145);
#2147=CARTESIAN_POINT('',(60.1357,-46.7,12.99));
#2148=DIRECTION('',(0.707106781,-0.707106781,0.));
#2149=VECTOR('',#2148,1.414213562);
#2150=LINE('',#2147,#2149);
#2151=EDGE_CURVE('',#2146,#2047,#2150,.T.);
#2152=ORIENTED_EDGE('',*,*,#2151,.F.);
#2153=CARTESIAN_POINT('',(60.1357,-46.7,12.13));
#2154=DIRECTION('',(0.,0.,1.));
#2155=VECTOR('',#2154,0.86);
#2156=LINE('',#2153,#2155);
#2157=EDGE_CURVE('',#2137,#2146,#2156,.T.);
#2158=ORIENTED_EDGE('',*,*,#2157,.F.);
#2159=EDGE_LOOP('',(#2143,#2144,#2152,#2158));
#2160=FACE_BOUND('',#2159,.T.);
#2161=ADVANCED_FACE('',(#2160),#2135,.T.);
#2162=CARTESIAN_POINT('',(56.3857,-46.7,12.99));
#2163=DIRECTION('',(0.,-1.,0.));
#2164=DIRECTION('',(0.,0.,-1.));
#2165=AXIS2_PLACEMENT_3D('',#2162,#2163,#2164);
#2166=CONICAL_SURFACE('',#2165,3.75,45.);
#2167=ORIENTED_EDGE('',*,*,#2151,.T.);
#2168=ORIENTED_EDGE('',*,*,#2053,.F.);
#2169=CARTESIAN_POINT('',(56.3857,-46.7,16.74));
#2170=VERTEX_POINT('',#2169);
#2171=CARTESIAN_POINT('',(56.3857,-46.7,16.74));
#2172=DIRECTION('',(0.,-0.707106781,0.707106781));
#2173=VECTOR('',#2172,1.414213562);
#2174=LINE('',#2171,#2173);
#2175=EDGE_CURVE('',#2170,#2045,#2174,.T.);
#2176=ORIENTED_EDGE('',*,*,#2175,.F.);
#2177=CARTESIAN_POINT('',(56.3857,-46.7,12.99));
#2178=DIRECTION('',(-0.,-1.,-0.));
#2179=DIRECTION('',(0.,-0.,1.));
#2180=AXIS2_PLACEMENT_3D('',#2177,#2178,#2179);
#2181=CIRCLE('',#2180,3.75);
#2182=EDGE_CURVE('',#2146,#2170,#2181,.T.);
#2183=ORIENTED_EDGE('',*,*,#2182,.F.);
#2184=EDGE_LOOP('',(#2167,#2168,#2176,#2183));
#2185=FACE_BOUND('',#2184,.T.);
#2186=ADVANCED_FACE('',(#2185),#2166,.F.);
#2187=CARTESIAN_POINT('',(31.2,-45.8,21.5));
#2188=DIRECTION('',(0.,1.,0.));
#2189=DIRECTION('',(0.,0.,1.));
#2190=AXIS2_PLACEMENT_3D('',#2187,#2188,#2189);
#2191=PLANE('',#2190);
#2192=ORIENTED_EDGE('',*,*,#1958,.T.);
#2193=CARTESIAN_POINT('',(61.5,-45.8,21.5));
#2194=DIRECTION('',(0.,0.,-1.));
#2195=VECTOR('',#2194,1.5);
#2196=LINE('',#2193,#2195);
#2197=EDGE_CURVE('',#1944,#1721,#2196,.T.);
#2198=ORIENTED_EDGE('',*,*,#2197,.T.);
#2199=ORIENTED_EDGE('',*,*,#1726,.F.);
#2200=CARTESIAN_POINT('',(0.9,-45.8,20.));
#2201=DIRECTION('',(-0.,-0.,1.));
#2202=VECTOR('',#2201,1.5);
#2203=LINE('',#2200,#2202);
#2204=EDGE_CURVE('',#1712,#1953,#2203,.T.);
#2205=ORIENTED_EDGE('',*,*,#2204,.T.);
#2206=EDGE_LOOP('',(#2192,#2198,#2199,#2205));
#2207=FACE_BOUND('',#2206,.T.);
#2208=ADVANCED_FACE('',(#2207),#2191,.T.);
#2209=CARTESIAN_POINT('',(0.,-42.7,0.));
#2210=DIRECTION('',(0.,1.,0.));
#2211=DIRECTION('',(0.,0.,-1.));
#2212=AXIS2_PLACEMENT_3D('',#2209,#2210,#2211);
#2213=PLANE('',#2212);
#2214=CARTESIAN_POINT('',(48.4957,-42.7,12.13));
#2215=VERTEX_POINT('',#2214);
#2216=CARTESIAN_POINT('',(49.7457,-42.7,10.88));
#2217=VERTEX_POINT('',#2216);
#2218=CARTESIAN_POINT('',(49.7457,-42.7,12.13));
#2219=DIRECTION('',(-0.,-1.,-0.));
#2220=DIRECTION('',(0.,-0.,1.));
#2221=AXIS2_PLACEMENT_3D('',#2218,#2219,#2220);
#2222=CIRCLE('',#2221,1.25);
#2223=EDGE_CURVE('',#2215,#2217,#2222,.T.);
#2224=ORIENTED_EDGE('',*,*,#2223,.T.);
#2225=CARTESIAN_POINT('',(56.3857,-42.7,10.88));
#2226=VERTEX_POINT('',#2225);
#2227=CARTESIAN_POINT('',(49.7457,-42.7,10.88));
#2228=DIRECTION('',(1.,0.,-0.));
#2229=VECTOR('',#2228,6.64);
#2230=LINE('',#2227,#2229);
#2231=EDGE_CURVE('',#2217,#2226,#2230,.T.);
#2232=ORIENTED_EDGE('',*,*,#2231,.T.);
#2233=CARTESIAN_POINT('',(57.6357,-42.7,12.13));
#2234=VERTEX_POINT('',#2233);
#2235=CARTESIAN_POINT('',(56.3857,-42.7,12.13));
#2236=DIRECTION('',(-0.,-1.,-0.));
#2237=DIRECTION('',(0.,-0.,1.));
#2238=AXIS2_PLACEMENT_3D('',#2235,#2236,#2237);
#2239=CIRCLE('',#2238,1.25);
#2240=EDGE_CURVE('',#2226,#2234,#2239,.T.);
#2241=ORIENTED_EDGE('',*,*,#2240,.T.);
#2242=CARTESIAN_POINT('',(57.6357,-42.7,12.98999572));
#2243=VERTEX_POINT('',#2242);
#2244=CARTESIAN_POINT('',(57.6357,-42.7,12.13));
#2245=DIRECTION('',(0.,0.,1.));
#2246=VECTOR('',#2245,0.85999572);
#2247=LINE('',#2244,#2246);
#2248=EDGE_CURVE('',#2234,#2243,#2247,.T.);
#2249=ORIENTED_EDGE('',*,*,#2248,.T.);
#2250=CARTESIAN_POINT('',(56.3857,-42.7,14.24));
#2251=VERTEX_POINT('',#2250);
#2252=CARTESIAN_POINT('',(56.3857,-42.7,12.99));
#2253=DIRECTION('',(-0.,-1.,-0.));
#2254=DIRECTION('',(0.,-0.,1.));
#2255=AXIS2_PLACEMENT_3D('',#2252,#2253,#2254);
#2256=CIRCLE('',#2255,1.25);
#2257=EDGE_CURVE('',#2243,#2251,#2256,.T.);
#2258=ORIENTED_EDGE('',*,*,#2257,.T.);
#2259=CARTESIAN_POINT('',(49.745704228,-42.7,14.24));
#2260=VERTEX_POINT('',#2259);
#2261=CARTESIAN_POINT('',(56.3857,-42.7,14.24));
#2262=DIRECTION('',(-1.,0.,0.));
#2263=VECTOR('',#2262,6.639995772);
#2264=LINE('',#2261,#2263);
#2265=EDGE_CURVE('',#2251,#2260,#2264,.T.);
#2266=ORIENTED_EDGE('',*,*,#2265,.T.);
#2267=CARTESIAN_POINT('',(48.4957,-42.7,12.99));
#2268=VERTEX_POINT('',#2267);
#2269=CARTESIAN_POINT('',(49.7457,-42.7,12.99));
#2270=DIRECTION('',(-0.,-1.,-0.));
#2271=DIRECTION('',(0.,-0.,1.));
#2272=AXIS2_PLACEMENT_3D('',#2269,#2270,#2271);
#2273=CIRCLE('',#2272,1.25);
#2274=EDGE_CURVE('',#2260,#2268,#2273,.T.);
#2275=ORIENTED_EDGE('',*,*,#2274,.T.);
#2276=CARTESIAN_POINT('',(48.4957,-42.7,12.99));
#2277=DIRECTION('',(-0.,0.,-1.));
#2278=VECTOR('',#2277,0.86);
#2279=LINE('',#2276,#2278);
#2280=EDGE_CURVE('',#2268,#2215,#2279,.T.);
#2281=ORIENTED_EDGE('',*,*,#2280,.T.);
#2282=EDGE_LOOP('',(#2224,#2232,#2241,#2249,#2258,#2266,#2275,#2281));
#2283=FACE_BOUND('',#2282,.T.);
#2284=ORIENTED_EDGE('',*,*,#1848,.F.);
#2285=CARTESIAN_POINT('',(61.6357,-42.7,12.99));
#2286=VERTEX_POINT('',#2285);
#2287=CARTESIAN_POINT('',(56.3857,-42.7,12.99));
#2288=DIRECTION('',(0.,1.,0.));
#2289=DIRECTION('',(0.,-0.,1.));
#2290=AXIS2_PLACEMENT_3D('',#2287,#2288,#2289);
#2291=CIRCLE('',#2290,5.25);
#2292=EDGE_CURVE('',#1835,#2286,#2291,.T.);
#2293=ORIENTED_EDGE('',*,*,#2292,.T.);
#2294=CARTESIAN_POINT('',(61.6357,-42.7,11.129996741));
#2295=VERTEX_POINT('',#2294);
#2296=CARTESIAN_POINT('',(61.6357,-42.7,11.129996741));
#2297=DIRECTION('',(0.,0.,1.));
#2298=VECTOR('',#2297,1.860003259);
#2299=LINE('',#2296,#2298);
#2300=EDGE_CURVE('',#2295,#2286,#2299,.T.);
#2301=ORIENTED_EDGE('',*,*,#2300,.F.);
#2302=CARTESIAN_POINT('',(57.3857,-42.7,6.88));
#2303=VERTEX_POINT('',#2302);
#2304=CARTESIAN_POINT('',(57.3857,-42.7,11.13));
#2305=DIRECTION('',(0.,1.,0.));
#2306=DIRECTION('',(0.,-0.,1.));
#2307=AXIS2_PLACEMENT_3D('',#2304,#2305,#2306);
#2308=CIRCLE('',#2307,4.25);
#2309=EDGE_CURVE('',#2295,#2303,#2308,.T.);
#2310=ORIENTED_EDGE('',*,*,#2309,.T.);
#2311=CARTESIAN_POINT('',(48.7457,-42.7,6.88));
#2312=VERTEX_POINT('',#2311);
#2313=CARTESIAN_POINT('',(57.3857,-42.7,6.88));
#2314=DIRECTION('',(-1.,0.,0.));
#2315=VECTOR('',#2314,8.64);
#2316=LINE('',#2313,#2315);
#2317=EDGE_CURVE('',#2303,#2312,#2316,.T.);
#2318=ORIENTED_EDGE('',*,*,#2317,.T.);
#2319=CARTESIAN_POINT('',(44.4957,-42.7,11.129996385));
#2320=VERTEX_POINT('',#2319);
#2321=CARTESIAN_POINT('',(48.7457,-42.7,11.13));
#2322=DIRECTION('',(0.,1.,0.));
#2323=DIRECTION('',(0.,-0.,1.));
#2324=AXIS2_PLACEMENT_3D('',#2321,#2322,#2323);
#2325=CIRCLE('',#2324,4.25);
#2326=EDGE_CURVE('',#2312,#2320,#2325,.T.);
#2327=ORIENTED_EDGE('',*,*,#2326,.T.);
#2328=CARTESIAN_POINT('',(44.4957,-42.7,12.99));
#2329=VERTEX_POINT('',#2328);
#2330=CARTESIAN_POINT('',(44.4957,-42.7,11.129996385));
#2331=DIRECTION('',(0.,0.,1.));
#2332=VECTOR('',#2331,1.860003615);
#2333=LINE('',#2330,#2332);
#2334=EDGE_CURVE('',#2320,#2329,#2333,.T.);
#2335=ORIENTED_EDGE('',*,*,#2334,.T.);
#2336=CARTESIAN_POINT('',(49.7457,-42.7,12.99));
#2337=DIRECTION('',(0.,1.,0.));
#2338=DIRECTION('',(0.,-0.,1.));
#2339=AXIS2_PLACEMENT_3D('',#2336,#2337,#2338);
#2340=CIRCLE('',#2339,5.25);
#2341=EDGE_CURVE('',#2329,#1843,#2340,.T.);
#2342=ORIENTED_EDGE('',*,*,#2341,.T.);
#2343=EDGE_LOOP('',(#2284,#2293,#2301,#2310,#2318,#2327,#2335,#2342));
#2344=FACE_BOUND('',#2343,.T.);
#2345=ADVANCED_FACE('',(#2283,#2344),#2213,.T.);
#2346=CARTESIAN_POINT('',(56.3857,-46.7,12.13));
#2347=DIRECTION('',(0.,-1.,0.));
#2348=DIRECTION('',(0.,0.,-1.));
#2349=AXIS2_PLACEMENT_3D('',#2346,#2347,#2348);
#2350=CONICAL_SURFACE('',#2349,3.75,45.);
#2351=ORIENTED_EDGE('',*,*,#2070,.F.);
#2352=ORIENTED_EDGE('',*,*,#2142,.F.);
#2353=CARTESIAN_POINT('',(56.3857,-46.7,8.38));
#2354=VERTEX_POINT('',#2353);
#2355=CARTESIAN_POINT('',(56.3857,-46.7,12.13));
#2356=DIRECTION('',(-0.,-1.,-0.));
#2357=DIRECTION('',(0.,-0.,1.));
#2358=AXIS2_PLACEMENT_3D('',#2355,#2356,#2357);
#2359=CIRCLE('',#2358,3.75);
#2360=EDGE_CURVE('',#2354,#2137,#2359,.T.);
#2361=ORIENTED_EDGE('',*,*,#2360,.F.);
#2362=CARTESIAN_POINT('',(56.3857,-47.7,7.38));
#2363=DIRECTION('',(0.,0.707106781,0.707106781));
#2364=VECTOR('',#2363,1.414213562);
#2365=LINE('',#2362,#2364);
#2366=EDGE_CURVE('',#2064,#2354,#2365,.T.);
#2367=ORIENTED_EDGE('',*,*,#2366,.F.);
#2368=EDGE_LOOP('',(#2351,#2352,#2361,#2367));
#2369=FACE_BOUND('',#2368,.T.);
#2370=ADVANCED_FACE('',(#2369),#2350,.F.);
#2371=CARTESIAN_POINT('',(57.3857,-43.2,11.13));
#2372=DIRECTION('',(0.,-1.,0.));
#2373=DIRECTION('',(0.,0.,-1.));
#2374=AXIS2_PLACEMENT_3D('',#2371,#2372,#2373);
#2375=CYLINDRICAL_SURFACE('',#2374,4.25);
#2376=ORIENTED_EDGE('',*,*,#2309,.F.);
#2377=CARTESIAN_POINT('',(61.6357,-42.7,11.13));
#2378=DIRECTION('',(0.,-1.,0.));
#2379=VECTOR('',#2378,3.);
#2380=LINE('',#2377,#2379);
#2381=EDGE_CURVE('',#2295,#1154,#2380,.T.);
#2382=ORIENTED_EDGE('',*,*,#2381,.T.);
#2383=ORIENTED_EDGE('',*,*,#1160,.T.);
#2384=CARTESIAN_POINT('',(57.3857,-42.7,6.88));
#2385=DIRECTION('',(0.,-1.,0.));
#2386=VECTOR('',#2385,3.);
#2387=LINE('',#2384,#2386);
#2388=EDGE_CURVE('',#2303,#1146,#2387,.T.);
#2389=ORIENTED_EDGE('',*,*,#2388,.F.);
#2390=EDGE_LOOP('',(#2376,#2382,#2383,#2389));
#2391=FACE_BOUND('',#2390,.T.);
#2392=ADVANCED_FACE('',(#2391),#2375,.T.);
#2393=CARTESIAN_POINT('',(23.2,9.,16.5));
#2394=DIRECTION('',(0.,-1.,0.));
#2395=DIRECTION('',(1.,0.,0.));
#2396=AXIS2_PLACEMENT_3D('',#2393,#2394,#2395);
#2397=CYLINDRICAL_SURFACE('',#2396,1.25);
#2398=CARTESIAN_POINT('',(24.45,7.,16.5));
#2399=DIRECTION('',(-0.,1.,-0.));
#2400=VECTOR('',#2399,2.);
#2401=LINE('',#2398,#2400);
#2402=EDGE_CURVE('',#113,#1531,#2401,.T.);
#2403=ORIENTED_EDGE('',*,*,#2402,.F.);
#2404=ORIENTED_EDGE('',*,*,#121,.T.);
#2405=ORIENTED_EDGE('',*,*,#128,.T.);
#2406=ORIENTED_EDGE('',*,*,#2402,.T.);
#2407=ORIENTED_EDGE('',*,*,#1537,.F.);
#2408=ORIENTED_EDGE('',*,*,#1544,.F.);
#2409=EDGE_LOOP('',(#2403,#2404,#2405,#2406,#2407,#2408));
#2410=FACE_BOUND('',#2409,.T.);
#2411=ADVANCED_FACE('',(#2410),#2397,.F.);
#2412=CARTESIAN_POINT('',(39.2,9.,16.5));
#2413=DIRECTION('',(0.,-1.,0.));
#2414=DIRECTION('',(1.,0.,0.));
#2415=AXIS2_PLACEMENT_3D('',#2412,#2413,#2414);
#2416=CYLINDRICAL_SURFACE('',#2415,1.25);
#2417=CARTESIAN_POINT('',(40.45,7.,16.5));
#2418=DIRECTION('',(-0.,1.,-0.));
#2419=VECTOR('',#2418,2.);
#2420=LINE('',#2417,#2419);
#2421=EDGE_CURVE('',#93,#1551,#2420,.T.);
#2422=ORIENTED_EDGE('',*,*,#2421,.F.);
#2423=ORIENTED_EDGE('',*,*,#101,.T.);
#2424=ORIENTED_EDGE('',*,*,#108,.T.);
#2425=ORIENTED_EDGE('',*,*,#2421,.T.);
#2426=ORIENTED_EDGE('',*,*,#1557,.F.);
#2427=ORIENTED_EDGE('',*,*,#1564,.F.);
#2428=EDGE_LOOP('',(#2422,#2423,#2424,#2425,#2426,#2427));
#2429=FACE_BOUND('',#2428,.T.);
#2430=ADVANCED_FACE('',(#2429),#2416,.F.);
#2431=CARTESIAN_POINT('',(31.2,7.,8.5));
#2432=DIRECTION('',(0.,1.,0.));
#2433=DIRECTION('',(0.,-0.,1.));
#2434=AXIS2_PLACEMENT_3D('',#2431,#2432,#2433);
#2435=CYLINDRICAL_SURFACE('',#2434,9.);
#2436=CARTESIAN_POINT('',(31.2,9.,17.5));
#2437=DIRECTION('',(-0.,-1.,-0.));
#2438=VECTOR('',#2437,2.);
#2439=LINE('',#2436,#2438);
#2440=EDGE_CURVE('',#1609,#35,#2439,.T.);
#2441=ORIENTED_EDGE('',*,*,#2440,.F.);
#2442=ORIENTED_EDGE('',*,*,#1617,.T.);
#2443=ORIENTED_EDGE('',*,*,#1624,.T.);
#2444=ORIENTED_EDGE('',*,*,#2440,.T.);
#2445=ORIENTED_EDGE('',*,*,#41,.F.);
#2446=ORIENTED_EDGE('',*,*,#48,.F.);
#2447=EDGE_LOOP('',(#2441,#2442,#2443,#2444,#2445,#2446));
#2448=FACE_BOUND('',#2447,.T.);
#2449=ADVANCED_FACE('',(#2448),#2435,.F.);
#2450=CARTESIAN_POINT('',(0.,0.,18.5));
#2451=DIRECTION('',(0.,0.,-1.));
#2452=DIRECTION('',(1.,0.,0.));
#2453=AXIS2_PLACEMENT_3D('',#2450,#2451,#2452);
#2454=PLANE('',#2453);
#2455=CARTESIAN_POINT('',(41.7,0.5,18.5));
#2456=VERTEX_POINT('',#2455);
#2457=CARTESIAN_POINT('',(41.7,0.5,18.5));
#2458=DIRECTION('',(-0.,1.,0.));
#2459=VECTOR('',#2458,6.5);
#2460=LINE('',#2457,#2459);
#2461=EDGE_CURVE('',#2456,#319,#2460,.T.);
#2462=ORIENTED_EDGE('',*,*,#2461,.F.);
#2463=CARTESIAN_POINT('',(20.7,0.5,18.5));
#2464=VERTEX_POINT('',#2463);
#2465=CARTESIAN_POINT('',(20.7,0.5,18.5));
#2466=DIRECTION('',(1.,0.,-0.));
#2467=VECTOR('',#2466,21.);
#2468=LINE('',#2465,#2467);
#2469=EDGE_CURVE('',#2464,#2456,#2468,.T.);
#2470=ORIENTED_EDGE('',*,*,#2469,.F.);
#2471=CARTESIAN_POINT('',(20.7,7.,18.5));
#2472=DIRECTION('',(0.,-1.,0.));
#2473=VECTOR('',#2472,6.5);
#2474=LINE('',#2471,#2473);
#2475=EDGE_CURVE('',#327,#2464,#2474,.T.);
#2476=ORIENTED_EDGE('',*,*,#2475,.F.);
#2477=ORIENTED_EDGE('',*,*,#332,.F.);
#2478=EDGE_LOOP('',(#2462,#2470,#2476,#2477));
#2479=FACE_BOUND('',#2478,.T.);
#2480=ADVANCED_FACE('',(#2479),#2454,.T.);
#2481=CARTESIAN_POINT('',(23.2,9.,0.5));
#2482=DIRECTION('',(0.,-1.,0.));
#2483=DIRECTION('',(1.,0.,0.));
#2484=AXIS2_PLACEMENT_3D('',#2481,#2482,#2483);
#2485=CYLINDRICAL_SURFACE('',#2484,1.25);
#2486=CARTESIAN_POINT('',(24.45,7.,0.5));
#2487=DIRECTION('',(-0.,1.,-0.));
#2488=VECTOR('',#2487,2.);
#2489=LINE('',#2486,#2488);
#2490=EDGE_CURVE('',#53,#1591,#2489,.T.);
#2491=ORIENTED_EDGE('',*,*,#2490,.F.);
#2492=ORIENTED_EDGE('',*,*,#61,.T.);
#2493=ORIENTED_EDGE('',*,*,#68,.T.);
#2494=ORIENTED_EDGE('',*,*,#2490,.T.);
#2495=ORIENTED_EDGE('',*,*,#1597,.F.);
#2496=ORIENTED_EDGE('',*,*,#1604,.F.);
#2497=EDGE_LOOP('',(#2491,#2492,#2493,#2494,#2495,#2496));
#2498=FACE_BOUND('',#2497,.T.);
#2499=ADVANCED_FACE('',(#2498),#2485,.F.);
#2500=CARTESIAN_POINT('',(39.2,10.6,0.5));
#2501=DIRECTION('',(0.,-1.,0.));
#2502=DIRECTION('',(1.,0.,0.));
#2503=AXIS2_PLACEMENT_3D('',#2500,#2501,#2502);
#2504=CYLINDRICAL_SURFACE('',#2503,1.25);
#2505=CARTESIAN_POINT('',(40.45,7.,0.5));
#2506=DIRECTION('',(-0.,1.,-0.));
#2507=VECTOR('',#2506,2.);
#2508=LINE('',#2505,#2507);
#2509=EDGE_CURVE('',#73,#1571,#2508,.T.);
#2510=ORIENTED_EDGE('',*,*,#2509,.F.);
#2511=ORIENTED_EDGE('',*,*,#81,.T.);
#2512=ORIENTED_EDGE('',*,*,#88,.T.);
#2513=ORIENTED_EDGE('',*,*,#2509,.T.);
#2514=ORIENTED_EDGE('',*,*,#1577,.F.);
#2515=ORIENTED_EDGE('',*,*,#1584,.F.);
#2516=EDGE_LOOP('',(#2510,#2511,#2512,#2513,#2514,#2515));
#2517=FACE_BOUND('',#2516,.T.);
#2518=ADVANCED_FACE('',(#2517),#2504,.F.);
#2519=CARTESIAN_POINT('',(0.9,1.1,21.5));
#2520=DIRECTION('',(0.,0.,1.));
#2521=DIRECTION('',(1.,0.,-0.));
#2522=AXIS2_PLACEMENT_3D('',#2519,#2520,#2521);
#2523=CYLINDRICAL_SURFACE('',#2522,2.);
#2524=ORIENTED_EDGE('',*,*,#1923,.F.);
#2525=CARTESIAN_POINT('',(-1.1,1.1,20.));
#2526=DIRECTION('',(-0.,-0.,1.));
#2527=VECTOR('',#2526,1.5);
#2528=LINE('',#2525,#2527);
#2529=EDGE_CURVE('',#1695,#1917,#2528,.T.);
#2530=ORIENTED_EDGE('',*,*,#2529,.F.);
#2531=ORIENTED_EDGE('',*,*,#1701,.F.);
#2532=ORIENTED_EDGE('',*,*,#1504,.F.);
#2533=EDGE_LOOP('',(#2524,#2530,#2531,#2532));
#2534=FACE_BOUND('',#2533,.T.);
#2535=ADVANCED_FACE('',(#2534),#2523,.F.);
#2536=CARTESIAN_POINT('',(-2.,0.5,0.));
#2537=DIRECTION('',(0.,-1.,0.));
#2538=DIRECTION('',(1.,0.,0.));
#2539=AXIS2_PLACEMENT_3D('',#2536,#2537,#2538);
#2540=PLANE('',#2539);
#2541=ORIENTED_EDGE('',*,*,#2469,.T.);
#2542=CARTESIAN_POINT('',(41.7,0.5,18.));
#2543=VERTEX_POINT('',#2542);
#2544=CARTESIAN_POINT('',(41.7,0.5,18.5));
#2545=DIRECTION('',(0.,0.,-1.));
#2546=VECTOR('',#2545,0.5);
#2547=LINE('',#2544,#2546);
#2548=EDGE_CURVE('',#2456,#2543,#2547,.T.);
#2549=ORIENTED_EDGE('',*,*,#2548,.T.);
#2550=CARTESIAN_POINT('',(59.4,0.5,18.));
#2551=VERTEX_POINT('',#2550);
#2552=CARTESIAN_POINT('',(41.7,0.5,18.));
#2553=DIRECTION('',(1.,0.,-0.));
#2554=VECTOR('',#2553,17.7);
#2555=LINE('',#2552,#2554);
#2556=EDGE_CURVE('',#2543,#2551,#2555,.T.);
#2557=ORIENTED_EDGE('',*,*,#2556,.T.);
#2558=CARTESIAN_POINT('',(59.4,0.5,20.));
#2559=DIRECTION('',(0.,0.,-1.));
#2560=VECTOR('',#2559,2.);
#2561=LINE('',#2558,#2560);
#2562=EDGE_CURVE('',#1660,#2551,#2561,.T.);
#2563=ORIENTED_EDGE('',*,*,#2562,.F.);
#2564=ORIENTED_EDGE('',*,*,#1689,.T.);
#2565=CARTESIAN_POINT('',(-0.6,0.5,18.));
#2566=VERTEX_POINT('',#2565);
#2567=CARTESIAN_POINT('',(-0.6,0.5,20.));
#2568=DIRECTION('',(0.,0.,-1.));
#2569=VECTOR('',#2568,2.);
#2570=LINE('',#2567,#2569);
#2571=EDGE_CURVE('',#1678,#2566,#2570,.T.);
#2572=ORIENTED_EDGE('',*,*,#2571,.T.);
#2573=CARTESIAN_POINT('',(20.7,0.5,18.));
#2574=VERTEX_POINT('',#2573);
#2575=CARTESIAN_POINT('',(-0.6,0.5,18.));
#2576=DIRECTION('',(1.,0.,-0.));
#2577=VECTOR('',#2576,21.3);
#2578=LINE('',#2575,#2577);
#2579=EDGE_CURVE('',#2566,#2574,#2578,.T.);
#2580=ORIENTED_EDGE('',*,*,#2579,.T.);
#2581=CARTESIAN_POINT('',(20.7,0.5,18.5));
#2582=DIRECTION('',(0.,0.,-1.));
#2583=VECTOR('',#2582,0.5);
#2584=LINE('',#2581,#2583);
#2585=EDGE_CURVE('',#2464,#2574,#2584,.T.);
#2586=ORIENTED_EDGE('',*,*,#2585,.F.);
#2587=EDGE_LOOP('',(#2541,#2549,#2557,#2563,#2564,#2572,#2580,#2586));
#2588=FACE_BOUND('',#2587,.T.);
#2589=ADVANCED_FACE('',(#2588),#2540,.T.);
#2590=CARTESIAN_POINT('',(41.7,3.75,18.5));
#2591=DIRECTION('',(-1.,-0.,0.));
#2592=DIRECTION('',(0.,-1.,0.));
#2593=AXIS2_PLACEMENT_3D('',#2590,#2591,#2592);
#2594=PLANE('',#2593);
#2595=ORIENTED_EDGE('',*,*,#1797,.F.);
#2596=CARTESIAN_POINT('',(41.7,0.5,18.));
#2597=DIRECTION('',(0.,0.,-1.));
#2598=VECTOR('',#2597,1.5);
#2599=LINE('',#2596,#2598);
#2600=EDGE_CURVE('',#2543,#1786,#2599,.T.);
#2601=ORIENTED_EDGE('',*,*,#2600,.F.);
#2602=ORIENTED_EDGE('',*,*,#2548,.F.);
#2603=ORIENTED_EDGE('',*,*,#2461,.T.);
#2604=ORIENTED_EDGE('',*,*,#324,.T.);
#2605=EDGE_LOOP('',(#2595,#2601,#2602,#2603,#2604));
#2606=FACE_BOUND('',#2605,.T.);
#2607=ADVANCED_FACE('',(#2606),#2594,.T.);
#2608=CARTESIAN_POINT('',(31.2,0.5,18.5));
#2609=DIRECTION('',(0.,1.,0.));
#2610=DIRECTION('',(0.,0.,1.));
#2611=AXIS2_PLACEMENT_3D('',#2608,#2609,#2610);
#2612=PLANE('',#2611);
#2613=CARTESIAN_POINT('',(20.7,0.5,18.));
#2614=DIRECTION('',(1.,0.,-0.));
#2615=VECTOR('',#2614,21.);
#2616=LINE('',#2613,#2615);
#2617=EDGE_CURVE('',#2574,#2543,#2616,.T.);
#2618=ORIENTED_EDGE('',*,*,#2617,.T.);
#2619=ORIENTED_EDGE('',*,*,#2600,.T.);
#2620=ORIENTED_EDGE('',*,*,#1791,.F.);
#2621=CARTESIAN_POINT('',(20.7,0.5,18.));
#2622=DIRECTION('',(0.,0.,-1.));
#2623=VECTOR('',#2622,1.5);
#2624=LINE('',#2621,#2623);
#2625=EDGE_CURVE('',#2574,#1778,#2624,.T.);
#2626=ORIENTED_EDGE('',*,*,#2625,.F.);
#2627=EDGE_LOOP('',(#2618,#2619,#2620,#2626));
#2628=FACE_BOUND('',#2627,.T.);
#2629=ADVANCED_FACE('',(#2628),#2612,.T.);
#2630=CARTESIAN_POINT('',(20.7,3.75,18.5));
#2631=DIRECTION('',(1.,0.,0.));
#2632=DIRECTION('',(0.,0.,-1.));
#2633=AXIS2_PLACEMENT_3D('',#2630,#2631,#2632);
#2634=PLANE('',#2633);
#2635=ORIENTED_EDGE('',*,*,#1783,.F.);
#2636=ORIENTED_EDGE('',*,*,#338,.F.);
#2637=ORIENTED_EDGE('',*,*,#2475,.T.);
#2638=ORIENTED_EDGE('',*,*,#2585,.T.);
#2639=ORIENTED_EDGE('',*,*,#2625,.T.);
#2640=EDGE_LOOP('',(#2635,#2636,#2637,#2638,#2639));
#2641=FACE_BOUND('',#2640,.T.);
#2642=ADVANCED_FACE('',(#2641),#2634,.T.);
#2643=CARTESIAN_POINT('',(59.4,0.,0.));
#2644=DIRECTION('',(-1.,-0.,0.));
#2645=DIRECTION('',(0.,-1.,0.));
#2646=AXIS2_PLACEMENT_3D('',#2643,#2644,#2645);
#2647=PLANE('',#2646);
#2648=CARTESIAN_POINT('',(59.4,-43.2,18.));
#2649=VERTEX_POINT('',#2648);
#2650=CARTESIAN_POINT('',(59.4,-43.2,18.));
#2651=DIRECTION('',(-0.,1.,0.));
#2652=VECTOR('',#2651,43.7);
#2653=LINE('',#2650,#2652);
#2654=EDGE_CURVE('',#2649,#2551,#2653,.T.);
#2655=ORIENTED_EDGE('',*,*,#2654,.F.);
#2656=CARTESIAN_POINT('',(59.4,-43.2,20.));
#2657=DIRECTION('',(0.,0.,-1.));
#2658=VECTOR('',#2657,2.);
#2659=LINE('',#2656,#2658);
#2660=EDGE_CURVE('',#1662,#2649,#2659,.T.);
#2661=ORIENTED_EDGE('',*,*,#2660,.F.);
#2662=ORIENTED_EDGE('',*,*,#1667,.F.);
#2663=ORIENTED_EDGE('',*,*,#2562,.T.);
#2664=EDGE_LOOP('',(#2655,#2661,#2662,#2663));
#2665=FACE_BOUND('',#2664,.T.);
#2666=ADVANCED_FACE('',(#2665),#2647,.T.);
#2667=CARTESIAN_POINT('',(-0.6,0.,0.));
#2668=DIRECTION('',(1.,0.,0.));
#2669=DIRECTION('',(0.,1.,0.));
#2670=AXIS2_PLACEMENT_3D('',#2667,#2668,#2669);
#2671=PLANE('',#2670);
#2672=ORIENTED_EDGE('',*,*,#1683,.F.);
#2673=CARTESIAN_POINT('',(-0.6,-43.2,18.));
#2674=VERTEX_POINT('',#2673);
#2675=CARTESIAN_POINT('',(-0.6,-43.2,20.));
#2676=DIRECTION('',(0.,0.,-1.));
#2677=VECTOR('',#2676,2.);
#2678=LINE('',#2675,#2677);
#2679=EDGE_CURVE('',#1670,#2674,#2678,.T.);
#2680=ORIENTED_EDGE('',*,*,#2679,.T.);
#2681=CARTESIAN_POINT('',(-0.6,-41.2,18.));
#2682=VERTEX_POINT('',#2681);
#2683=CARTESIAN_POINT('',(-0.6,-41.2,18.));
#2684=DIRECTION('',(0.,-1.,0.));
#2685=VECTOR('',#2684,2.);
#2686=LINE('',#2683,#2685);
#2687=EDGE_CURVE('',#2682,#2674,#2686,.T.);
#2688=ORIENTED_EDGE('',*,*,#2687,.F.);
#2689=CARTESIAN_POINT('',(-0.6,-41.2,18.));
#2690=DIRECTION('',(0.,0.,-1.));
#2691=VECTOR('',#2690,1.5);
#2692=LINE('',#2689,#2691);
#2693=EDGE_CURVE('',#2682,#1887,#2692,.T.);
#2694=ORIENTED_EDGE('',*,*,#2693,.T.);
#2695=ORIENTED_EDGE('',*,*,#1892,.T.);
#2696=CARTESIAN_POINT('',(-0.6,-8.5,18.));
#2697=VERTEX_POINT('',#2696);
#2698=CARTESIAN_POINT('',(-0.6,-8.5,16.5));
#2699=DIRECTION('',(0.,0.,1.));
#2700=VECTOR('',#2699,1.5);
#2701=LINE('',#2698,#2700);
#2702=EDGE_CURVE('',#1877,#2697,#2701,.T.);
#2703=ORIENTED_EDGE('',*,*,#2702,.T.);
#2704=CARTESIAN_POINT('',(-0.6,-8.5,18.));
#2705=DIRECTION('',(-0.,1.,0.));
#2706=VECTOR('',#2705,9.);
#2707=LINE('',#2704,#2706);
#2708=EDGE_CURVE('',#2697,#2566,#2707,.T.);
#2709=ORIENTED_EDGE('',*,*,#2708,.T.);
#2710=ORIENTED_EDGE('',*,*,#2571,.F.);
#2711=EDGE_LOOP('',(#2672,#2680,#2688,#2694,#2695,#2703,#2709,#2710));
#2712=FACE_BOUND('',#2711,.T.);
#2713=ADVANCED_FACE('',(#2712),#2671,.T.);
#2714=CARTESIAN_POINT('',(-1.1,-21.35,21.5));
#2715=DIRECTION('',(1.,0.,0.));
#2716=DIRECTION('',(0.,0.,-1.));
#2717=AXIS2_PLACEMENT_3D('',#2714,#2715,#2716);
#2718=PLANE('',#2717);
#2719=ORIENTED_EDGE('',*,*,#1973,.T.);
#2720=CARTESIAN_POINT('',(-1.1,-43.8,21.5));
#2721=DIRECTION('',(0.,0.,-1.));
#2722=VECTOR('',#2721,1.5);
#2723=LINE('',#2720,#2722);
#2724=EDGE_CURVE('',#1961,#1704,#2723,.T.);
#2725=ORIENTED_EDGE('',*,*,#2724,.T.);
#2726=ORIENTED_EDGE('',*,*,#1709,.F.);
#2727=ORIENTED_EDGE('',*,*,#2529,.T.);
#2728=EDGE_LOOP('',(#2719,#2725,#2726,#2727));
#2729=FACE_BOUND('',#2728,.T.);
#2730=ADVANCED_FACE('',(#2729),#2718,.T.);
#2731=CARTESIAN_POINT('',(-3.,-19.35,2.));
#2732=DIRECTION('',(1.,0.,0.));
#2733=DIRECTION('',(0.,0.,-1.));
#2734=AXIS2_PLACEMENT_3D('',#2731,#2732,#2733);
#2735=PLANE('',#2734);
#2736=ORIENTED_EDGE('',*,*,#1993,.F.);
#2737=CARTESIAN_POINT('',(-3.,7.,21.5));
#2738=DIRECTION('',(0.,0.,-1.));
#2739=VECTOR('',#2738,24.);
#2740=LINE('',#2737,#2739);
#2741=EDGE_CURVE('',#1979,#668,#2740,.T.);
#2742=ORIENTED_EDGE('',*,*,#2741,.T.);
#2743=ORIENTED_EDGE('',*,*,#675,.T.);
#2744=CARTESIAN_POINT('',(-3.,-45.7,-2.5));
#2745=DIRECTION('',(0.,0.,1.));
#2746=VECTOR('',#2745,24.);
#2747=LINE('',#2744,#2746);
#2748=EDGE_CURVE('',#670,#1988,#2747,.T.);
#2749=ORIENTED_EDGE('',*,*,#2748,.T.);
#2750=EDGE_LOOP('',(#2736,#2742,#2743,#2749));
#2751=FACE_BOUND('',#2750,.T.);
#2752=CARTESIAN_POINT('',(-3.,-24.679048071,-2.013843014));
#2753=VERTEX_POINT('',#2752);
#2754=CARTESIAN_POINT('',(-3.,-17.739042418,-2.013843014));
#2755=VERTEX_POINT('',#2754);
#2756=CARTESIAN_POINT('',(-3.,-24.679048071,-2.013843014));
#2757=DIRECTION('',(0.,1.,0.));
#2758=VECTOR('',#2757,6.940005653);
#2759=LINE('',#2756,#2758);
#2760=EDGE_CURVE('',#2753,#2755,#2759,.T.);
#2761=ORIENTED_EDGE('',*,*,#2760,.T.);
#2762=CARTESIAN_POINT('',(-3.,-13.739042418,1.986156986));
#2763=VERTEX_POINT('',#2762);
#2764=CARTESIAN_POINT('',(-3.,-17.739042418,1.986156986));
#2765=DIRECTION('',(1.,0.,0.));
#2766=DIRECTION('',(0.,0.,-1.));
#2767=AXIS2_PLACEMENT_3D('',#2764,#2765,#2766);
#2768=CIRCLE('',#2767,4.);
#2769=EDGE_CURVE('',#2755,#2763,#2768,.T.);
#2770=ORIENTED_EDGE('',*,*,#2769,.T.);
#2771=CARTESIAN_POINT('',(-3.,-13.739042418,3.186156986));
#2772=VERTEX_POINT('',#2771);
#2773=CARTESIAN_POINT('',(-3.,-13.739042418,1.986156986));
#2774=DIRECTION('',(0.,0.,1.));
#2775=VECTOR('',#2774,1.2);
#2776=LINE('',#2773,#2775);
#2777=EDGE_CURVE('',#2763,#2772,#2776,.T.);
#2778=ORIENTED_EDGE('',*,*,#2777,.T.);
#2779=CARTESIAN_POINT('',(-3.,-17.739042418,7.186156986));
#2780=VERTEX_POINT('',#2779);
#2781=CARTESIAN_POINT('',(-3.,-17.739042418,3.186156986));
#2782=DIRECTION('',(1.,0.,0.));
#2783=DIRECTION('',(0.,0.,-1.));
#2784=AXIS2_PLACEMENT_3D('',#2781,#2782,#2783);
#2785=CIRCLE('',#2784,4.);
#2786=EDGE_CURVE('',#2772,#2780,#2785,.T.);
#2787=ORIENTED_EDGE('',*,*,#2786,.T.);
#2788=CARTESIAN_POINT('',(-3.,-24.67904581,7.186156986));
#2789=VERTEX_POINT('',#2788);
#2790=CARTESIAN_POINT('',(-3.,-17.739042418,7.186156986));
#2791=DIRECTION('',(0.,-1.,0.));
#2792=VECTOR('',#2791,6.940003392);
#2793=LINE('',#2790,#2792);
#2794=EDGE_CURVE('',#2780,#2789,#2793,.T.);
#2795=ORIENTED_EDGE('',*,*,#2794,.T.);
#2796=CARTESIAN_POINT('',(-3.,-28.679042418,3.186152466));
#2797=VERTEX_POINT('',#2796);
#2798=CARTESIAN_POINT('',(-3.,-24.679042418,3.186156986));
#2799=DIRECTION('',(1.,0.,0.));
#2800=DIRECTION('',(0.,0.,-1.));
#2801=AXIS2_PLACEMENT_3D('',#2798,#2799,#2800);
#2802=CIRCLE('',#2801,4.);
#2803=EDGE_CURVE('',#2789,#2797,#2802,.T.);
#2804=ORIENTED_EDGE('',*,*,#2803,.T.);
#2805=CARTESIAN_POINT('',(-3.,-28.679042418,1.986153602));
#2806=VERTEX_POINT('',#2805);
#2807=CARTESIAN_POINT('',(-3.,-28.679042418,3.186152466));
#2808=DIRECTION('',(0.,0.,-1.));
#2809=VECTOR('',#2808,1.199998864);
#2810=LINE('',#2807,#2809);
#2811=EDGE_CURVE('',#2797,#2806,#2810,.T.);
#2812=ORIENTED_EDGE('',*,*,#2811,.T.);
#2813=CARTESIAN_POINT('',(-3.,-24.679042418,1.986156986));
#2814=DIRECTION('',(1.,0.,0.));
#2815=DIRECTION('',(0.,0.,-1.));
#2816=AXIS2_PLACEMENT_3D('',#2813,#2814,#2815);
#2817=CIRCLE('',#2816,4.);
#2818=EDGE_CURVE('',#2806,#2753,#2817,.T.);
#2819=ORIENTED_EDGE('',*,*,#2818,.T.);
#2820=EDGE_LOOP('',(#2761,#2770,#2778,#2787,#2795,#2804,#2812,#2819));
#2821=FACE_BOUND('',#2820,.T.);
#2822=CARTESIAN_POINT('',(-3.,-32.2306,1.086154543));
#2823=VERTEX_POINT('',#2822);
#2824=CARTESIAN_POINT('',(-3.,-41.4306,1.086154543));
#2825=VERTEX_POINT('',#2824);
#2826=CARTESIAN_POINT('',(-3.,-32.2306,1.086154543));
#2827=DIRECTION('',(0.,-1.,0.));
#2828=VECTOR('',#2827,9.2);
#2829=LINE('',#2826,#2828);
#2830=EDGE_CURVE('',#2823,#2825,#2829,.T.);
#2831=ORIENTED_EDGE('',*,*,#2830,.F.);
#2832=CARTESIAN_POINT('',(-3.,-32.2306,12.1862));
#2833=VERTEX_POINT('',#2832);
#2834=CARTESIAN_POINT('',(-3.,-32.2306,12.1862));
#2835=DIRECTION('',(0.,0.,-1.));
#2836=VECTOR('',#2835,11.100045457);
#2837=LINE('',#2834,#2836);
#2838=EDGE_CURVE('',#2833,#2823,#2837,.T.);
#2839=ORIENTED_EDGE('',*,*,#2838,.F.);
#2840=CARTESIAN_POINT('',(-3.,-41.4306,12.1862));
#2841=VERTEX_POINT('',#2840);
#2842=CARTESIAN_POINT('',(-3.,-32.2306,12.1862));
#2843=DIRECTION('',(0.,-1.,0.));
#2844=VECTOR('',#2843,9.2);
#2845=LINE('',#2842,#2844);
#2846=EDGE_CURVE('',#2833,#2841,#2845,.T.);
#2847=ORIENTED_EDGE('',*,*,#2846,.T.);
#2848=CARTESIAN_POINT('',(-3.,-41.4306,1.086154543));
#2849=DIRECTION('',(0.,0.,1.));
#2850=VECTOR('',#2849,11.100045457);
#2851=LINE('',#2848,#2850);
#2852=EDGE_CURVE('',#2825,#2841,#2851,.T.);
#2853=ORIENTED_EDGE('',*,*,#2852,.F.);
#2854=EDGE_LOOP('',(#2831,#2839,#2847,#2853));
#2855=FACE_BOUND('',#2854,.T.);
#2856=ADVANCED_FACE('',(#2751,#2821,#2855),#2735,.F.);
#2857=CARTESIAN_POINT('',(29.4,-8.5,18.));
#2858=DIRECTION('',(0.,0.,1.));
#2859=DIRECTION('',(1.,0.,-0.));
#2860=AXIS2_PLACEMENT_3D('',#2857,#2858,#2859);
#2861=PLANE('',#2860);
#2862=ORIENTED_EDGE('',*,*,#2708,.F.);
#2863=CARTESIAN_POINT('',(50.4,-8.5,18.));
#2864=VERTEX_POINT('',#2863);
#2865=CARTESIAN_POINT('',(-0.6,-8.5,18.));
#2866=DIRECTION('',(1.,0.,-0.));
#2867=VECTOR('',#2866,51.);
#2868=LINE('',#2865,#2867);
#2869=EDGE_CURVE('',#2697,#2864,#2868,.T.);
#2870=ORIENTED_EDGE('',*,*,#2869,.T.);
#2871=CARTESIAN_POINT('',(50.4,-41.2,18.));
#2872=VERTEX_POINT('',#2871);
#2873=CARTESIAN_POINT('',(50.4,-8.5,18.));
#2874=DIRECTION('',(0.,-1.,0.));
#2875=VECTOR('',#2874,32.7);
#2876=LINE('',#2873,#2875);
#2877=EDGE_CURVE('',#2864,#2872,#2876,.T.);
#2878=ORIENTED_EDGE('',*,*,#2877,.T.);
#2879=CARTESIAN_POINT('',(50.4,-41.2,18.));
#2880=DIRECTION('',(-1.,0.,0.));
#2881=VECTOR('',#2880,51.);
#2882=LINE('',#2879,#2881);
#2883=EDGE_CURVE('',#2872,#2682,#2882,.T.);
#2884=ORIENTED_EDGE('',*,*,#2883,.T.);
#2885=ORIENTED_EDGE('',*,*,#2687,.T.);
#2886=CARTESIAN_POINT('',(59.4,-43.2,18.));
#2887=DIRECTION('',(-1.,0.,0.));
#2888=VECTOR('',#2887,60.);
#2889=LINE('',#2886,#2888);
#2890=EDGE_CURVE('',#2649,#2674,#2889,.T.);
#2891=ORIENTED_EDGE('',*,*,#2890,.F.);
#2892=ORIENTED_EDGE('',*,*,#2654,.T.);
#2893=ORIENTED_EDGE('',*,*,#2556,.F.);
#2894=ORIENTED_EDGE('',*,*,#2617,.F.);
#2895=ORIENTED_EDGE('',*,*,#2579,.F.);
#2896=EDGE_LOOP('',(#2862,#2870,#2878,#2884,#2885,#2891,#2892,#2893,#2894,#2895));
#2897=FACE_BOUND('',#2896,.T.);
#2898=ADVANCED_FACE('',(#2897),#2861,.T.);
#2899=CARTESIAN_POINT('',(5.888963551,-25.779078542,4.186156986));
#2900=DIRECTION('',(0.,1.,0.));
#2901=DIRECTION('',(0.,0.,-1.));
#2902=AXIS2_PLACEMENT_3D('',#2899,#2900,#2901);
#2903=PLANE('',#2902);
#2904=CARTESIAN_POINT('',(-2.,-25.779078542,2.086156986));
#2905=VERTEX_POINT('',#2904);
#2906=CARTESIAN_POINT('',(-2.,-25.779078542,2.086156986));
#2907=DIRECTION('',(1.,-0.,-0.));
#2908=VECTOR('',#2907,1.);
#2909=LINE('',#2906,#2908);
#2910=EDGE_CURVE('',#2905,#1278,#2909,.T.);
#2911=ORIENTED_EDGE('',*,*,#2910,.F.);
#2912=CARTESIAN_POINT('',(-2.,-25.779078542,3.286203388));
#2913=VERTEX_POINT('',#2912);
#2914=CARTESIAN_POINT('',(-2.,-25.779078542,2.086156986));
#2915=DIRECTION('',(0.,0.,1.));
#2916=VECTOR('',#2915,1.200046402);
#2917=LINE('',#2914,#2916);
#2918=EDGE_CURVE('',#2905,#2913,#2917,.T.);
#2919=ORIENTED_EDGE('',*,*,#2918,.T.);
#2920=CARTESIAN_POINT('',(-2.,-25.779078542,3.2862));
#2921=DIRECTION('',(1.,0.,-0.));
#2922=VECTOR('',#2921,1.);
#2923=LINE('',#2920,#2922);
#2924=EDGE_CURVE('',#2913,#1287,#2923,.T.);
#2925=ORIENTED_EDGE('',*,*,#2924,.T.);
#2926=ORIENTED_EDGE('',*,*,#1292,.T.);
#2927=EDGE_LOOP('',(#2911,#2919,#2925,#2926));
#2928=FACE_BOUND('',#2927,.T.);
#2929=ADVANCED_FACE('',(#2928),#2903,.T.);
#2930=CARTESIAN_POINT('',(-1.411036449,-17.639,3.2862));
#2931=DIRECTION('',(1.,0.,0.));
#2932=DIRECTION('',(0.,0.,-1.));
#2933=AXIS2_PLACEMENT_3D('',#2930,#2931,#2932);
#2934=CYLINDRICAL_SURFACE('',#2933,1.);
#2935=CARTESIAN_POINT('',(-2.,-16.639,3.2862));
#2936=VERTEX_POINT('',#2935);
#2937=CARTESIAN_POINT('',(-2.,-17.639,4.2862));
#2938=VERTEX_POINT('',#2937);
#2939=CARTESIAN_POINT('',(-2.,-17.639,3.2862));
#2940=DIRECTION('',(1.,-0.,-0.));
#2941=DIRECTION('',(0.,0.,1.));
#2942=AXIS2_PLACEMENT_3D('',#2939,#2940,#2941);
#2943=CIRCLE('',#2942,1.);
#2944=EDGE_CURVE('',#2936,#2938,#2943,.T.);
#2945=ORIENTED_EDGE('',*,*,#2944,.F.);
#2946=CARTESIAN_POINT('',(-2.,-16.639,3.2862));
#2947=DIRECTION('',(1.,-0.,-0.));
#2948=VECTOR('',#2947,1.);
#2949=LINE('',#2946,#2948);
#2950=EDGE_CURVE('',#2936,#1312,#2949,.T.);
#2951=ORIENTED_EDGE('',*,*,#2950,.T.);
#2952=ORIENTED_EDGE('',*,*,#1318,.F.);
#2953=CARTESIAN_POINT('',(-2.,-17.639,4.2862));
#2954=DIRECTION('',(1.,0.,-0.));
#2955=VECTOR('',#2954,1.);
#2956=LINE('',#2953,#2955);
#2957=EDGE_CURVE('',#2938,#1304,#2956,.T.);
#2958=ORIENTED_EDGE('',*,*,#2957,.F.);
#2959=EDGE_LOOP('',(#2945,#2951,#2952,#2958));
#2960=FACE_BOUND('',#2959,.T.);
#2961=ADVANCED_FACE('',(#2960),#2934,.F.);
#2962=CARTESIAN_POINT('',(-1.411036449,-24.779078542,2.086156986));
#2963=DIRECTION('',(1.,0.,0.));
#2964=DIRECTION('',(0.,0.,-1.));
#2965=AXIS2_PLACEMENT_3D('',#2962,#2963,#2964);
#2966=CYLINDRICAL_SURFACE('',#2965,1.);
#2967=CARTESIAN_POINT('',(-2.,-24.779078542,1.086156944));
#2968=VERTEX_POINT('',#2967);
#2969=CARTESIAN_POINT('',(-2.,-24.779078542,2.086156986));
#2970=DIRECTION('',(1.,-0.,-0.));
#2971=DIRECTION('',(0.,0.,1.));
#2972=AXIS2_PLACEMENT_3D('',#2969,#2970,#2971);
#2973=CIRCLE('',#2972,1.);
#2974=EDGE_CURVE('',#2905,#2968,#2973,.T.);
#2975=ORIENTED_EDGE('',*,*,#2974,.F.);
#2976=ORIENTED_EDGE('',*,*,#2910,.T.);
#2977=ORIENTED_EDGE('',*,*,#1284,.F.);
#2978=CARTESIAN_POINT('',(-2.,-24.779078542,1.086156986));
#2979=DIRECTION('',(1.,0.,-0.));
#2980=VECTOR('',#2979,1.);
#2981=LINE('',#2978,#2980);
#2982=EDGE_CURVE('',#2968,#1270,#2981,.T.);
#2983=ORIENTED_EDGE('',*,*,#2982,.F.);
#2984=EDGE_LOOP('',(#2975,#2976,#2977,#2983));
#2985=FACE_BOUND('',#2984,.T.);
#2986=ADVANCED_FACE('',(#2985),#2966,.F.);
#2987=CARTESIAN_POINT('',(-1.411036449,-24.779078542,3.2862));
#2988=DIRECTION('',(1.,0.,0.));
#2989=DIRECTION('',(0.,0.,-1.));
#2990=AXIS2_PLACEMENT_3D('',#2987,#2988,#2989);
#2991=CYLINDRICAL_SURFACE('',#2990,1.);
#2992=CARTESIAN_POINT('',(-2.,-24.779078542,4.2862));
#2993=VERTEX_POINT('',#2992);
#2994=CARTESIAN_POINT('',(-2.,-24.779078542,3.2862));
#2995=DIRECTION('',(1.,-0.,-0.));
#2996=DIRECTION('',(0.,0.,1.));
#2997=AXIS2_PLACEMENT_3D('',#2994,#2995,#2996);
#2998=CIRCLE('',#2997,1.);
#2999=EDGE_CURVE('',#2993,#2913,#2998,.T.);
#3000=ORIENTED_EDGE('',*,*,#2999,.F.);
#3001=CARTESIAN_POINT('',(-2.,-24.779078542,4.2862));
#3002=DIRECTION('',(1.,-0.,-0.));
#3003=VECTOR('',#3002,1.);
#3004=LINE('',#3001,#3003);
#3005=EDGE_CURVE('',#2993,#1295,#3004,.T.);
#3006=ORIENTED_EDGE('',*,*,#3005,.T.);
#3007=ORIENTED_EDGE('',*,*,#1301,.F.);
#3008=ORIENTED_EDGE('',*,*,#2924,.F.);
#3009=EDGE_LOOP('',(#3000,#3006,#3007,#3008));
#3010=FACE_BOUND('',#3009,.T.);
#3011=ADVANCED_FACE('',(#3010),#2991,.F.);
#3012=CARTESIAN_POINT('',(5.888963551,-16.639,4.186156986));
#3013=DIRECTION('',(0.,-1.,0.));
#3014=DIRECTION('',(0.,0.,1.));
#3015=AXIS2_PLACEMENT_3D('',#3012,#3013,#3014);
#3016=PLANE('',#3015);
#3017=ORIENTED_EDGE('',*,*,#2950,.F.);
#3018=CARTESIAN_POINT('',(-2.,-16.639,2.086156986));
#3019=VERTEX_POINT('',#3018);
#3020=CARTESIAN_POINT('',(-2.,-16.639,3.2862));
#3021=DIRECTION('',(0.,0.,-1.));
#3022=VECTOR('',#3021,1.200043014);
#3023=LINE('',#3020,#3022);
#3024=EDGE_CURVE('',#2936,#3019,#3023,.T.);
#3025=ORIENTED_EDGE('',*,*,#3024,.T.);
#3026=CARTESIAN_POINT('',(-2.,-16.639,2.086156986));
#3027=DIRECTION('',(1.,0.,-0.));
#3028=VECTOR('',#3027,1.);
#3029=LINE('',#3026,#3028);
#3030=EDGE_CURVE('',#3019,#1321,#3029,.T.);
#3031=ORIENTED_EDGE('',*,*,#3030,.T.);
#3032=ORIENTED_EDGE('',*,*,#1326,.T.);
#3033=EDGE_LOOP('',(#3017,#3025,#3031,#3032));
#3034=FACE_BOUND('',#3033,.T.);
#3035=ADVANCED_FACE('',(#3034),#3016,.T.);
#3036=CARTESIAN_POINT('',(1.188963551,-21.209042418,4.2862));
#3037=DIRECTION('',(0.,0.,-1.));
#3038=DIRECTION('',(0.,-1.,0.));
#3039=AXIS2_PLACEMENT_3D('',#3036,#3037,#3038);
#3040=PLANE('',#3039);
#3041=ORIENTED_EDGE('',*,*,#3005,.F.);
#3042=CARTESIAN_POINT('',(-2.,-24.779078542,4.2862));
#3043=DIRECTION('',(0.,1.,0.));
#3044=VECTOR('',#3043,7.140078542);
#3045=LINE('',#3042,#3044);
#3046=EDGE_CURVE('',#2993,#2938,#3045,.T.);
#3047=ORIENTED_EDGE('',*,*,#3046,.T.);
#3048=ORIENTED_EDGE('',*,*,#2957,.T.);
#3049=ORIENTED_EDGE('',*,*,#1309,.T.);
#3050=EDGE_LOOP('',(#3041,#3047,#3048,#3049));
#3051=FACE_BOUND('',#3050,.T.);
#3052=ADVANCED_FACE('',(#3051),#3040,.T.);
#3053=CARTESIAN_POINT('',(-1.411036449,-17.639,2.086156986));
#3054=DIRECTION('',(1.,0.,0.));
#3055=DIRECTION('',(0.,0.,-1.));
#3056=AXIS2_PLACEMENT_3D('',#3053,#3054,#3055);
#3057=CYLINDRICAL_SURFACE('',#3056,1.);
#3058=CARTESIAN_POINT('',(-2.,-17.639,1.086156986));
#3059=VERTEX_POINT('',#3058);
#3060=CARTESIAN_POINT('',(-2.,-17.639,2.086156986));
#3061=DIRECTION('',(1.,-0.,-0.));
#3062=DIRECTION('',(0.,0.,1.));
#3063=AXIS2_PLACEMENT_3D('',#3060,#3061,#3062);
#3064=CIRCLE('',#3063,1.);
#3065=EDGE_CURVE('',#3059,#3019,#3064,.T.);
#3066=ORIENTED_EDGE('',*,*,#3065,.F.);
#3067=CARTESIAN_POINT('',(-2.,-17.639,1.086156986));
#3068=DIRECTION('',(1.,-0.,-0.));
#3069=VECTOR('',#3068,1.);
#3070=LINE('',#3067,#3069);
#3071=EDGE_CURVE('',#3059,#1329,#3070,.T.);
#3072=ORIENTED_EDGE('',*,*,#3071,.T.);
#3073=ORIENTED_EDGE('',*,*,#1335,.F.);
#3074=ORIENTED_EDGE('',*,*,#3030,.F.);
#3075=EDGE_LOOP('',(#3066,#3072,#3073,#3074));
#3076=FACE_BOUND('',#3075,.T.);
#3077=ADVANCED_FACE('',(#3076),#3057,.F.);
#3078=CARTESIAN_POINT('',(50.4,0.,0.));
#3079=DIRECTION('',(-1.,-0.,0.));
#3080=DIRECTION('',(0.,-1.,0.));
#3081=AXIS2_PLACEMENT_3D('',#3078,#3079,#3080);
#3082=PLANE('',#3081);
#3083=ORIENTED_EDGE('',*,*,#2877,.F.);
#3084=CARTESIAN_POINT('',(50.4,-8.5,18.));
#3085=DIRECTION('',(0.,0.,-1.));
#3086=VECTOR('',#3085,1.5);
#3087=LINE('',#3084,#3086);
#3088=EDGE_CURVE('',#2864,#1879,#3087,.T.);
#3089=ORIENTED_EDGE('',*,*,#3088,.T.);
#3090=ORIENTED_EDGE('',*,*,#1906,.T.);
#3091=CARTESIAN_POINT('',(50.4,-41.2,16.5));
#3092=DIRECTION('',(0.,0.,1.));
#3093=VECTOR('',#3092,1.5);
#3094=LINE('',#3091,#3093);
#3095=EDGE_CURVE('',#1895,#2872,#3094,.T.);
#3096=ORIENTED_EDGE('',*,*,#3095,.T.);
#3097=EDGE_LOOP('',(#3083,#3089,#3090,#3096));
#3098=FACE_BOUND('',#3097,.T.);
#3099=ADVANCED_FACE('',(#3098),#3082,.T.);
#3100=CARTESIAN_POINT('',(4.24500889,-36.830578542,12.1862));
#3101=DIRECTION('',(0.,0.,1.));
#3102=DIRECTION('',(0.,-1.,0.));
#3103=AXIS2_PLACEMENT_3D('',#3100,#3101,#3102);
#3104=PLANE('',#3103);
#3105=ORIENTED_EDGE('',*,*,#2846,.F.);
#3106=CARTESIAN_POINT('',(-3.,-32.2306,12.1862));
#3107=DIRECTION('',(1.,0.,0.));
#3108=VECTOR('',#3107,2.);
#3109=LINE('',#3106,#3108);
#3110=EDGE_CURVE('',#2833,#1254,#3109,.T.);
#3111=ORIENTED_EDGE('',*,*,#3110,.T.);
#3112=ORIENTED_EDGE('',*,*,#1259,.F.);
#3113=CARTESIAN_POINT('',(-1.,-41.4306,12.1862));
#3114=DIRECTION('',(-1.,-0.,0.));
#3115=VECTOR('',#3114,2.);
#3116=LINE('',#3113,#3115);
#3117=EDGE_CURVE('',#1246,#2841,#3116,.T.);
#3118=ORIENTED_EDGE('',*,*,#3117,.T.);
#3119=EDGE_LOOP('',(#3105,#3111,#3112,#3118));
#3120=FACE_BOUND('',#3119,.T.);
#3121=ADVANCED_FACE('',(#3120),#3104,.F.);
#3122=CARTESIAN_POINT('',(0.,-41.2,0.));
#3123=DIRECTION('',(0.,1.,0.));
#3124=DIRECTION('',(-1.,0.,0.));
#3125=AXIS2_PLACEMENT_3D('',#3122,#3123,#3124);
#3126=PLANE('',#3125);
#3127=ORIENTED_EDGE('',*,*,#3095,.F.);
#3128=ORIENTED_EDGE('',*,*,#1900,.T.);
#3129=ORIENTED_EDGE('',*,*,#2693,.F.);
#3130=ORIENTED_EDGE('',*,*,#2883,.F.);
#3131=EDGE_LOOP('',(#3127,#3128,#3129,#3130));
#3132=FACE_BOUND('',#3131,.T.);
#3133=ADVANCED_FACE('',(#3132),#3126,.T.);
#3134=CARTESIAN_POINT('',(11.49500889,-41.4306,12.086154543));
#3135=DIRECTION('',(-0.,1.,0.));
#3136=DIRECTION('',(-1.,-0.,0.));
#3137=AXIS2_PLACEMENT_3D('',#3134,#3135,#3136);
#3138=PLANE('',#3137);
#3139=ORIENTED_EDGE('',*,*,#3117,.F.);
#3140=ORIENTED_EDGE('',*,*,#1251,.T.);
#3141=CARTESIAN_POINT('',(-1.,-41.4306,1.086154543));
#3142=DIRECTION('',(-1.,-0.,0.));
#3143=VECTOR('',#3142,2.);
#3144=LINE('',#3141,#3143);
#3145=EDGE_CURVE('',#1238,#2825,#3144,.T.);
#3146=ORIENTED_EDGE('',*,*,#3145,.T.);
#3147=ORIENTED_EDGE('',*,*,#2852,.T.);
#3148=EDGE_LOOP('',(#3139,#3140,#3146,#3147));
#3149=FACE_BOUND('',#3148,.T.);
#3150=ADVANCED_FACE('',(#3149),#3138,.T.);
#3151=CARTESIAN_POINT('',(57.6357,-36.776078233,12.890000034));
#3152=DIRECTION('',(1.,0.,-0.));
#3153=DIRECTION('',(-0.,1.,-0.));
#3154=AXIS2_PLACEMENT_3D('',#3151,#3152,#3153);
#3155=PLANE('',#3154);
#3156=CARTESIAN_POINT('',(57.6357,-44.2,12.99));
#3157=VERTEX_POINT('',#3156);
#3158=CARTESIAN_POINT('',(57.6357,-44.2,12.13));
#3159=VERTEX_POINT('',#3158);
#3160=CARTESIAN_POINT('',(57.6357,-44.2,12.99));
#3161=DIRECTION('',(-0.,0.,-1.));
#3162=VECTOR('',#3161,0.86);
#3163=LINE('',#3160,#3162);
#3164=EDGE_CURVE('',#3157,#3159,#3163,.T.);
#3165=ORIENTED_EDGE('',*,*,#3164,.F.);
#3166=CARTESIAN_POINT('',(57.6357,-42.7,12.99));
#3167=DIRECTION('',(0.,-1.,0.));
#3168=VECTOR('',#3167,1.5);
#3169=LINE('',#3166,#3168);
#3170=EDGE_CURVE('',#2243,#3157,#3169,.T.);
#3171=ORIENTED_EDGE('',*,*,#3170,.F.);
#3172=ORIENTED_EDGE('',*,*,#2248,.F.);
#3173=CARTESIAN_POINT('',(57.6357,-42.7,12.13));
#3174=DIRECTION('',(0.,-1.,0.));
#3175=VECTOR('',#3174,1.5);
#3176=LINE('',#3173,#3175);
#3177=EDGE_CURVE('',#2234,#3159,#3176,.T.);
#3178=ORIENTED_EDGE('',*,*,#3177,.T.);
#3179=EDGE_LOOP('',(#3165,#3171,#3172,#3178));
#3180=FACE_BOUND('',#3179,.T.);
#3181=ADVANCED_FACE('',(#3180),#3155,.F.);
#3182=CARTESIAN_POINT('',(56.3857,-36.776078233,12.99));
#3183=DIRECTION('',(0.,-1.,0.));
#3184=DIRECTION('',(1.,0.,-0.));
#3185=AXIS2_PLACEMENT_3D('',#3182,#3183,#3184);
#3186=CYLINDRICAL_SURFACE('',#3185,1.25);
#3187=CARTESIAN_POINT('',(56.385695504,-44.2,14.24));
#3188=VERTEX_POINT('',#3187);
#3189=CARTESIAN_POINT('',(56.3857,-44.2,12.99));
#3190=DIRECTION('',(-0.,1.,-0.));
#3191=DIRECTION('',(0.,0.,-1.));
#3192=AXIS2_PLACEMENT_3D('',#3189,#3190,#3191);
#3193=CIRCLE('',#3192,1.25);
#3194=EDGE_CURVE('',#3188,#3157,#3193,.T.);
#3195=ORIENTED_EDGE('',*,*,#3194,.F.);
#3196=CARTESIAN_POINT('',(56.3857,-42.7,14.24));
#3197=DIRECTION('',(0.,-1.,0.));
#3198=VECTOR('',#3197,1.5);
#3199=LINE('',#3196,#3198);
#3200=EDGE_CURVE('',#2251,#3188,#3199,.T.);
#3201=ORIENTED_EDGE('',*,*,#3200,.F.);
#3202=ORIENTED_EDGE('',*,*,#2257,.F.);
#3203=ORIENTED_EDGE('',*,*,#3170,.T.);
#3204=EDGE_LOOP('',(#3195,#3201,#3202,#3203));
#3205=FACE_BOUND('',#3204,.T.);
#3206=ADVANCED_FACE('',(#3205),#3186,.F.);
#3207=CARTESIAN_POINT('',(56.285704851,-36.776078233,14.24));
#3208=DIRECTION('',(0.,0.,1.));
#3209=DIRECTION('',(-0.,1.,-0.));
#3210=AXIS2_PLACEMENT_3D('',#3207,#3208,#3209);
#3211=PLANE('',#3210);
#3212=CARTESIAN_POINT('',(49.745704489,-44.2,14.24));
#3213=VERTEX_POINT('',#3212);
#3214=CARTESIAN_POINT('',(49.745704489,-44.2,14.24));
#3215=DIRECTION('',(1.,0.,-0.));
#3216=VECTOR('',#3215,6.639991015);
#3217=LINE('',#3214,#3216);
#3218=EDGE_CURVE('',#3213,#3188,#3217,.T.);
#3219=ORIENTED_EDGE('',*,*,#3218,.F.);
#3220=CARTESIAN_POINT('',(49.7457,-42.7,14.24));
#3221=DIRECTION('',(0.,-1.,0.));
#3222=VECTOR('',#3221,1.5);
#3223=LINE('',#3220,#3222);
#3224=EDGE_CURVE('',#2260,#3213,#3223,.T.);
#3225=ORIENTED_EDGE('',*,*,#3224,.F.);
#3226=ORIENTED_EDGE('',*,*,#2265,.F.);
#3227=ORIENTED_EDGE('',*,*,#3200,.T.);
#3228=EDGE_LOOP('',(#3219,#3225,#3226,#3227));
#3229=FACE_BOUND('',#3228,.T.);
#3230=ADVANCED_FACE('',(#3229),#3211,.F.);
#3231=CARTESIAN_POINT('',(49.7457,-36.776078233,12.99));
#3232=DIRECTION('',(0.,-1.,0.));
#3233=DIRECTION('',(-1.,0.,0.));
#3234=AXIS2_PLACEMENT_3D('',#3231,#3232,#3233);
#3235=CYLINDRICAL_SURFACE('',#3234,1.25);
#3236=CARTESIAN_POINT('',(48.4957,-44.2,12.99));
#3237=VERTEX_POINT('',#3236);
#3238=CARTESIAN_POINT('',(49.7457,-44.2,12.99));
#3239=DIRECTION('',(-0.,1.,-0.));
#3240=DIRECTION('',(0.,0.,-1.));
#3241=AXIS2_PLACEMENT_3D('',#3238,#3239,#3240);
#3242=CIRCLE('',#3241,1.25);
#3243=EDGE_CURVE('',#3237,#3213,#3242,.T.);
#3244=ORIENTED_EDGE('',*,*,#3243,.F.);
#3245=CARTESIAN_POINT('',(48.4957,-42.7,12.99));
#3246=DIRECTION('',(0.,-1.,0.));
#3247=VECTOR('',#3246,1.5);
#3248=LINE('',#3245,#3247);
#3249=EDGE_CURVE('',#2268,#3237,#3248,.T.);
#3250=ORIENTED_EDGE('',*,*,#3249,.F.);
#3251=ORIENTED_EDGE('',*,*,#2274,.F.);
#3252=ORIENTED_EDGE('',*,*,#3224,.T.);
#3253=EDGE_LOOP('',(#3244,#3250,#3251,#3252));
#3254=FACE_BOUND('',#3253,.T.);
#3255=ADVANCED_FACE('',(#3254),#3235,.F.);
#3256=CARTESIAN_POINT('',(48.4957,-36.776078233,12.890000034));
#3257=DIRECTION('',(-1.,0.,0.));
#3258=DIRECTION('',(-0.,1.,-0.));
#3259=AXIS2_PLACEMENT_3D('',#3256,#3257,#3258);
#3260=PLANE('',#3259);
#3261=CARTESIAN_POINT('',(48.4957,-44.2,12.13));
#3262=VERTEX_POINT('',#3261);
#3263=CARTESIAN_POINT('',(48.4957,-44.2,12.13));
#3264=DIRECTION('',(0.,0.,1.));
#3265=VECTOR('',#3264,0.86);
#3266=LINE('',#3263,#3265);
#3267=EDGE_CURVE('',#3262,#3237,#3266,.T.);
#3268=ORIENTED_EDGE('',*,*,#3267,.F.);
#3269=CARTESIAN_POINT('',(48.4957,-42.7,12.13));
#3270=DIRECTION('',(0.,-1.,0.));
#3271=VECTOR('',#3270,1.5);
#3272=LINE('',#3269,#3271);
#3273=EDGE_CURVE('',#2215,#3262,#3272,.T.);
#3274=ORIENTED_EDGE('',*,*,#3273,.F.);
#3275=ORIENTED_EDGE('',*,*,#2280,.F.);
#3276=ORIENTED_EDGE('',*,*,#3249,.T.);
#3277=EDGE_LOOP('',(#3268,#3274,#3275,#3276));
#3278=FACE_BOUND('',#3277,.T.);
#3279=ADVANCED_FACE('',(#3278),#3260,.F.);
#3280=CARTESIAN_POINT('',(45.9957,-44.3,12.56));
#3281=DIRECTION('',(1.,0.,0.));
#3282=DIRECTION('',(0.,0.,-1.));
#3283=AXIS2_PLACEMENT_3D('',#3280,#3281,#3282);
#3284=PLANE('',#3283);
#3285=CARTESIAN_POINT('',(45.9957,-44.2,12.990003156));
#3286=VERTEX_POINT('',#3285);
#3287=CARTESIAN_POINT('',(45.9957,-46.7,12.99));
#3288=VERTEX_POINT('',#3287);
#3289=CARTESIAN_POINT('',(45.9957,-44.2,12.99));
#3290=DIRECTION('',(0.,-1.,0.));
#3291=VECTOR('',#3290,2.5);
#3292=LINE('',#3289,#3291);
#3293=EDGE_CURVE('',#3286,#3288,#3292,.T.);
#3294=ORIENTED_EDGE('',*,*,#3293,.T.);
#3295=CARTESIAN_POINT('',(45.9957,-46.7,12.13));
#3296=VERTEX_POINT('',#3295);
#3297=CARTESIAN_POINT('',(45.9957,-46.7,12.99));
#3298=DIRECTION('',(0.,0.,-1.));
#3299=VECTOR('',#3298,0.86);
#3300=LINE('',#3297,#3299);
#3301=EDGE_CURVE('',#3288,#3296,#3300,.T.);
#3302=ORIENTED_EDGE('',*,*,#3301,.T.);
#3303=CARTESIAN_POINT('',(45.9957,-44.2,12.130004646));
#3304=VERTEX_POINT('',#3303);
#3305=CARTESIAN_POINT('',(45.9957,-44.2,12.13));
#3306=DIRECTION('',(0.,-1.,0.));
#3307=VECTOR('',#3306,2.5);
#3308=LINE('',#3305,#3307);
#3309=EDGE_CURVE('',#3304,#3296,#3308,.T.);
#3310=ORIENTED_EDGE('',*,*,#3309,.F.);
#3311=CARTESIAN_POINT('',(45.9957,-44.2,12.130004646));
#3312=DIRECTION('',(0.,0.,1.));
#3313=VECTOR('',#3312,0.85999851);
#3314=LINE('',#3311,#3313);
#3315=EDGE_CURVE('',#3304,#3286,#3314,.T.);
#3316=ORIENTED_EDGE('',*,*,#3315,.T.);
#3317=EDGE_LOOP('',(#3294,#3302,#3310,#3316));
#3318=FACE_BOUND('',#3317,.T.);
#3319=ADVANCED_FACE('',(#3318),#3284,.T.);
#3320=CARTESIAN_POINT('',(49.7457,-44.3,12.99));
#3321=DIRECTION('',(0.,-1.,0.));
#3322=DIRECTION('',(0.,0.,-1.));
#3323=AXIS2_PLACEMENT_3D('',#3320,#3321,#3322);
#3324=CYLINDRICAL_SURFACE('',#3323,3.75);
#3325=CARTESIAN_POINT('',(49.7457,-44.2,16.74));
#3326=VERTEX_POINT('',#3325);
#3327=CARTESIAN_POINT('',(49.7457,-46.7,16.74));
#3328=VERTEX_POINT('',#3327);
#3329=CARTESIAN_POINT('',(49.7457,-44.2,16.74));
#3330=DIRECTION('',(0.,-1.,0.));
#3331=VECTOR('',#3330,2.5);
#3332=LINE('',#3329,#3331);
#3333=EDGE_CURVE('',#3326,#3328,#3332,.T.);
#3334=ORIENTED_EDGE('',*,*,#3333,.T.);
#3335=CARTESIAN_POINT('',(49.7457,-46.7,12.99));
#3336=DIRECTION('',(-0.,-1.,-0.));
#3337=DIRECTION('',(0.,-0.,1.));
#3338=AXIS2_PLACEMENT_3D('',#3335,#3336,#3337);
#3339=CIRCLE('',#3338,3.75);
#3340=EDGE_CURVE('',#3328,#3288,#3339,.T.);
#3341=ORIENTED_EDGE('',*,*,#3340,.T.);
#3342=ORIENTED_EDGE('',*,*,#3293,.F.);
#3343=CARTESIAN_POINT('',(49.7457,-44.2,12.99));
#3344=DIRECTION('',(0.,-1.,0.));
#3345=DIRECTION('',(0.,0.,-1.));
#3346=AXIS2_PLACEMENT_3D('',#3343,#3344,#3345);
#3347=CIRCLE('',#3346,3.75);
#3348=EDGE_CURVE('',#3326,#3286,#3347,.T.);
#3349=ORIENTED_EDGE('',*,*,#3348,.F.);
#3350=EDGE_LOOP('',(#3334,#3341,#3342,#3349));
#3351=FACE_BOUND('',#3350,.T.);
#3352=ADVANCED_FACE('',(#3351),#3324,.F.);
#3353=CARTESIAN_POINT('',(53.0657,-44.3,16.74));
#3354=DIRECTION('',(0.,0.,-1.));
#3355=DIRECTION('',(-1.,0.,0.));
#3356=AXIS2_PLACEMENT_3D('',#3353,#3354,#3355);
#3357=PLANE('',#3356);
#3358=CARTESIAN_POINT('',(56.3857,-44.2,16.74));
#3359=VERTEX_POINT('',#3358);
#3360=CARTESIAN_POINT('',(56.3857,-44.2,16.74));
#3361=DIRECTION('',(0.,-1.,0.));
#3362=VECTOR('',#3361,2.5);
#3363=LINE('',#3360,#3362);
#3364=EDGE_CURVE('',#3359,#2170,#3363,.T.);
#3365=ORIENTED_EDGE('',*,*,#3364,.T.);
#3366=CARTESIAN_POINT('',(56.3857,-46.7,16.74));
#3367=DIRECTION('',(-1.,0.,0.));
#3368=VECTOR('',#3367,6.64);
#3369=LINE('',#3366,#3368);
#3370=EDGE_CURVE('',#2170,#3328,#3369,.T.);
#3371=ORIENTED_EDGE('',*,*,#3370,.T.);
#3372=ORIENTED_EDGE('',*,*,#3333,.F.);
#3373=CARTESIAN_POINT('',(49.7457,-44.2,16.74));
#3374=DIRECTION('',(1.,0.,-0.));
#3375=VECTOR('',#3374,6.64);
#3376=LINE('',#3373,#3375);
#3377=EDGE_CURVE('',#3326,#3359,#3376,.T.);
#3378=ORIENTED_EDGE('',*,*,#3377,.T.);
#3379=EDGE_LOOP('',(#3365,#3371,#3372,#3378));
#3380=FACE_BOUND('',#3379,.T.);
#3381=ADVANCED_FACE('',(#3380),#3357,.T.);
#3382=CARTESIAN_POINT('',(56.3857,-44.3,12.99));
#3383=DIRECTION('',(0.,-1.,0.));
#3384=DIRECTION('',(0.,0.,-1.));
#3385=AXIS2_PLACEMENT_3D('',#3382,#3383,#3384);
#3386=CYLINDRICAL_SURFACE('',#3385,3.75);
#3387=CARTESIAN_POINT('',(60.1357,-44.2,12.990003255));
#3388=VERTEX_POINT('',#3387);
#3389=CARTESIAN_POINT('',(60.1357,-44.2,12.99));
#3390=DIRECTION('',(0.,-1.,0.));
#3391=VECTOR('',#3390,2.5);
#3392=LINE('',#3389,#3391);
#3393=EDGE_CURVE('',#3388,#2146,#3392,.T.);
#3394=ORIENTED_EDGE('',*,*,#3393,.T.);
#3395=ORIENTED_EDGE('',*,*,#2182,.T.);
#3396=ORIENTED_EDGE('',*,*,#3364,.F.);
#3397=CARTESIAN_POINT('',(56.3857,-44.2,12.99));
#3398=DIRECTION('',(0.,-1.,0.));
#3399=DIRECTION('',(0.,0.,-1.));
#3400=AXIS2_PLACEMENT_3D('',#3397,#3398,#3399);
#3401=CIRCLE('',#3400,3.75);
#3402=EDGE_CURVE('',#3388,#3359,#3401,.T.);
#3403=ORIENTED_EDGE('',*,*,#3402,.F.);
#3404=EDGE_LOOP('',(#3394,#3395,#3396,#3403));
#3405=FACE_BOUND('',#3404,.T.);
#3406=ADVANCED_FACE('',(#3405),#3386,.F.);
#3407=CARTESIAN_POINT('',(60.1357,-44.3,12.56));
#3408=DIRECTION('',(-1.,0.,0.));
#3409=DIRECTION('',(0.,0.,1.));
#3410=AXIS2_PLACEMENT_3D('',#3407,#3408,#3409);
#3411=PLANE('',#3410);
#3412=CARTESIAN_POINT('',(60.1357,-44.2,12.130003895));
#3413=VERTEX_POINT('',#3412);
#3414=CARTESIAN_POINT('',(60.1357,-44.2,12.13));
#3415=DIRECTION('',(0.,-1.,0.));
#3416=VECTOR('',#3415,2.5);
#3417=LINE('',#3414,#3416);
#3418=EDGE_CURVE('',#3413,#2137,#3417,.T.);
#3419=ORIENTED_EDGE('',*,*,#3418,.T.);
#3420=ORIENTED_EDGE('',*,*,#2157,.T.);
#3421=ORIENTED_EDGE('',*,*,#3393,.F.);
#3422=CARTESIAN_POINT('',(60.1357,-44.2,12.990003255));
#3423=DIRECTION('',(0.,0.,-1.));
#3424=VECTOR('',#3423,0.85999936);
#3425=LINE('',#3422,#3424);
#3426=EDGE_CURVE('',#3388,#3413,#3425,.T.);
#3427=ORIENTED_EDGE('',*,*,#3426,.T.);
#3428=EDGE_LOOP('',(#3419,#3420,#3421,#3427));
#3429=FACE_BOUND('',#3428,.T.);
#3430=ADVANCED_FACE('',(#3429),#3411,.T.);
#3431=CARTESIAN_POINT('',(30.2,-47.7,17.74));
#3432=DIRECTION('',(0.,-0.707106781,-0.707106781));
#3433=DIRECTION('',(-1.,0.,0.));
#3434=AXIS2_PLACEMENT_3D('',#3431,#3432,#3433);
#3435=PLANE('',#3434);
#3436=ORIENTED_EDGE('',*,*,#2175,.T.);
#3437=ORIENTED_EDGE('',*,*,#2110,.F.);
#3438=CARTESIAN_POINT('',(49.7457,-46.7,16.74));
#3439=DIRECTION('',(0.,-0.707106781,0.707106781));
#3440=VECTOR('',#3439,1.414213562);
#3441=LINE('',#3438,#3440);
#3442=EDGE_CURVE('',#3328,#2098,#3441,.T.);
#3443=ORIENTED_EDGE('',*,*,#3442,.F.);
#3444=ORIENTED_EDGE('',*,*,#3370,.F.);
#3445=EDGE_LOOP('',(#3436,#3437,#3443,#3444));
#3446=FACE_BOUND('',#3445,.T.);
#3447=ADVANCED_FACE('',(#3446),#3435,.T.);
#3448=CARTESIAN_POINT('',(49.7457,-46.7,12.99));
#3449=DIRECTION('',(0.,-1.,0.));
#3450=DIRECTION('',(0.,0.,-1.));
#3451=AXIS2_PLACEMENT_3D('',#3448,#3449,#3450);
#3452=CONICAL_SURFACE('',#3451,3.75,45.);
#3453=ORIENTED_EDGE('',*,*,#3442,.T.);
#3454=ORIENTED_EDGE('',*,*,#2104,.F.);
#3455=CARTESIAN_POINT('',(44.9957,-47.7,12.99));
#3456=DIRECTION('',(0.707106781,0.707106781,0.));
#3457=VECTOR('',#3456,1.414213562);
#3458=LINE('',#3455,#3457);
#3459=EDGE_CURVE('',#2090,#3288,#3458,.T.);
#3460=ORIENTED_EDGE('',*,*,#3459,.T.);
#3461=ORIENTED_EDGE('',*,*,#3340,.F.);
#3462=EDGE_LOOP('',(#3453,#3454,#3460,#3461));
#3463=FACE_BOUND('',#3462,.T.);
#3464=ADVANCED_FACE('',(#3463),#3452,.F.);
#3465=CARTESIAN_POINT('',(44.9957,-47.7,2.));
#3466=DIRECTION('',(0.707106781,-0.707106781,0.));
#3467=DIRECTION('',(0.,0.,-1.));
#3468=AXIS2_PLACEMENT_3D('',#3465,#3466,#3467);
#3469=PLANE('',#3468);
#3470=CARTESIAN_POINT('',(44.9957,-47.7,12.13));
#3471=DIRECTION('',(0.707106781,0.707106781,0.));
#3472=VECTOR('',#3471,1.414213562);
#3473=LINE('',#3470,#3472);
#3474=EDGE_CURVE('',#2081,#3296,#3473,.T.);
#3475=ORIENTED_EDGE('',*,*,#3474,.T.);
#3476=ORIENTED_EDGE('',*,*,#3301,.F.);
#3477=ORIENTED_EDGE('',*,*,#3459,.F.);
#3478=ORIENTED_EDGE('',*,*,#2095,.F.);
#3479=EDGE_LOOP('',(#3475,#3476,#3477,#3478));
#3480=FACE_BOUND('',#3479,.T.);
#3481=ADVANCED_FACE('',(#3480),#3469,.T.);
#3482=CARTESIAN_POINT('',(49.7457,-43.2,12.99));
#3483=DIRECTION('',(0.,-1.,0.));
#3484=DIRECTION('',(0.,0.,-1.));
#3485=AXIS2_PLACEMENT_3D('',#3482,#3483,#3484);
#3486=CYLINDRICAL_SURFACE('',#3485,5.25);
#3487=ORIENTED_EDGE('',*,*,#1126,.T.);
#3488=ORIENTED_EDGE('',*,*,#1854,.F.);
#3489=ORIENTED_EDGE('',*,*,#2341,.F.);
#3490=CARTESIAN_POINT('',(44.4957,-42.7,12.99));
#3491=DIRECTION('',(0.,-1.,0.));
#3492=VECTOR('',#3491,3.);
#3493=LINE('',#3490,#3492);
#3494=EDGE_CURVE('',#2329,#1120,#3493,.T.);
#3495=ORIENTED_EDGE('',*,*,#3494,.T.);
#3496=EDGE_LOOP('',(#3487,#3488,#3489,#3495));
#3497=FACE_BOUND('',#3496,.T.);
#3498=ADVANCED_FACE('',(#3497),#3486,.T.);
#3499=CARTESIAN_POINT('',(0.9,-43.8,21.5));
#3500=DIRECTION('',(0.,0.,1.));
#3501=DIRECTION('',(1.,0.,-0.));
#3502=AXIS2_PLACEMENT_3D('',#3499,#3500,#3501);
#3503=CYLINDRICAL_SURFACE('',#3502,2.);
#3504=ORIENTED_EDGE('',*,*,#1967,.F.);
#3505=ORIENTED_EDGE('',*,*,#2204,.F.);
#3506=ORIENTED_EDGE('',*,*,#1718,.F.);
#3507=ORIENTED_EDGE('',*,*,#2724,.F.);
#3508=EDGE_LOOP('',(#3504,#3505,#3506,#3507));
#3509=FACE_BOUND('',#3508,.T.);
#3510=ADVANCED_FACE('',(#3509),#3503,.F.);
#3511=CARTESIAN_POINT('',(-2.,-43.2,0.));
#3512=DIRECTION('',(0.,1.,0.));
#3513=DIRECTION('',(-1.,0.,0.));
#3514=AXIS2_PLACEMENT_3D('',#3511,#3512,#3513);
#3515=PLANE('',#3514);
#3516=ORIENTED_EDGE('',*,*,#2660,.T.);
#3517=ORIENTED_EDGE('',*,*,#2890,.T.);
#3518=ORIENTED_EDGE('',*,*,#2679,.F.);
#3519=ORIENTED_EDGE('',*,*,#1675,.F.);
#3520=EDGE_LOOP('',(#3516,#3517,#3518,#3519));
#3521=FACE_BOUND('',#3520,.T.);
#3522=ADVANCED_FACE('',(#3521),#3515,.T.);
#3523=CARTESIAN_POINT('',(49.7457,-46.7,12.13));
#3524=DIRECTION('',(0.,-1.,0.));
#3525=DIRECTION('',(0.,0.,-1.));
#3526=AXIS2_PLACEMENT_3D('',#3523,#3524,#3525);
#3527=CONICAL_SURFACE('',#3526,3.75,45.);
#3528=ORIENTED_EDGE('',*,*,#2087,.F.);
#3529=CARTESIAN_POINT('',(49.7457,-46.7,8.38));
#3530=VERTEX_POINT('',#3529);
#3531=CARTESIAN_POINT('',(49.7457,-47.7,7.38));
#3532=DIRECTION('',(-0.,0.707106781,0.707106781));
#3533=VECTOR('',#3532,1.414213562);
#3534=LINE('',#3531,#3533);
#3535=EDGE_CURVE('',#2073,#3530,#3534,.T.);
#3536=ORIENTED_EDGE('',*,*,#3535,.T.);
#3537=CARTESIAN_POINT('',(49.7457,-46.7,12.13));
#3538=DIRECTION('',(-0.,-1.,-0.));
#3539=DIRECTION('',(0.,-0.,1.));
#3540=AXIS2_PLACEMENT_3D('',#3537,#3538,#3539);
#3541=CIRCLE('',#3540,3.75);
#3542=EDGE_CURVE('',#3296,#3530,#3541,.T.);
#3543=ORIENTED_EDGE('',*,*,#3542,.F.);
#3544=ORIENTED_EDGE('',*,*,#3474,.F.);
#3545=EDGE_LOOP('',(#3528,#3536,#3543,#3544));
#3546=FACE_BOUND('',#3545,.T.);
#3547=ADVANCED_FACE('',(#3546),#3527,.F.);
#3548=CARTESIAN_POINT('',(49.7457,-44.3,12.13));
#3549=DIRECTION('',(0.,-1.,0.));
#3550=DIRECTION('',(0.,0.,-1.));
#3551=AXIS2_PLACEMENT_3D('',#3548,#3549,#3550);
#3552=CYLINDRICAL_SURFACE('',#3551,3.75);
#3553=ORIENTED_EDGE('',*,*,#3542,.T.);
#3554=CARTESIAN_POINT('',(49.74569709,-44.2,8.38));
#3555=VERTEX_POINT('',#3554);
#3556=CARTESIAN_POINT('',(49.7457,-44.2,8.38));
#3557=DIRECTION('',(0.,-1.,0.));
#3558=VECTOR('',#3557,2.5);
#3559=LINE('',#3556,#3558);
#3560=EDGE_CURVE('',#3555,#3530,#3559,.T.);
#3561=ORIENTED_EDGE('',*,*,#3560,.F.);
#3562=CARTESIAN_POINT('',(49.7457,-44.2,12.13));
#3563=DIRECTION('',(0.,-1.,0.));
#3564=DIRECTION('',(0.,0.,-1.));
#3565=AXIS2_PLACEMENT_3D('',#3562,#3563,#3564);
#3566=CIRCLE('',#3565,3.75);
#3567=EDGE_CURVE('',#3304,#3555,#3566,.T.);
#3568=ORIENTED_EDGE('',*,*,#3567,.F.);
#3569=ORIENTED_EDGE('',*,*,#3309,.T.);
#3570=EDGE_LOOP('',(#3553,#3561,#3568,#3569));
#3571=FACE_BOUND('',#3570,.T.);
#3572=ADVANCED_FACE('',(#3571),#3552,.F.);
#3573=CARTESIAN_POINT('',(49.7457,-36.776078233,12.13));
#3574=DIRECTION('',(0.,-1.,0.));
#3575=DIRECTION('',(-1.,0.,0.));
#3576=AXIS2_PLACEMENT_3D('',#3573,#3574,#3575);
#3577=CYLINDRICAL_SURFACE('',#3576,1.25);
#3578=CARTESIAN_POINT('',(49.7457,-44.2,10.88));
#3579=VERTEX_POINT('',#3578);
#3580=CARTESIAN_POINT('',(49.7457,-44.2,12.13));
#3581=DIRECTION('',(-0.,1.,-0.));
#3582=DIRECTION('',(0.,0.,-1.));
#3583=AXIS2_PLACEMENT_3D('',#3580,#3581,#3582);
#3584=CIRCLE('',#3583,1.25);
#3585=EDGE_CURVE('',#3579,#3262,#3584,.T.);
#3586=ORIENTED_EDGE('',*,*,#3585,.F.);
#3587=CARTESIAN_POINT('',(49.7457,-42.7,10.88));
#3588=DIRECTION('',(0.,-1.,0.));
#3589=VECTOR('',#3588,1.5);
#3590=LINE('',#3587,#3589);
#3591=EDGE_CURVE('',#2217,#3579,#3590,.T.);
#3592=ORIENTED_EDGE('',*,*,#3591,.F.);
#3593=ORIENTED_EDGE('',*,*,#2223,.F.);
#3594=ORIENTED_EDGE('',*,*,#3273,.T.);
#3595=EDGE_LOOP('',(#3586,#3592,#3593,#3594));
#3596=FACE_BOUND('',#3595,.T.);
#3597=ADVANCED_FACE('',(#3596),#3577,.F.);
#3598=CARTESIAN_POINT('',(44.4957,-43.2,12.56));
#3599=DIRECTION('',(1.,0.,0.));
#3600=DIRECTION('',(0.,0.,-1.));
#3601=AXIS2_PLACEMENT_3D('',#3598,#3599,#3600);
#3602=PLANE('',#3601);
#3603=ORIENTED_EDGE('',*,*,#2334,.F.);
#3604=CARTESIAN_POINT('',(44.4957,-42.7,11.13));
#3605=DIRECTION('',(0.,-1.,0.));
#3606=VECTOR('',#3605,3.);
#3607=LINE('',#3604,#3606);
#3608=EDGE_CURVE('',#2320,#1129,#3607,.T.);
#3609=ORIENTED_EDGE('',*,*,#3608,.T.);
#3610=ORIENTED_EDGE('',*,*,#1134,.T.);
#3611=ORIENTED_EDGE('',*,*,#3494,.F.);
#3612=EDGE_LOOP('',(#3603,#3609,#3610,#3611));
#3613=FACE_BOUND('',#3612,.T.);
#3614=ADVANCED_FACE('',(#3613),#3602,.F.);
#3615=CARTESIAN_POINT('',(56.3857,-36.776078233,12.13));
#3616=DIRECTION('',(0.,-1.,0.));
#3617=DIRECTION('',(1.,0.,-0.));
#3618=AXIS2_PLACEMENT_3D('',#3615,#3616,#3617);
#3619=CYLINDRICAL_SURFACE('',#3618,1.25);
#3620=ORIENTED_EDGE('',*,*,#2240,.F.);
#3621=CARTESIAN_POINT('',(56.3857,-44.2,10.88));
#3622=VERTEX_POINT('',#3621);
#3623=CARTESIAN_POINT('',(56.3857,-42.7,10.88));
#3624=DIRECTION('',(0.,-1.,0.));
#3625=VECTOR('',#3624,1.5);
#3626=LINE('',#3623,#3625);
#3627=EDGE_CURVE('',#2226,#3622,#3626,.T.);
#3628=ORIENTED_EDGE('',*,*,#3627,.T.);
#3629=CARTESIAN_POINT('',(56.3857,-44.2,12.13));
#3630=DIRECTION('',(-0.,1.,-0.));
#3631=DIRECTION('',(0.,0.,-1.));
#3632=AXIS2_PLACEMENT_3D('',#3629,#3630,#3631);
#3633=CIRCLE('',#3632,1.25);
#3634=EDGE_CURVE('',#3159,#3622,#3633,.T.);
#3635=ORIENTED_EDGE('',*,*,#3634,.F.);
#3636=ORIENTED_EDGE('',*,*,#3177,.F.);
#3637=EDGE_LOOP('',(#3620,#3628,#3635,#3636));
#3638=FACE_BOUND('',#3637,.T.);
#3639=ADVANCED_FACE('',(#3638),#3619,.F.);
#3640=CARTESIAN_POINT('',(0.,-44.2,0.));
#3641=DIRECTION('',(0.,-1.,0.));
#3642=DIRECTION('',(1.,0.,0.));
#3643=AXIS2_PLACEMENT_3D('',#3640,#3641,#3642);
#3644=PLANE('',#3643);
#3645=ORIENTED_EDGE('',*,*,#3567,.T.);
#3646=CARTESIAN_POINT('',(56.385702422,-44.2,8.38));
#3647=VERTEX_POINT('',#3646);
#3648=CARTESIAN_POINT('',(49.74569709,-44.2,8.38));
#3649=DIRECTION('',(1.,0.,-0.));
#3650=VECTOR('',#3649,6.640005332);
#3651=LINE('',#3648,#3650);
#3652=EDGE_CURVE('',#3555,#3647,#3651,.T.);
#3653=ORIENTED_EDGE('',*,*,#3652,.T.);
#3654=CARTESIAN_POINT('',(56.3857,-44.2,12.13));
#3655=DIRECTION('',(0.,-1.,0.));
#3656=DIRECTION('',(0.,0.,-1.));
#3657=AXIS2_PLACEMENT_3D('',#3654,#3655,#3656);
#3658=CIRCLE('',#3657,3.75);
#3659=EDGE_CURVE('',#3647,#3413,#3658,.T.);
#3660=ORIENTED_EDGE('',*,*,#3659,.T.);
#3661=ORIENTED_EDGE('',*,*,#3426,.F.);
#3662=ORIENTED_EDGE('',*,*,#3402,.T.);
#3663=ORIENTED_EDGE('',*,*,#3377,.F.);
#3664=ORIENTED_EDGE('',*,*,#3348,.T.);
#3665=ORIENTED_EDGE('',*,*,#3315,.F.);
#3666=EDGE_LOOP('',(#3645,#3653,#3660,#3661,#3662,#3663,#3664,#3665));
#3667=FACE_BOUND('',#3666,.T.);
#3668=ORIENTED_EDGE('',*,*,#3634,.T.);
#3669=CARTESIAN_POINT('',(56.3857,-44.2,10.88));
#3670=DIRECTION('',(-1.,0.,0.));
#3671=VECTOR('',#3670,6.64);
#3672=LINE('',#3669,#3671);
#3673=EDGE_CURVE('',#3622,#3579,#3672,.T.);
#3674=ORIENTED_EDGE('',*,*,#3673,.T.);
#3675=ORIENTED_EDGE('',*,*,#3585,.T.);
#3676=ORIENTED_EDGE('',*,*,#3267,.T.);
#3677=ORIENTED_EDGE('',*,*,#3243,.T.);
#3678=ORIENTED_EDGE('',*,*,#3218,.T.);
#3679=ORIENTED_EDGE('',*,*,#3194,.T.);
#3680=ORIENTED_EDGE('',*,*,#3164,.T.);
#3681=EDGE_LOOP('',(#3668,#3674,#3675,#3676,#3677,#3678,#3679,#3680));
#3682=FACE_BOUND('',#3681,.T.);
#3683=ADVANCED_FACE('',(#3667,#3682),#3644,.T.);
#3684=CARTESIAN_POINT('',(56.3857,-44.3,12.13));
#3685=DIRECTION('',(0.,-1.,0.));
#3686=DIRECTION('',(0.,0.,-1.));
#3687=AXIS2_PLACEMENT_3D('',#3684,#3685,#3686);
#3688=CYLINDRICAL_SURFACE('',#3687,3.75);
#3689=ORIENTED_EDGE('',*,*,#3659,.F.);
#3690=CARTESIAN_POINT('',(56.3857,-44.2,8.38));
#3691=DIRECTION('',(0.,-1.,0.));
#3692=VECTOR('',#3691,2.5);
#3693=LINE('',#3690,#3692);
#3694=EDGE_CURVE('',#3647,#2354,#3693,.T.);
#3695=ORIENTED_EDGE('',*,*,#3694,.T.);
#3696=ORIENTED_EDGE('',*,*,#2360,.T.);
#3697=ORIENTED_EDGE('',*,*,#3418,.F.);
#3698=EDGE_LOOP('',(#3689,#3695,#3696,#3697));
#3699=FACE_BOUND('',#3698,.T.);
#3700=ADVANCED_FACE('',(#3699),#3688,.F.);
#3701=CARTESIAN_POINT('',(48.7457,-43.2,11.13));
#3702=DIRECTION('',(0.,-1.,0.));
#3703=DIRECTION('',(0.,0.,-1.));
#3704=AXIS2_PLACEMENT_3D('',#3701,#3702,#3703);
#3705=CYLINDRICAL_SURFACE('',#3704,4.25);
#3706=ORIENTED_EDGE('',*,*,#1143,.T.);
#3707=ORIENTED_EDGE('',*,*,#3608,.F.);
#3708=ORIENTED_EDGE('',*,*,#2326,.F.);
#3709=CARTESIAN_POINT('',(48.7457,-42.7,6.88));
#3710=DIRECTION('',(0.,-1.,0.));
#3711=VECTOR('',#3710,3.);
#3712=LINE('',#3709,#3711);
#3713=EDGE_CURVE('',#2312,#1137,#3712,.T.);
#3714=ORIENTED_EDGE('',*,*,#3713,.T.);
#3715=EDGE_LOOP('',(#3706,#3707,#3708,#3714));
#3716=FACE_BOUND('',#3715,.T.);
#3717=ADVANCED_FACE('',(#3716),#3705,.T.);
#3718=CARTESIAN_POINT('',(53.0657,-43.2,6.88));
#3719=DIRECTION('',(0.,0.,1.));
#3720=DIRECTION('',(1.,0.,-0.));
#3721=AXIS2_PLACEMENT_3D('',#3718,#3719,#3720);
#3722=PLANE('',#3721);
#3723=ORIENTED_EDGE('',*,*,#1151,.T.);
#3724=ORIENTED_EDGE('',*,*,#3713,.F.);
#3725=ORIENTED_EDGE('',*,*,#2317,.F.);
#3726=ORIENTED_EDGE('',*,*,#2388,.T.);
#3727=EDGE_LOOP('',(#3723,#3724,#3725,#3726));
#3728=FACE_BOUND('',#3727,.T.);
#3729=ADVANCED_FACE('',(#3728),#3722,.F.);
#3730=CARTESIAN_POINT('',(53.0657,-44.3,8.38));
#3731=DIRECTION('',(-0.,0.,-1.));
#3732=DIRECTION('',(-1.,0.,0.));
#3733=AXIS2_PLACEMENT_3D('',#3730,#3731,#3732);
#3734=PLANE('',#3733);
#3735=ORIENTED_EDGE('',*,*,#3560,.T.);
#3736=CARTESIAN_POINT('',(49.7457,-46.7,8.38));
#3737=DIRECTION('',(1.,0.,-0.));
#3738=VECTOR('',#3737,6.64);
#3739=LINE('',#3736,#3738);
#3740=EDGE_CURVE('',#3530,#2354,#3739,.T.);
#3741=ORIENTED_EDGE('',*,*,#3740,.T.);
#3742=ORIENTED_EDGE('',*,*,#3694,.F.);
#3743=ORIENTED_EDGE('',*,*,#3652,.F.);
#3744=EDGE_LOOP('',(#3735,#3741,#3742,#3743));
#3745=FACE_BOUND('',#3744,.T.);
#3746=ADVANCED_FACE('',(#3745),#3734,.F.);
#3747=CARTESIAN_POINT('',(56.285704851,-36.776078233,10.88));
#3748=DIRECTION('',(-0.,-0.,-1.));
#3749=DIRECTION('',(0.,-1.,0.));
#3750=AXIS2_PLACEMENT_3D('',#3747,#3748,#3749);
#3751=PLANE('',#3750);
#3752=ORIENTED_EDGE('',*,*,#3673,.F.);
#3753=ORIENTED_EDGE('',*,*,#3627,.F.);
#3754=ORIENTED_EDGE('',*,*,#2231,.F.);
#3755=ORIENTED_EDGE('',*,*,#3591,.T.);
#3756=EDGE_LOOP('',(#3752,#3753,#3754,#3755));
#3757=FACE_BOUND('',#3756,.T.);
#3758=ADVANCED_FACE('',(#3757),#3751,.F.);
#3759=CARTESIAN_POINT('',(53.0657,-46.7,8.38));
#3760=DIRECTION('',(-0.,0.707106781,-0.707106781));
#3761=DIRECTION('',(1.,0.,-0.));
#3762=AXIS2_PLACEMENT_3D('',#3759,#3760,#3761);
#3763=PLANE('',#3762);
#3764=ORIENTED_EDGE('',*,*,#2366,.T.);
#3765=ORIENTED_EDGE('',*,*,#3740,.F.);
#3766=ORIENTED_EDGE('',*,*,#3535,.F.);
#3767=ORIENTED_EDGE('',*,*,#2078,.F.);
#3768=EDGE_LOOP('',(#3764,#3765,#3766,#3767));
#3769=FACE_BOUND('',#3768,.T.);
#3770=ADVANCED_FACE('',(#3769),#3763,.F.);
#3771=CARTESIAN_POINT('',(11.49500889,-32.2306,12.086154543));
#3772=DIRECTION('',(0.,-1.,0.));
#3773=DIRECTION('',(1.,0.,0.));
#3774=AXIS2_PLACEMENT_3D('',#3771,#3772,#3773);
#3775=PLANE('',#3774);
#3776=CARTESIAN_POINT('',(-1.,-32.2306,1.086154543));
#3777=DIRECTION('',(-1.,-0.,0.));
#3778=VECTOR('',#3777,2.);
#3779=LINE('',#3776,#3778);
#3780=EDGE_CURVE('',#1262,#2823,#3779,.T.);
#3781=ORIENTED_EDGE('',*,*,#3780,.F.);
#3782=ORIENTED_EDGE('',*,*,#1267,.T.);
#3783=ORIENTED_EDGE('',*,*,#3110,.F.);
#3784=ORIENTED_EDGE('',*,*,#2838,.T.);
#3785=EDGE_LOOP('',(#3781,#3782,#3783,#3784));
#3786=FACE_BOUND('',#3785,.T.);
#3787=ADVANCED_FACE('',(#3786),#3775,.T.);
#3788=CARTESIAN_POINT('',(-2.,0.,0.));
#3789=DIRECTION('',(-1.,0.,0.));
#3790=DIRECTION('',(0.,1.,0.));
#3791=AXIS2_PLACEMENT_3D('',#3788,#3789,#3790);
#3792=PLANE('',#3791);
#3793=ORIENTED_EDGE('',*,*,#2974,.T.);
#3794=CARTESIAN_POINT('',(-2.,-24.779078542,1.086156986));
#3795=DIRECTION('',(0.,1.,0.));
#3796=VECTOR('',#3795,7.140078542);
#3797=LINE('',#3794,#3796);
#3798=EDGE_CURVE('',#2968,#3059,#3797,.T.);
#3799=ORIENTED_EDGE('',*,*,#3798,.T.);
#3800=ORIENTED_EDGE('',*,*,#3065,.T.);
#3801=ORIENTED_EDGE('',*,*,#3024,.F.);
#3802=ORIENTED_EDGE('',*,*,#2944,.T.);
#3803=ORIENTED_EDGE('',*,*,#3046,.F.);
#3804=ORIENTED_EDGE('',*,*,#2999,.T.);
#3805=ORIENTED_EDGE('',*,*,#2918,.F.);
#3806=EDGE_LOOP('',(#3793,#3799,#3800,#3801,#3802,#3803,#3804,#3805));
#3807=FACE_BOUND('',#3806,.T.);
#3808=CARTESIAN_POINT('',(-2.,-24.679046658,-1.013843014));
#3809=VERTEX_POINT('',#3808);
#3810=CARTESIAN_POINT('',(-2.,-17.739042418,-1.013843014));
#3811=VERTEX_POINT('',#3810);
#3812=CARTESIAN_POINT('',(-2.,-24.679046658,-1.013843014));
#3813=DIRECTION('',(0.,1.,0.));
#3814=VECTOR('',#3813,6.94000424);
#3815=LINE('',#3812,#3814);
#3816=EDGE_CURVE('',#3809,#3811,#3815,.T.);
#3817=ORIENTED_EDGE('',*,*,#3816,.F.);
#3818=CARTESIAN_POINT('',(-2.,-27.679042418,1.986154448));
#3819=VERTEX_POINT('',#3818);
#3820=CARTESIAN_POINT('',(-2.,-24.679042418,1.986156986));
#3821=DIRECTION('',(-1.,0.,0.));
#3822=DIRECTION('',(0.,0.,1.));
#3823=AXIS2_PLACEMENT_3D('',#3820,#3821,#3822);
#3824=CIRCLE('',#3823,3.);
#3825=EDGE_CURVE('',#3809,#3819,#3824,.T.);
#3826=ORIENTED_EDGE('',*,*,#3825,.T.);
#3827=CARTESIAN_POINT('',(-2.,-27.679042418,3.186153596));
#3828=VERTEX_POINT('',#3827);
#3829=CARTESIAN_POINT('',(-2.,-27.679042418,3.186153596));
#3830=DIRECTION('',(0.,0.,-1.));
#3831=VECTOR('',#3830,1.199999148);
#3832=LINE('',#3829,#3831);
#3833=EDGE_CURVE('',#3828,#3819,#3832,.T.);
#3834=ORIENTED_EDGE('',*,*,#3833,.F.);
#3835=CARTESIAN_POINT('',(-2.,-24.679044962,6.186156986));
#3836=VERTEX_POINT('',#3835);
#3837=CARTESIAN_POINT('',(-2.,-24.679042418,3.186156986));
#3838=DIRECTION('',(-1.,0.,0.));
#3839=DIRECTION('',(0.,0.,1.));
#3840=AXIS2_PLACEMENT_3D('',#3837,#3838,#3839);
#3841=CIRCLE('',#3840,3.);
#3842=EDGE_CURVE('',#3828,#3836,#3841,.T.);
#3843=ORIENTED_EDGE('',*,*,#3842,.T.);
#3844=CARTESIAN_POINT('',(-2.,-17.739042418,6.186156986));
#3845=VERTEX_POINT('',#3844);
#3846=CARTESIAN_POINT('',(-2.,-17.739042418,6.186156986));
#3847=DIRECTION('',(0.,-1.,0.));
#3848=VECTOR('',#3847,6.940002544);
#3849=LINE('',#3846,#3848);
#3850=EDGE_CURVE('',#3845,#3836,#3849,.T.);
#3851=ORIENTED_EDGE('',*,*,#3850,.F.);
#3852=CARTESIAN_POINT('',(-2.,-14.739042418,3.186156986));
#3853=VERTEX_POINT('',#3852);
#3854=CARTESIAN_POINT('',(-2.,-17.739042418,3.186156986));
#3855=DIRECTION('',(-1.,0.,0.));
#3856=DIRECTION('',(0.,0.,1.));
#3857=AXIS2_PLACEMENT_3D('',#3854,#3855,#3856);
#3858=CIRCLE('',#3857,3.);
#3859=EDGE_CURVE('',#3845,#3853,#3858,.T.);
#3860=ORIENTED_EDGE('',*,*,#3859,.T.);
#3861=CARTESIAN_POINT('',(-2.,-14.739042418,1.986156986));
#3862=VERTEX_POINT('',#3861);
#3863=CARTESIAN_POINT('',(-2.,-14.739042418,3.186156986));
#3864=DIRECTION('',(0.,0.,-1.));
#3865=VECTOR('',#3864,1.2);
#3866=LINE('',#3863,#3865);
#3867=EDGE_CURVE('',#3853,#3862,#3866,.T.);
#3868=ORIENTED_EDGE('',*,*,#3867,.T.);
#3869=CARTESIAN_POINT('',(-2.,-17.739042418,1.986156986));
#3870=DIRECTION('',(-1.,0.,0.));
#3871=DIRECTION('',(0.,0.,1.));
#3872=AXIS2_PLACEMENT_3D('',#3869,#3870,#3871);
#3873=CIRCLE('',#3872,3.);
#3874=EDGE_CURVE('',#3862,#3811,#3873,.T.);
#3875=ORIENTED_EDGE('',*,*,#3874,.T.);
#3876=EDGE_LOOP('',(#3817,#3826,#3834,#3843,#3851,#3860,#3868,#3875));
#3877=FACE_BOUND('',#3876,.T.);
#3878=ADVANCED_FACE('',(#3807,#3877),#3792,.T.);
#3879=CARTESIAN_POINT('',(-2.,-17.739042418,1.986156986));
#3880=DIRECTION('',(-1.,0.,0.));
#3881=DIRECTION('',(0.,0.,1.));
#3882=AXIS2_PLACEMENT_3D('',#3879,#3880,#3881);
#3883=CONICAL_SURFACE('',#3882,3.,45.);
#3884=ORIENTED_EDGE('',*,*,#2769,.F.);
#3885=CARTESIAN_POINT('',(-2.,-17.739042418,-1.013843014));
#3886=DIRECTION('',(-0.707106781,0.,-0.707106781));
#3887=VECTOR('',#3886,1.414213562);
#3888=LINE('',#3885,#3887);
#3889=EDGE_CURVE('',#3811,#2755,#3888,.T.);
#3890=ORIENTED_EDGE('',*,*,#3889,.F.);
#3891=ORIENTED_EDGE('',*,*,#3874,.F.);
#3892=CARTESIAN_POINT('',(-3.,-13.739042418,1.986156986));
#3893=DIRECTION('',(0.707106781,-0.707106781,0.));
#3894=VECTOR('',#3893,1.414213562);
#3895=LINE('',#3892,#3894);
#3896=EDGE_CURVE('',#2763,#3862,#3895,.T.);
#3897=ORIENTED_EDGE('',*,*,#3896,.F.);
#3898=EDGE_LOOP('',(#3884,#3890,#3891,#3897));
#3899=FACE_BOUND('',#3898,.T.);
#3900=ADVANCED_FACE('',(#3899),#3883,.F.);
#3901=CARTESIAN_POINT('',(-2.,-14.739042418,2.586156986));
#3902=DIRECTION('',(0.707106781,0.707106781,0.));
#3903=DIRECTION('',(0.,0.,-1.));
#3904=AXIS2_PLACEMENT_3D('',#3901,#3902,#3903);
#3905=PLANE('',#3904);
#3906=ORIENTED_EDGE('',*,*,#3896,.T.);
#3907=ORIENTED_EDGE('',*,*,#3867,.F.);
#3908=CARTESIAN_POINT('',(-3.,-13.739042418,3.186156986));
#3909=DIRECTION('',(0.707106781,-0.707106781,0.));
#3910=VECTOR('',#3909,1.414213562);
#3911=LINE('',#3908,#3910);
#3912=EDGE_CURVE('',#2772,#3853,#3911,.T.);
#3913=ORIENTED_EDGE('',*,*,#3912,.F.);
#3914=ORIENTED_EDGE('',*,*,#2777,.F.);
#3915=EDGE_LOOP('',(#3906,#3907,#3913,#3914));
#3916=FACE_BOUND('',#3915,.T.);
#3917=ADVANCED_FACE('',(#3916),#3905,.F.);
#3918=CARTESIAN_POINT('',(-2.,-24.679042418,1.986156986));
#3919=DIRECTION('',(-1.,0.,0.));
#3920=DIRECTION('',(0.,0.,1.));
#3921=AXIS2_PLACEMENT_3D('',#3918,#3919,#3920);
#3922=CONICAL_SURFACE('',#3921,3.,45.);
#3923=ORIENTED_EDGE('',*,*,#3825,.F.);
#3924=CARTESIAN_POINT('',(-2.,-24.679046658,-1.013843014));
#3925=DIRECTION('',(-0.707106781,-0.000000999,-0.707106781));
#3926=VECTOR('',#3925,1.414213562);
#3927=LINE('',#3924,#3926);
#3928=EDGE_CURVE('',#3809,#2753,#3927,.T.);
#3929=ORIENTED_EDGE('',*,*,#3928,.T.);
#3930=ORIENTED_EDGE('',*,*,#2818,.F.);
#3931=CARTESIAN_POINT('',(-2.,-27.679042418,1.986154448));
#3932=DIRECTION('',(-0.707106781,-0.707106781,-0.000000598));
#3933=VECTOR('',#3932,1.414213562);
#3934=LINE('',#3931,#3933);
#3935=EDGE_CURVE('',#3819,#2806,#3934,.T.);
#3936=ORIENTED_EDGE('',*,*,#3935,.F.);
#3937=EDGE_LOOP('',(#3923,#3929,#3930,#3936));
#3938=FACE_BOUND('',#3937,.T.);
#3939=ADVANCED_FACE('',(#3938),#3922,.F.);
#3940=CARTESIAN_POINT('',(-2.,-17.739042418,3.186156986));
#3941=DIRECTION('',(-1.,0.,0.));
#3942=DIRECTION('',(0.,0.,1.));
#3943=AXIS2_PLACEMENT_3D('',#3940,#3941,#3942);
#3944=CONICAL_SURFACE('',#3943,3.,45.);
#3945=ORIENTED_EDGE('',*,*,#3912,.T.);
#3946=ORIENTED_EDGE('',*,*,#3859,.F.);
#3947=CARTESIAN_POINT('',(-3.,-17.739042418,7.186156986));
#3948=DIRECTION('',(0.707106781,0.,-0.707106781));
#3949=VECTOR('',#3948,1.414213562);
#3950=LINE('',#3947,#3949);
#3951=EDGE_CURVE('',#2780,#3845,#3950,.T.);
#3952=ORIENTED_EDGE('',*,*,#3951,.F.);
#3953=ORIENTED_EDGE('',*,*,#2786,.F.);
#3954=EDGE_LOOP('',(#3945,#3946,#3952,#3953));
#3955=FACE_BOUND('',#3954,.T.);
#3956=ADVANCED_FACE('',(#3955),#3944,.F.);
#3957=CARTESIAN_POINT('',(-3.,-28.679042418,2.));
#3958=DIRECTION('',(-0.707106781,0.707106781,0.));
#3959=DIRECTION('',(0.,0.,1.));
#3960=AXIS2_PLACEMENT_3D('',#3957,#3958,#3959);
#3961=PLANE('',#3960);
#3962=ORIENTED_EDGE('',*,*,#3935,.T.);
#3963=ORIENTED_EDGE('',*,*,#2811,.F.);
#3964=CARTESIAN_POINT('',(-2.,-27.679042418,3.186153596));
#3965=DIRECTION('',(-0.707106781,-0.707106781,-0.000000799));
#3966=VECTOR('',#3965,1.414213562);
#3967=LINE('',#3964,#3966);
#3968=EDGE_CURVE('',#3828,#2797,#3967,.T.);
#3969=ORIENTED_EDGE('',*,*,#3968,.F.);
#3970=ORIENTED_EDGE('',*,*,#3833,.T.);
#3971=EDGE_LOOP('',(#3962,#3963,#3969,#3970));
#3972=FACE_BOUND('',#3971,.T.);
#3973=ADVANCED_FACE('',(#3972),#3961,.T.);
#3974=CARTESIAN_POINT('',(-3.,-19.35,7.186156986));
#3975=DIRECTION('',(-0.707106781,0.,-0.707106781));
#3976=DIRECTION('',(0.,1.,0.));
#3977=AXIS2_PLACEMENT_3D('',#3974,#3975,#3976);
#3978=PLANE('',#3977);
#3979=ORIENTED_EDGE('',*,*,#3951,.T.);
#3980=ORIENTED_EDGE('',*,*,#3850,.T.);
#3981=CARTESIAN_POINT('',(-3.,-24.67904581,7.186156986));
#3982=DIRECTION('',(0.707106781,0.0000006,-0.707106781));
#3983=VECTOR('',#3982,1.414213562);
#3984=LINE('',#3981,#3983);
#3985=EDGE_CURVE('',#2789,#3836,#3984,.T.);
#3986=ORIENTED_EDGE('',*,*,#3985,.F.);
#3987=ORIENTED_EDGE('',*,*,#2794,.F.);
#3988=EDGE_LOOP('',(#3979,#3980,#3986,#3987));
#3989=FACE_BOUND('',#3988,.T.);
#3990=ADVANCED_FACE('',(#3989),#3978,.T.);
#3991=CARTESIAN_POINT('',(-2.,-24.679042418,3.186156986));
#3992=DIRECTION('',(-1.,0.,0.));
#3993=DIRECTION('',(0.,0.,1.));
#3994=AXIS2_PLACEMENT_3D('',#3991,#3992,#3993);
#3995=CONICAL_SURFACE('',#3994,3.,45.);
#3996=ORIENTED_EDGE('',*,*,#3968,.T.);
#3997=ORIENTED_EDGE('',*,*,#2803,.F.);
#3998=ORIENTED_EDGE('',*,*,#3985,.T.);
#3999=ORIENTED_EDGE('',*,*,#3842,.F.);
#4000=EDGE_LOOP('',(#3996,#3997,#3998,#3999));
#4001=FACE_BOUND('',#4000,.T.);
#4002=ADVANCED_FACE('',(#4001),#3995,.F.);
#4003=CARTESIAN_POINT('',(-0.5,-15.,5.086154543));
#4004=DIRECTION('',(0.,-1.,0.));
#4005=DIRECTION('',(0.,0.,-1.));
#4006=AXIS2_PLACEMENT_3D('',#4003,#4004,#4005);
#4007=PLANE('',#4006);
#4008=CARTESIAN_POINT('',(0.,-15.,1.086154543));
#4009=VERTEX_POINT('',#4008);
#4010=CARTESIAN_POINT('',(0.,-15.,1.086154543));
#4011=DIRECTION('',(-1.,0.,0.));
#4012=VECTOR('',#4011,1.);
#4013=LINE('',#4010,#4012);
#4014=EDGE_CURVE('',#4009,#1338,#4013,.T.);
#4015=ORIENTED_EDGE('',*,*,#4014,.F.);
#4016=CARTESIAN_POINT('',(1.,-15.,1.086154543));
#4017=VERTEX_POINT('',#4016);
#4018=CARTESIAN_POINT('',(1.,-15.,1.086154543));
#4019=DIRECTION('',(-1.,0.,0.));
#4020=VECTOR('',#4019,1.);
#4021=LINE('',#4018,#4020);
#4022=EDGE_CURVE('',#4017,#4009,#4021,.T.);
#4023=ORIENTED_EDGE('',*,*,#4022,.F.);
#4024=CARTESIAN_POINT('',(1.,-15.,5.086154543));
#4025=VERTEX_POINT('',#4024);
#4026=CARTESIAN_POINT('',(1.,-15.,5.086154543));
#4027=DIRECTION('',(0.,0.,-1.));
#4028=VECTOR('',#4027,4.);
#4029=LINE('',#4026,#4028);
#4030=EDGE_CURVE('',#4025,#4017,#4029,.T.);
#4031=ORIENTED_EDGE('',*,*,#4030,.F.);
#4032=CARTESIAN_POINT('',(1.,-15.,5.086154543));
#4033=DIRECTION('',(-1.,0.,0.));
#4034=VECTOR('',#4033,2.);
#4035=LINE('',#4032,#4034);
#4036=EDGE_CURVE('',#4025,#1346,#4035,.T.);
#4037=ORIENTED_EDGE('',*,*,#4036,.T.);
#4038=ORIENTED_EDGE('',*,*,#1351,.T.);
#4039=EDGE_LOOP('',(#4015,#4023,#4031,#4037,#4038));
#4040=FACE_BOUND('',#4039,.T.);
#4041=ADVANCED_FACE('',(#4040),#4007,.T.);
#4042=CARTESIAN_POINT('',(0.,0.,5.086154543));
#4043=DIRECTION('',(0.,0.,1.));
#4044=DIRECTION('',(1.,0.,0.));
#4045=AXIS2_PLACEMENT_3D('',#4042,#4043,#4044);
#4046=PLANE('',#4045);
#4047=CARTESIAN_POINT('',(1.,-9.,5.086154543));
#4048=VERTEX_POINT('',#4047);
#4049=CARTESIAN_POINT('',(1.,-9.,5.086154543));
#4050=DIRECTION('',(0.,-1.,0.));
#4051=VECTOR('',#4050,6.);
#4052=LINE('',#4049,#4051);
#4053=EDGE_CURVE('',#4048,#4025,#4052,.T.);
#4054=ORIENTED_EDGE('',*,*,#4053,.F.);
#4055=CARTESIAN_POINT('',(-1.,-9.,5.086154543));
#4056=DIRECTION('',(1.,0.,-0.));
#4057=VECTOR('',#4056,2.);
#4058=LINE('',#4055,#4057);
#4059=EDGE_CURVE('',#1196,#4048,#4058,.T.);
#4060=ORIENTED_EDGE('',*,*,#4059,.F.);
#4061=ORIENTED_EDGE('',*,*,#1357,.F.);
#4062=ORIENTED_EDGE('',*,*,#4036,.F.);
#4063=EDGE_LOOP('',(#4054,#4060,#4061,#4062));
#4064=FACE_BOUND('',#4063,.T.);
#4065=ADVANCED_FACE('',(#4064),#4046,.T.);
#4066=CARTESIAN_POINT('',(1.,-12.,1.086154543));
#4067=DIRECTION('',(0.,0.,1.));
#4068=DIRECTION('',(1.,0.,0.));
#4069=AXIS2_PLACEMENT_3D('',#4066,#4067,#4068);
#4070=PLANE('',#4069);
#4071=CARTESIAN_POINT('',(-0.,-9.,1.086154543));
#4072=VERTEX_POINT('',#4071);
#4073=CARTESIAN_POINT('',(-0.,-15.,1.086154543));
#4074=DIRECTION('',(0.,1.,0.));
#4075=VECTOR('',#4074,6.);
#4076=LINE('',#4073,#4075);
#4077=EDGE_CURVE('',#4009,#4072,#4076,.T.);
#4078=ORIENTED_EDGE('',*,*,#4077,.T.);
#4079=CARTESIAN_POINT('',(1.,-9.,1.086154543));
#4080=VERTEX_POINT('',#4079);
#4081=CARTESIAN_POINT('',(1.,-9.,1.086154543));
#4082=DIRECTION('',(-1.,0.,0.));
#4083=VECTOR('',#4082,1.);
#4084=LINE('',#4081,#4083);
#4085=EDGE_CURVE('',#4080,#4072,#4084,.T.);
#4086=ORIENTED_EDGE('',*,*,#4085,.F.);
#4087=CARTESIAN_POINT('',(1.,-15.,1.086154543));
#4088=DIRECTION('',(0.,1.,0.));
#4089=VECTOR('',#4088,6.);
#4090=LINE('',#4087,#4089);
#4091=EDGE_CURVE('',#4017,#4080,#4090,.T.);
#4092=ORIENTED_EDGE('',*,*,#4091,.F.);
#4093=ORIENTED_EDGE('',*,*,#4022,.T.);
#4094=EDGE_LOOP('',(#4078,#4086,#4092,#4093));
#4095=FACE_BOUND('',#4094,.T.);
#4096=ADVANCED_FACE('',(#4095),#4070,.F.);
#4097=CARTESIAN_POINT('',(1.,0.,0.));
#4098=DIRECTION('',(1.,0.,0.));
#4099=DIRECTION('',(0.,1.,0.));
#4100=AXIS2_PLACEMENT_3D('',#4097,#4098,#4099);
#4101=PLANE('',#4100);
#4102=ORIENTED_EDGE('',*,*,#4091,.T.);
#4103=CARTESIAN_POINT('',(1.,-9.,5.086154543));
#4104=DIRECTION('',(0.,0.,-1.));
#4105=VECTOR('',#4104,4.);
#4106=LINE('',#4103,#4105);
#4107=EDGE_CURVE('',#4048,#4080,#4106,.T.);
#4108=ORIENTED_EDGE('',*,*,#4107,.F.);
#4109=ORIENTED_EDGE('',*,*,#4053,.T.);
#4110=ORIENTED_EDGE('',*,*,#4030,.T.);
#4111=EDGE_LOOP('',(#4102,#4108,#4109,#4110));
#4112=FACE_BOUND('',#4111,.T.);
#4113=ADVANCED_FACE('',(#4112),#4101,.T.);
#4114=CARTESIAN_POINT('',(-3.,-19.35,-2.013843014));
#4115=DIRECTION('',(-0.707106781,0.,0.707106781));
#4116=DIRECTION('',(0.,-1.,0.));
#4117=AXIS2_PLACEMENT_3D('',#4114,#4115,#4116);
#4118=PLANE('',#4117);
#4119=ORIENTED_EDGE('',*,*,#3889,.T.);
#4120=ORIENTED_EDGE('',*,*,#2760,.F.);
#4121=ORIENTED_EDGE('',*,*,#3928,.F.);
#4122=ORIENTED_EDGE('',*,*,#3816,.T.);
#4123=EDGE_LOOP('',(#4119,#4120,#4121,#4122));
#4124=FACE_BOUND('',#4123,.T.);
#4125=ADVANCED_FACE('',(#4124),#4118,.T.);
#4126=CARTESIAN_POINT('',(-0.,-1.739042418,-0.013843014));
#4127=DIRECTION('',(0.,1.,0.));
#4128=DIRECTION('',(0.,0.,1.));
#4129=AXIS2_PLACEMENT_3D('',#4126,#4127,#4128);
#4130=PLANE('',#4129);
#4131=ORIENTED_EDGE('',*,*,#1219,.F.);
#4132=CARTESIAN_POINT('',(-0.,-1.739042418,1.086156986));
#4133=VERTEX_POINT('',#4132);
#4134=CARTESIAN_POINT('',(-0.,-1.739042418,1.086156986));
#4135=DIRECTION('',(-1.,0.,0.));
#4136=VECTOR('',#4135,1.);
#4137=LINE('',#4134,#4136);
#4138=EDGE_CURVE('',#4133,#1206,#4137,.T.);
#4139=ORIENTED_EDGE('',*,*,#4138,.F.);
#4140=CARTESIAN_POINT('',(-0.,-1.739042418,-1.013843014));
#4141=VERTEX_POINT('',#4140);
#4142=CARTESIAN_POINT('',(-0.,-1.739042418,1.086156986));
#4143=DIRECTION('',(0.,0.,-1.));
#4144=VECTOR('',#4143,2.1);
#4145=LINE('',#4142,#4144);
#4146=EDGE_CURVE('',#4133,#4141,#4145,.T.);
#4147=ORIENTED_EDGE('',*,*,#4146,.T.);
#4148=CARTESIAN_POINT('',(-0.,-1.739042418,-1.013843014));
#4149=DIRECTION('',(-1.,0.,0.));
#4150=VECTOR('',#4149,1.);
#4151=LINE('',#4148,#4150);
#4152=EDGE_CURVE('',#4141,#1214,#4151,.T.);
#4153=ORIENTED_EDGE('',*,*,#4152,.T.);
#4154=EDGE_LOOP('',(#4131,#4139,#4147,#4153));
#4155=FACE_BOUND('',#4154,.T.);
#4156=ADVANCED_FACE('',(#4155),#4130,.T.);
#4157=CARTESIAN_POINT('',(-0.,-25.739042418,-1.013843014));
#4158=DIRECTION('',(0.,0.,-1.));
#4159=DIRECTION('',(-1.,0.,0.));
#4160=AXIS2_PLACEMENT_3D('',#4157,#4158,#4159);
#4161=PLANE('',#4160);
#4162=ORIENTED_EDGE('',*,*,#1227,.F.);
#4163=ORIENTED_EDGE('',*,*,#4152,.F.);
#4164=CARTESIAN_POINT('',(-0.,-41.739042418,-1.013843014));
#4165=VERTEX_POINT('',#4164);
#4166=CARTESIAN_POINT('',(-0.,-1.739042418,-1.013843014));
#4167=DIRECTION('',(0.,-1.,0.));
#4168=VECTOR('',#4167,40.);
#4169=LINE('',#4166,#4168);
#4170=EDGE_CURVE('',#4141,#4165,#4169,.T.);
#4171=ORIENTED_EDGE('',*,*,#4170,.T.);
#4172=CARTESIAN_POINT('',(-0.,-41.739042418,-1.013843014));
#4173=DIRECTION('',(-1.,0.,0.));
#4174=VECTOR('',#4173,1.);
#4175=LINE('',#4172,#4174);
#4176=EDGE_CURVE('',#4165,#1222,#4175,.T.);
#4177=ORIENTED_EDGE('',*,*,#4176,.T.);
#4178=EDGE_LOOP('',(#4162,#4163,#4171,#4177));
#4179=FACE_BOUND('',#4178,.T.);
#4180=ADVANCED_FACE('',(#4179),#4161,.T.);
#4181=CARTESIAN_POINT('',(-0.,-41.739042418,-0.013843014));
#4182=DIRECTION('',(0.,-1.,0.));
#4183=DIRECTION('',(0.,0.,-1.));
#4184=AXIS2_PLACEMENT_3D('',#4181,#4182,#4183);
#4185=PLANE('',#4184);
#4186=ORIENTED_EDGE('',*,*,#1235,.F.);
#4187=ORIENTED_EDGE('',*,*,#4176,.F.);
#4188=CARTESIAN_POINT('',(-0.,-41.739042418,1.086156986));
#4189=VERTEX_POINT('',#4188);
#4190=CARTESIAN_POINT('',(-0.,-41.739042418,-1.013843014));
#4191=DIRECTION('',(0.,0.,1.));
#4192=VECTOR('',#4191,2.1);
#4193=LINE('',#4190,#4192);
#4194=EDGE_CURVE('',#4165,#4189,#4193,.T.);
#4195=ORIENTED_EDGE('',*,*,#4194,.T.);
#4196=CARTESIAN_POINT('',(-0.,-41.739042418,1.086156986));
#4197=DIRECTION('',(-1.,0.,0.));
#4198=VECTOR('',#4197,1.);
#4199=LINE('',#4196,#4198);
#4200=EDGE_CURVE('',#4189,#1230,#4199,.T.);
#4201=ORIENTED_EDGE('',*,*,#4200,.T.);
#4202=EDGE_LOOP('',(#4186,#4187,#4195,#4201));
#4203=FACE_BOUND('',#4202,.T.);
#4204=ADVANCED_FACE('',(#4203),#4185,.T.);
#4205=CARTESIAN_POINT('',(-0.,0.,0.));
#4206=DIRECTION('',(1.,0.,0.));
#4207=DIRECTION('',(0.,-1.,0.));
#4208=AXIS2_PLACEMENT_3D('',#4205,#4206,#4207);
#4209=PLANE('',#4208);
#4210=ORIENTED_EDGE('',*,*,#4077,.F.);
#4211=CARTESIAN_POINT('',(-0.,-41.739042418,1.086156986));
#4212=DIRECTION('',(0.,1.,0.));
#4213=VECTOR('',#4212,26.739042418);
#4214=LINE('',#4211,#4213);
#4215=EDGE_CURVE('',#4189,#4009,#4214,.T.);
#4216=ORIENTED_EDGE('',*,*,#4215,.F.);
#4217=ORIENTED_EDGE('',*,*,#4194,.F.);
#4218=ORIENTED_EDGE('',*,*,#4170,.F.);
#4219=ORIENTED_EDGE('',*,*,#4146,.F.);
#4220=CARTESIAN_POINT('',(-0.,-9.,1.086156986));
#4221=DIRECTION('',(0.,1.,0.));
#4222=VECTOR('',#4221,7.260957582);
#4223=LINE('',#4220,#4222);
#4224=EDGE_CURVE('',#4072,#4133,#4223,.T.);
#4225=ORIENTED_EDGE('',*,*,#4224,.F.);
#4226=EDGE_LOOP('',(#4210,#4216,#4217,#4218,#4219,#4225));
#4227=FACE_BOUND('',#4226,.T.);
#4228=ADVANCED_FACE('',(#4227),#4209,.T.);
#4229=CARTESIAN_POINT('',(4.24500889,-36.830578542,1.086154543));
#4230=DIRECTION('',(0.,0.,1.));
#4231=DIRECTION('',(0.,-1.,0.));
#4232=AXIS2_PLACEMENT_3D('',#4229,#4230,#4231);
#4233=PLANE('',#4232);
#4234=ORIENTED_EDGE('',*,*,#4215,.T.);
#4235=ORIENTED_EDGE('',*,*,#4014,.T.);
#4236=ORIENTED_EDGE('',*,*,#1343,.F.);
#4237=ORIENTED_EDGE('',*,*,#3071,.F.);
#4238=ORIENTED_EDGE('',*,*,#3798,.F.);
#4239=ORIENTED_EDGE('',*,*,#2982,.T.);
#4240=ORIENTED_EDGE('',*,*,#1275,.F.);
#4241=ORIENTED_EDGE('',*,*,#3780,.T.);
#4242=ORIENTED_EDGE('',*,*,#2830,.T.);
#4243=ORIENTED_EDGE('',*,*,#3145,.F.);
#4244=ORIENTED_EDGE('',*,*,#1243,.F.);
#4245=ORIENTED_EDGE('',*,*,#4200,.F.);
#4246=EDGE_LOOP('',(#4234,#4235,#4236,#4237,#4238,#4239,#4240,#4241,#4242,#4243,#4244,#4245));
#4247=FACE_BOUND('',#4246,.T.);
#4248=ADVANCED_FACE('',(#4247),#4233,.T.);
#4249=CARTESIAN_POINT('',(4.24500889,-36.830578542,1.086154543));
#4250=DIRECTION('',(0.,0.,1.));
#4251=DIRECTION('',(0.,-1.,0.));
#4252=AXIS2_PLACEMENT_3D('',#4249,#4250,#4251);
#4253=PLANE('',#4252);
#4254=ORIENTED_EDGE('',*,*,#1211,.F.);
#4255=CARTESIAN_POINT('',(-1.,-9.,1.086154543));
#4256=DIRECTION('',(1.,0.,-0.));
#4257=VECTOR('',#4256,1.);
#4258=LINE('',#4255,#4257);
#4259=EDGE_CURVE('',#1198,#4072,#4258,.T.);
#4260=ORIENTED_EDGE('',*,*,#4259,.T.);
#4261=ORIENTED_EDGE('',*,*,#4224,.T.);
#4262=ORIENTED_EDGE('',*,*,#4138,.T.);
#4263=EDGE_LOOP('',(#4254,#4260,#4261,#4262));
#4264=FACE_BOUND('',#4263,.T.);
#4265=ADVANCED_FACE('',(#4264),#4253,.T.);
#4266=CARTESIAN_POINT('',(0.,-8.5,0.));
#4267=DIRECTION('',(0.,-1.,0.));
#4268=DIRECTION('',(1.,0.,0.));
#4269=AXIS2_PLACEMENT_3D('',#4266,#4267,#4268);
#4270=PLANE('',#4269);
#4271=ORIENTED_EDGE('',*,*,#3088,.F.);
#4272=ORIENTED_EDGE('',*,*,#2869,.F.);
#4273=ORIENTED_EDGE('',*,*,#2702,.F.);
#4274=ORIENTED_EDGE('',*,*,#1884,.T.);
#4275=EDGE_LOOP('',(#4271,#4272,#4273,#4274));
#4276=FACE_BOUND('',#4275,.T.);
#4277=ADVANCED_FACE('',(#4276),#4270,.T.);
#4278=CARTESIAN_POINT('',(-0.5,-9.,5.086154543));
#4279=DIRECTION('',(0.,1.,0.));
#4280=DIRECTION('',(0.,0.,1.));
#4281=AXIS2_PLACEMENT_3D('',#4278,#4279,#4280);
#4282=PLANE('',#4281);
#4283=ORIENTED_EDGE('',*,*,#4259,.F.);
#4284=ORIENTED_EDGE('',*,*,#1203,.F.);
#4285=ORIENTED_EDGE('',*,*,#4059,.T.);
#4286=ORIENTED_EDGE('',*,*,#4107,.T.);
#4287=ORIENTED_EDGE('',*,*,#4085,.T.);
#4288=EDGE_LOOP('',(#4283,#4284,#4285,#4286,#4287));
#4289=FACE_BOUND('',#4288,.T.);
#4290=ADVANCED_FACE('',(#4289),#4282,.T.);
#4291=CARTESIAN_POINT('',(58.4,-12.68514097,-1.9138));
#4292=DIRECTION('',(0.,0.,1.));
#4293=DIRECTION('',(1.,0.,0.));
#4294=AXIS2_PLACEMENT_3D('',#4291,#4292,#4293);
#4295=PLANE('',#4294);
#4296=CARTESIAN_POINT('',(60.177133473,-13.93514097,-1.9138));
#4297=VERTEX_POINT('',#4296);
#4298=CARTESIAN_POINT('',(60.177133473,-0.03514097,-1.9138));
#4299=VERTEX_POINT('',#4298);
#4300=CARTESIAN_POINT('',(60.177133473,-13.93514097,-1.9138));
#4301=DIRECTION('',(0.,1.,0.));
#4302=VECTOR('',#4301,13.9);
#4303=LINE('',#4300,#4302);
#4304=EDGE_CURVE('',#4297,#4299,#4303,.T.);
#4305=ORIENTED_EDGE('',*,*,#4304,.T.);
#4306=CARTESIAN_POINT('',(60.177133473,-0.03514097,-1.9138));
#4307=DIRECTION('',(1.,0.,0.));
#4308=VECTOR('',#4307,3.222866527);
#4309=LINE('',#4306,#4308);
#4310=EDGE_CURVE('',#4299,#870,#4309,.T.);
#4311=ORIENTED_EDGE('',*,*,#4310,.T.);
#4312=ORIENTED_EDGE('',*,*,#917,.T.);
#4313=CARTESIAN_POINT('',(60.177133473,-13.93514097,-1.9138));
#4314=DIRECTION('',(1.,0.,0.));
#4315=VECTOR('',#4314,3.222866527);
#4316=LINE('',#4313,#4315);
#4317=EDGE_CURVE('',#4297,#906,#4316,.T.);
#4318=ORIENTED_EDGE('',*,*,#4317,.F.);
#4319=EDGE_LOOP('',(#4305,#4311,#4312,#4318));
#4320=FACE_BOUND('',#4319,.T.);
#4321=ADVANCED_FACE('',(#4320),#4295,.F.);
#4322=CARTESIAN_POINT('',(55.677133473,-6.98514097,0.0862));
#4323=DIRECTION('',(0.,0.,1.));
#4324=DIRECTION('',(0.,1.,0.));
#4325=AXIS2_PLACEMENT_3D('',#4322,#4323,#4324);
#4326=PLANE('',#4325);
#4327=CARTESIAN_POINT('',(60.177133473,-12.9351,0.0862));
#4328=VERTEX_POINT('',#4327);
#4329=CARTESIAN_POINT('',(64.4,-12.9351,0.0862));
#4330=VERTEX_POINT('',#4329);
#4331=CARTESIAN_POINT('',(60.177133473,-12.9351,0.0862));
#4332=DIRECTION('',(1.,0.,-0.));
#4333=VECTOR('',#4332,4.222866527);
#4334=LINE('',#4331,#4333);
#4335=EDGE_CURVE('',#4328,#4330,#4334,.T.);
#4336=ORIENTED_EDGE('',*,*,#4335,.T.);
#4337=CARTESIAN_POINT('',(64.4,-1.0351,0.0862));
#4338=VERTEX_POINT('',#4337);
#4339=CARTESIAN_POINT('',(64.4,-12.9351,0.0862));
#4340=DIRECTION('',(0.,1.,0.));
#4341=VECTOR('',#4340,11.9);
#4342=LINE('',#4339,#4341);
#4343=EDGE_CURVE('',#4330,#4338,#4342,.T.);
#4344=ORIENTED_EDGE('',*,*,#4343,.T.);
#4345=CARTESIAN_POINT('',(60.177133473,-1.0351,0.0862));
#4346=VERTEX_POINT('',#4345);
#4347=CARTESIAN_POINT('',(64.4,-1.0351,0.0862));
#4348=DIRECTION('',(-1.,0.,0.));
#4349=VECTOR('',#4348,4.222866527);
#4350=LINE('',#4347,#4349);
#4351=EDGE_CURVE('',#4338,#4346,#4350,.T.);
#4352=ORIENTED_EDGE('',*,*,#4351,.T.);
#4353=CARTESIAN_POINT('',(60.177133473,-1.0351,0.0862));
#4354=DIRECTION('',(0.,-1.,0.));
#4355=VECTOR('',#4354,11.9);
#4356=LINE('',#4353,#4355);
#4357=EDGE_CURVE('',#4346,#4328,#4356,.T.);
#4358=ORIENTED_EDGE('',*,*,#4357,.T.);
#4359=EDGE_LOOP('',(#4336,#4344,#4352,#4358));
#4360=FACE_BOUND('',#4359,.T.);
#4361=ADVANCED_FACE('',(#4360),#4326,.T.);
#4362=CARTESIAN_POINT('',(60.177133473,-11.93514097,1.086156944));
#4363=DIRECTION('',(1.,0.,0.));
#4364=DIRECTION('',(0.,0.,-1.));
#4365=AXIS2_PLACEMENT_3D('',#4362,#4363,#4364);
#4366=PLANE('',#4365);
#4367=CARTESIAN_POINT('',(60.177133473,-13.93514097,1.086156944));
#4368=VERTEX_POINT('',#4367);
#4369=CARTESIAN_POINT('',(60.177133473,-13.93514097,-1.9138));
#4370=DIRECTION('',(0.,0.,1.));
#4371=VECTOR('',#4370,2.999956944);
#4372=LINE('',#4369,#4371);
#4373=EDGE_CURVE('',#4297,#4368,#4372,.T.);
#4374=ORIENTED_EDGE('',*,*,#4373,.T.);
#4375=CARTESIAN_POINT('',(60.177133473,-12.9351,1.086156972));
#4376=VERTEX_POINT('',#4375);
#4377=CARTESIAN_POINT('',(60.177133473,-13.93514097,1.086156972));
#4378=DIRECTION('',(0.,1.,0.));
#4379=VECTOR('',#4378,1.00004097);
#4380=LINE('',#4377,#4379);
#4381=EDGE_CURVE('',#4368,#4376,#4380,.T.);
#4382=ORIENTED_EDGE('',*,*,#4381,.T.);
#4383=CARTESIAN_POINT('',(60.177133473,-12.9351,0.0862));
#4384=DIRECTION('',(0.,0.,1.));
#4385=VECTOR('',#4384,0.999956972);
#4386=LINE('',#4383,#4385);
#4387=EDGE_CURVE('',#4328,#4376,#4386,.T.);
#4388=ORIENTED_EDGE('',*,*,#4387,.F.);
#4389=ORIENTED_EDGE('',*,*,#4357,.F.);
#4390=CARTESIAN_POINT('',(60.177133473,-1.0351,1.086156972));
#4391=VERTEX_POINT('',#4390);
#4392=CARTESIAN_POINT('',(60.177133473,-1.0351,1.086156972));
#4393=DIRECTION('',(0.,0.,-1.));
#4394=VECTOR('',#4393,0.999956972);
#4395=LINE('',#4392,#4394);
#4396=EDGE_CURVE('',#4391,#4346,#4395,.T.);
#4397=ORIENTED_EDGE('',*,*,#4396,.F.);
#4398=CARTESIAN_POINT('',(60.177133473,-0.03514097,1.086156972));
#4399=VERTEX_POINT('',#4398);
#4400=CARTESIAN_POINT('',(60.177133473,-1.0351,1.086156972));
#4401=DIRECTION('',(0.,1.,0.));
#4402=VECTOR('',#4401,0.99995903);
#4403=LINE('',#4400,#4402);
#4404=EDGE_CURVE('',#4391,#4399,#4403,.T.);
#4405=ORIENTED_EDGE('',*,*,#4404,.T.);
#4406=CARTESIAN_POINT('',(60.177133473,-0.03514097,1.086156972));
#4407=DIRECTION('',(0.,0.,-1.));
#4408=VECTOR('',#4407,2.999956972);
#4409=LINE('',#4406,#4408);
#4410=EDGE_CURVE('',#4399,#4299,#4409,.T.);
#4411=ORIENTED_EDGE('',*,*,#4410,.T.);
#4412=ORIENTED_EDGE('',*,*,#4304,.F.);
#4413=EDGE_LOOP('',(#4374,#4382,#4388,#4389,#4397,#4405,#4411,#4412));
#4414=FACE_BOUND('',#4413,.T.);
#4415=ADVANCED_FACE('',(#4414),#4366,.F.);
#4416=CARTESIAN_POINT('',(60.177133473,-1.0351,1.086156944));
#4417=DIRECTION('',(0.,1.,0.));
#4418=DIRECTION('',(-1.,0.,0.));
#4419=AXIS2_PLACEMENT_3D('',#4416,#4417,#4418);
#4420=PLANE('',#4419);
#4421=ORIENTED_EDGE('',*,*,#4351,.F.);
#4422=CARTESIAN_POINT('',(64.4,-1.0351,6.2862));
#4423=VERTEX_POINT('',#4422);
#4424=CARTESIAN_POINT('',(64.4,-1.0351,0.0862));
#4425=DIRECTION('',(0.,0.,1.));
#4426=VECTOR('',#4425,6.2);
#4427=LINE('',#4424,#4426);
#4428=EDGE_CURVE('',#4338,#4423,#4427,.T.);
#4429=ORIENTED_EDGE('',*,*,#4428,.T.);
#4430=CARTESIAN_POINT('',(60.177133473,-1.0351,6.2862));
#4431=VERTEX_POINT('',#4430);
#4432=CARTESIAN_POINT('',(64.4,-1.0351,6.2862));
#4433=DIRECTION('',(-1.,0.,0.));
#4434=VECTOR('',#4433,4.222866527);
#4435=LINE('',#4432,#4434);
#4436=EDGE_CURVE('',#4423,#4431,#4435,.T.);
#4437=ORIENTED_EDGE('',*,*,#4436,.T.);
#4438=CARTESIAN_POINT('',(60.177133473,-1.0351,6.2862));
#4439=DIRECTION('',(0.,0.,-1.));
#4440=VECTOR('',#4439,5.200043028);
#4441=LINE('',#4438,#4440);
#4442=EDGE_CURVE('',#4431,#4391,#4441,.T.);
#4443=ORIENTED_EDGE('',*,*,#4442,.T.);
#4444=ORIENTED_EDGE('',*,*,#4396,.T.);
#4445=EDGE_LOOP('',(#4421,#4429,#4437,#4443,#4444));
#4446=FACE_BOUND('',#4445,.T.);
#4447=ADVANCED_FACE('',(#4446),#4420,.F.);
#4448=CARTESIAN_POINT('',(51.177133473,-12.9351,1.086156944));
#4449=DIRECTION('',(0.,-1.,0.));
#4450=DIRECTION('',(0.,0.,1.));
#4451=AXIS2_PLACEMENT_3D('',#4448,#4449,#4450);
#4452=PLANE('',#4451);
#4453=CARTESIAN_POINT('',(60.177133473,-12.9351,6.2862));
#4454=VERTEX_POINT('',#4453);
#4455=CARTESIAN_POINT('',(64.4,-12.9351,6.2862));
#4456=VERTEX_POINT('',#4455);
#4457=CARTESIAN_POINT('',(60.177133473,-12.9351,6.2862));
#4458=DIRECTION('',(1.,0.,-0.));
#4459=VECTOR('',#4458,4.222866527);
#4460=LINE('',#4457,#4459);
#4461=EDGE_CURVE('',#4454,#4456,#4460,.T.);
#4462=ORIENTED_EDGE('',*,*,#4461,.T.);
#4463=CARTESIAN_POINT('',(64.4,-12.9351,6.2862));
#4464=DIRECTION('',(0.,0.,-1.));
#4465=VECTOR('',#4464,6.2);
#4466=LINE('',#4463,#4465);
#4467=EDGE_CURVE('',#4456,#4330,#4466,.T.);
#4468=ORIENTED_EDGE('',*,*,#4467,.T.);
#4469=ORIENTED_EDGE('',*,*,#4335,.F.);
#4470=ORIENTED_EDGE('',*,*,#4387,.T.);
#4471=CARTESIAN_POINT('',(60.177133473,-12.9351,1.086156972));
#4472=DIRECTION('',(0.,0.,1.));
#4473=VECTOR('',#4472,5.200043028);
#4474=LINE('',#4471,#4473);
#4475=EDGE_CURVE('',#4376,#4454,#4474,.T.);
#4476=ORIENTED_EDGE('',*,*,#4475,.T.);
#4477=EDGE_LOOP('',(#4462,#4468,#4469,#4470,#4476));
#4478=FACE_BOUND('',#4477,.T.);
#4479=ADVANCED_FACE('',(#4478),#4452,.F.);
#4480=CARTESIAN_POINT('',(58.4,-13.93514097,3.186156944));
#4481=DIRECTION('',(0.,-1.,0.));
#4482=DIRECTION('',(1.,0.,0.));
#4483=AXIS2_PLACEMENT_3D('',#4480,#4481,#4482);
#4484=PLANE('',#4483);
#4485=ORIENTED_EDGE('',*,*,#911,.F.);
#4486=CARTESIAN_POINT('',(58.4,-13.93514097,5.786156944));
#4487=VERTEX_POINT('',#4486);
#4488=CARTESIAN_POINT('',(58.4,-13.93514097,5.786156944));
#4489=DIRECTION('',(1.,0.,0.));
#4490=VECTOR('',#4489,5.);
#4491=LINE('',#4488,#4490);
#4492=EDGE_CURVE('',#4487,#897,#4491,.T.);
#4493=ORIENTED_EDGE('',*,*,#4492,.F.);
#4494=CARTESIAN_POINT('',(58.4,-13.93514097,1.086156944));
#4495=VERTEX_POINT('',#4494);
#4496=CARTESIAN_POINT('',(58.4,-13.93514097,5.786156944));
#4497=DIRECTION('',(0.,0.,-1.));
#4498=VECTOR('',#4497,4.7);
#4499=LINE('',#4496,#4498);
#4500=EDGE_CURVE('',#4487,#4495,#4499,.T.);
#4501=ORIENTED_EDGE('',*,*,#4500,.T.);
#4502=CARTESIAN_POINT('',(58.4,-13.93514097,1.086156944));
#4503=DIRECTION('',(1.,0.,0.));
#4504=VECTOR('',#4503,1.777133473);
#4505=LINE('',#4502,#4504);
#4506=EDGE_CURVE('',#4495,#4368,#4505,.T.);
#4507=ORIENTED_EDGE('',*,*,#4506,.T.);
#4508=ORIENTED_EDGE('',*,*,#4373,.F.);
#4509=ORIENTED_EDGE('',*,*,#4317,.T.);
#4510=EDGE_LOOP('',(#4485,#4493,#4501,#4507,#4508,#4509));
#4511=FACE_BOUND('',#4510,.T.);
#4512=ADVANCED_FACE('',(#4511),#4484,.T.);
#4513=CARTESIAN_POINT('',(58.4,-0.03514097,3.186156944));
#4514=DIRECTION('',(-0.,1.,0.));
#4515=DIRECTION('',(-1.,-0.,0.));
#4516=AXIS2_PLACEMENT_3D('',#4513,#4514,#4515);
#4517=PLANE('',#4516);
#4518=ORIENTED_EDGE('',*,*,#4410,.F.);
#4519=CARTESIAN_POINT('',(58.4,-0.03514097,1.086156944));
#4520=VERTEX_POINT('',#4519);
#4521=CARTESIAN_POINT('',(58.4,-0.03514097,1.086156944));
#4522=DIRECTION('',(1.,0.,0.));
#4523=VECTOR('',#4522,1.777133473);
#4524=LINE('',#4521,#4523);
#4525=EDGE_CURVE('',#4520,#4399,#4524,.T.);
#4526=ORIENTED_EDGE('',*,*,#4525,.F.);
#4527=CARTESIAN_POINT('',(58.4,-0.03514097,5.786156944));
#4528=VERTEX_POINT('',#4527);
#4529=CARTESIAN_POINT('',(58.4,-0.03514097,1.086156944));
#4530=DIRECTION('',(0.,0.,1.));
#4531=VECTOR('',#4530,4.7);
#4532=LINE('',#4529,#4531);
#4533=EDGE_CURVE('',#4520,#4528,#4532,.T.);
#4534=ORIENTED_EDGE('',*,*,#4533,.T.);
#4535=CARTESIAN_POINT('',(58.4,-0.03514097,5.786156944));
#4536=DIRECTION('',(1.,0.,0.));
#4537=VECTOR('',#4536,5.);
#4538=LINE('',#4535,#4537);
#4539=EDGE_CURVE('',#4528,#872,#4538,.T.);
#4540=ORIENTED_EDGE('',*,*,#4539,.T.);
#4541=ORIENTED_EDGE('',*,*,#877,.F.);
#4542=ORIENTED_EDGE('',*,*,#4310,.F.);
#4543=EDGE_LOOP('',(#4518,#4526,#4534,#4540,#4541,#4542));
#4544=FACE_BOUND('',#4543,.T.);
#4545=ADVANCED_FACE('',(#4544),#4517,.T.);
#4546=CARTESIAN_POINT('',(65.4,-20.35,2.));
#4547=DIRECTION('',(-1.,0.,0.));
#4548=DIRECTION('',(0.,0.,1.));
#4549=AXIS2_PLACEMENT_3D('',#4546,#4547,#4548);
#4550=PLANE('',#4549);
#4551=CARTESIAN_POINT('',(65.4,-0.0351,6.2862));
#4552=VERTEX_POINT('',#4551);
#4553=CARTESIAN_POINT('',(65.4,-0.0351,-0.9138));
#4554=VERTEX_POINT('',#4553);
#4555=CARTESIAN_POINT('',(65.4,-0.0351,6.2862));
#4556=DIRECTION('',(0.,0.,-1.));
#4557=VECTOR('',#4556,7.2);
#4558=LINE('',#4555,#4557);
#4559=EDGE_CURVE('',#4552,#4554,#4558,.T.);
#4560=ORIENTED_EDGE('',*,*,#4559,.T.);
#4561=CARTESIAN_POINT('',(65.4,-13.9351,-0.9138));
#4562=VERTEX_POINT('',#4561);
#4563=CARTESIAN_POINT('',(65.4,-0.0351,-0.9138));
#4564=DIRECTION('',(0.,-1.,0.));
#4565=VECTOR('',#4564,13.9);
#4566=LINE('',#4563,#4565);
#4567=EDGE_CURVE('',#4554,#4562,#4566,.T.);
#4568=ORIENTED_EDGE('',*,*,#4567,.T.);
#4569=CARTESIAN_POINT('',(65.4,-13.9351,6.2862));
#4570=VERTEX_POINT('',#4569);
#4571=CARTESIAN_POINT('',(65.4,-13.9351,-0.9138));
#4572=DIRECTION('',(0.,0.,1.));
#4573=VECTOR('',#4572,7.2);
#4574=LINE('',#4571,#4573);
#4575=EDGE_CURVE('',#4562,#4570,#4574,.T.);
#4576=ORIENTED_EDGE('',*,*,#4575,.T.);
#4577=CARTESIAN_POINT('',(65.4,-12.1351,8.0862));
#4578=VERTEX_POINT('',#4577);
#4579=CARTESIAN_POINT('',(65.4,-12.1351,6.2862));
#4580=DIRECTION('',(-1.,0.,0.));
#4581=DIRECTION('',(0.,0.,1.));
#4582=AXIS2_PLACEMENT_3D('',#4579,#4580,#4581);
#4583=CIRCLE('',#4582,1.8);
#4584=EDGE_CURVE('',#4570,#4578,#4583,.T.);
#4585=ORIENTED_EDGE('',*,*,#4584,.T.);
#4586=CARTESIAN_POINT('',(65.4,-1.8351,8.0862));
#4587=VERTEX_POINT('',#4586);
#4588=CARTESIAN_POINT('',(65.4,-12.1351,8.0862));
#4589=DIRECTION('',(0.,1.,0.));
#4590=VECTOR('',#4589,10.3);
#4591=LINE('',#4588,#4590);
#4592=EDGE_CURVE('',#4578,#4587,#4591,.T.);
#4593=ORIENTED_EDGE('',*,*,#4592,.T.);
#4594=CARTESIAN_POINT('',(65.4,-1.8351,6.2862));
#4595=DIRECTION('',(-1.,0.,0.));
#4596=DIRECTION('',(0.,0.,1.));
#4597=AXIS2_PLACEMENT_3D('',#4594,#4595,#4596);
#4598=CIRCLE('',#4597,1.8);
#4599=EDGE_CURVE('',#4587,#4552,#4598,.T.);
#4600=ORIENTED_EDGE('',*,*,#4599,.T.);
#4601=EDGE_LOOP('',(#4560,#4568,#4576,#4585,#4593,#4600));
#4602=FACE_BOUND('',#4601,.T.);
#4603=ORIENTED_EDGE('',*,*,#709,.T.);
#4604=CARTESIAN_POINT('',(65.4,7.,-2.5));
#4605=DIRECTION('',(-0.,-0.,1.));
#4606=VECTOR('',#4605,24.);
#4607=LINE('',#4604,#4606);
#4608=EDGE_CURVE('',#695,#2022,#4607,.T.);
#4609=ORIENTED_EDGE('',*,*,#4608,.T.);
#4610=ORIENTED_EDGE('',*,*,#2027,.F.);
#4611=CARTESIAN_POINT('',(65.4,-45.7,21.5));
#4612=DIRECTION('',(-0.,-0.,-1.));
#4613=VECTOR('',#4612,24.);
#4614=LINE('',#4611,#4613);
#4615=EDGE_CURVE('',#2013,#704,#4614,.T.);
#4616=ORIENTED_EDGE('',*,*,#4615,.T.);
#4617=EDGE_LOOP('',(#4603,#4609,#4610,#4616));
#4618=FACE_BOUND('',#4617,.T.);
#4619=ADVANCED_FACE('',(#4602,#4618),#4550,.F.);
#4620=CARTESIAN_POINT('',(58.4,-1.28514097,1.086156944));
#4621=DIRECTION('',(0.,0.,-1.));
#4622=DIRECTION('',(-1.,0.,0.));
#4623=AXIS2_PLACEMENT_3D('',#4620,#4621,#4622);
#4624=PLANE('',#4623);
#4625=ORIENTED_EDGE('',*,*,#4404,.F.);
#4626=CARTESIAN_POINT('',(60.177133473,-2.03514097,1.086156944));
#4627=VERTEX_POINT('',#4626);
#4628=CARTESIAN_POINT('',(60.177133473,-1.0351,1.086156944));
#4629=DIRECTION('',(0.,-1.,0.));
#4630=VECTOR('',#4629,1.00004097);
#4631=LINE('',#4628,#4630);
#4632=EDGE_CURVE('',#4391,#4627,#4631,.T.);
#4633=ORIENTED_EDGE('',*,*,#4632,.T.);
#4634=CARTESIAN_POINT('',(58.4,-2.03514097,1.086156944));
#4635=VERTEX_POINT('',#4634);
#4636=CARTESIAN_POINT('',(58.4,-2.03514097,1.086156944));
#4637=DIRECTION('',(1.,0.,0.));
#4638=VECTOR('',#4637,1.777133473);
#4639=LINE('',#4636,#4638);
#4640=EDGE_CURVE('',#4635,#4627,#4639,.T.);
#4641=ORIENTED_EDGE('',*,*,#4640,.F.);
#4642=CARTESIAN_POINT('',(58.4,-2.03514097,1.086156944));
#4643=DIRECTION('',(-0.,1.,0.));
#4644=VECTOR('',#4643,2.);
#4645=LINE('',#4642,#4644);
#4646=EDGE_CURVE('',#4635,#4520,#4645,.T.);
#4647=ORIENTED_EDGE('',*,*,#4646,.T.);
#4648=ORIENTED_EDGE('',*,*,#4525,.T.);
#4649=EDGE_LOOP('',(#4625,#4633,#4641,#4647,#4648));
#4650=FACE_BOUND('',#4649,.T.);
#4651=ADVANCED_FACE('',(#4650),#4624,.T.);
#4652=CARTESIAN_POINT('',(58.4,-12.68514097,1.086156944));
#4653=DIRECTION('',(0.,0.,1.));
#4654=DIRECTION('',(1.,0.,0.));
#4655=AXIS2_PLACEMENT_3D('',#4652,#4653,#4654);
#4656=PLANE('',#4655);
#4657=ORIENTED_EDGE('',*,*,#1456,.T.);
#4658=CARTESIAN_POINT('',(58.6,-28.5,1.086154543));
#4659=VERTEX_POINT('',#4658);
#4660=CARTESIAN_POINT('',(58.6,-23.5,1.086154543));
#4661=DIRECTION('',(0.,-1.,0.));
#4662=VECTOR('',#4661,5.);
#4663=LINE('',#4660,#4662);
#4664=EDGE_CURVE('',#1441,#4659,#4663,.T.);
#4665=ORIENTED_EDGE('',*,*,#4664,.T.);
#4666=CARTESIAN_POINT('',(55.4,-28.5,1.086156972));
#4667=VERTEX_POINT('',#4666);
#4668=CARTESIAN_POINT('',(55.4,-28.5,1.086156972));
#4669=DIRECTION('',(1.,0.,0.));
#4670=VECTOR('',#4669,3.2);
#4671=LINE('',#4668,#4670);
#4672=EDGE_CURVE('',#4667,#4659,#4671,.T.);
#4673=ORIENTED_EDGE('',*,*,#4672,.F.);
#4674=CARTESIAN_POINT('',(55.4,-28.5,1.086156972));
#4675=DIRECTION('',(-0.,1.,0.));
#4676=VECTOR('',#4675,5.);
#4677=LINE('',#4674,#4676);
#4678=EDGE_CURVE('',#4667,#1451,#4677,.T.);
#4679=ORIENTED_EDGE('',*,*,#4678,.T.);
#4680=EDGE_LOOP('',(#4657,#4665,#4673,#4679));
#4681=FACE_BOUND('',#4680,.T.);
#4682=ADVANCED_FACE('',(#4681),#4656,.F.);
#4683=CARTESIAN_POINT('',(60.177133473,-11.93514097,1.086156944));
#4684=DIRECTION('',(1.,0.,0.));
#4685=DIRECTION('',(0.,0.,-1.));
#4686=AXIS2_PLACEMENT_3D('',#4683,#4684,#4685);
#4687=PLANE('',#4686);
#4688=ORIENTED_EDGE('',*,*,#4442,.F.);
#4689=CARTESIAN_POINT('',(60.177133473,-1.8351,7.0862));
#4690=VERTEX_POINT('',#4689);
#4691=CARTESIAN_POINT('',(60.177133473,-1.8351,6.2862));
#4692=DIRECTION('',(-1.,-0.,-0.));
#4693=DIRECTION('',(0.,0.,-1.));
#4694=AXIS2_PLACEMENT_3D('',#4691,#4692,#4693);
#4695=CIRCLE('',#4694,0.8);
#4696=EDGE_CURVE('',#4690,#4431,#4695,.T.);
#4697=ORIENTED_EDGE('',*,*,#4696,.F.);
#4698=CARTESIAN_POINT('',(60.177133473,-12.1351,7.0862));
#4699=VERTEX_POINT('',#4698);
#4700=CARTESIAN_POINT('',(60.177133473,-12.1351,7.0862));
#4701=DIRECTION('',(0.,1.,0.));
#4702=VECTOR('',#4701,10.3);
#4703=LINE('',#4700,#4702);
#4704=EDGE_CURVE('',#4699,#4690,#4703,.T.);
#4705=ORIENTED_EDGE('',*,*,#4704,.F.);
#4706=CARTESIAN_POINT('',(60.177133473,-12.1351,6.2862));
#4707=DIRECTION('',(-1.,-0.,-0.));
#4708=DIRECTION('',(0.,0.,-1.));
#4709=AXIS2_PLACEMENT_3D('',#4706,#4707,#4708);
#4710=CIRCLE('',#4709,0.8);
#4711=EDGE_CURVE('',#4454,#4699,#4710,.T.);
#4712=ORIENTED_EDGE('',*,*,#4711,.F.);
#4713=ORIENTED_EDGE('',*,*,#4475,.F.);
#4714=CARTESIAN_POINT('',(60.177133473,-11.93514097,1.086156944));
#4715=VERTEX_POINT('',#4714);
#4716=CARTESIAN_POINT('',(60.177133473,-12.9351,1.086156944));
#4717=DIRECTION('',(0.,1.,0.));
#4718=VECTOR('',#4717,0.99995903);
#4719=LINE('',#4716,#4718);
#4720=EDGE_CURVE('',#4376,#4715,#4719,.T.);
#4721=ORIENTED_EDGE('',*,*,#4720,.T.);
#4722=CARTESIAN_POINT('',(60.177133473,-11.93514097,5.286156944));
#4723=VERTEX_POINT('',#4722);
#4724=CARTESIAN_POINT('',(60.177133473,-11.93514097,1.086156944));
#4725=DIRECTION('',(0.,0.,1.));
#4726=VECTOR('',#4725,4.2);
#4727=LINE('',#4724,#4726);
#4728=EDGE_CURVE('',#4715,#4723,#4727,.T.);
#4729=ORIENTED_EDGE('',*,*,#4728,.T.);
#4730=CARTESIAN_POINT('',(60.177133473,-11.13514097,6.086156944));
#4731=VERTEX_POINT('',#4730);
#4732=CARTESIAN_POINT('',(60.177133473,-11.13514097,5.286156944));
#4733=DIRECTION('',(-1.,-0.,-0.));
#4734=DIRECTION('',(0.,0.,-1.));
#4735=AXIS2_PLACEMENT_3D('',#4732,#4733,#4734);
#4736=CIRCLE('',#4735,0.8);
#4737=EDGE_CURVE('',#4723,#4731,#4736,.T.);
#4738=ORIENTED_EDGE('',*,*,#4737,.T.);
#4739=CARTESIAN_POINT('',(60.177133473,-2.83514097,6.086156944));
#4740=VERTEX_POINT('',#4739);
#4741=CARTESIAN_POINT('',(60.177133473,-11.13514097,6.086156944));
#4742=DIRECTION('',(0.,1.,0.));
#4743=VECTOR('',#4742,8.3);
#4744=LINE('',#4741,#4743);
#4745=EDGE_CURVE('',#4731,#4740,#4744,.T.);
#4746=ORIENTED_EDGE('',*,*,#4745,.T.);
#4747=CARTESIAN_POINT('',(60.177133473,-2.03514097,5.286156944));
#4748=VERTEX_POINT('',#4747);
#4749=CARTESIAN_POINT('',(60.177133473,-2.83514097,5.286156944));
#4750=DIRECTION('',(-1.,-0.,-0.));
#4751=DIRECTION('',(0.,0.,-1.));
#4752=AXIS2_PLACEMENT_3D('',#4749,#4750,#4751);
#4753=CIRCLE('',#4752,0.8);
#4754=EDGE_CURVE('',#4740,#4748,#4753,.T.);
#4755=ORIENTED_EDGE('',*,*,#4754,.T.);
#4756=CARTESIAN_POINT('',(60.177133473,-2.03514097,5.286156944));
#4757=DIRECTION('',(0.,0.,-1.));
#4758=VECTOR('',#4757,4.2);
#4759=LINE('',#4756,#4758);
#4760=EDGE_CURVE('',#4748,#4627,#4759,.T.);
#4761=ORIENTED_EDGE('',*,*,#4760,.T.);
#4762=ORIENTED_EDGE('',*,*,#4632,.F.);
#4763=EDGE_LOOP('',(#4688,#4697,#4705,#4712,#4713,#4721,#4729,#4738,#4746,#4755,#4761,#4762));
#4764=FACE_BOUND('',#4763,.T.);
#4765=ADVANCED_FACE('',(#4764),#4687,.T.);
#4766=CARTESIAN_POINT('',(58.4,0.,0.));
#4767=DIRECTION('',(-1.,-0.,0.));
#4768=DIRECTION('',(0.,0.,-1.));
#4769=AXIS2_PLACEMENT_3D('',#4766,#4767,#4768);
#4770=PLANE('',#4769);
#4771=CARTESIAN_POINT('',(58.4,-2.83514097,6.086156944));
#4772=VERTEX_POINT('',#4771);
#4773=CARTESIAN_POINT('',(58.4,-2.03514097,5.286156944));
#4774=VERTEX_POINT('',#4773);
#4775=CARTESIAN_POINT('',(58.4,-2.83514097,5.286156944));
#4776=DIRECTION('',(-1.,-0.,0.));
#4777=DIRECTION('',(-0.,0.,1.));
#4778=AXIS2_PLACEMENT_3D('',#4775,#4776,#4777);
#4779=CIRCLE('',#4778,0.8);
#4780=EDGE_CURVE('',#4772,#4774,#4779,.T.);
#4781=ORIENTED_EDGE('',*,*,#4780,.F.);
#4782=CARTESIAN_POINT('',(58.4,-11.13514097,6.086156944));
#4783=VERTEX_POINT('',#4782);
#4784=CARTESIAN_POINT('',(58.4,-2.83514097,6.086156944));
#4785=DIRECTION('',(0.,-1.,0.));
#4786=VECTOR('',#4785,8.3);
#4787=LINE('',#4784,#4786);
#4788=EDGE_CURVE('',#4772,#4783,#4787,.T.);
#4789=ORIENTED_EDGE('',*,*,#4788,.T.);
#4790=CARTESIAN_POINT('',(58.4,-11.93514097,5.286156944));
#4791=VERTEX_POINT('',#4790);
#4792=CARTESIAN_POINT('',(58.4,-11.13514097,5.286156944));
#4793=DIRECTION('',(-1.,-0.,0.));
#4794=DIRECTION('',(0.,-1.,0.));
#4795=AXIS2_PLACEMENT_3D('',#4792,#4793,#4794);
#4796=CIRCLE('',#4795,0.8);
#4797=EDGE_CURVE('',#4791,#4783,#4796,.T.);
#4798=ORIENTED_EDGE('',*,*,#4797,.F.);
#4799=CARTESIAN_POINT('',(58.4,-11.93514097,1.086156944));
#4800=VERTEX_POINT('',#4799);
#4801=CARTESIAN_POINT('',(58.4,-11.93514097,5.286156944));
#4802=DIRECTION('',(0.,0.,-1.));
#4803=VECTOR('',#4802,4.2);
#4804=LINE('',#4801,#4803);
#4805=EDGE_CURVE('',#4791,#4800,#4804,.T.);
#4806=ORIENTED_EDGE('',*,*,#4805,.T.);
#4807=CARTESIAN_POINT('',(58.4,-11.93514097,1.086156944));
#4808=DIRECTION('',(0.,-1.,0.));
#4809=VECTOR('',#4808,2.);
#4810=LINE('',#4807,#4809);
#4811=EDGE_CURVE('',#4800,#4495,#4810,.T.);
#4812=ORIENTED_EDGE('',*,*,#4811,.T.);
#4813=ORIENTED_EDGE('',*,*,#4500,.F.);
#4814=CARTESIAN_POINT('',(58.4,-11.63514097,8.086156944));
#4815=VERTEX_POINT('',#4814);
#4816=CARTESIAN_POINT('',(58.4,-11.63514097,5.786156944));
#4817=DIRECTION('',(-1.,-0.,0.));
#4818=DIRECTION('',(0.,-1.,0.));
#4819=AXIS2_PLACEMENT_3D('',#4816,#4817,#4818);
#4820=CIRCLE('',#4819,2.3);
#4821=EDGE_CURVE('',#4487,#4815,#4820,.T.);
#4822=ORIENTED_EDGE('',*,*,#4821,.T.);
#4823=CARTESIAN_POINT('',(58.4,-2.33514097,8.086156944));
#4824=VERTEX_POINT('',#4823);
#4825=CARTESIAN_POINT('',(58.4,-11.63514097,8.086156944));
#4826=DIRECTION('',(-0.,1.,0.));
#4827=VECTOR('',#4826,9.3);
#4828=LINE('',#4825,#4827);
#4829=EDGE_CURVE('',#4815,#4824,#4828,.T.);
#4830=ORIENTED_EDGE('',*,*,#4829,.T.);
#4831=CARTESIAN_POINT('',(58.4,-2.33514097,5.786156944));
#4832=DIRECTION('',(-1.,-0.,0.));
#4833=DIRECTION('',(-0.,0.,1.));
#4834=AXIS2_PLACEMENT_3D('',#4831,#4832,#4833);
#4835=CIRCLE('',#4834,2.3);
#4836=EDGE_CURVE('',#4824,#4528,#4835,.T.);
#4837=ORIENTED_EDGE('',*,*,#4836,.T.);
#4838=ORIENTED_EDGE('',*,*,#4533,.F.);
#4839=ORIENTED_EDGE('',*,*,#4646,.F.);
#4840=CARTESIAN_POINT('',(58.4,-2.03514097,1.086156944));
#4841=DIRECTION('',(0.,0.,1.));
#4842=VECTOR('',#4841,4.2);
#4843=LINE('',#4840,#4842);
#4844=EDGE_CURVE('',#4635,#4774,#4843,.T.);
#4845=ORIENTED_EDGE('',*,*,#4844,.T.);
#4846=EDGE_LOOP('',(#4781,#4789,#4798,#4806,#4812,#4813,#4822,#4830,#4837,#4838,#4839,#4845));
#4847=FACE_BOUND('',#4846,.T.);
#4848=ADVANCED_FACE('',(#4847),#4770,.T.);
#4849=CARTESIAN_POINT('',(39.444733473,-11.13514097,5.286156944));
#4850=DIRECTION('',(1.,0.,-0.));
#4851=DIRECTION('',(0.,0.,1.));
#4852=AXIS2_PLACEMENT_3D('',#4849,#4850,#4851);
#4853=CYLINDRICAL_SURFACE('',#4852,0.8);
#4854=ORIENTED_EDGE('',*,*,#4737,.F.);
#4855=CARTESIAN_POINT('',(58.4,-11.93514097,5.286156944));
#4856=DIRECTION('',(1.,0.,-0.));
#4857=VECTOR('',#4856,1.777133473);
#4858=LINE('',#4855,#4857);
#4859=EDGE_CURVE('',#4791,#4723,#4858,.T.);
#4860=ORIENTED_EDGE('',*,*,#4859,.F.);
#4861=ORIENTED_EDGE('',*,*,#4797,.T.);
#4862=CARTESIAN_POINT('',(58.4,-11.13514097,6.086156944));
#4863=DIRECTION('',(1.,0.,-0.));
#4864=VECTOR('',#4863,1.777133473);
#4865=LINE('',#4862,#4864);
#4866=EDGE_CURVE('',#4783,#4731,#4865,.T.);
#4867=ORIENTED_EDGE('',*,*,#4866,.T.);
#4868=EDGE_LOOP('',(#4854,#4860,#4861,#4867));
#4869=FACE_BOUND('',#4868,.T.);
#4870=ADVANCED_FACE('',(#4869),#4853,.F.);
#4871=CARTESIAN_POINT('',(58.4,-2.33514097,5.786156944));
#4872=DIRECTION('',(1.,0.,0.));
#4873=DIRECTION('',(-0.,1.,0.));
#4874=AXIS2_PLACEMENT_3D('',#4871,#4872,#4873);
#4875=CYLINDRICAL_SURFACE('',#4874,2.3);
#4876=CARTESIAN_POINT('',(58.4,-2.33514097,8.086156944));
#4877=DIRECTION('',(1.,0.,0.));
#4878=VECTOR('',#4877,5.);
#4879=LINE('',#4876,#4878);
#4880=EDGE_CURVE('',#4824,#880,#4879,.T.);
#4881=ORIENTED_EDGE('',*,*,#4880,.T.);
#4882=ORIENTED_EDGE('',*,*,#886,.T.);
#4883=ORIENTED_EDGE('',*,*,#4539,.F.);
#4884=ORIENTED_EDGE('',*,*,#4836,.F.);
#4885=EDGE_LOOP('',(#4881,#4882,#4883,#4884));
#4886=FACE_BOUND('',#4885,.T.);
#4887=ADVANCED_FACE('',(#4886),#4875,.T.);
#4888=CARTESIAN_POINT('',(58.4,-6.98514097,8.086156944));
#4889=DIRECTION('',(0.,0.,-1.));
#4890=DIRECTION('',(-1.,0.,0.));
#4891=AXIS2_PLACEMENT_3D('',#4888,#4889,#4890);
#4892=PLANE('',#4891);
#4893=CARTESIAN_POINT('',(58.4,-11.63514097,8.086156944));
#4894=DIRECTION('',(1.,0.,0.));
#4895=VECTOR('',#4894,5.);
#4896=LINE('',#4893,#4895);
#4897=EDGE_CURVE('',#4815,#889,#4896,.T.);
#4898=ORIENTED_EDGE('',*,*,#4897,.T.);
#4899=ORIENTED_EDGE('',*,*,#894,.T.);
#4900=ORIENTED_EDGE('',*,*,#4880,.F.);
#4901=ORIENTED_EDGE('',*,*,#4829,.F.);
#4902=EDGE_LOOP('',(#4898,#4899,#4900,#4901));
#4903=FACE_BOUND('',#4902,.T.);
#4904=ADVANCED_FACE('',(#4903),#4892,.F.);
#4905=CARTESIAN_POINT('',(58.4,-11.63514097,5.786156944));
#4906=DIRECTION('',(1.,0.,0.));
#4907=DIRECTION('',(-0.,1.,0.));
#4908=AXIS2_PLACEMENT_3D('',#4905,#4906,#4907);
#4909=CYLINDRICAL_SURFACE('',#4908,2.3);
#4910=ORIENTED_EDGE('',*,*,#4492,.T.);
#4911=ORIENTED_EDGE('',*,*,#903,.T.);
#4912=ORIENTED_EDGE('',*,*,#4897,.F.);
#4913=ORIENTED_EDGE('',*,*,#4821,.F.);
#4914=EDGE_LOOP('',(#4910,#4911,#4912,#4913));
#4915=FACE_BOUND('',#4914,.T.);
#4916=ADVANCED_FACE('',(#4915),#4909,.T.);
#4917=CARTESIAN_POINT('',(58.4,-12.68514097,1.086156944));
#4918=DIRECTION('',(0.,0.,1.));
#4919=DIRECTION('',(1.,0.,0.));
#4920=AXIS2_PLACEMENT_3D('',#4917,#4918,#4919);
#4921=PLANE('',#4920);
#4922=ORIENTED_EDGE('',*,*,#4381,.F.);
#4923=ORIENTED_EDGE('',*,*,#4506,.F.);
#4924=ORIENTED_EDGE('',*,*,#4811,.F.);
#4925=CARTESIAN_POINT('',(58.4,-11.93514097,1.086156944));
#4926=DIRECTION('',(1.,0.,0.));
#4927=VECTOR('',#4926,1.777133473);
#4928=LINE('',#4925,#4927);
#4929=EDGE_CURVE('',#4800,#4715,#4928,.T.);
#4930=ORIENTED_EDGE('',*,*,#4929,.T.);
#4931=ORIENTED_EDGE('',*,*,#4720,.F.);
#4932=EDGE_LOOP('',(#4922,#4923,#4924,#4930,#4931));
#4933=FACE_BOUND('',#4932,.T.);
#4934=ADVANCED_FACE('',(#4933),#4921,.F.);
#4935=CARTESIAN_POINT('',(51.177133473,-11.93514097,1.086156944));
#4936=DIRECTION('',(0.,-1.,0.));
#4937=DIRECTION('',(0.,0.,1.));
#4938=AXIS2_PLACEMENT_3D('',#4935,#4936,#4937);
#4939=PLANE('',#4938);
#4940=ORIENTED_EDGE('',*,*,#4728,.F.);
#4941=ORIENTED_EDGE('',*,*,#4929,.F.);
#4942=ORIENTED_EDGE('',*,*,#4805,.F.);
#4943=ORIENTED_EDGE('',*,*,#4859,.T.);
#4944=EDGE_LOOP('',(#4940,#4941,#4942,#4943));
#4945=FACE_BOUND('',#4944,.T.);
#4946=ADVANCED_FACE('',(#4945),#4939,.F.);
#4947=CARTESIAN_POINT('',(71.909533473,-2.83514097,5.286156944));
#4948=DIRECTION('',(-1.,0.,0.));
#4949=DIRECTION('',(0.,0.,1.));
#4950=AXIS2_PLACEMENT_3D('',#4947,#4948,#4949);
#4951=CYLINDRICAL_SURFACE('',#4950,0.8);
#4952=ORIENTED_EDGE('',*,*,#4754,.F.);
#4953=CARTESIAN_POINT('',(60.177133473,-2.83514097,6.086156944));
#4954=DIRECTION('',(-1.,0.,0.));
#4955=VECTOR('',#4954,1.777133473);
#4956=LINE('',#4953,#4955);
#4957=EDGE_CURVE('',#4740,#4772,#4956,.T.);
#4958=ORIENTED_EDGE('',*,*,#4957,.T.);
#4959=ORIENTED_EDGE('',*,*,#4780,.T.);
#4960=CARTESIAN_POINT('',(60.177133473,-2.03514097,5.286156944));
#4961=DIRECTION('',(-1.,0.,0.));
#4962=VECTOR('',#4961,1.777133473);
#4963=LINE('',#4960,#4962);
#4964=EDGE_CURVE('',#4748,#4774,#4963,.T.);
#4965=ORIENTED_EDGE('',*,*,#4964,.F.);
#4966=EDGE_LOOP('',(#4952,#4958,#4959,#4965));
#4967=FACE_BOUND('',#4966,.T.);
#4968=ADVANCED_FACE('',(#4967),#4951,.F.);
#4969=CARTESIAN_POINT('',(60.177133473,-2.03514097,1.086156944));
#4970=DIRECTION('',(0.,1.,0.));
#4971=DIRECTION('',(-1.,0.,0.));
#4972=AXIS2_PLACEMENT_3D('',#4969,#4970,#4971);
#4973=PLANE('',#4972);
#4974=ORIENTED_EDGE('',*,*,#4760,.F.);
#4975=ORIENTED_EDGE('',*,*,#4964,.T.);
#4976=ORIENTED_EDGE('',*,*,#4844,.F.);
#4977=ORIENTED_EDGE('',*,*,#4640,.T.);
#4978=EDGE_LOOP('',(#4974,#4975,#4976,#4977));
#4979=FACE_BOUND('',#4978,.T.);
#4980=ADVANCED_FACE('',(#4979),#4973,.F.);
#4981=CARTESIAN_POINT('',(55.677133473,-6.98514097,6.086156944));
#4982=DIRECTION('',(0.,0.,1.));
#4983=DIRECTION('',(0.,1.,0.));
#4984=AXIS2_PLACEMENT_3D('',#4981,#4982,#4983);
#4985=PLANE('',#4984);
#4986=ORIENTED_EDGE('',*,*,#4745,.F.);
#4987=ORIENTED_EDGE('',*,*,#4866,.F.);
#4988=ORIENTED_EDGE('',*,*,#4788,.F.);
#4989=ORIENTED_EDGE('',*,*,#4957,.F.);
#4990=EDGE_LOOP('',(#4986,#4987,#4988,#4989));
#4991=FACE_BOUND('',#4990,.T.);
#4992=ADVANCED_FACE('',(#4991),#4985,.F.);
#4993=CARTESIAN_POINT('',(63.5,-21.35,21.5));
#4994=DIRECTION('',(-1.,0.,0.));
#4995=DIRECTION('',(0.,0.,1.));
#4996=AXIS2_PLACEMENT_3D('',#4993,#4994,#4995);
#4997=PLANE('',#4996);
#4998=ORIENTED_EDGE('',*,*,#1743,.F.);
#4999=CARTESIAN_POINT('',(63.5,-43.8,20.));
#5000=DIRECTION('',(-0.,-0.,1.));
#5001=VECTOR('',#5000,1.5);
#5002=LINE('',#4999,#5001);
#5003=EDGE_CURVE('',#1729,#1936,#5002,.T.);
#5004=ORIENTED_EDGE('',*,*,#5003,.T.);
#5005=ORIENTED_EDGE('',*,*,#1941,.T.);
#5006=CARTESIAN_POINT('',(63.5,1.1,21.5));
#5007=DIRECTION('',(0.,0.,-1.));
#5008=VECTOR('',#5007,1.5);
#5009=LINE('',#5006,#5008);
#5010=EDGE_CURVE('',#1927,#1738,#5009,.T.);
#5011=ORIENTED_EDGE('',*,*,#5010,.T.);
#5012=EDGE_LOOP('',(#4998,#5004,#5005,#5011));
#5013=FACE_BOUND('',#5012,.T.);
#5014=ADVANCED_FACE('',(#5013),#4997,.T.);
#5015=CARTESIAN_POINT('',(61.5,-43.8,21.5));
#5016=DIRECTION('',(0.,0.,1.));
#5017=DIRECTION('',(1.,0.,-0.));
#5018=AXIS2_PLACEMENT_3D('',#5015,#5016,#5017);
#5019=CYLINDRICAL_SURFACE('',#5018,2.);
#5020=ORIENTED_EDGE('',*,*,#1735,.F.);
#5021=ORIENTED_EDGE('',*,*,#2197,.F.);
#5022=ORIENTED_EDGE('',*,*,#1950,.F.);
#5023=ORIENTED_EDGE('',*,*,#5003,.F.);
#5024=EDGE_LOOP('',(#5020,#5021,#5022,#5023));
#5025=FACE_BOUND('',#5024,.T.);
#5026=ADVANCED_FACE('',(#5025),#5019,.F.);
#5027=CARTESIAN_POINT('',(61.5,1.1,21.5));
#5028=DIRECTION('',(0.,0.,1.));
#5029=DIRECTION('',(1.,0.,-0.));
#5030=AXIS2_PLACEMENT_3D('',#5027,#5028,#5029);
#5031=CYLINDRICAL_SURFACE('',#5030,2.);
#5032=ORIENTED_EDGE('',*,*,#1933,.F.);
#5033=ORIENTED_EDGE('',*,*,#1518,.F.);
#5034=ORIENTED_EDGE('',*,*,#1750,.F.);
#5035=ORIENTED_EDGE('',*,*,#5010,.F.);
#5036=EDGE_LOOP('',(#5032,#5033,#5034,#5035));
#5037=FACE_BOUND('',#5036,.T.);
#5038=ADVANCED_FACE('',(#5037),#5031,.F.);
#5039=CARTESIAN_POINT('',(55.677133473,-6.98514097,7.0862));
#5040=DIRECTION('',(0.,0.,1.));
#5041=DIRECTION('',(0.,1.,0.));
#5042=AXIS2_PLACEMENT_3D('',#5039,#5040,#5041);
#5043=PLANE('',#5042);
#5044=CARTESIAN_POINT('',(64.4,-1.8351,7.0862));
#5045=VERTEX_POINT('',#5044);
#5046=CARTESIAN_POINT('',(64.4,-1.8351,7.0862));
#5047=DIRECTION('',(-1.,0.,0.));
#5048=VECTOR('',#5047,4.222866527);
#5049=LINE('',#5046,#5048);
#5050=EDGE_CURVE('',#5045,#4690,#5049,.T.);
#5051=ORIENTED_EDGE('',*,*,#5050,.F.);
#5052=CARTESIAN_POINT('',(64.4,-12.1351,7.0862));
#5053=VERTEX_POINT('',#5052);
#5054=CARTESIAN_POINT('',(64.4,-1.8351,7.0862));
#5055=DIRECTION('',(0.,-1.,0.));
#5056=VECTOR('',#5055,10.3);
#5057=LINE('',#5054,#5056);
#5058=EDGE_CURVE('',#5045,#5053,#5057,.T.);
#5059=ORIENTED_EDGE('',*,*,#5058,.T.);
#5060=CARTESIAN_POINT('',(60.177133473,-12.1351,7.0862));
#5061=DIRECTION('',(1.,0.,-0.));
#5062=VECTOR('',#5061,4.222866527);
#5063=LINE('',#5060,#5062);
#5064=EDGE_CURVE('',#4699,#5053,#5063,.T.);
#5065=ORIENTED_EDGE('',*,*,#5064,.F.);
#5066=ORIENTED_EDGE('',*,*,#4704,.T.);
#5067=EDGE_LOOP('',(#5051,#5059,#5065,#5066));
#5068=FACE_BOUND('',#5067,.T.);
#5069=ADVANCED_FACE('',(#5068),#5043,.F.);
#5070=CARTESIAN_POINT('',(71.909533473,-1.8351,6.2862));
#5071=DIRECTION('',(-1.,0.,0.));
#5072=DIRECTION('',(0.,0.,1.));
#5073=AXIS2_PLACEMENT_3D('',#5070,#5071,#5072);
#5074=CYLINDRICAL_SURFACE('',#5073,0.8);
#5075=ORIENTED_EDGE('',*,*,#4436,.F.);
#5076=CARTESIAN_POINT('',(64.4,-1.8351,6.2862));
#5077=DIRECTION('',(1.,-0.,-0.));
#5078=DIRECTION('',(0.,0.,1.));
#5079=AXIS2_PLACEMENT_3D('',#5076,#5077,#5078);
#5080=CIRCLE('',#5079,0.8);
#5081=EDGE_CURVE('',#4423,#5045,#5080,.T.);
#5082=ORIENTED_EDGE('',*,*,#5081,.T.);
#5083=ORIENTED_EDGE('',*,*,#5050,.T.);
#5084=ORIENTED_EDGE('',*,*,#4696,.T.);
#5085=EDGE_LOOP('',(#5075,#5082,#5083,#5084));
#5086=FACE_BOUND('',#5085,.T.);
#5087=ADVANCED_FACE('',(#5086),#5074,.F.);
#5088=CARTESIAN_POINT('',(39.444733473,-12.1351,6.2862));
#5089=DIRECTION('',(1.,0.,-0.));
#5090=DIRECTION('',(0.,0.,1.));
#5091=AXIS2_PLACEMENT_3D('',#5088,#5089,#5090);
#5092=CYLINDRICAL_SURFACE('',#5091,0.8);
#5093=ORIENTED_EDGE('',*,*,#5064,.T.);
#5094=CARTESIAN_POINT('',(64.4,-12.1351,6.2862));
#5095=DIRECTION('',(1.,-0.,-0.));
#5096=DIRECTION('',(0.,0.,1.));
#5097=AXIS2_PLACEMENT_3D('',#5094,#5095,#5096);
#5098=CIRCLE('',#5097,0.8);
#5099=EDGE_CURVE('',#5053,#4456,#5098,.T.);
#5100=ORIENTED_EDGE('',*,*,#5099,.T.);
#5101=ORIENTED_EDGE('',*,*,#4461,.F.);
#5102=ORIENTED_EDGE('',*,*,#4711,.T.);
#5103=EDGE_LOOP('',(#5093,#5100,#5101,#5102));
#5104=FACE_BOUND('',#5103,.T.);
#5105=ADVANCED_FACE('',(#5104),#5092,.F.);
#5106=CARTESIAN_POINT('',(55.4,14.,0.));
#5107=DIRECTION('',(-1.,-0.,0.));
#5108=DIRECTION('',(-0.,1.,0.));
#5109=AXIS2_PLACEMENT_3D('',#5106,#5107,#5108);
#5110=PLANE('',#5109);
#5111=ORIENTED_EDGE('',*,*,#4678,.F.);
#5112=CARTESIAN_POINT('',(55.4,-28.5,3.));
#5113=VERTEX_POINT('',#5112);
#5114=CARTESIAN_POINT('',(55.4,-28.5,3.));
#5115=DIRECTION('',(0.,0.,-1.));
#5116=VECTOR('',#5115,1.913843028);
#5117=LINE('',#5114,#5116);
#5118=EDGE_CURVE('',#5113,#4667,#5117,.T.);
#5119=ORIENTED_EDGE('',*,*,#5118,.F.);
#5120=CARTESIAN_POINT('',(55.4,-28.5,3.));
#5121=DIRECTION('',(-0.,1.,0.));
#5122=VECTOR('',#5121,5.);
#5123=LINE('',#5120,#5122);
#5124=EDGE_CURVE('',#5113,#1459,#5123,.T.);
#5125=ORIENTED_EDGE('',*,*,#5124,.T.);
#5126=ORIENTED_EDGE('',*,*,#1464,.T.);
#5127=EDGE_LOOP('',(#5111,#5119,#5125,#5126));
#5128=FACE_BOUND('',#5127,.T.);
#5129=ADVANCED_FACE('',(#5128),#5110,.T.);
#5130=CARTESIAN_POINT('',(57.2,-26.25,3.));
#5131=DIRECTION('',(0.,0.,-1.));
#5132=DIRECTION('',(-1.,0.,0.));
#5133=AXIS2_PLACEMENT_3D('',#5130,#5131,#5132);
#5134=PLANE('',#5133);
#5135=CARTESIAN_POINT('',(55.571572875,-28.5,3.));
#5136=VERTEX_POINT('',#5135);
#5137=CARTESIAN_POINT('',(55.4,-28.5,3.));
#5138=DIRECTION('',(1.,0.,0.));
#5139=VECTOR('',#5138,0.171572875);
#5140=LINE('',#5137,#5139);
#5141=EDGE_CURVE('',#5113,#5136,#5140,.T.);
#5142=ORIENTED_EDGE('',*,*,#5141,.T.);
#5143=CARTESIAN_POINT('',(55.571572875,-28.5,3.));
#5144=DIRECTION('',(-0.,1.,-0.));
#5145=VECTOR('',#5144,5.);
#5146=LINE('',#5143,#5145);
#5147=EDGE_CURVE('',#5136,#1467,#5146,.T.);
#5148=ORIENTED_EDGE('',*,*,#5147,.T.);
#5149=ORIENTED_EDGE('',*,*,#1472,.F.);
#5150=ORIENTED_EDGE('',*,*,#5124,.F.);
#5151=EDGE_LOOP('',(#5142,#5148,#5149,#5150));
#5152=FACE_BOUND('',#5151,.T.);
#5153=ADVANCED_FACE('',(#5152),#5134,.F.);
#5154=CARTESIAN_POINT('',(57.2,-28.5,2.043078486));
#5155=DIRECTION('',(0.,-1.,0.));
#5156=DIRECTION('',(1.,0.,0.));
#5157=AXIS2_PLACEMENT_3D('',#5154,#5155,#5156);
#5158=PLANE('',#5157);
#5159=ORIENTED_EDGE('',*,*,#929,.T.);
#5160=CARTESIAN_POINT('',(63.4,-28.5,10.828427125));
#5161=DIRECTION('',(-0.707106781,-0.,-0.707106781));
#5162=VECTOR('',#5161,11.071067812);
#5163=LINE('',#5160,#5162);
#5164=EDGE_CURVE('',#924,#5136,#5163,.T.);
#5165=ORIENTED_EDGE('',*,*,#5164,.T.);
#5166=ORIENTED_EDGE('',*,*,#5141,.F.);
#5167=ORIENTED_EDGE('',*,*,#5118,.T.);
#5168=ORIENTED_EDGE('',*,*,#4672,.T.);
#5169=CARTESIAN_POINT('',(58.6,-28.5,0.086154543));
#5170=VERTEX_POINT('',#5169);
#5171=CARTESIAN_POINT('',(58.6,-28.5,0.086154543));
#5172=DIRECTION('',(0.,0.,1.));
#5173=VECTOR('',#5172,1.);
#5174=LINE('',#5171,#5173);
#5175=EDGE_CURVE('',#5170,#4659,#5174,.T.);
#5176=ORIENTED_EDGE('',*,*,#5175,.F.);
#5177=CARTESIAN_POINT('',(58.6,-28.5,0.086154543));
#5178=DIRECTION('',(1.,0.,0.));
#5179=VECTOR('',#5178,4.8);
#5180=LINE('',#5177,#5179);
#5181=EDGE_CURVE('',#5170,#922,#5180,.T.);
#5182=ORIENTED_EDGE('',*,*,#5181,.T.);
#5183=EDGE_LOOP('',(#5159,#5165,#5166,#5167,#5168,#5176,#5182));
#5184=FACE_BOUND('',#5183,.T.);
#5185=ADVANCED_FACE('',(#5184),#5158,.T.);
#5186=CARTESIAN_POINT('',(61.985786438,5.,9.414213562));
#5187=DIRECTION('',(-0.707106781,-0.,0.707106781));
#5188=DIRECTION('',(-0.,1.,0.));
#5189=AXIS2_PLACEMENT_3D('',#5186,#5187,#5188);
#5190=PLANE('',#5189);
#5191=CARTESIAN_POINT('',(59.5,-18.,6.928427125));
#5192=VERTEX_POINT('',#5191);
#5193=CARTESIAN_POINT('',(60.9,-18.,8.328427125));
#5194=DIRECTION('',(0.707106781,0.,-0.707106781));
#5195=DIRECTION('',(-0.707106781,-0.,-0.707106781));
#5196=AXIS2_PLACEMENT_3D('',#5193,#5194,#5195);
#5197=ELLIPSE('',#5196,1.979898987,1.4);
#5198=EDGE_CURVE('',#5192,#5192,#5197,.T.);
#5199=ORIENTED_EDGE('',*,*,#5198,.T.);
#5200=EDGE_LOOP('',(#5199));
#5201=FACE_BOUND('',#5200,.T.);
#5202=ORIENTED_EDGE('',*,*,#1478,.F.);
#5203=ORIENTED_EDGE('',*,*,#5147,.F.);
#5204=ORIENTED_EDGE('',*,*,#5164,.F.);
#5205=ORIENTED_EDGE('',*,*,#951,.F.);
#5206=CARTESIAN_POINT('',(58.6,-15.5,6.028427125));
#5207=VERTEX_POINT('',#5206);
#5208=CARTESIAN_POINT('',(58.6,-15.5,6.028427125));
#5209=DIRECTION('',(0.707106781,0.,0.707106781));
#5210=VECTOR('',#5209,6.788225099);
#5211=LINE('',#5208,#5210);
#5212=EDGE_CURVE('',#5207,#940,#5211,.T.);
#5213=ORIENTED_EDGE('',*,*,#5212,.F.);
#5214=CARTESIAN_POINT('',(58.6,-15.5,6.028427125));
#5215=DIRECTION('',(0.,-1.,-0.));
#5216=VECTOR('',#5215,8.);
#5217=LINE('',#5214,#5216);
#5218=EDGE_CURVE('',#5207,#1443,#5217,.T.);
#5219=ORIENTED_EDGE('',*,*,#5218,.T.);
#5220=EDGE_LOOP('',(#5202,#5203,#5204,#5205,#5213,#5219));
#5221=FACE_BOUND('',#5220,.T.);
#5222=ADVANCED_FACE('',(#5201,#5221),#5190,.T.);
#5223=CARTESIAN_POINT('',(56.3857,-43.2,12.99));
#5224=DIRECTION('',(0.,-1.,0.));
#5225=DIRECTION('',(0.,0.,-1.));
#5226=AXIS2_PLACEMENT_3D('',#5223,#5224,#5225);
#5227=CYLINDRICAL_SURFACE('',#5226,5.25);
#5228=ORIENTED_EDGE('',*,*,#1177,.T.);
#5229=CARTESIAN_POINT('',(61.6357,-42.7,12.99));
#5230=DIRECTION('',(-0.,-1.,-0.));
#5231=VECTOR('',#5230,3.);
#5232=LINE('',#5229,#5231);
#5233=EDGE_CURVE('',#2286,#1163,#5232,.T.);
#5234=ORIENTED_EDGE('',*,*,#5233,.F.);
#5235=ORIENTED_EDGE('',*,*,#2292,.F.);
#5236=ORIENTED_EDGE('',*,*,#1840,.T.);
#5237=EDGE_LOOP('',(#5228,#5234,#5235,#5236));
#5238=FACE_BOUND('',#5237,.T.);
#5239=ADVANCED_FACE('',(#5238),#5227,.T.);
#5240=CARTESIAN_POINT('',(61.6357,-43.2,12.56));
#5241=DIRECTION('',(1.,0.,0.));
#5242=DIRECTION('',(0.,0.,-1.));
#5243=AXIS2_PLACEMENT_3D('',#5240,#5241,#5242);
#5244=PLANE('',#5243);
#5245=ORIENTED_EDGE('',*,*,#1168,.F.);
#5246=ORIENTED_EDGE('',*,*,#2381,.F.);
#5247=ORIENTED_EDGE('',*,*,#2300,.T.);
#5248=ORIENTED_EDGE('',*,*,#5233,.T.);
#5249=EDGE_LOOP('',(#5245,#5246,#5247,#5248));
#5250=FACE_BOUND('',#5249,.T.);
#5251=ADVANCED_FACE('',(#5250),#5244,.T.);
#5252=CARTESIAN_POINT('',(48.,0.2,13.5));
#5253=DIRECTION('',(0.,1.,0.));
#5254=DIRECTION('',(-1.,0.,0.));
#5255=AXIS2_PLACEMENT_3D('',#5252,#5253,#5254);
#5256=PLANE('',#5255);
#5257=ORIENTED_EDGE('',*,*,#1812,.T.);
#5258=ORIENTED_EDGE('',*,*,#498,.F.);
#5259=CARTESIAN_POINT('',(51.,0.2,13.5));
#5260=DIRECTION('',(-1.,0.,0.));
#5261=VECTOR('',#5260,6.);
#5262=LINE('',#5259,#5261);
#5263=EDGE_CURVE('',#447,#487,#5262,.T.);
#5264=ORIENTED_EDGE('',*,*,#5263,.F.);
#5265=ORIENTED_EDGE('',*,*,#452,.T.);
#5266=EDGE_LOOP('',(#5257,#5258,#5264,#5265));
#5267=FACE_BOUND('',#5266,.T.);
#5268=ADVANCED_FACE('',(#5267),#5256,.F.);
#5269=CARTESIAN_POINT('',(0.,0.,13.5));
#5270=DIRECTION('',(0.,0.,-1.));
#5271=DIRECTION('',(0.,1.,0.));
#5272=AXIS2_PLACEMENT_3D('',#5269,#5270,#5271);
#5273=PLANE('',#5272);
#5274=CARTESIAN_POINT('',(51.025,4.,13.5));
#5275=VERTEX_POINT('',#5274);
#5276=CARTESIAN_POINT('',(48.,4.,13.5));
#5277=DIRECTION('',(0.,0.,-1.));
#5278=DIRECTION('',(-1.,0.,0.));
#5279=AXIS2_PLACEMENT_3D('',#5276,#5277,#5278);
#5280=CIRCLE('',#5279,3.025);
#5281=EDGE_CURVE('',#287,#5275,#5280,.T.);
#5282=ORIENTED_EDGE('',*,*,#5281,.T.);
#5283=CARTESIAN_POINT('',(48.,4.,13.5));
#5284=DIRECTION('',(0.,0.,-1.));
#5285=DIRECTION('',(-1.,0.,0.));
#5286=AXIS2_PLACEMENT_3D('',#5283,#5284,#5285);
#5287=CIRCLE('',#5286,3.025);
#5288=EDGE_CURVE('',#5275,#431,#5287,.T.);
#5289=ORIENTED_EDGE('',*,*,#5288,.T.);
#5290=ORIENTED_EDGE('',*,*,#458,.T.);
#5291=ORIENTED_EDGE('',*,*,#5263,.T.);
#5292=ORIENTED_EDGE('',*,*,#492,.F.);
#5293=CARTESIAN_POINT('',(48.,4.,13.5));
#5294=DIRECTION('',(0.,0.,-1.));
#5295=DIRECTION('',(-1.,0.,0.));
#5296=AXIS2_PLACEMENT_3D('',#5293,#5294,#5295);
#5297=CIRCLE('',#5296,3.025);
#5298=EDGE_CURVE('',#479,#295,#5297,.T.);
#5299=ORIENTED_EDGE('',*,*,#5298,.T.);
#5300=ORIENTED_EDGE('',*,*,#300,.T.);
#5301=EDGE_LOOP('',(#5282,#5289,#5290,#5291,#5292,#5299,#5300));
#5302=FACE_BOUND('',#5301,.T.);
#5303=CARTESIAN_POINT('',(49.4,4.,13.5));
#5304=VERTEX_POINT('',#5303);
#5305=CARTESIAN_POINT('',(48.,5.4,13.5));
#5306=VERTEX_POINT('',#5305);
#5307=CARTESIAN_POINT('',(48.,4.,13.5));
#5308=DIRECTION('',(0.,0.,-1.));
#5309=DIRECTION('',(0.,1.,0.));
#5310=AXIS2_PLACEMENT_3D('',#5307,#5308,#5309);
#5311=CIRCLE('',#5310,1.4);
#5312=EDGE_CURVE('',#5304,#5306,#5311,.T.);
#5313=ORIENTED_EDGE('',*,*,#5312,.F.);
#5314=CARTESIAN_POINT('',(48.,4.,13.5));
#5315=DIRECTION('',(0.,0.,-1.));
#5316=DIRECTION('',(0.,1.,0.));
#5317=AXIS2_PLACEMENT_3D('',#5314,#5315,#5316);
#5318=CIRCLE('',#5317,1.4);
#5319=EDGE_CURVE('',#5306,#5304,#5318,.T.);
#5320=ORIENTED_EDGE('',*,*,#5319,.F.);
#5321=EDGE_LOOP('',(#5313,#5320));
#5322=FACE_BOUND('',#5321,.T.);
#5323=ADVANCED_FACE('',(#5302,#5322),#5273,.T.);
#5324=CARTESIAN_POINT('',(8.,0.2,13.5));
#5325=DIRECTION('',(0.,-1.,0.));
#5326=DIRECTION('',(0.,0.,-1.));
#5327=AXIS2_PLACEMENT_3D('',#5324,#5325,#5326);
#5328=PLANE('',#5327);
#5329=ORIENTED_EDGE('',*,*,#1871,.F.);
#5330=ORIENTED_EDGE('',*,*,#418,.F.);
#5331=CARTESIAN_POINT('',(5.,0.2,13.5));
#5332=DIRECTION('',(1.,0.,-0.));
#5333=VECTOR('',#5332,6.);
#5334=LINE('',#5331,#5333);
#5335=EDGE_CURVE('',#407,#367,#5334,.T.);
#5336=ORIENTED_EDGE('',*,*,#5335,.T.);
#5337=ORIENTED_EDGE('',*,*,#372,.T.);
#5338=EDGE_LOOP('',(#5329,#5330,#5336,#5337));
#5339=FACE_BOUND('',#5338,.T.);
#5340=ADVANCED_FACE('',(#5339),#5328,.T.);
#5341=CARTESIAN_POINT('',(0.,0.,13.5));
#5342=DIRECTION('',(0.,0.,-1.));
#5343=DIRECTION('',(0.,1.,0.));
#5344=AXIS2_PLACEMENT_3D('',#5341,#5342,#5343);
#5345=PLANE('',#5344);
#5346=CARTESIAN_POINT('',(11.025,4.,13.5));
#5347=VERTEX_POINT('',#5346);
#5348=CARTESIAN_POINT('',(8.,4.,13.5));
#5349=DIRECTION('',(0.,0.,-1.));
#5350=DIRECTION('',(-1.,0.,0.));
#5351=AXIS2_PLACEMENT_3D('',#5348,#5349,#5350);
#5352=CIRCLE('',#5351,3.025);
#5353=EDGE_CURVE('',#143,#5347,#5352,.T.);
#5354=ORIENTED_EDGE('',*,*,#5353,.T.);
#5355=CARTESIAN_POINT('',(8.,4.,13.5));
#5356=DIRECTION('',(0.,0.,-1.));
#5357=DIRECTION('',(-1.,0.,0.));
#5358=AXIS2_PLACEMENT_3D('',#5355,#5356,#5357);
#5359=CIRCLE('',#5358,3.025);
#5360=EDGE_CURVE('',#5347,#351,#5359,.T.);
#5361=ORIENTED_EDGE('',*,*,#5360,.T.);
#5362=ORIENTED_EDGE('',*,*,#378,.T.);
#5363=ORIENTED_EDGE('',*,*,#5335,.F.);
#5364=ORIENTED_EDGE('',*,*,#412,.F.);
#5365=CARTESIAN_POINT('',(8.,4.,13.5));
#5366=DIRECTION('',(0.,0.,-1.));
#5367=DIRECTION('',(-1.,0.,0.));
#5368=AXIS2_PLACEMENT_3D('',#5365,#5366,#5367);
#5369=CIRCLE('',#5368,3.025);
#5370=EDGE_CURVE('',#399,#151,#5369,.T.);
#5371=ORIENTED_EDGE('',*,*,#5370,.T.);
#5372=ORIENTED_EDGE('',*,*,#156,.T.);
#5373=EDGE_LOOP('',(#5354,#5361,#5362,#5363,#5364,#5371,#5372));
#5374=FACE_BOUND('',#5373,.T.);
#5375=CARTESIAN_POINT('',(9.4,4.,13.5));
#5376=VERTEX_POINT('',#5375);
#5377=CARTESIAN_POINT('',(8.,5.4,13.5));
#5378=VERTEX_POINT('',#5377);
#5379=CARTESIAN_POINT('',(8.,4.,13.5));
#5380=DIRECTION('',(0.,0.,-1.));
#5381=DIRECTION('',(0.,1.,0.));
#5382=AXIS2_PLACEMENT_3D('',#5379,#5380,#5381);
#5383=CIRCLE('',#5382,1.4);
#5384=EDGE_CURVE('',#5376,#5378,#5383,.T.);
#5385=ORIENTED_EDGE('',*,*,#5384,.F.);
#5386=CARTESIAN_POINT('',(8.,4.,13.5));
#5387=DIRECTION('',(0.,0.,-1.));
#5388=DIRECTION('',(0.,1.,0.));
#5389=AXIS2_PLACEMENT_3D('',#5386,#5387,#5388);
#5390=CIRCLE('',#5389,1.4);
#5391=EDGE_CURVE('',#5378,#5376,#5390,.T.);
#5392=ORIENTED_EDGE('',*,*,#5391,.F.);
#5393=EDGE_LOOP('',(#5385,#5392));
#5394=FACE_BOUND('',#5393,.T.);
#5395=ADVANCED_FACE('',(#5374,#5394),#5345,.T.);
#5396=CARTESIAN_POINT('',(58.6,-15.5,3.451000456));
#5397=DIRECTION('',(1.,0.,0.));
#5398=DIRECTION('',(-0.,1.,0.));
#5399=AXIS2_PLACEMENT_3D('',#5396,#5397,#5398);
#5400=PLANE('',#5399);
#5401=ORIENTED_EDGE('',*,*,#1448,.T.);
#5402=ORIENTED_EDGE('',*,*,#5218,.F.);
#5403=CARTESIAN_POINT('',(58.6,-15.5,0.086154543));
#5404=VERTEX_POINT('',#5403);
#5405=CARTESIAN_POINT('',(58.6,-15.5,0.086154543));
#5406=DIRECTION('',(0.,0.,1.));
#5407=VECTOR('',#5406,5.942272581);
#5408=LINE('',#5405,#5407);
#5409=EDGE_CURVE('',#5404,#5207,#5408,.T.);
#5410=ORIENTED_EDGE('',*,*,#5409,.F.);
#5411=CARTESIAN_POINT('',(58.6,-15.5,0.086154543));
#5412=DIRECTION('',(0.,-1.,0.));
#5413=VECTOR('',#5412,13.);
#5414=LINE('',#5411,#5413);
#5415=EDGE_CURVE('',#5404,#5170,#5414,.T.);
#5416=ORIENTED_EDGE('',*,*,#5415,.T.);
#5417=ORIENTED_EDGE('',*,*,#5175,.T.);
#5418=ORIENTED_EDGE('',*,*,#4664,.F.);
#5419=EDGE_LOOP('',(#5401,#5402,#5410,#5416,#5417,#5418));
#5420=FACE_BOUND('',#5419,.T.);
#5421=ADVANCED_FACE('',(#5420),#5400,.F.);
#5422=CARTESIAN_POINT('',(0.,-15.5,0.));
#5423=DIRECTION('',(-0.,1.,0.));
#5424=DIRECTION('',(1.,0.,0.));
#5425=AXIS2_PLACEMENT_3D('',#5422,#5423,#5424);
#5426=PLANE('',#5425);
#5427=ORIENTED_EDGE('',*,*,#5409,.T.);
#5428=ORIENTED_EDGE('',*,*,#5212,.T.);
#5429=ORIENTED_EDGE('',*,*,#945,.T.);
#5430=CARTESIAN_POINT('',(58.6,-15.5,0.086154543));
#5431=DIRECTION('',(1.,0.,0.));
#5432=VECTOR('',#5431,4.8);
#5433=LINE('',#5430,#5432);
#5434=EDGE_CURVE('',#5404,#932,#5433,.T.);
#5435=ORIENTED_EDGE('',*,*,#5434,.F.);
#5436=EDGE_LOOP('',(#5427,#5428,#5429,#5435));
#5437=FACE_BOUND('',#5436,.T.);
#5438=ADVANCED_FACE('',(#5437),#5426,.T.);
#5439=CARTESIAN_POINT('',(60.9,-18.,13.086154543));
#5440=DIRECTION('',(0.,0.,-1.));
#5441=DIRECTION('',(-1.,0.,0.));
#5442=AXIS2_PLACEMENT_3D('',#5439,#5440,#5441);
#5443=CYLINDRICAL_SURFACE('',#5442,1.4);
#5444=CARTESIAN_POINT('',(59.5,-18.,0.086154543));
#5445=VERTEX_POINT('',#5444);
#5446=CARTESIAN_POINT('',(59.5,-18.,0.086154543));
#5447=DIRECTION('',(-0.,-0.,1.));
#5448=VECTOR('',#5447,6.842272581);
#5449=LINE('',#5446,#5448);
#5450=EDGE_CURVE('',#5445,#5192,#5449,.T.);
#5451=ORIENTED_EDGE('',*,*,#5450,.F.);
#5452=CARTESIAN_POINT('',(60.9,-18.,0.086154543));
#5453=DIRECTION('',(0.,0.,-1.));
#5454=DIRECTION('',(-1.,0.,0.));
#5455=AXIS2_PLACEMENT_3D('',#5452,#5453,#5454);
#5456=CIRCLE('',#5455,1.4);
#5457=EDGE_CURVE('',#5445,#5445,#5456,.T.);
#5458=ORIENTED_EDGE('',*,*,#5457,.T.);
#5459=ORIENTED_EDGE('',*,*,#5450,.T.);
#5460=ORIENTED_EDGE('',*,*,#5198,.F.);
#5461=EDGE_LOOP('',(#5451,#5458,#5459,#5460));
#5462=FACE_BOUND('',#5461,.T.);
#5463=ADVANCED_FACE('',(#5462),#5443,.F.);
#5464=CARTESIAN_POINT('',(0.,0.,0.086154543));
#5465=DIRECTION('',(0.,0.,-1.));
#5466=DIRECTION('',(-1.,0.,0.));
#5467=AXIS2_PLACEMENT_3D('',#5464,#5465,#5466);
#5468=PLANE('',#5467);
#5469=ORIENTED_EDGE('',*,*,#5415,.F.);
#5470=ORIENTED_EDGE('',*,*,#5434,.T.);
#5471=ORIENTED_EDGE('',*,*,#937,.F.);
#5472=ORIENTED_EDGE('',*,*,#5181,.F.);
#5473=EDGE_LOOP('',(#5469,#5470,#5471,#5472));
#5474=FACE_BOUND('',#5473,.T.);
#5475=ORIENTED_EDGE('',*,*,#5457,.F.);
#5476=EDGE_LOOP('',(#5475));
#5477=FACE_BOUND('',#5476,.T.);
#5478=ADVANCED_FACE('',(#5474,#5477),#5468,.T.);
#5479=CARTESIAN_POINT('',(-0.,6.,5.5));
#5480=DIRECTION('',(0.,0.,-1.));
#5481=DIRECTION('',(-1.,0.,0.));
#5482=AXIS2_PLACEMENT_3D('',#5479,#5480,#5481);
#5483=CYLINDRICAL_SURFACE('',#5482,2.5);
#5484=ORIENTED_EDGE('',*,*,#560,.F.);
#5485=CARTESIAN_POINT('',(2.5,6.,5.5));
#5486=VERTEX_POINT('',#5485);
#5487=CARTESIAN_POINT('',(2.5,6.,-2.5));
#5488=DIRECTION('',(-0.,-0.,1.));
#5489=VECTOR('',#5488,8.);
#5490=LINE('',#5487,#5489);
#5491=EDGE_CURVE('',#545,#5486,#5490,.T.);
#5492=ORIENTED_EDGE('',*,*,#5491,.T.);
#5493=CARTESIAN_POINT('',(-0.,3.5,5.5));
#5494=VERTEX_POINT('',#5493);
#5495=CARTESIAN_POINT('',(-0.,6.,5.5));
#5496=DIRECTION('',(0.,0.,-1.));
#5497=DIRECTION('',(-0.,1.,0.));
#5498=AXIS2_PLACEMENT_3D('',#5495,#5496,#5497);
#5499=CIRCLE('',#5498,2.5);
#5500=EDGE_CURVE('',#5486,#5494,#5499,.T.);
#5501=ORIENTED_EDGE('',*,*,#5500,.T.);
#5502=CARTESIAN_POINT('',(-0.,3.5,5.5));
#5503=DIRECTION('',(0.,0.,-1.));
#5504=VECTOR('',#5503,8.);
#5505=LINE('',#5502,#5504);
#5506=EDGE_CURVE('',#5494,#554,#5505,.T.);
#5507=ORIENTED_EDGE('',*,*,#5506,.T.);
#5508=EDGE_LOOP('',(#5484,#5492,#5501,#5507));
#5509=FACE_BOUND('',#5508,.T.);
#5510=ADVANCED_FACE('',(#5509),#5483,.T.);
#5511=CARTESIAN_POINT('',(-0.,6.,5.5));
#5512=DIRECTION('',(0.,0.,-1.));
#5513=DIRECTION('',(-1.,0.,0.));
#5514=AXIS2_PLACEMENT_3D('',#5511,#5512,#5513);
#5515=CYLINDRICAL_SURFACE('',#5514,1.4);
#5516=CARTESIAN_POINT('',(-1.4,6.,5.5));
#5517=VERTEX_POINT('',#5516);
#5518=CARTESIAN_POINT('',(-1.4,6.,-2.5));
#5519=DIRECTION('',(-0.,-0.,1.));
#5520=VECTOR('',#5519,8.);
#5521=LINE('',#5518,#5520);
#5522=EDGE_CURVE('',#746,#5517,#5521,.T.);
#5523=ORIENTED_EDGE('',*,*,#5522,.F.);
#5524=ORIENTED_EDGE('',*,*,#752,.T.);
#5525=ORIENTED_EDGE('',*,*,#1420,.F.);
#5526=CARTESIAN_POINT('',(-0.,6.,5.5));
#5527=DIRECTION('',(0.,0.,-1.));
#5528=DIRECTION('',(-0.,1.,0.));
#5529=AXIS2_PLACEMENT_3D('',#5526,#5527,#5528);
#5530=CIRCLE('',#5529,1.4);
#5531=EDGE_CURVE('',#5517,#1409,#5530,.T.);
#5532=ORIENTED_EDGE('',*,*,#5531,.F.);
#5533=EDGE_LOOP('',(#5523,#5524,#5525,#5532));
#5534=FACE_BOUND('',#5533,.T.);
#5535=ADVANCED_FACE('',(#5534),#5515,.F.);
#5536=CARTESIAN_POINT('',(0.,0.,5.5));
#5537=DIRECTION('',(0.,0.,-1.));
#5538=DIRECTION('',(0.,1.,0.));
#5539=AXIS2_PLACEMENT_3D('',#5536,#5537,#5538);
#5540=PLANE('',#5539);
#5541=ORIENTED_EDGE('',*,*,#212,.T.);
#5542=CARTESIAN_POINT('',(-0.,6.,5.5));
#5543=DIRECTION('',(0.,0.,-1.));
#5544=DIRECTION('',(-0.,1.,0.));
#5545=AXIS2_PLACEMENT_3D('',#5542,#5543,#5544);
#5546=CIRCLE('',#5545,1.4);
#5547=EDGE_CURVE('',#199,#1401,#5546,.T.);
#5548=ORIENTED_EDGE('',*,*,#5547,.T.);
#5549=ORIENTED_EDGE('',*,*,#1406,.F.);
#5550=CARTESIAN_POINT('',(-0.,2.5,5.5));
#5551=DIRECTION('',(0.,0.,-1.));
#5552=DIRECTION('',(-1.,0.,0.));
#5553=AXIS2_PLACEMENT_3D('',#5550,#5551,#5552);
#5554=CIRCLE('',#5553,1.);
#5555=EDGE_CURVE('',#1393,#5494,#5554,.T.);
#5556=ORIENTED_EDGE('',*,*,#5555,.T.);
#5557=ORIENTED_EDGE('',*,*,#5500,.F.);
#5558=CARTESIAN_POINT('',(3.5,6.,5.5));
#5559=DIRECTION('',(0.,0.,-1.));
#5560=DIRECTION('',(-1.,0.,0.));
#5561=AXIS2_PLACEMENT_3D('',#5558,#5559,#5560);
#5562=CIRCLE('',#5561,1.);
#5563=EDGE_CURVE('',#5486,#207,#5562,.T.);
#5564=ORIENTED_EDGE('',*,*,#5563,.T.);
#5565=EDGE_LOOP('',(#5541,#5548,#5549,#5556,#5557,#5564));
#5566=FACE_BOUND('',#5565,.T.);
#5567=ADVANCED_FACE('',(#5566),#5540,.F.);
#5568=CARTESIAN_POINT('',(-0.,-44.7,5.5));
#5569=DIRECTION('',(0.,0.,-1.));
#5570=DIRECTION('',(-1.,0.,0.));
#5571=AXIS2_PLACEMENT_3D('',#5568,#5569,#5570);
#5572=CYLINDRICAL_SURFACE('',#5571,2.5);
#5573=ORIENTED_EDGE('',*,*,#595,.F.);
#5574=CARTESIAN_POINT('',(-0.416666667,-42.234966757,5.5));
#5575=VERTEX_POINT('',#5574);
#5576=CARTESIAN_POINT('',(-0.416666667,-42.234966757,-2.5));
#5577=DIRECTION('',(-0.,-0.,1.));
#5578=VECTOR('',#5577,8.);
#5579=LINE('',#5576,#5578);
#5580=EDGE_CURVE('',#580,#5575,#5579,.T.);
#5581=ORIENTED_EDGE('',*,*,#5580,.T.);
#5582=CARTESIAN_POINT('',(-0.090160353,-42.201626307,5.5));
#5583=VERTEX_POINT('',#5582);
#5584=CARTESIAN_POINT('',(-0.,-44.7,5.5));
#5585=DIRECTION('',(0.,0.,-1.));
#5586=DIRECTION('',(-0.,1.,0.));
#5587=AXIS2_PLACEMENT_3D('',#5584,#5585,#5586);
#5588=CIRCLE('',#5587,2.5);
#5589=EDGE_CURVE('',#5575,#5583,#5588,.T.);
#5590=ORIENTED_EDGE('',*,*,#5589,.T.);
#5591=CARTESIAN_POINT('',(-0.090160353,-42.201626307,-2.5));
#5592=DIRECTION('',(-0.,-0.,1.));
#5593=VECTOR('',#5592,8.);
#5594=LINE('',#5591,#5593);
#5595=EDGE_CURVE('',#589,#5583,#5594,.T.);
#5596=ORIENTED_EDGE('',*,*,#5595,.F.);
#5597=EDGE_LOOP('',(#5573,#5581,#5590,#5596));
#5598=FACE_BOUND('',#5597,.T.);
#5599=ADVANCED_FACE('',(#5598),#5572,.T.);
#5600=CARTESIAN_POINT('',(1.00000254,-41.70008382,-0.5));
#5601=DIRECTION('',(-0.,0.,-1.));
#5602=DIRECTION('',(-0.,-1.,0.));
#5603=AXIS2_PLACEMENT_3D('',#5600,#5601,#5602);
#5604=CYLINDRICAL_SURFACE('',#5603,1.2);
#5605=CARTESIAN_POINT('',(1.00000254,-42.90008382,5.5));
#5606=VERTEX_POINT('',#5605);
#5607=CARTESIAN_POINT('',(1.00000254,-42.90008382,-2.5));
#5608=DIRECTION('',(-0.,-0.,1.));
#5609=VECTOR('',#5608,8.);
#5610=LINE('',#5607,#5609);
#5611=EDGE_CURVE('',#598,#5606,#5610,.T.);
#5612=ORIENTED_EDGE('',*,*,#5611,.F.);
#5613=ORIENTED_EDGE('',*,*,#604,.T.);
#5614=ORIENTED_EDGE('',*,*,#5595,.T.);
#5615=CARTESIAN_POINT('',(1.00000254,-41.70008382,5.5));
#5616=DIRECTION('',(0.,0.,-1.));
#5617=DIRECTION('',(-1.,0.,0.));
#5618=AXIS2_PLACEMENT_3D('',#5615,#5616,#5617);
#5619=CIRCLE('',#5618,1.2);
#5620=EDGE_CURVE('',#5606,#5583,#5619,.T.);
#5621=ORIENTED_EDGE('',*,*,#5620,.F.);
#5622=EDGE_LOOP('',(#5612,#5613,#5614,#5621));
#5623=FACE_BOUND('',#5622,.T.);
#5624=ADVANCED_FACE('',(#5623),#5604,.F.);
#5625=CARTESIAN_POINT('',(0.,0.,5.5));
#5626=DIRECTION('',(0.,0.,-1.));
#5627=DIRECTION('',(0.,1.,0.));
#5628=AXIS2_PLACEMENT_3D('',#5625,#5626,#5627);
#5629=PLANE('',#5628);
#5630=ORIENTED_EDGE('',*,*,#1383,.F.);
#5631=CARTESIAN_POINT('',(-0.,-44.7,5.5));
#5632=DIRECTION('',(0.,0.,-1.));
#5633=DIRECTION('',(-0.,1.,0.));
#5634=AXIS2_PLACEMENT_3D('',#5631,#5632,#5633);
#5635=CIRCLE('',#5634,1.4);
#5636=EDGE_CURVE('',#1370,#1081,#5635,.T.);
#5637=ORIENTED_EDGE('',*,*,#5636,.T.);
#5638=ORIENTED_EDGE('',*,*,#1086,.F.);
#5639=CARTESIAN_POINT('',(2.5,-44.7,5.5));
#5640=VERTEX_POINT('',#5639);
#5641=CARTESIAN_POINT('',(3.5,-44.7,5.5));
#5642=DIRECTION('',(0.,0.,-1.));
#5643=DIRECTION('',(-1.,0.,0.));
#5644=AXIS2_PLACEMENT_3D('',#5641,#5642,#5643);
#5645=CIRCLE('',#5644,1.);
#5646=EDGE_CURVE('',#1073,#5640,#5645,.T.);
#5647=ORIENTED_EDGE('',*,*,#5646,.T.);
#5648=CARTESIAN_POINT('',(1.735022117,-42.90008382,5.5));
#5649=VERTEX_POINT('',#5648);
#5650=CARTESIAN_POINT('',(-0.,-44.7,5.5));
#5651=DIRECTION('',(0.,0.,-1.));
#5652=DIRECTION('',(-0.,1.,0.));
#5653=AXIS2_PLACEMENT_3D('',#5650,#5651,#5652);
#5654=CIRCLE('',#5653,2.5);
#5655=EDGE_CURVE('',#5649,#5640,#5654,.T.);
#5656=ORIENTED_EDGE('',*,*,#5655,.F.);
#5657=CARTESIAN_POINT('',(1.735022117,-42.90008382,5.5));
#5658=DIRECTION('',(-1.,-0.,0.));
#5659=VECTOR('',#5658,0.735019577);
#5660=LINE('',#5657,#5659);
#5661=EDGE_CURVE('',#5649,#5606,#5660,.T.);
#5662=ORIENTED_EDGE('',*,*,#5661,.T.);
#5663=ORIENTED_EDGE('',*,*,#5620,.T.);
#5664=ORIENTED_EDGE('',*,*,#5589,.F.);
#5665=CARTESIAN_POINT('',(-0.5,-41.741960108,5.5));
#5666=DIRECTION('',(0.,0.,-1.));
#5667=DIRECTION('',(-1.,0.,0.));
#5668=AXIS2_PLACEMENT_3D('',#5665,#5666,#5667);
#5669=CIRCLE('',#5668,0.5);
#5670=EDGE_CURVE('',#5575,#1378,#5669,.T.);
#5671=ORIENTED_EDGE('',*,*,#5670,.T.);
#5672=EDGE_LOOP('',(#5630,#5637,#5638,#5647,#5656,#5662,#5663,#5664,#5671));
#5673=FACE_BOUND('',#5672,.T.);
#5674=ADVANCED_FACE('',(#5673),#5629,.F.);
#5675=CARTESIAN_POINT('',(-0.,-44.7,5.5));
#5676=DIRECTION('',(0.,0.,-1.));
#5677=DIRECTION('',(-1.,0.,0.));
#5678=AXIS2_PLACEMENT_3D('',#5675,#5676,#5677);
#5679=CYLINDRICAL_SURFACE('',#5678,2.5);
#5680=ORIENTED_EDGE('',*,*,#5655,.T.);
#5681=CARTESIAN_POINT('',(2.5,-44.7,5.5));
#5682=DIRECTION('',(0.,0.,-1.));
#5683=VECTOR('',#5682,8.);
#5684=LINE('',#5681,#5683);
#5685=EDGE_CURVE('',#5640,#615,#5684,.T.);
#5686=ORIENTED_EDGE('',*,*,#5685,.T.);
#5687=ORIENTED_EDGE('',*,*,#621,.F.);
#5688=CARTESIAN_POINT('',(1.735022117,-42.90008382,5.5));
#5689=DIRECTION('',(0.,0.,-1.));
#5690=VECTOR('',#5689,8.);
#5691=LINE('',#5688,#5690);
#5692=EDGE_CURVE('',#5649,#607,#5691,.T.);
#5693=ORIENTED_EDGE('',*,*,#5692,.F.);
#5694=EDGE_LOOP('',(#5680,#5686,#5687,#5693));
#5695=FACE_BOUND('',#5694,.T.);
#5696=ADVANCED_FACE('',(#5695),#5679,.T.);
#5697=CARTESIAN_POINT('',(-0.,-44.7,5.5));
#5698=DIRECTION('',(0.,0.,-1.));
#5699=DIRECTION('',(-1.,0.,0.));
#5700=AXIS2_PLACEMENT_3D('',#5697,#5698,#5699);
#5701=CYLINDRICAL_SURFACE('',#5700,1.4);
#5702=CARTESIAN_POINT('',(-1.4,-44.7,5.5));
#5703=VERTEX_POINT('',#5702);
#5704=CARTESIAN_POINT('',(-1.4,-44.7,-2.5));
#5705=DIRECTION('',(-0.,-0.,1.));
#5706=VECTOR('',#5705,8.);
#5707=LINE('',#5704,#5706);
#5708=EDGE_CURVE('',#765,#5703,#5707,.T.);
#5709=ORIENTED_EDGE('',*,*,#5708,.F.);
#5710=ORIENTED_EDGE('',*,*,#773,.T.);
#5711=ORIENTED_EDGE('',*,*,#1100,.F.);
#5712=CARTESIAN_POINT('',(-0.,-44.7,5.5));
#5713=DIRECTION('',(0.,0.,-1.));
#5714=DIRECTION('',(-0.,1.,0.));
#5715=AXIS2_PLACEMENT_3D('',#5712,#5713,#5714);
#5716=CIRCLE('',#5715,1.4);
#5717=EDGE_CURVE('',#1081,#1089,#5716,.T.);
#5718=ORIENTED_EDGE('',*,*,#5717,.F.);
#5719=ORIENTED_EDGE('',*,*,#5636,.F.);
#5720=CARTESIAN_POINT('',(-0.,-44.7,5.5));
#5721=DIRECTION('',(0.,0.,-1.));
#5722=DIRECTION('',(-0.,1.,0.));
#5723=AXIS2_PLACEMENT_3D('',#5720,#5721,#5722);
#5724=CIRCLE('',#5723,1.4);
#5725=EDGE_CURVE('',#5703,#1370,#5724,.T.);
#5726=ORIENTED_EDGE('',*,*,#5725,.F.);
#5727=EDGE_LOOP('',(#5709,#5710,#5711,#5718,#5719,#5726));
#5728=FACE_BOUND('',#5727,.T.);
#5729=ADVANCED_FACE('',(#5728),#5701,.F.);
#5730=CARTESIAN_POINT('',(57.4001143,-42.90008382,-0.5));
#5731=DIRECTION('',(0.,-1.,0.));
#5732=DIRECTION('',(-1.,-0.,0.));
#5733=AXIS2_PLACEMENT_3D('',#5730,#5731,#5732);
#5734=PLANE('',#5733);
#5735=ORIENTED_EDGE('',*,*,#5692,.T.);
#5736=ORIENTED_EDGE('',*,*,#612,.T.);
#5737=ORIENTED_EDGE('',*,*,#5611,.T.);
#5738=ORIENTED_EDGE('',*,*,#5661,.F.);
#5739=EDGE_LOOP('',(#5735,#5736,#5737,#5738));
#5740=FACE_BOUND('',#5739,.T.);
#5741=ADVANCED_FACE('',(#5740),#5734,.F.);
#5742=CARTESIAN_POINT('',(62.4,-44.7,5.5));
#5743=DIRECTION('',(0.,0.,-1.));
#5744=DIRECTION('',(-1.,0.,0.));
#5745=AXIS2_PLACEMENT_3D('',#5742,#5743,#5744);
#5746=CYLINDRICAL_SURFACE('',#5745,2.5);
#5747=CARTESIAN_POINT('',(59.9,-44.7,5.5));
#5748=VERTEX_POINT('',#5747);
#5749=CARTESIAN_POINT('',(62.4,-42.2,5.5));
#5750=VERTEX_POINT('',#5749);
#5751=CARTESIAN_POINT('',(62.4,-44.7,5.5));
#5752=DIRECTION('',(0.,0.,-1.));
#5753=DIRECTION('',(0.,1.,0.));
#5754=AXIS2_PLACEMENT_3D('',#5751,#5752,#5753);
#5755=CIRCLE('',#5754,2.5);
#5756=EDGE_CURVE('',#5748,#5750,#5755,.T.);
#5757=ORIENTED_EDGE('',*,*,#5756,.T.);
#5758=CARTESIAN_POINT('',(62.4,-42.2,5.5));
#5759=DIRECTION('',(0.,0.,-1.));
#5760=VECTOR('',#5759,8.);
#5761=LINE('',#5758,#5760);
#5762=EDGE_CURVE('',#5750,#650,#5761,.T.);
#5763=ORIENTED_EDGE('',*,*,#5762,.T.);
#5764=ORIENTED_EDGE('',*,*,#656,.F.);
#5765=CARTESIAN_POINT('',(59.9,-44.7,-2.5));
#5766=DIRECTION('',(-0.,-0.,1.));
#5767=VECTOR('',#5766,8.);
#5768=LINE('',#5765,#5767);
#5769=EDGE_CURVE('',#641,#5748,#5768,.T.);
#5770=ORIENTED_EDGE('',*,*,#5769,.T.);
#5771=EDGE_LOOP('',(#5757,#5763,#5764,#5770));
#5772=FACE_BOUND('',#5771,.T.);
#5773=ADVANCED_FACE('',(#5772),#5746,.T.);
#5774=CARTESIAN_POINT('',(62.4,-44.7,5.5));
#5775=DIRECTION('',(0.,0.,-1.));
#5776=DIRECTION('',(-1.,0.,0.));
#5777=AXIS2_PLACEMENT_3D('',#5774,#5775,#5776);
#5778=CYLINDRICAL_SURFACE('',#5777,1.4);
#5779=CARTESIAN_POINT('',(61.,-44.7,5.5));
#5780=VERTEX_POINT('',#5779);
#5781=CARTESIAN_POINT('',(61.,-44.7,-2.5));
#5782=DIRECTION('',(-0.,-0.,1.));
#5783=VECTOR('',#5782,8.);
#5784=LINE('',#5781,#5783);
#5785=EDGE_CURVE('',#811,#5780,#5784,.T.);
#5786=ORIENTED_EDGE('',*,*,#5785,.F.);
#5787=ORIENTED_EDGE('',*,*,#817,.T.);
#5788=ORIENTED_EDGE('',*,*,#1014,.F.);
#5789=CARTESIAN_POINT('',(62.4,-44.7,5.5));
#5790=DIRECTION('',(0.,0.,-1.));
#5791=DIRECTION('',(0.,1.,0.));
#5792=AXIS2_PLACEMENT_3D('',#5789,#5790,#5791);
#5793=CIRCLE('',#5792,1.4);
#5794=EDGE_CURVE('',#995,#1003,#5793,.T.);
#5795=ORIENTED_EDGE('',*,*,#5794,.F.);
#5796=CARTESIAN_POINT('',(62.4,-44.7,5.5));
#5797=DIRECTION('',(0.,0.,-1.));
#5798=DIRECTION('',(0.,1.,0.));
#5799=AXIS2_PLACEMENT_3D('',#5796,#5797,#5798);
#5800=CIRCLE('',#5799,1.4);
#5801=EDGE_CURVE('',#5780,#995,#5800,.T.);
#5802=ORIENTED_EDGE('',*,*,#5801,.F.);
#5803=EDGE_LOOP('',(#5786,#5787,#5788,#5795,#5802));
#5804=FACE_BOUND('',#5803,.T.);
#5805=ADVANCED_FACE('',(#5804),#5778,.F.);
#5806=CARTESIAN_POINT('',(0.,0.,5.5));
#5807=DIRECTION('',(0.,0.,-1.));
#5808=DIRECTION('',(0.,1.,0.));
#5809=AXIS2_PLACEMENT_3D('',#5806,#5807,#5808);
#5810=PLANE('',#5809);
#5811=ORIENTED_EDGE('',*,*,#5756,.F.);
#5812=CARTESIAN_POINT('',(58.9,-44.7,5.5));
#5813=DIRECTION('',(0.,0.,-1.));
#5814=DIRECTION('',(-1.,0.,0.));
#5815=AXIS2_PLACEMENT_3D('',#5812,#5813,#5814);
#5816=CIRCLE('',#5815,1.);
#5817=EDGE_CURVE('',#5748,#1058,#5816,.T.);
#5818=ORIENTED_EDGE('',*,*,#5817,.T.);
#5819=ORIENTED_EDGE('',*,*,#1063,.F.);
#5820=CARTESIAN_POINT('',(62.4,-44.7,5.5));
#5821=DIRECTION('',(0.,0.,-1.));
#5822=DIRECTION('',(0.,1.,0.));
#5823=AXIS2_PLACEMENT_3D('',#5820,#5821,#5822);
#5824=CIRCLE('',#5823,1.4);
#5825=EDGE_CURVE('',#1050,#5780,#5824,.T.);
#5826=ORIENTED_EDGE('',*,*,#5825,.T.);
#5827=ORIENTED_EDGE('',*,*,#5801,.T.);
#5828=ORIENTED_EDGE('',*,*,#1000,.F.);
#5829=CARTESIAN_POINT('',(62.4,-41.2,5.5));
#5830=DIRECTION('',(0.,0.,-1.));
#5831=DIRECTION('',(-1.,0.,0.));
#5832=AXIS2_PLACEMENT_3D('',#5829,#5830,#5831);
#5833=CIRCLE('',#5832,1.);
#5834=EDGE_CURVE('',#987,#5750,#5833,.T.);
#5835=ORIENTED_EDGE('',*,*,#5834,.T.);
#5836=EDGE_LOOP('',(#5811,#5818,#5819,#5826,#5827,#5828,#5835));
#5837=FACE_BOUND('',#5836,.T.);
#5838=ADVANCED_FACE('',(#5837),#5810,.F.);
#5839=CARTESIAN_POINT('',(62.4,6.,5.5));
#5840=DIRECTION('',(0.,0.,-1.));
#5841=DIRECTION('',(-1.,0.,0.));
#5842=AXIS2_PLACEMENT_3D('',#5839,#5840,#5841);
#5843=CYLINDRICAL_SURFACE('',#5842,1.4);
#5844=CARTESIAN_POINT('',(61.,6.,5.5));
#5845=VERTEX_POINT('',#5844);
#5846=CARTESIAN_POINT('',(61.,6.,-2.5));
#5847=DIRECTION('',(-0.,-0.,1.));
#5848=VECTOR('',#5847,8.);
#5849=LINE('',#5846,#5848);
#5850=EDGE_CURVE('',#838,#5845,#5849,.T.);
#5851=ORIENTED_EDGE('',*,*,#5850,.F.);
#5852=ORIENTED_EDGE('',*,*,#844,.T.);
#5853=ORIENTED_EDGE('',*,*,#260,.F.);
#5854=CARTESIAN_POINT('',(62.4,6.,5.5));
#5855=DIRECTION('',(0.,0.,-1.));
#5856=DIRECTION('',(0.,1.,0.));
#5857=AXIS2_PLACEMENT_3D('',#5854,#5855,#5856);
#5858=CIRCLE('',#5857,1.4);
#5859=EDGE_CURVE('',#239,#247,#5858,.T.);
#5860=ORIENTED_EDGE('',*,*,#5859,.F.);
#5861=CARTESIAN_POINT('',(62.4,6.,5.5));
#5862=DIRECTION('',(0.,0.,-1.));
#5863=DIRECTION('',(0.,1.,0.));
#5864=AXIS2_PLACEMENT_3D('',#5861,#5862,#5863);
#5865=CIRCLE('',#5864,1.4);
#5866=EDGE_CURVE('',#5845,#239,#5865,.T.);
#5867=ORIENTED_EDGE('',*,*,#5866,.F.);
#5868=EDGE_LOOP('',(#5851,#5852,#5853,#5860,#5867));
#5869=FACE_BOUND('',#5868,.T.);
#5870=ADVANCED_FACE('',(#5869),#5843,.F.);
#5871=CARTESIAN_POINT('',(62.4,6.,5.5));
#5872=DIRECTION('',(0.,0.,-1.));
#5873=DIRECTION('',(-1.,0.,0.));
#5874=AXIS2_PLACEMENT_3D('',#5871,#5872,#5873);
#5875=CYLINDRICAL_SURFACE('',#5874,2.5);
#5876=ORIENTED_EDGE('',*,*,#534,.F.);
#5877=CARTESIAN_POINT('',(62.4,3.5,5.5));
#5878=VERTEX_POINT('',#5877);
#5879=CARTESIAN_POINT('',(62.4,3.5,-2.5));
#5880=DIRECTION('',(-0.,-0.,1.));
#5881=VECTOR('',#5880,8.);
#5882=LINE('',#5879,#5881);
#5883=EDGE_CURVE('',#519,#5878,#5882,.T.);
#5884=ORIENTED_EDGE('',*,*,#5883,.T.);
#5885=CARTESIAN_POINT('',(59.9,6.,5.5));
#5886=VERTEX_POINT('',#5885);
#5887=CARTESIAN_POINT('',(62.4,6.,5.5));
#5888=DIRECTION('',(0.,0.,-1.));
#5889=DIRECTION('',(0.,1.,0.));
#5890=AXIS2_PLACEMENT_3D('',#5887,#5888,#5889);
#5891=CIRCLE('',#5890,2.5);
#5892=EDGE_CURVE('',#5878,#5886,#5891,.T.);
#5893=ORIENTED_EDGE('',*,*,#5892,.T.);
#5894=CARTESIAN_POINT('',(59.9,6.,5.5));
#5895=DIRECTION('',(0.,0.,-1.));
#5896=VECTOR('',#5895,8.);
#5897=LINE('',#5894,#5896);
#5898=EDGE_CURVE('',#5886,#528,#5897,.T.);
#5899=ORIENTED_EDGE('',*,*,#5898,.T.);
#5900=EDGE_LOOP('',(#5876,#5884,#5893,#5899));
#5901=FACE_BOUND('',#5900,.T.);
#5902=ADVANCED_FACE('',(#5901),#5875,.T.);
#5903=CARTESIAN_POINT('',(0.,0.,5.5));
#5904=DIRECTION('',(0.,0.,-1.));
#5905=DIRECTION('',(0.,1.,0.));
#5906=AXIS2_PLACEMENT_3D('',#5903,#5904,#5905);
#5907=PLANE('',#5906);
#5908=ORIENTED_EDGE('',*,*,#244,.T.);
#5909=CARTESIAN_POINT('',(58.9,6.,5.5));
#5910=DIRECTION('',(0.,0.,-1.));
#5911=DIRECTION('',(-1.,0.,0.));
#5912=AXIS2_PLACEMENT_3D('',#5909,#5910,#5911);
#5913=CIRCLE('',#5912,1.);
#5914=EDGE_CURVE('',#231,#5886,#5913,.T.);
#5915=ORIENTED_EDGE('',*,*,#5914,.T.);
#5916=ORIENTED_EDGE('',*,*,#5892,.F.);
#5917=CARTESIAN_POINT('',(62.4,2.5,5.5));
#5918=DIRECTION('',(0.,0.,-1.));
#5919=DIRECTION('',(-1.,0.,0.));
#5920=AXIS2_PLACEMENT_3D('',#5917,#5918,#5919);
#5921=CIRCLE('',#5920,1.);
#5922=EDGE_CURVE('',#5878,#972,#5921,.T.);
#5923=ORIENTED_EDGE('',*,*,#5922,.T.);
#5924=ORIENTED_EDGE('',*,*,#977,.F.);
#5925=CARTESIAN_POINT('',(62.4,6.,5.5));
#5926=DIRECTION('',(0.,0.,-1.));
#5927=DIRECTION('',(0.,1.,0.));
#5928=AXIS2_PLACEMENT_3D('',#5925,#5926,#5927);
#5929=CIRCLE('',#5928,1.4);
#5930=EDGE_CURVE('',#964,#5845,#5929,.T.);
#5931=ORIENTED_EDGE('',*,*,#5930,.T.);
#5932=ORIENTED_EDGE('',*,*,#5866,.T.);
#5933=EDGE_LOOP('',(#5908,#5915,#5916,#5923,#5924,#5931,#5932));
#5934=FACE_BOUND('',#5933,.T.);
#5935=ADVANCED_FACE('',(#5934),#5907,.F.);
#5936=CARTESIAN_POINT('',(58.9,6.,5.5));
#5937=DIRECTION('',(0.,0.,-1.));
#5938=DIRECTION('',(-1.,0.,0.));
#5939=AXIS2_PLACEMENT_3D('',#5936,#5937,#5938);
#5940=CYLINDRICAL_SURFACE('',#5939,1.);
#5941=ORIENTED_EDGE('',*,*,#5914,.F.);
#5942=ORIENTED_EDGE('',*,*,#236,.F.);
#5943=ORIENTED_EDGE('',*,*,#541,.F.);
#5944=ORIENTED_EDGE('',*,*,#5898,.F.);
#5945=EDGE_LOOP('',(#5941,#5942,#5943,#5944));
#5946=FACE_BOUND('',#5945,.T.);
#5947=ADVANCED_FACE('',(#5946),#5940,.F.);
#5948=CARTESIAN_POINT('',(62.4,2.5,5.5));
#5949=DIRECTION('',(0.,0.,-1.));
#5950=DIRECTION('',(-1.,0.,0.));
#5951=AXIS2_PLACEMENT_3D('',#5948,#5949,#5950);
#5952=CYLINDRICAL_SURFACE('',#5951,1.);
#5953=ORIENTED_EDGE('',*,*,#5922,.F.);
#5954=ORIENTED_EDGE('',*,*,#5883,.F.);
#5955=ORIENTED_EDGE('',*,*,#525,.F.);
#5956=ORIENTED_EDGE('',*,*,#983,.F.);
#5957=EDGE_LOOP('',(#5953,#5954,#5955,#5956));
#5958=FACE_BOUND('',#5957,.T.);
#5959=ADVANCED_FACE('',(#5958),#5952,.F.);
#5960=CARTESIAN_POINT('',(-0.,2.5,5.5));
#5961=DIRECTION('',(0.,0.,-1.));
#5962=DIRECTION('',(-1.,0.,0.));
#5963=AXIS2_PLACEMENT_3D('',#5960,#5961,#5962);
#5964=CYLINDRICAL_SURFACE('',#5963,1.);
#5965=ORIENTED_EDGE('',*,*,#5555,.F.);
#5966=ORIENTED_EDGE('',*,*,#1398,.F.);
#5967=ORIENTED_EDGE('',*,*,#569,.F.);
#5968=ORIENTED_EDGE('',*,*,#5506,.F.);
#5969=EDGE_LOOP('',(#5965,#5966,#5967,#5968));
#5970=FACE_BOUND('',#5969,.T.);
#5971=ADVANCED_FACE('',(#5970),#5964,.F.);
#5972=CARTESIAN_POINT('',(3.5,6.,5.5));
#5973=DIRECTION('',(0.,0.,-1.));
#5974=DIRECTION('',(-1.,0.,0.));
#5975=AXIS2_PLACEMENT_3D('',#5972,#5973,#5974);
#5976=CYLINDRICAL_SURFACE('',#5975,1.);
#5977=ORIENTED_EDGE('',*,*,#5563,.F.);
#5978=ORIENTED_EDGE('',*,*,#5491,.F.);
#5979=ORIENTED_EDGE('',*,*,#551,.F.);
#5980=ORIENTED_EDGE('',*,*,#220,.F.);
#5981=EDGE_LOOP('',(#5977,#5978,#5979,#5980));
#5982=FACE_BOUND('',#5981,.T.);
#5983=ADVANCED_FACE('',(#5982),#5976,.F.);
#5984=CARTESIAN_POINT('',(-0.5,-41.741960108,5.5));
#5985=DIRECTION('',(0.,0.,-1.));
#5986=DIRECTION('',(-1.,0.,0.));
#5987=AXIS2_PLACEMENT_3D('',#5984,#5985,#5986);
#5988=CYLINDRICAL_SURFACE('',#5987,0.5);
#5989=ORIENTED_EDGE('',*,*,#5670,.F.);
#5990=ORIENTED_EDGE('',*,*,#5580,.F.);
#5991=ORIENTED_EDGE('',*,*,#586,.F.);
#5992=ORIENTED_EDGE('',*,*,#1389,.F.);
#5993=EDGE_LOOP('',(#5989,#5990,#5991,#5992));
#5994=FACE_BOUND('',#5993,.T.);
#5995=ADVANCED_FACE('',(#5994),#5988,.F.);
#5996=CARTESIAN_POINT('',(3.5,-44.7,5.5));
#5997=DIRECTION('',(0.,0.,-1.));
#5998=DIRECTION('',(-1.,0.,0.));
#5999=AXIS2_PLACEMENT_3D('',#5996,#5997,#5998);
#6000=CYLINDRICAL_SURFACE('',#5999,1.);
#6001=ORIENTED_EDGE('',*,*,#5646,.F.);
#6002=ORIENTED_EDGE('',*,*,#1078,.F.);
#6003=ORIENTED_EDGE('',*,*,#630,.F.);
#6004=ORIENTED_EDGE('',*,*,#5685,.F.);
#6005=EDGE_LOOP('',(#6001,#6002,#6003,#6004));
#6006=FACE_BOUND('',#6005,.T.);
#6007=ADVANCED_FACE('',(#6006),#6000,.F.);
#6008=CARTESIAN_POINT('',(58.9,-44.7,5.5));
#6009=DIRECTION('',(0.,0.,-1.));
#6010=DIRECTION('',(-1.,0.,0.));
#6011=AXIS2_PLACEMENT_3D('',#6008,#6009,#6010);
#6012=CYLINDRICAL_SURFACE('',#6011,1.);
#6013=ORIENTED_EDGE('',*,*,#5817,.F.);
#6014=ORIENTED_EDGE('',*,*,#5769,.F.);
#6015=ORIENTED_EDGE('',*,*,#647,.F.);
#6016=ORIENTED_EDGE('',*,*,#1069,.F.);
#6017=EDGE_LOOP('',(#6013,#6014,#6015,#6016));
#6018=FACE_BOUND('',#6017,.T.);
#6019=ADVANCED_FACE('',(#6018),#6012,.F.);
#6020=CARTESIAN_POINT('',(62.4,-41.2,5.5));
#6021=DIRECTION('',(0.,0.,-1.));
#6022=DIRECTION('',(-1.,0.,0.));
#6023=AXIS2_PLACEMENT_3D('',#6020,#6021,#6022);
#6024=CYLINDRICAL_SURFACE('',#6023,1.);
#6025=ORIENTED_EDGE('',*,*,#5834,.F.);
#6026=ORIENTED_EDGE('',*,*,#992,.F.);
#6027=ORIENTED_EDGE('',*,*,#663,.F.);
#6028=ORIENTED_EDGE('',*,*,#5762,.F.);
#6029=EDGE_LOOP('',(#6025,#6026,#6027,#6028));
#6030=FACE_BOUND('',#6029,.T.);
#6031=ADVANCED_FACE('',(#6030),#6024,.F.);
#6032=CARTESIAN_POINT('',(0.,0.,5.5));
#6033=DIRECTION('',(0.,0.,-1.));
#6034=DIRECTION('',(0.,1.,0.));
#6035=AXIS2_PLACEMENT_3D('',#6032,#6033,#6034);
#6036=PLANE('',#6035);
#6037=CARTESIAN_POINT('',(-0.,6.,5.5));
#6038=DIRECTION('',(0.,0.,-1.));
#6039=DIRECTION('',(-0.,1.,0.));
#6040=AXIS2_PLACEMENT_3D('',#6037,#6038,#6039);
#6041=CIRCLE('',#6040,1.4);
#6042=EDGE_CURVE('',#191,#199,#6041,.T.);
#6043=ORIENTED_EDGE('',*,*,#6042,.T.);
#6044=ORIENTED_EDGE('',*,*,#204,.T.);
#6045=EDGE_LOOP('',(#6043,#6044));
#6046=FACE_BOUND('',#6045,.T.);
#6047=ADVANCED_FACE('',(#6046),#6036,.T.);
#6048=CARTESIAN_POINT('',(0.,0.,5.5));
#6049=DIRECTION('',(0.,0.,-1.));
#6050=DIRECTION('',(0.,1.,0.));
#6051=AXIS2_PLACEMENT_3D('',#6048,#6049,#6050);
#6052=PLANE('',#6051);
#6053=ORIENTED_EDGE('',*,*,#1414,.F.);
#6054=CARTESIAN_POINT('',(-0.,6.,5.5));
#6055=DIRECTION('',(0.,0.,-1.));
#6056=DIRECTION('',(-0.,1.,0.));
#6057=AXIS2_PLACEMENT_3D('',#6054,#6055,#6056);
#6058=CIRCLE('',#6057,1.4);
#6059=EDGE_CURVE('',#1401,#5517,#6058,.T.);
#6060=ORIENTED_EDGE('',*,*,#6059,.T.);
#6061=ORIENTED_EDGE('',*,*,#5531,.T.);
#6062=EDGE_LOOP('',(#6053,#6060,#6061));
#6063=FACE_BOUND('',#6062,.T.);
#6064=ADVANCED_FACE('',(#6063),#6052,.T.);
#6065=CARTESIAN_POINT('',(0.,0.,5.5));
#6066=DIRECTION('',(0.,0.,-1.));
#6067=DIRECTION('',(0.,1.,0.));
#6068=AXIS2_PLACEMENT_3D('',#6065,#6066,#6067);
#6069=PLANE('',#6068);
#6070=ORIENTED_EDGE('',*,*,#1094,.F.);
#6071=ORIENTED_EDGE('',*,*,#5717,.T.);
#6072=EDGE_LOOP('',(#6070,#6071));
#6073=FACE_BOUND('',#6072,.T.);
#6074=ADVANCED_FACE('',(#6073),#6069,.T.);
#6075=CARTESIAN_POINT('',(0.,0.,5.5));
#6076=DIRECTION('',(0.,0.,-1.));
#6077=DIRECTION('',(0.,1.,0.));
#6078=AXIS2_PLACEMENT_3D('',#6075,#6076,#6077);
#6079=PLANE('',#6078);
#6080=ORIENTED_EDGE('',*,*,#1375,.F.);
#6081=CARTESIAN_POINT('',(-0.,-44.7,5.5));
#6082=DIRECTION('',(0.,0.,-1.));
#6083=DIRECTION('',(-0.,1.,0.));
#6084=AXIS2_PLACEMENT_3D('',#6081,#6082,#6083);
#6085=CIRCLE('',#6084,1.4);
#6086=EDGE_CURVE('',#1362,#5703,#6085,.T.);
#6087=ORIENTED_EDGE('',*,*,#6086,.T.);
#6088=ORIENTED_EDGE('',*,*,#5725,.T.);
#6089=EDGE_LOOP('',(#6080,#6087,#6088));
#6090=FACE_BOUND('',#6089,.T.);
#6091=ADVANCED_FACE('',(#6090),#6079,.T.);
#6092=CARTESIAN_POINT('',(0.,0.,5.5));
#6093=DIRECTION('',(0.,0.,-1.));
#6094=DIRECTION('',(0.,1.,0.));
#6095=AXIS2_PLACEMENT_3D('',#6092,#6093,#6094);
#6096=PLANE('',#6095);
#6097=ORIENTED_EDGE('',*,*,#1055,.F.);
#6098=CARTESIAN_POINT('',(62.4,-44.7,5.5));
#6099=DIRECTION('',(0.,0.,-1.));
#6100=DIRECTION('',(0.,1.,0.));
#6101=AXIS2_PLACEMENT_3D('',#6098,#6099,#6100);
#6102=CIRCLE('',#6101,1.4);
#6103=EDGE_CURVE('',#1042,#1050,#6102,.T.);
#6104=ORIENTED_EDGE('',*,*,#6103,.T.);
#6105=EDGE_LOOP('',(#6097,#6104));
#6106=FACE_BOUND('',#6105,.T.);
#6107=ADVANCED_FACE('',(#6106),#6096,.T.);
#6108=CARTESIAN_POINT('',(0.,0.,5.5));
#6109=DIRECTION('',(0.,0.,-1.));
#6110=DIRECTION('',(0.,1.,0.));
#6111=AXIS2_PLACEMENT_3D('',#6108,#6109,#6110);
#6112=PLANE('',#6111);
#6113=ORIENTED_EDGE('',*,*,#1008,.F.);
#6114=ORIENTED_EDGE('',*,*,#5794,.T.);
#6115=EDGE_LOOP('',(#6113,#6114));
#6116=FACE_BOUND('',#6115,.T.);
#6117=ADVANCED_FACE('',(#6116),#6112,.T.);
#6118=CARTESIAN_POINT('',(0.,0.,5.5));
#6119=DIRECTION('',(0.,0.,-1.));
#6120=DIRECTION('',(0.,1.,0.));
#6121=AXIS2_PLACEMENT_3D('',#6118,#6119,#6120);
#6122=PLANE('',#6121);
#6123=ORIENTED_EDGE('',*,*,#969,.F.);
#6124=CARTESIAN_POINT('',(62.4,6.,5.5));
#6125=DIRECTION('',(0.,0.,-1.));
#6126=DIRECTION('',(0.,1.,0.));
#6127=AXIS2_PLACEMENT_3D('',#6124,#6125,#6126);
#6128=CIRCLE('',#6127,1.4);
#6129=EDGE_CURVE('',#956,#964,#6128,.T.);
#6130=ORIENTED_EDGE('',*,*,#6129,.T.);
#6131=EDGE_LOOP('',(#6123,#6130));
#6132=FACE_BOUND('',#6131,.T.);
#6133=ADVANCED_FACE('',(#6132),#6122,.T.);
#6134=CARTESIAN_POINT('',(0.,0.,5.5));
#6135=DIRECTION('',(0.,0.,-1.));
#6136=DIRECTION('',(0.,1.,0.));
#6137=AXIS2_PLACEMENT_3D('',#6134,#6135,#6136);
#6138=PLANE('',#6137);
#6139=ORIENTED_EDGE('',*,*,#5859,.T.);
#6140=ORIENTED_EDGE('',*,*,#252,.T.);
#6141=EDGE_LOOP('',(#6139,#6140));
#6142=FACE_BOUND('',#6141,.T.);
#6143=ADVANCED_FACE('',(#6142),#6138,.T.);
#6144=CARTESIAN_POINT('',(48.,4.,13.5));
#6145=DIRECTION('',(0.,0.,1.));
#6146=DIRECTION('',(1.,0.,-0.));
#6147=AXIS2_PLACEMENT_3D('',#6144,#6145,#6146);
#6148=CYLINDRICAL_SURFACE('',#6147,3.025);
#6149=CARTESIAN_POINT('',(51.025,4.,16.5));
#6150=DIRECTION('',(-0.,-0.,-1.));
#6151=VECTOR('',#6150,3.);
#6152=LINE('',#6149,#6151);
#6153=EDGE_CURVE('',#1816,#5275,#6152,.T.);
#6154=ORIENTED_EDGE('',*,*,#6153,.T.);
#6155=ORIENTED_EDGE('',*,*,#5281,.F.);
#6156=ORIENTED_EDGE('',*,*,#292,.F.);
#6157=ORIENTED_EDGE('',*,*,#1829,.T.);
#6158=EDGE_LOOP('',(#6154,#6155,#6156,#6157));
#6159=FACE_BOUND('',#6158,.T.);
#6160=ADVANCED_FACE('',(#6159),#6148,.T.);
#6161=CARTESIAN_POINT('',(48.,4.,13.5));
#6162=DIRECTION('',(0.,0.,1.));
#6163=DIRECTION('',(1.,0.,-0.));
#6164=AXIS2_PLACEMENT_3D('',#6161,#6162,#6163);
#6165=CYLINDRICAL_SURFACE('',#6164,3.025);
#6166=ORIENTED_EDGE('',*,*,#308,.F.);
#6167=ORIENTED_EDGE('',*,*,#5298,.F.);
#6168=ORIENTED_EDGE('',*,*,#484,.F.);
#6169=ORIENTED_EDGE('',*,*,#1805,.T.);
#6170=EDGE_LOOP('',(#6166,#6167,#6168,#6169));
#6171=FACE_BOUND('',#6170,.T.);
#6172=ADVANCED_FACE('',(#6171),#6165,.T.);
#6173=CARTESIAN_POINT('',(-0.6,-19.35,18.5));
#6174=DIRECTION('',(0.,0.,1.));
#6175=DIRECTION('',(1.,0.,0.));
#6176=AXIS2_PLACEMENT_3D('',#6173,#6174,#6175);
#6177=PLANE('',#6176);
#6178=CARTESIAN_POINT('',(49.4,4.,18.5));
#6179=VERTEX_POINT('',#6178);
#6180=CARTESIAN_POINT('',(48.,4.,18.5));
#6181=DIRECTION('',(-0.,-0.,-1.));
#6182=DIRECTION('',(1.,0.,-0.));
#6183=AXIS2_PLACEMENT_3D('',#6180,#6181,#6182);
#6184=CIRCLE('',#6183,1.4);
#6185=EDGE_CURVE('',#6179,#6179,#6184,.T.);
#6186=ORIENTED_EDGE('',*,*,#6185,.T.);
#6187=EDGE_LOOP('',(#6186));
#6188=FACE_BOUND('',#6187,.T.);
#6189=ADVANCED_FACE('',(#6188),#6177,.F.);
#6190=CARTESIAN_POINT('',(48.,4.,13.5));
#6191=DIRECTION('',(0.,0.,1.));
#6192=DIRECTION('',(1.,0.,-0.));
#6193=AXIS2_PLACEMENT_3D('',#6190,#6191,#6192);
#6194=CYLINDRICAL_SURFACE('',#6193,1.4);
#6195=CARTESIAN_POINT('',(49.4,4.,18.5));
#6196=DIRECTION('',(-0.,-0.,-1.));
#6197=VECTOR('',#6196,5.);
#6198=LINE('',#6195,#6197);
#6199=EDGE_CURVE('',#6179,#5304,#6198,.T.);
#6200=ORIENTED_EDGE('',*,*,#6199,.F.);
#6201=ORIENTED_EDGE('',*,*,#6185,.F.);
#6202=ORIENTED_EDGE('',*,*,#6199,.T.);
#6203=ORIENTED_EDGE('',*,*,#5312,.T.);
#6204=ORIENTED_EDGE('',*,*,#5319,.T.);
#6205=EDGE_LOOP('',(#6200,#6201,#6202,#6203,#6204));
#6206=FACE_BOUND('',#6205,.T.);
#6207=ADVANCED_FACE('',(#6206),#6194,.F.);
#6208=CARTESIAN_POINT('',(8.,4.,13.5));
#6209=DIRECTION('',(0.,0.,1.));
#6210=DIRECTION('',(1.,0.,-0.));
#6211=AXIS2_PLACEMENT_3D('',#6208,#6209,#6210);
#6212=CYLINDRICAL_SURFACE('',#6211,3.025);
#6213=CARTESIAN_POINT('',(11.025,4.,16.5));
#6214=DIRECTION('',(-0.,-0.,-1.));
#6215=VECTOR('',#6214,3.);
#6216=LINE('',#6213,#6215);
#6217=EDGE_CURVE('',#1761,#5347,#6216,.T.);
#6218=ORIENTED_EDGE('',*,*,#6217,.T.);
#6219=ORIENTED_EDGE('',*,*,#5353,.F.);
#6220=ORIENTED_EDGE('',*,*,#148,.F.);
#6221=ORIENTED_EDGE('',*,*,#1774,.T.);
#6222=EDGE_LOOP('',(#6218,#6219,#6220,#6221));
#6223=FACE_BOUND('',#6222,.T.);
#6224=ADVANCED_FACE('',(#6223),#6212,.T.);
#6225=CARTESIAN_POINT('',(8.,4.,13.5));
#6226=DIRECTION('',(0.,0.,1.));
#6227=DIRECTION('',(1.,0.,-0.));
#6228=AXIS2_PLACEMENT_3D('',#6225,#6226,#6227);
#6229=CYLINDRICAL_SURFACE('',#6228,3.025);
#6230=ORIENTED_EDGE('',*,*,#164,.F.);
#6231=ORIENTED_EDGE('',*,*,#5370,.F.);
#6232=ORIENTED_EDGE('',*,*,#404,.F.);
#6233=ORIENTED_EDGE('',*,*,#1864,.T.);
#6234=EDGE_LOOP('',(#6230,#6231,#6232,#6233));
#6235=FACE_BOUND('',#6234,.T.);
#6236=ADVANCED_FACE('',(#6235),#6229,.T.);
#6237=CARTESIAN_POINT('',(-0.6,-19.35,18.5));
#6238=DIRECTION('',(0.,0.,1.));
#6239=DIRECTION('',(1.,0.,0.));
#6240=AXIS2_PLACEMENT_3D('',#6237,#6238,#6239);
#6241=PLANE('',#6240);
#6242=CARTESIAN_POINT('',(9.4,4.,18.5));
#6243=VERTEX_POINT('',#6242);
#6244=CARTESIAN_POINT('',(8.,4.,18.5));
#6245=DIRECTION('',(-0.,-0.,-1.));
#6246=DIRECTION('',(1.,0.,-0.));
#6247=AXIS2_PLACEMENT_3D('',#6244,#6245,#6246);
#6248=CIRCLE('',#6247,1.4);
#6249=EDGE_CURVE('',#6243,#6243,#6248,.T.);
#6250=ORIENTED_EDGE('',*,*,#6249,.T.);
#6251=EDGE_LOOP('',(#6250));
#6252=FACE_BOUND('',#6251,.T.);
#6253=ADVANCED_FACE('',(#6252),#6241,.F.);
#6254=CARTESIAN_POINT('',(8.,4.,13.5));
#6255=DIRECTION('',(0.,0.,1.));
#6256=DIRECTION('',(1.,0.,-0.));
#6257=AXIS2_PLACEMENT_3D('',#6254,#6255,#6256);
#6258=CYLINDRICAL_SURFACE('',#6257,1.4);
#6259=CARTESIAN_POINT('',(9.4,4.,18.5));
#6260=DIRECTION('',(-0.,-0.,-1.));
#6261=VECTOR('',#6260,5.);
#6262=LINE('',#6259,#6261);
#6263=EDGE_CURVE('',#6243,#5376,#6262,.T.);
#6264=ORIENTED_EDGE('',*,*,#6263,.F.);
#6265=ORIENTED_EDGE('',*,*,#6249,.F.);
#6266=ORIENTED_EDGE('',*,*,#6263,.T.);
#6267=ORIENTED_EDGE('',*,*,#5384,.T.);
#6268=ORIENTED_EDGE('',*,*,#5391,.T.);
#6269=EDGE_LOOP('',(#6264,#6265,#6266,#6267,#6268));
#6270=FACE_BOUND('',#6269,.T.);
#6271=ADVANCED_FACE('',(#6270),#6258,.F.);
#6272=CARTESIAN_POINT('',(65.4,-13.9351,2.));
#6273=DIRECTION('',(-0.707106781,-0.707106781,0.));
#6274=DIRECTION('',(0.,0.,1.));
#6275=AXIS2_PLACEMENT_3D('',#6272,#6273,#6274);
#6276=PLANE('',#6275);
#6277=ORIENTED_EDGE('',*,*,#4575,.F.);
#6278=CARTESIAN_POINT('',(65.4,-13.9351,-0.9138));
#6279=DIRECTION('',(-0.577350269,0.577350269,0.577350269));
#6280=VECTOR('',#6279,1.732050808);
#6281=LINE('',#6278,#6280);
#6282=EDGE_CURVE('',#4562,#4330,#6281,.T.);
#6283=ORIENTED_EDGE('',*,*,#6282,.T.);
#6284=ORIENTED_EDGE('',*,*,#4467,.F.);
#6285=CARTESIAN_POINT('',(65.4,-13.9351,6.2862));
#6286=DIRECTION('',(-0.707106781,0.707106781,0.));
#6287=VECTOR('',#6286,1.414213562);
#6288=LINE('',#6285,#6287);
#6289=EDGE_CURVE('',#4570,#4456,#6288,.T.);
#6290=ORIENTED_EDGE('',*,*,#6289,.F.);
#6291=EDGE_LOOP('',(#6277,#6283,#6284,#6290));
#6292=FACE_BOUND('',#6291,.T.);
#6293=ADVANCED_FACE('',(#6292),#6276,.F.);
#6294=CARTESIAN_POINT('',(65.4,-12.1351,6.2862));
#6295=DIRECTION('',(1.,0.,0.));
#6296=DIRECTION('',(0.,0.,-1.));
#6297=AXIS2_PLACEMENT_3D('',#6294,#6295,#6296);
#6298=CONICAL_SURFACE('',#6297,1.8,45.);
#6299=ORIENTED_EDGE('',*,*,#6289,.T.);
#6300=ORIENTED_EDGE('',*,*,#5099,.F.);
#6301=CARTESIAN_POINT('',(65.4,-12.1351,8.0862));
#6302=DIRECTION('',(-0.707106781,0.,-0.707106781));
#6303=VECTOR('',#6302,1.414213562);
#6304=LINE('',#6301,#6303);
#6305=EDGE_CURVE('',#4578,#5053,#6304,.T.);
#6306=ORIENTED_EDGE('',*,*,#6305,.F.);
#6307=ORIENTED_EDGE('',*,*,#4584,.F.);
#6308=EDGE_LOOP('',(#6299,#6300,#6306,#6307));
#6309=FACE_BOUND('',#6308,.T.);
#6310=ADVANCED_FACE('',(#6309),#6298,.F.);
#6311=CARTESIAN_POINT('',(65.4,-20.35,8.0862));
#6312=DIRECTION('',(-0.707106781,0.,0.707106781));
#6313=DIRECTION('',(0.,1.,0.));
#6314=AXIS2_PLACEMENT_3D('',#6311,#6312,#6313);
#6315=PLANE('',#6314);
#6316=ORIENTED_EDGE('',*,*,#6305,.T.);
#6317=ORIENTED_EDGE('',*,*,#5058,.F.);
#6318=CARTESIAN_POINT('',(65.4,-1.8351,8.0862));
#6319=DIRECTION('',(-0.707106781,0.,-0.707106781));
#6320=VECTOR('',#6319,1.414213562);
#6321=LINE('',#6318,#6320);
#6322=EDGE_CURVE('',#4587,#5045,#6321,.T.);
#6323=ORIENTED_EDGE('',*,*,#6322,.F.);
#6324=ORIENTED_EDGE('',*,*,#4592,.F.);
#6325=EDGE_LOOP('',(#6316,#6317,#6323,#6324));
#6326=FACE_BOUND('',#6325,.T.);
#6327=ADVANCED_FACE('',(#6326),#6315,.F.);
#6328=CARTESIAN_POINT('',(65.4,-1.8351,6.2862));
#6329=DIRECTION('',(1.,0.,0.));
#6330=DIRECTION('',(0.,0.,-1.));
#6331=AXIS2_PLACEMENT_3D('',#6328,#6329,#6330);
#6332=CONICAL_SURFACE('',#6331,1.8,45.);
#6333=ORIENTED_EDGE('',*,*,#6322,.T.);
#6334=ORIENTED_EDGE('',*,*,#5081,.F.);
#6335=CARTESIAN_POINT('',(65.4,-0.0351,6.2862));
#6336=DIRECTION('',(-0.707106781,-0.707106781,0.));
#6337=VECTOR('',#6336,1.414213562);
#6338=LINE('',#6335,#6337);
#6339=EDGE_CURVE('',#4552,#4423,#6338,.T.);
#6340=ORIENTED_EDGE('',*,*,#6339,.F.);
#6341=ORIENTED_EDGE('',*,*,#4599,.F.);
#6342=EDGE_LOOP('',(#6333,#6334,#6340,#6341));
#6343=FACE_BOUND('',#6342,.T.);
#6344=ADVANCED_FACE('',(#6343),#6332,.F.);
#6345=CARTESIAN_POINT('',(65.4,-0.0351,2.));
#6346=DIRECTION('',(-0.707106781,0.707106781,0.));
#6347=DIRECTION('',(0.,0.,-1.));
#6348=AXIS2_PLACEMENT_3D('',#6345,#6346,#6347);
#6349=PLANE('',#6348);
#6350=ORIENTED_EDGE('',*,*,#6339,.T.);
#6351=ORIENTED_EDGE('',*,*,#4428,.F.);
#6352=CARTESIAN_POINT('',(64.4,-1.0351,0.0862));
#6353=DIRECTION('',(0.577350269,0.577350269,-0.577350269));
#6354=VECTOR('',#6353,1.732050808);
#6355=LINE('',#6352,#6354);
#6356=EDGE_CURVE('',#4338,#4554,#6355,.T.);
#6357=ORIENTED_EDGE('',*,*,#6356,.T.);
#6358=ORIENTED_EDGE('',*,*,#4559,.F.);
#6359=EDGE_LOOP('',(#6350,#6351,#6357,#6358));
#6360=FACE_BOUND('',#6359,.T.);
#6361=ADVANCED_FACE('',(#6360),#6349,.F.);
#6362=CARTESIAN_POINT('',(64.4,-6.98514097,0.0862));
#6363=DIRECTION('',(0.707106781,0.,0.707106781));
#6364=DIRECTION('',(0.,-1.,0.));
#6365=AXIS2_PLACEMENT_3D('',#6362,#6363,#6364);
#6366=PLANE('',#6365);
#6367=ORIENTED_EDGE('',*,*,#6282,.F.);
#6368=ORIENTED_EDGE('',*,*,#4567,.F.);
#6369=ORIENTED_EDGE('',*,*,#6356,.F.);
#6370=ORIENTED_EDGE('',*,*,#4343,.F.);
#6371=EDGE_LOOP('',(#6367,#6368,#6369,#6370));
#6372=FACE_BOUND('',#6371,.T.);
#6373=ADVANCED_FACE('',(#6372),#6366,.T.);
#6374=CARTESIAN_POINT('',(-1.,-45.7,2.));
#6375=DIRECTION('',(0.,0.,1.));
#6376=DIRECTION('',(1.,0.,-0.));
#6377=AXIS2_PLACEMENT_3D('',#6374,#6375,#6376);
#6378=CYLINDRICAL_SURFACE('',#6377,2.);
#6379=ORIENTED_EDGE('',*,*,#2002,.F.);
#6380=ORIENTED_EDGE('',*,*,#2748,.F.);
#6381=ORIENTED_EDGE('',*,*,#733,.F.);
#6382=ORIENTED_EDGE('',*,*,#2126,.F.);
#6383=EDGE_LOOP('',(#6379,#6380,#6381,#6382));
#6384=FACE_BOUND('',#6383,.T.);
#6385=ADVANCED_FACE('',(#6384),#6378,.T.);
#6386=CARTESIAN_POINT('',(63.4,-45.7,2.));
#6387=DIRECTION('',(0.,0.,1.));
#6388=DIRECTION('',(1.,0.,-0.));
#6389=AXIS2_PLACEMENT_3D('',#6386,#6387,#6388);
#6390=CYLINDRICAL_SURFACE('',#6389,2.);
#6391=ORIENTED_EDGE('',*,*,#2019,.F.);
#6392=ORIENTED_EDGE('',*,*,#2119,.F.);
#6393=ORIENTED_EDGE('',*,*,#718,.F.);
#6394=ORIENTED_EDGE('',*,*,#4615,.F.);
#6395=EDGE_LOOP('',(#6391,#6392,#6393,#6394));
#6396=FACE_BOUND('',#6395,.T.);
#6397=ADVANCED_FACE('',(#6396),#6390,.T.);
#6398=CARTESIAN_POINT('',(63.4,7.,2.));
#6399=DIRECTION('',(0.,0.,-1.));
#6400=DIRECTION('',(-1.,0.,0.));
#6401=AXIS2_PLACEMENT_3D('',#6398,#6399,#6400);
#6402=CYLINDRICAL_SURFACE('',#6401,2.);
#6403=ORIENTED_EDGE('',*,*,#2034,.F.);
#6404=ORIENTED_EDGE('',*,*,#4608,.F.);
#6405=ORIENTED_EDGE('',*,*,#701,.F.);
#6406=ORIENTED_EDGE('',*,*,#1649,.F.);
#6407=EDGE_LOOP('',(#6403,#6404,#6405,#6406));
#6408=FACE_BOUND('',#6407,.T.);
#6409=ADVANCED_FACE('',(#6408),#6402,.T.);
#6410=CARTESIAN_POINT('',(-1.,7.,2.));
#6411=DIRECTION('',(0.,0.,-1.));
#6412=DIRECTION('',(-1.,0.,0.));
#6413=AXIS2_PLACEMENT_3D('',#6410,#6411,#6412);
#6414=CYLINDRICAL_SURFACE('',#6413,2.);
#6415=ORIENTED_EDGE('',*,*,#1985,.F.);
#6416=ORIENTED_EDGE('',*,*,#1635,.F.);
#6417=ORIENTED_EDGE('',*,*,#684,.F.);
#6418=ORIENTED_EDGE('',*,*,#2741,.F.);
#6419=EDGE_LOOP('',(#6415,#6416,#6417,#6418));
#6420=FACE_BOUND('',#6419,.T.);
#6421=ADVANCED_FACE('',(#6420),#6414,.T.);
#6422=CARTESIAN_POINT('',(-0.,6.,5.5));
#6423=DIRECTION('',(0.,0.,-1.));
#6424=DIRECTION('',(-1.,0.,0.));
#6425=AXIS2_PLACEMENT_3D('',#6422,#6423,#6424);
#6426=CYLINDRICAL_SURFACE('',#6425,1.4);
#6427=ORIENTED_EDGE('',*,*,#5522,.T.);
#6428=ORIENTED_EDGE('',*,*,#6059,.F.);
#6429=ORIENTED_EDGE('',*,*,#5547,.F.);
#6430=ORIENTED_EDGE('',*,*,#6042,.F.);
#6431=ORIENTED_EDGE('',*,*,#196,.T.);
#6432=ORIENTED_EDGE('',*,*,#759,.T.);
#6433=EDGE_LOOP('',(#6427,#6428,#6429,#6430,#6431,#6432));
#6434=FACE_BOUND('',#6433,.T.);
#6435=ADVANCED_FACE('',(#6434),#6426,.F.);
#6436=CARTESIAN_POINT('',(-0.,-44.7,5.5));
#6437=DIRECTION('',(0.,0.,-1.));
#6438=DIRECTION('',(-1.,0.,0.));
#6439=AXIS2_PLACEMENT_3D('',#6436,#6437,#6438);
#6440=CYLINDRICAL_SURFACE('',#6439,1.4);
#6441=ORIENTED_EDGE('',*,*,#5708,.T.);
#6442=ORIENTED_EDGE('',*,*,#6086,.F.);
#6443=ORIENTED_EDGE('',*,*,#1367,.T.);
#6444=ORIENTED_EDGE('',*,*,#782,.T.);
#6445=EDGE_LOOP('',(#6441,#6442,#6443,#6444));
#6446=FACE_BOUND('',#6445,.T.);
#6447=ADVANCED_FACE('',(#6446),#6440,.F.);
#6448=CARTESIAN_POINT('',(62.4,-44.7,5.5));
#6449=DIRECTION('',(0.,0.,-1.));
#6450=DIRECTION('',(-1.,0.,0.));
#6451=AXIS2_PLACEMENT_3D('',#6448,#6449,#6450);
#6452=CYLINDRICAL_SURFACE('',#6451,1.4);
#6453=ORIENTED_EDGE('',*,*,#5785,.T.);
#6454=ORIENTED_EDGE('',*,*,#5825,.F.);
#6455=ORIENTED_EDGE('',*,*,#6103,.F.);
#6456=ORIENTED_EDGE('',*,*,#1047,.T.);
#6457=ORIENTED_EDGE('',*,*,#826,.T.);
#6458=EDGE_LOOP('',(#6453,#6454,#6455,#6456,#6457));
#6459=FACE_BOUND('',#6458,.T.);
#6460=ADVANCED_FACE('',(#6459),#6452,.F.);
#6461=CARTESIAN_POINT('',(62.4,6.,5.5));
#6462=DIRECTION('',(0.,0.,-1.));
#6463=DIRECTION('',(-1.,0.,0.));
#6464=AXIS2_PLACEMENT_3D('',#6461,#6462,#6463);
#6465=CYLINDRICAL_SURFACE('',#6464,1.4);
#6466=ORIENTED_EDGE('',*,*,#5850,.T.);
#6467=ORIENTED_EDGE('',*,*,#5930,.F.);
#6468=ORIENTED_EDGE('',*,*,#6129,.F.);
#6469=ORIENTED_EDGE('',*,*,#961,.T.);
#6470=ORIENTED_EDGE('',*,*,#853,.T.);
#6471=EDGE_LOOP('',(#6466,#6467,#6468,#6469,#6470));
#6472=FACE_BOUND('',#6471,.T.);
#6473=ADVANCED_FACE('',(#6472),#6465,.F.);
#6474=CARTESIAN_POINT('',(48.,4.,13.5));
#6475=DIRECTION('',(0.,0.,1.));
#6476=DIRECTION('',(1.,0.,-0.));
#6477=AXIS2_PLACEMENT_3D('',#6474,#6475,#6476);
#6478=CYLINDRICAL_SURFACE('',#6477,3.025);
#6479=ORIENTED_EDGE('',*,*,#6153,.F.);
#6480=ORIENTED_EDGE('',*,*,#1822,.T.);
#6481=ORIENTED_EDGE('',*,*,#436,.T.);
#6482=ORIENTED_EDGE('',*,*,#5288,.F.);
#6483=EDGE_LOOP('',(#6479,#6480,#6481,#6482));
#6484=FACE_BOUND('',#6483,.T.);
#6485=ADVANCED_FACE('',(#6484),#6478,.T.);
#6486=CARTESIAN_POINT('',(8.,4.,13.5));
#6487=DIRECTION('',(0.,0.,1.));
#6488=DIRECTION('',(1.,0.,-0.));
#6489=AXIS2_PLACEMENT_3D('',#6486,#6487,#6488);
#6490=CYLINDRICAL_SURFACE('',#6489,3.025);
#6491=ORIENTED_EDGE('',*,*,#6217,.F.);
#6492=ORIENTED_EDGE('',*,*,#1767,.T.);
#6493=ORIENTED_EDGE('',*,*,#356,.T.);
#6494=ORIENTED_EDGE('',*,*,#5360,.F.);
#6495=EDGE_LOOP('',(#6491,#6492,#6493,#6494));
#6496=FACE_BOUND('',#6495,.T.);
#6497=ADVANCED_FACE('',(#6496),#6490,.T.);
#6498=CLOSED_SHELL('',(#342,#382,#422,#462,#502,#863,#1035,#1189,#1434,#1482,#1522,#1653,#1754,#1910,#2038,#2130,#2161,#2186,#2208,#2345,#2370,#2392,#2411,#2430,#2449,#2480,
#2499,#2518,#2535,#2589,#2607,#2629,#2642,#2666,#2713,#2730,#2856,#2898,#2929,#2961,#2986,#3011,#3035,#3052,#3077,#3099,#3121,#3133,#3150,#3181,#3206,
#3230,#3255,#3279,#3319,#3352,#3381,#3406,#3430,#3447,#3464,#3481,#3498,#3510,#3522,#3547,#3572,#3597,#3614,#3639,#3683,#3700,#3717,#3729,#3746,#3758,
#3770,#3787,#3878,#3900,#3917,#3939,#3956,#3973,#3990,#4002,#4041,#4065,#4096,#4113,#4125,#4156,#4180,#4204,#4228,#4248,#4265,#4277,#4290,#4321,#4361,
#4415,#4447,#4479,#4512,#4545,#4619,#4651,#4682,#4765,#4848,#4870,#4887,#4904,#4916,#4934,#4946,#4968,#4980,#4992,#5014,#5026,#5038,#5069,#5087,#5105,
#5129,#5153,#5185,#5222,#5239,#5251,#5268,#5323,#5340,#5395,#5421,#5438,#5463,#5478,#5510,#5535,#5567,#5599,#5624,#5674,#5696,#5729,#5741,#5773,#5805,
#5838,#5870,#5902,#5935,#5947,#5959,#5971,#5983,#5995,#6007,#6019,#6031,#6047,#6064,#6074,#6091,#6107,#6117,#6133,#6143,#6160,#6172,#6189,#6207,#6224,
#6236,#6253,#6271,#6293,#6310,#6327,#6344,#6361,#6373,#6385,#6397,#6409,#6421,#6435,#6447,#6460,#6473,#6485,#6497));
#6499=MANIFOLD_SOLID_BREP('\X2\5B9E4F53\X0\  847',#6498);
#6500=COLOUR_RGB('',0.627451003,0.627451003,0.643137276);
#6501=FILL_AREA_STYLE_COLOUR('',#6500);
#6502=FILL_AREA_STYLE('',(#6501));
#6503=SURFACE_STYLE_FILL_AREA(#6502);
#6504=SURFACE_SIDE_STYLE('',(#6503));
#6505=SURFACE_STYLE_USAGE(.BOTH.,#6504);
#6506=PRESENTATION_STYLE_ASSIGNMENT((#6505));
#26=STYLED_ITEM('',(#6506),#6499);
#16=SHAPE_REPRESENTATION('root',(#15),#10);
#17=ADVANCED_BREP_SHAPE_REPRESENTATION('root',(#6499),#10);
#6514=SHAPE_REPRESENTATION_RELATIONSHIP('','',#16,#17);
#6515=CARTESIAN_POINT('',(0.,0.,0.));
#6516=DIRECTION('',(0.,0.,1.));
#6517=DIRECTION('',(1.,0.,0.));
#6518=AXIS2_PLACEMENT_3D('',#6515,#6516,#6517);
#6520=MAPPED_ITEM('',#6519,#6518);
#6519=REPRESENTATION_MAP(#6518,#16);
#6521=APPLICATION_CONTEXT('Managed model based 3d engineering');
#6522=APPLICATION_PROTOCOL_DEFINITION('international standard','ap242_managed_model_based_3d_engineering',2014,#6521);
#6523=PRODUCT_CONTEXT('',#6521,'mechanical');
#6524=PRODUCT_DEFINITION_CONTEXT('part definition',#6521,'design');
#24=PRODUCT('root','root','',(#6523));
#6525=PRODUCT_RELATED_PRODUCT_CATEGORY('part','',(#24));
#6526=PRODUCT_DEFINITION_FORMATION_WITH_SPECIFIED_SOURCE('','',#24,.NOT_KNOWN.);
#25=PRODUCT_DEFINITION('design','',#6526,#6524);
#23=PRODUCT_DEFINITION_SHAPE('','',#25);
#6527=SHAPE_DEFINITION_REPRESENTATION(#23,#16);
#11=DRAUGHTING_MODEL('',(#6520),#10);
#6528=DESCRIPTIVE_REPRESENTATION_ITEM('KEY','C:\\Users\\86180\\AppData\\Local\\Packages\\Shapr3D.Shapr3D_j403pzjkqtqbj\\TempState\\e4142b5b-d8b2-42d8-88d0-9bd67847c2fc.tmp');
#6529=PROPERTY_DEFINITION('KEY','',#25);
#6530=REPRESENTATION('',(#6528),#10);
#6531=PROPERTY_DEFINITION_REPRESENTATION(#6529,#6530);
#6532=GENERAL_PROPERTY('','KEY','');
#6533=GENERAL_PROPERTY_ASSOCIATION('','',#6532,#6529);
#1=MECHANICAL_DESIGN_GEOMETRIC_PRESENTATION_REPRESENTATION('',(#26),#10);
ENDSEC;
END-ISO-10303-21;
