ISO-10303-21;
HEADER;

/* File generated by Shapr3D Version 26.170.11783.0 */

FILE_DESCRIPTION(('HOOPS Exchange Step'),'2;1');

FILE_NAME('C:\\Users\\86180\\AppData\\Local\\Packages\\Shapr3D.Shapr3D_j403pzjkqtqbj\\TempState\\export\\temp_export',
'2026-10-03T19:57:49+08:00',
('86180'),
('Shapr3D Limited'),
'HOOPS Exchange 2026.3',
'Shapr3D',
'Authorized');

FILE_SCHEMA( ('AP242_MANAGED_MODEL_BASED_3D_ENGINEERING_MIM_LF {1 0 10303 442 1 1 4}') );

ENDSEC;

DATA;
#3=(NAMED_UNIT(*)PLANE_ANGLE_UNIT()SI_UNIT($,.RADIAN.));
#4=PLANE_ANGLE_MEASURE_WITH_UNIT(PLANE_ANGLE_MEASURE(0.0174532925),#3);
#5=(CONVERSION_BASED_UNIT('DEGREE',#4)NAMED_UNIT(#6)PLANE_ANGLE_UNIT());
#6=DIMENSIONAL_EXPONENTS(0.,0.,0.,0.,0.,0.,0.);
#7=(NAMED_UNIT(*)SI_UNIT($,.STERADIAN.)SOLID_ANGLE_UNIT());
#8=(LENGTH_UNIT()NAMED_UNIT(*)SI_UNIT(.MILLI.,.METRE.));
#9=UNCERTAINTY_MEASURE_WITH_UNIT(LENGTH_MEASURE(1.000000E-05),#8,'DISTANCE_ACCURACY_VALUE','Maximum Tolerance applied to model');
#10=(GEOMETRIC_REPRESENTATION_CONTEXT(3)GLOBAL_UNCERTAINTY_ASSIGNED_CONTEXT((#9))GLOBAL_UNIT_ASSIGNED_CONTEXT((#8,#5,#7))REPRESENTATION_CONTEXT('','root'));
#12=CARTESIAN_POINT('',(0.,0.,0.));
#13=DIRECTION('',(0.,0.,1.));
#14=DIRECTION('',(1.,0.,0.));
#15=AXIS2_PLACEMENT_3D('',#12,#13,#14);
#27=CARTESIAN_POINT('',(-1.,-21.35,2.));
#28=DIRECTION('',(-1.,0.,0.));
#29=DIRECTION('',(0.,0.,1.));
#30=AXIS2_PLACEMENT_3D('',#27,#28,#29);
#31=PLANE('',#30);
#32=CARTESIAN_POINT('',(-1.,-16.639,-2.5));
#33=VERTEX_POINT('',#32);
#34=CARTESIAN_POINT('',(-1.,2.5,-2.5));
#35=VERTEX_POINT('',#34);
#36=CARTESIAN_POINT('',(-1.,-16.639,-2.5));
#37=DIRECTION('',(0.,1.,0.));
#38=VECTOR('',#37,19.139);
#39=LINE('',#36,#38);
#40=EDGE_CURVE('',#33,#35,#39,.T.);
#41=ORIENTED_EDGE('',*,*,#40,.T.);
#42=CARTESIAN_POINT('',(-1.,2.5,5.5));
#43=VERTEX_POINT('',#42);
#44=CARTESIAN_POINT('',(-1.,2.5,-2.5));
#45=DIRECTION('',(-0.,-0.,1.));
#46=VECTOR('',#45,8.);
#47=LINE('',#44,#46);
#48=EDGE_CURVE('',#35,#43,#47,.T.);
#49=ORIENTED_EDGE('',*,*,#48,.T.);
#50=CARTESIAN_POINT('',(-1.,5.169337614,5.5));
#51=VERTEX_POINT('',#50);
#52=CARTESIAN_POINT('',(-1.,2.5,5.5));
#53=DIRECTION('',(0.,1.,0.));
#54=VECTOR('',#53,2.669337614);
#55=LINE('',#52,#54);
#56=EDGE_CURVE('',#43,#51,#55,.T.);
#57=ORIENTED_EDGE('',*,*,#56,.T.);
#58=CARTESIAN_POINT('',(-1.,6.830662386,5.5));
#59=VERTEX_POINT('',#58);
#60=CARTESIAN_POINT('',(-1.,5.169337614,5.5));
#61=DIRECTION('',(0.,1.,0.));
#62=VECTOR('',#61,1.661324773);
#63=LINE('',#60,#62);
#64=EDGE_CURVE('',#51,#59,#63,.T.);
#65=ORIENTED_EDGE('',*,*,#64,.T.);
#66=CARTESIAN_POINT('',(-1.,6.830662386,-2.5));
#67=VERTEX_POINT('',#66);
#68=CARTESIAN_POINT('',(-1.,6.830662386,5.5));
#69=DIRECTION('',(0.,0.,-1.));
#70=VECTOR('',#69,8.);
#71=LINE('',#68,#70);
#72=EDGE_CURVE('',#59,#67,#71,.T.);
#73=ORIENTED_EDGE('',*,*,#72,.T.);
#74=CARTESIAN_POINT('',(-1.,7.,-2.5));
#75=VERTEX_POINT('',#74);
#76=CARTESIAN_POINT('',(-1.,6.830662386,-2.5));
#77=DIRECTION('',(0.,1.,0.));
#78=VECTOR('',#77,0.169337614);
#79=LINE('',#76,#78);
#80=EDGE_CURVE('',#67,#75,#79,.T.);
#81=ORIENTED_EDGE('',*,*,#80,.T.);
#82=CARTESIAN_POINT('',(-1.,7.,16.5));
#83=VERTEX_POINT('',#82);
#84=CARTESIAN_POINT('',(-1.,7.,16.5));
#85=DIRECTION('',(0.,0.,-1.));
#86=VECTOR('',#85,19.);
#87=LINE('',#84,#86);
#88=EDGE_CURVE('',#83,#75,#87,.T.);
#89=ORIENTED_EDGE('',*,*,#88,.F.);
#90=CARTESIAN_POINT('',(-1.,-45.7,16.5));
#91=VERTEX_POINT('',#90);
#92=CARTESIAN_POINT('',(-1.,-45.7,16.5));
#93=DIRECTION('',(0.,1.,0.));
#94=VECTOR('',#93,52.7);
#95=LINE('',#92,#94);
#96=EDGE_CURVE('',#91,#83,#95,.T.);
#97=ORIENTED_EDGE('',*,*,#96,.F.);
#98=CARTESIAN_POINT('',(-1.,-45.7,-2.5));
#99=VERTEX_POINT('',#98);
#100=CARTESIAN_POINT('',(-1.,-45.7,16.5));
#101=DIRECTION('',(0.,0.,-1.));
#102=VECTOR('',#101,19.);
#103=LINE('',#100,#102);
#104=EDGE_CURVE('',#91,#99,#103,.T.);
#105=ORIENTED_EDGE('',*,*,#104,.T.);
#106=CARTESIAN_POINT('',(-1.,-45.530662386,-2.5));
#107=VERTEX_POINT('',#106);
#108=CARTESIAN_POINT('',(-1.,-45.7,-2.5));
#109=DIRECTION('',(0.,1.,0.));
#110=VECTOR('',#109,0.169337614);
#111=LINE('',#108,#110);
#112=EDGE_CURVE('',#99,#107,#111,.T.);
#113=ORIENTED_EDGE('',*,*,#112,.T.);
#114=CARTESIAN_POINT('',(-1.,-45.530662386,5.5));
#115=VERTEX_POINT('',#114);
#116=CARTESIAN_POINT('',(-1.,-45.530662386,5.5));
#117=DIRECTION('',(0.,0.,-1.));
#118=VECTOR('',#117,8.);
#119=LINE('',#116,#118);
#120=EDGE_CURVE('',#115,#107,#119,.T.);
#121=ORIENTED_EDGE('',*,*,#120,.F.);
#122=CARTESIAN_POINT('',(-1.,-43.869337614,5.5));
#123=VERTEX_POINT('',#122);
#124=CARTESIAN_POINT('',(-1.,-45.530662386,5.5));
#125=DIRECTION('',(0.,1.,0.));
#126=VECTOR('',#125,1.661324773);
#127=LINE('',#124,#126);
#128=EDGE_CURVE('',#115,#123,#127,.T.);
#129=ORIENTED_EDGE('',*,*,#128,.T.);
#130=CARTESIAN_POINT('',(-1.,-41.741960108,5.5));
#131=VERTEX_POINT('',#130);
#132=CARTESIAN_POINT('',(-1.,-43.869337614,5.5));
#133=DIRECTION('',(0.,1.,0.));
#134=VECTOR('',#133,2.127377505);
#135=LINE('',#132,#134);
#136=EDGE_CURVE('',#123,#131,#135,.T.);
#137=ORIENTED_EDGE('',*,*,#136,.T.);
#138=CARTESIAN_POINT('',(-1.,-41.741960108,-2.5));
#139=VERTEX_POINT('',#138);
#140=CARTESIAN_POINT('',(-1.,-41.741960108,5.5));
#141=DIRECTION('',(0.,0.,-1.));
#142=VECTOR('',#141,8.);
#143=LINE('',#140,#142);
#144=EDGE_CURVE('',#131,#139,#143,.T.);
#145=ORIENTED_EDGE('',*,*,#144,.T.);
#146=CARTESIAN_POINT('',(-1.,-41.4306,-2.5));
#147=VERTEX_POINT('',#146);
#148=CARTESIAN_POINT('',(-1.,-41.741960108,-2.5));
#149=DIRECTION('',(0.,1.,0.));
#150=VECTOR('',#149,0.311360108);
#151=LINE('',#148,#150);
#152=EDGE_CURVE('',#139,#147,#151,.T.);
#153=ORIENTED_EDGE('',*,*,#152,.T.);
#154=CARTESIAN_POINT('',(-1.,-41.4306,12.1862));
#155=VERTEX_POINT('',#154);
#156=CARTESIAN_POINT('',(-1.,-41.4306,12.1862));
#157=DIRECTION('',(0.,0.,-1.));
#158=VECTOR('',#157,14.6862);
#159=LINE('',#156,#158);
#160=EDGE_CURVE('',#155,#147,#159,.T.);
#161=ORIENTED_EDGE('',*,*,#160,.F.);
#162=CARTESIAN_POINT('',(-1.,-32.2306,12.1862));
#163=VERTEX_POINT('',#162);
#164=CARTESIAN_POINT('',(-1.,-41.4306,12.1862));
#165=DIRECTION('',(0.,1.,0.));
#166=VECTOR('',#165,9.2);
#167=LINE('',#164,#166);
#168=EDGE_CURVE('',#155,#163,#167,.T.);
#169=ORIENTED_EDGE('',*,*,#168,.T.);
#170=CARTESIAN_POINT('',(-1.,-32.2306,1.086154543));
#171=VERTEX_POINT('',#170);
#172=CARTESIAN_POINT('',(-1.,-32.2306,1.086154543));
#173=DIRECTION('',(0.,0.,1.));
#174=VECTOR('',#173,11.100045457);
#175=LINE('',#172,#174);
#176=EDGE_CURVE('',#171,#163,#175,.T.);
#177=ORIENTED_EDGE('',*,*,#176,.F.);
#178=CARTESIAN_POINT('',(-1.,-25.779078542,1.086154543));
#179=VERTEX_POINT('',#178);
#180=CARTESIAN_POINT('',(-1.,-32.2306,1.086156986));
#181=DIRECTION('',(0.,1.,0.));
#182=VECTOR('',#181,6.451521458);
#183=LINE('',#180,#182);
#184=EDGE_CURVE('',#171,#179,#183,.T.);
#185=ORIENTED_EDGE('',*,*,#184,.T.);
#186=CARTESIAN_POINT('',(-1.,-25.779078542,2.086156986));
#187=VERTEX_POINT('',#186);
#188=CARTESIAN_POINT('',(-1.,-25.779078542,2.086156986));
#189=DIRECTION('',(0.,0.,-1.));
#190=VECTOR('',#189,1.000002443);
#191=LINE('',#188,#190);
#192=EDGE_CURVE('',#187,#179,#191,.T.);
#193=ORIENTED_EDGE('',*,*,#192,.F.);
#194=CARTESIAN_POINT('',(-1.,-25.779078542,2.9));
#195=VERTEX_POINT('',#194);
#196=CARTESIAN_POINT('',(-1.,-25.779078542,2.9));
#197=DIRECTION('',(0.,0.,-1.));
#198=VECTOR('',#197,0.813843014);
#199=LINE('',#196,#198);
#200=EDGE_CURVE('',#195,#187,#199,.T.);
#201=ORIENTED_EDGE('',*,*,#200,.F.);
#202=CARTESIAN_POINT('',(-1.,-24.779078542,3.9));
#203=VERTEX_POINT('',#202);
#204=CARTESIAN_POINT('',(-1.,-24.779078542,2.9));
#205=DIRECTION('',(-1.,0.,0.));
#206=DIRECTION('',(0.,0.,1.));
#207=AXIS2_PLACEMENT_3D('',#204,#205,#206);
#208=CIRCLE('',#207,1.);
#209=EDGE_CURVE('',#195,#203,#208,.T.);
#210=ORIENTED_EDGE('',*,*,#209,.T.);
#211=CARTESIAN_POINT('',(-1.,-17.639,3.9));
#212=VERTEX_POINT('',#211);
#213=CARTESIAN_POINT('',(-1.,-17.639,3.9));
#214=DIRECTION('',(0.,-1.,0.));
#215=VECTOR('',#214,7.140078542);
#216=LINE('',#213,#215);
#217=EDGE_CURVE('',#212,#203,#216,.T.);
#218=ORIENTED_EDGE('',*,*,#217,.F.);
#219=CARTESIAN_POINT('',(-1.,-16.639,2.9));
#220=VERTEX_POINT('',#219);
#221=CARTESIAN_POINT('',(-1.,-17.639,2.9));
#222=DIRECTION('',(-1.,0.,0.));
#223=DIRECTION('',(0.,0.,1.));
#224=AXIS2_PLACEMENT_3D('',#221,#222,#223);
#225=CIRCLE('',#224,1.);
#226=EDGE_CURVE('',#212,#220,#225,.T.);
#227=ORIENTED_EDGE('',*,*,#226,.T.);
#228=CARTESIAN_POINT('',(-1.,-16.639,2.086156986));
#229=VERTEX_POINT('',#228);
#230=CARTESIAN_POINT('',(-1.,-16.639,2.086156986));
#231=DIRECTION('',(0.,0.,1.));
#232=VECTOR('',#231,0.813843014);
#233=LINE('',#230,#232);
#234=EDGE_CURVE('',#229,#220,#233,.T.);
#235=ORIENTED_EDGE('',*,*,#234,.F.);
#236=CARTESIAN_POINT('',(-1.,-16.639,1.086154543));
#237=VERTEX_POINT('',#236);
#238=CARTESIAN_POINT('',(-1.,-16.639,1.086154543));
#239=DIRECTION('',(0.,0.,1.));
#240=VECTOR('',#239,1.000002443);
#241=LINE('',#238,#240);
#242=EDGE_CURVE('',#237,#229,#241,.T.);
#243=ORIENTED_EDGE('',*,*,#242,.F.);
#244=CARTESIAN_POINT('',(-1.,-15.,1.086154543));
#245=VERTEX_POINT('',#244);
#246=CARTESIAN_POINT('',(-1.,-16.639,1.086156986));
#247=DIRECTION('',(0.,1.,0.));
#248=VECTOR('',#247,1.639);
#249=LINE('',#246,#248);
#250=EDGE_CURVE('',#237,#245,#249,.T.);
#251=ORIENTED_EDGE('',*,*,#250,.T.);
#252=CARTESIAN_POINT('',(-1.,-15.,5.086154543));
#253=VERTEX_POINT('',#252);
#254=CARTESIAN_POINT('',(-1.,-15.,5.086154543));
#255=DIRECTION('',(0.,0.,-1.));
#256=VECTOR('',#255,4.);
#257=LINE('',#254,#256);
#258=EDGE_CURVE('',#253,#245,#257,.T.);
#259=ORIENTED_EDGE('',*,*,#258,.F.);
#260=CARTESIAN_POINT('',(-1.,-9.,5.086154543));
#261=VERTEX_POINT('',#260);
#262=CARTESIAN_POINT('',(-1.,-15.,5.086154543));
#263=DIRECTION('',(0.,1.,0.));
#264=VECTOR('',#263,6.);
#265=LINE('',#262,#264);
#266=EDGE_CURVE('',#253,#261,#265,.T.);
#267=ORIENTED_EDGE('',*,*,#266,.T.);
#268=CARTESIAN_POINT('',(-1.,-9.,1.086154543));
#269=VERTEX_POINT('',#268);
#270=CARTESIAN_POINT('',(-1.,-9.,5.086154543));
#271=DIRECTION('',(0.,0.,-1.));
#272=VECTOR('',#271,4.);
#273=LINE('',#270,#272);
#274=EDGE_CURVE('',#261,#269,#273,.T.);
#275=ORIENTED_EDGE('',*,*,#274,.T.);
#276=CARTESIAN_POINT('',(-1.,-1.739042418,1.086154543));
#277=VERTEX_POINT('',#276);
#278=CARTESIAN_POINT('',(-1.,-9.,1.086156986));
#279=DIRECTION('',(0.,1.,0.));
#280=VECTOR('',#279,7.260957582);
#281=LINE('',#278,#280);
#282=EDGE_CURVE('',#269,#277,#281,.T.);
#283=ORIENTED_EDGE('',*,*,#282,.T.);
#284=CARTESIAN_POINT('',(-1.,-1.739042418,-1.013843014));
#285=VERTEX_POINT('',#284);
#286=CARTESIAN_POINT('',(-1.,-1.739042418,1.086154543));
#287=DIRECTION('',(0.,0.,-1.));
#288=VECTOR('',#287,2.099997557);
#289=LINE('',#286,#288);
#290=EDGE_CURVE('',#277,#285,#289,.T.);
#291=ORIENTED_EDGE('',*,*,#290,.T.);
#292=CARTESIAN_POINT('',(-1.,-16.639,-1.013843014));
#293=VERTEX_POINT('',#292);
#294=CARTESIAN_POINT('',(-1.,-1.739042418,-1.013843014));
#295=DIRECTION('',(0.,-1.,0.));
#296=VECTOR('',#295,14.899957582);
#297=LINE('',#294,#296);
#298=EDGE_CURVE('',#285,#293,#297,.T.);
#299=ORIENTED_EDGE('',*,*,#298,.T.);
#300=CARTESIAN_POINT('',(-1.,-16.639,-2.5));
#301=DIRECTION('',(0.,0.,1.));
#302=VECTOR('',#301,1.486156986);
#303=LINE('',#300,#302);
#304=EDGE_CURVE('',#33,#293,#303,.T.);
#305=ORIENTED_EDGE('',*,*,#304,.F.);
#306=EDGE_LOOP('',(#41,#49,#57,#65,#73,#81,#89,#97,#105,#113,#121,#129,#137,#145,#153,#161,#169,#177,#185,#193,#201,#210,#218,#227,#235,#243,
#251,#259,#267,#275,#283,#291,#299,#305));
#307=FACE_BOUND('',#306,.T.);
#308=ADVANCED_FACE('',(#307),#31,.F.);
#309=CARTESIAN_POINT('',(-2.1,-7.0695,-4.));
#310=DIRECTION('',(1.,-0.,0.));
#311=DIRECTION('',(0.,1.,0.));
#312=AXIS2_PLACEMENT_3D('',#309,#310,#311);
#313=PLANE('',#312);
#314=CARTESIAN_POINT('',(-2.1,-16.639,-2.5));
#315=VERTEX_POINT('',#314);
#316=CARTESIAN_POINT('',(-2.1,2.5,-2.5));
#317=VERTEX_POINT('',#316);
#318=CARTESIAN_POINT('',(-2.1,-16.639,-2.5));
#319=DIRECTION('',(0.,1.,0.));
#320=VECTOR('',#319,19.139);
#321=LINE('',#318,#320);
#322=EDGE_CURVE('',#315,#317,#321,.T.);
#323=ORIENTED_EDGE('',*,*,#322,.F.);
#324=CARTESIAN_POINT('',(-2.1,-16.639,-3.506454219));
#325=VERTEX_POINT('',#324);
#326=CARTESIAN_POINT('',(-2.1,-16.639,-3.506454219));
#327=DIRECTION('',(0.,0.,1.));
#328=VECTOR('',#327,1.006454219);
#329=LINE('',#326,#328);
#330=EDGE_CURVE('',#325,#315,#329,.T.);
#331=ORIENTED_EDGE('',*,*,#330,.F.);
#332=CARTESIAN_POINT('',(-2.1,-15.381966011,-4.));
#333=VERTEX_POINT('',#332);
#334=CARTESIAN_POINT('',(-2.1,-16.5,-5.));
#335=DIRECTION('',(1.,-0.,0.));
#336=DIRECTION('',(0.,1.,0.));
#337=AXIS2_PLACEMENT_3D('',#334,#335,#336);
#338=CIRCLE('',#337,1.5);
#339=EDGE_CURVE('',#333,#325,#338,.T.);
#340=ORIENTED_EDGE('',*,*,#339,.F.);
#341=CARTESIAN_POINT('',(-2.1,-11.618033989,-4.));
#342=VERTEX_POINT('',#341);
#343=CARTESIAN_POINT('',(-2.1,-15.381966011,-4.));
#344=DIRECTION('',(0.,1.,0.));
#345=VECTOR('',#344,3.763932023);
#346=LINE('',#343,#345);
#347=EDGE_CURVE('',#333,#342,#346,.T.);
#348=ORIENTED_EDGE('',*,*,#347,.T.);
#349=CARTESIAN_POINT('',(-2.1,-9.381966011,-4.));
#350=VERTEX_POINT('',#349);
#351=CARTESIAN_POINT('',(-2.1,-10.5,-5.));
#352=DIRECTION('',(1.,-0.,0.));
#353=DIRECTION('',(0.,1.,0.));
#354=AXIS2_PLACEMENT_3D('',#351,#352,#353);
#355=CIRCLE('',#354,1.5);
#356=EDGE_CURVE('',#350,#342,#355,.T.);
#357=ORIENTED_EDGE('',*,*,#356,.F.);
#358=CARTESIAN_POINT('',(-2.1,-5.618033989,-4.));
#359=VERTEX_POINT('',#358);
#360=CARTESIAN_POINT('',(-2.1,-9.381966011,-4.));
#361=DIRECTION('',(0.,1.,0.));
#362=VECTOR('',#361,3.763932023);
#363=LINE('',#360,#362);
#364=EDGE_CURVE('',#350,#359,#363,.T.);
#365=ORIENTED_EDGE('',*,*,#364,.T.);
#366=CARTESIAN_POINT('',(-2.1,-3.381966011,-4.));
#367=VERTEX_POINT('',#366);
#368=CARTESIAN_POINT('',(-2.1,-4.5,-5.));
#369=DIRECTION('',(1.,-0.,0.));
#370=DIRECTION('',(0.,1.,0.));
#371=AXIS2_PLACEMENT_3D('',#368,#369,#370);
#372=CIRCLE('',#371,1.5);
#373=EDGE_CURVE('',#367,#359,#372,.T.);
#374=ORIENTED_EDGE('',*,*,#373,.F.);
#375=CARTESIAN_POINT('',(-2.1,2.5,-4.));
#376=VERTEX_POINT('',#375);
#377=CARTESIAN_POINT('',(-2.1,-3.381966011,-4.));
#378=DIRECTION('',(0.,1.,0.));
#379=VECTOR('',#378,5.881966011);
#380=LINE('',#377,#379);
#381=EDGE_CURVE('',#367,#376,#380,.T.);
#382=ORIENTED_EDGE('',*,*,#381,.T.);
#383=CARTESIAN_POINT('',(-2.1,2.5,-4.));
#384=DIRECTION('',(0.,0.,1.));
#385=VECTOR('',#384,1.5);
#386=LINE('',#383,#385);
#387=EDGE_CURVE('',#376,#317,#386,.T.);
#388=ORIENTED_EDGE('',*,*,#387,.T.);
#389=EDGE_LOOP('',(#323,#331,#340,#348,#357,#365,#374,#382,#388));
#390=FACE_BOUND('',#389,.T.);
#391=ADVANCED_FACE('',(#390),#313,.T.);
#392=CARTESIAN_POINT('',(0.,0.,-2.5));
#393=DIRECTION('',(0.,0.,1.));
#394=DIRECTION('',(-1.,0.,0.));
#395=AXIS2_PLACEMENT_3D('',#392,#393,#394);
#396=PLANE('',#395);
#397=CARTESIAN_POINT('',(-1.3,6.,-2.5));
#398=VERTEX_POINT('',#397);
#399=CARTESIAN_POINT('',(-0.,6.,-2.5));
#400=DIRECTION('',(-0.,-0.,-1.));
#401=DIRECTION('',(1.,0.,-0.));
#402=AXIS2_PLACEMENT_3D('',#399,#400,#401);
#403=CIRCLE('',#402,1.3);
#404=EDGE_CURVE('',#398,#67,#403,.T.);
#405=ORIENTED_EDGE('',*,*,#404,.F.);
#406=CARTESIAN_POINT('',(-0.830662386,7.,-2.5));
#407=VERTEX_POINT('',#406);
#408=CARTESIAN_POINT('',(-0.,6.,-2.5));
#409=DIRECTION('',(-0.,-0.,-1.));
#410=DIRECTION('',(1.,0.,-0.));
#411=AXIS2_PLACEMENT_3D('',#408,#409,#410);
#412=CIRCLE('',#411,1.3);
#413=EDGE_CURVE('',#407,#398,#412,.T.);
#414=ORIENTED_EDGE('',*,*,#413,.F.);
#415=CARTESIAN_POINT('',(-0.830662386,7.,-2.5));
#416=DIRECTION('',(-1.,-0.,0.));
#417=VECTOR('',#416,0.169337614);
#418=LINE('',#415,#417);
#419=EDGE_CURVE('',#407,#75,#418,.T.);
#420=ORIENTED_EDGE('',*,*,#419,.T.);
#421=ORIENTED_EDGE('',*,*,#80,.F.);
#422=EDGE_LOOP('',(#405,#414,#420,#421));
#423=FACE_BOUND('',#422,.T.);
#424=CARTESIAN_POINT('',(63.4,7.,-2.5));
#425=VERTEX_POINT('',#424);
#426=CARTESIAN_POINT('',(63.230662386,7.,-2.5));
#427=VERTEX_POINT('',#426);
#428=CARTESIAN_POINT('',(63.4,7.,-2.5));
#429=DIRECTION('',(-1.,-0.,0.));
#430=VECTOR('',#429,0.169337614);
#431=LINE('',#428,#430);
#432=EDGE_CURVE('',#425,#427,#431,.T.);
#433=ORIENTED_EDGE('',*,*,#432,.T.);
#434=CARTESIAN_POINT('',(61.1,6.,-2.5));
#435=VERTEX_POINT('',#434);
#436=CARTESIAN_POINT('',(62.4,6.,-2.5));
#437=DIRECTION('',(-0.,-0.,-1.));
#438=DIRECTION('',(1.,0.,-0.));
#439=AXIS2_PLACEMENT_3D('',#436,#437,#438);
#440=CIRCLE('',#439,1.3);
#441=EDGE_CURVE('',#435,#427,#440,.T.);
#442=ORIENTED_EDGE('',*,*,#441,.F.);
#443=CARTESIAN_POINT('',(63.4,6.830662386,-2.5));
#444=VERTEX_POINT('',#443);
#445=CARTESIAN_POINT('',(62.4,6.,-2.5));
#446=DIRECTION('',(-0.,-0.,-1.));
#447=DIRECTION('',(1.,0.,-0.));
#448=AXIS2_PLACEMENT_3D('',#445,#446,#447);
#449=CIRCLE('',#448,1.3);
#450=EDGE_CURVE('',#444,#435,#449,.T.);
#451=ORIENTED_EDGE('',*,*,#450,.F.);
#452=CARTESIAN_POINT('',(63.4,7.,-2.5));
#453=DIRECTION('',(0.,-1.,0.));
#454=VECTOR('',#453,0.169337614);
#455=LINE('',#452,#454);
#456=EDGE_CURVE('',#425,#444,#455,.T.);
#457=ORIENTED_EDGE('',*,*,#456,.F.);
#458=EDGE_LOOP('',(#433,#442,#451,#457));
#459=FACE_BOUND('',#458,.T.);
#460=CARTESIAN_POINT('',(-0.,3.5,-2.5));
#461=VERTEX_POINT('',#460);
#462=CARTESIAN_POINT('',(-0.,2.5,-2.5));
#463=DIRECTION('',(-0.,-0.,-1.));
#464=DIRECTION('',(1.,0.,-0.));
#465=AXIS2_PLACEMENT_3D('',#462,#463,#464);
#466=CIRCLE('',#465,1.);
#467=EDGE_CURVE('',#35,#461,#466,.T.);
#468=ORIENTED_EDGE('',*,*,#467,.F.);
#469=ORIENTED_EDGE('',*,*,#40,.F.);
#470=CARTESIAN_POINT('',(-1.,-16.639,-2.5));
#471=DIRECTION('',(-1.,0.,0.));
#472=VECTOR('',#471,1.1);
#473=LINE('',#470,#472);
#474=EDGE_CURVE('',#33,#315,#473,.T.);
#475=ORIENTED_EDGE('',*,*,#474,.T.);
#476=ORIENTED_EDGE('',*,*,#322,.T.);
#477=CARTESIAN_POINT('',(-3.,2.5,-2.5));
#478=VERTEX_POINT('',#477);
#479=CARTESIAN_POINT('',(-2.1,2.5,-2.5));
#480=DIRECTION('',(-1.,-0.,0.));
#481=VECTOR('',#480,0.9);
#482=LINE('',#479,#481);
#483=EDGE_CURVE('',#317,#478,#482,.T.);
#484=ORIENTED_EDGE('',*,*,#483,.T.);
#485=CARTESIAN_POINT('',(-3.,7.,-2.5));
#486=VERTEX_POINT('',#485);
#487=CARTESIAN_POINT('',(-3.,7.,-2.5));
#488=DIRECTION('',(0.,-1.,0.));
#489=VECTOR('',#488,4.5);
#490=LINE('',#487,#489);
#491=EDGE_CURVE('',#486,#478,#490,.T.);
#492=ORIENTED_EDGE('',*,*,#491,.F.);
#493=CARTESIAN_POINT('',(-1.,9.,-2.5));
#494=VERTEX_POINT('',#493);
#495=CARTESIAN_POINT('',(-1.,7.,-2.5));
#496=DIRECTION('',(-0.,-0.,-1.));
#497=DIRECTION('',(1.,0.,-0.));
#498=AXIS2_PLACEMENT_3D('',#495,#496,#497);
#499=CIRCLE('',#498,2.);
#500=EDGE_CURVE('',#486,#494,#499,.T.);
#501=ORIENTED_EDGE('',*,*,#500,.T.);
#502=CARTESIAN_POINT('',(3.5,9.,-2.5));
#503=VERTEX_POINT('',#502);
#504=CARTESIAN_POINT('',(3.5,9.,-2.5));
#505=DIRECTION('',(-1.,0.,0.));
#506=VECTOR('',#505,4.5);
#507=LINE('',#504,#506);
#508=EDGE_CURVE('',#503,#494,#507,.T.);
#509=ORIENTED_EDGE('',*,*,#508,.F.);
#510=CARTESIAN_POINT('',(3.5,8.1,-2.5));
#511=VERTEX_POINT('',#510);
#512=CARTESIAN_POINT('',(3.5,8.1,-2.5));
#513=DIRECTION('',(-0.,1.,0.));
#514=VECTOR('',#513,0.9);
#515=LINE('',#512,#514);
#516=EDGE_CURVE('',#511,#503,#515,.T.);
#517=ORIENTED_EDGE('',*,*,#516,.F.);
#518=CARTESIAN_POINT('',(58.9,8.1,-2.5));
#519=VERTEX_POINT('',#518);
#520=CARTESIAN_POINT('',(3.5,8.1,-2.5));
#521=DIRECTION('',(1.,0.,-0.));
#522=VECTOR('',#521,55.4);
#523=LINE('',#520,#522);
#524=EDGE_CURVE('',#511,#519,#523,.T.);
#525=ORIENTED_EDGE('',*,*,#524,.T.);
#526=CARTESIAN_POINT('',(58.9,9.,-2.5));
#527=VERTEX_POINT('',#526);
#528=CARTESIAN_POINT('',(58.9,8.1,-2.5));
#529=DIRECTION('',(0.,1.,0.));
#530=VECTOR('',#529,0.9);
#531=LINE('',#528,#530);
#532=EDGE_CURVE('',#519,#527,#531,.T.);
#533=ORIENTED_EDGE('',*,*,#532,.T.);
#534=CARTESIAN_POINT('',(63.4,9.,-2.5));
#535=VERTEX_POINT('',#534);
#536=CARTESIAN_POINT('',(63.4,9.,-2.5));
#537=DIRECTION('',(-1.,0.,0.));
#538=VECTOR('',#537,4.5);
#539=LINE('',#536,#538);
#540=EDGE_CURVE('',#535,#527,#539,.T.);
#541=ORIENTED_EDGE('',*,*,#540,.F.);
#542=CARTESIAN_POINT('',(65.4,7.,-2.5));
#543=VERTEX_POINT('',#542);
#544=CARTESIAN_POINT('',(63.4,7.,-2.5));
#545=DIRECTION('',(-0.,-0.,-1.));
#546=DIRECTION('',(1.,0.,-0.));
#547=AXIS2_PLACEMENT_3D('',#544,#545,#546);
#548=CIRCLE('',#547,2.);
#549=EDGE_CURVE('',#535,#543,#548,.T.);
#550=ORIENTED_EDGE('',*,*,#549,.T.);
#551=CARTESIAN_POINT('',(65.4,2.5,-2.5));
#552=VERTEX_POINT('',#551);
#553=CARTESIAN_POINT('',(65.4,2.5,-2.5));
#554=DIRECTION('',(0.,1.,0.));
#555=VECTOR('',#554,4.5);
#556=LINE('',#553,#555);
#557=EDGE_CURVE('',#552,#543,#556,.T.);
#558=ORIENTED_EDGE('',*,*,#557,.F.);
#559=CARTESIAN_POINT('',(64.5,2.5,-2.5));
#560=VERTEX_POINT('',#559);
#561=CARTESIAN_POINT('',(64.5,2.5,-2.5));
#562=DIRECTION('',(1.,-0.,0.));
#563=VECTOR('',#562,0.9);
#564=LINE('',#561,#563);
#565=EDGE_CURVE('',#560,#552,#564,.T.);
#566=ORIENTED_EDGE('',*,*,#565,.F.);
#567=CARTESIAN_POINT('',(64.5,-1.0351,-2.5));
#568=VERTEX_POINT('',#567);
#569=CARTESIAN_POINT('',(64.5,-1.0351,-2.5));
#570=DIRECTION('',(0.,1.,0.));
#571=VECTOR('',#570,3.5351);
#572=LINE('',#569,#571);
#573=EDGE_CURVE('',#568,#560,#572,.T.);
#574=ORIENTED_EDGE('',*,*,#573,.F.);
#575=CARTESIAN_POINT('',(63.4,-1.0351,-2.5));
#576=VERTEX_POINT('',#575);
#577=CARTESIAN_POINT('',(64.5,-1.0351,-2.5));
#578=DIRECTION('',(-1.,0.,0.));
#579=VECTOR('',#578,1.1);
#580=LINE('',#577,#579);
#581=EDGE_CURVE('',#568,#576,#580,.T.);
#582=ORIENTED_EDGE('',*,*,#581,.T.);
#583=CARTESIAN_POINT('',(63.4,2.5,-2.5));
#584=VERTEX_POINT('',#583);
#585=CARTESIAN_POINT('',(63.4,2.5,-2.5));
#586=DIRECTION('',(0.,-1.,0.));
#587=VECTOR('',#586,3.5351);
#588=LINE('',#585,#587);
#589=EDGE_CURVE('',#584,#576,#588,.T.);
#590=ORIENTED_EDGE('',*,*,#589,.F.);
#591=CARTESIAN_POINT('',(62.4,3.5,-2.5));
#592=VERTEX_POINT('',#591);
#593=CARTESIAN_POINT('',(62.4,2.5,-2.5));
#594=DIRECTION('',(-0.,-0.,-1.));
#595=DIRECTION('',(1.,0.,-0.));
#596=AXIS2_PLACEMENT_3D('',#593,#594,#595);
#597=CIRCLE('',#596,1.);
#598=EDGE_CURVE('',#592,#584,#597,.T.);
#599=ORIENTED_EDGE('',*,*,#598,.F.);
#600=CARTESIAN_POINT('',(59.9,6.,-2.5));
#601=VERTEX_POINT('',#600);
#602=CARTESIAN_POINT('',(62.4,6.,-2.5));
#603=DIRECTION('',(-0.,-0.,-1.));
#604=DIRECTION('',(1.,0.,-0.));
#605=AXIS2_PLACEMENT_3D('',#602,#603,#604);
#606=CIRCLE('',#605,2.5);
#607=EDGE_CURVE('',#592,#601,#606,.T.);
#608=ORIENTED_EDGE('',*,*,#607,.T.);
#609=CARTESIAN_POINT('',(58.9,7.,-2.5));
#610=VERTEX_POINT('',#609);
#611=CARTESIAN_POINT('',(58.9,6.,-2.5));
#612=DIRECTION('',(-0.,-0.,-1.));
#613=DIRECTION('',(1.,0.,-0.));
#614=AXIS2_PLACEMENT_3D('',#611,#612,#613);
#615=CIRCLE('',#614,1.);
#616=EDGE_CURVE('',#610,#601,#615,.T.);
#617=ORIENTED_EDGE('',*,*,#616,.F.);
#618=CARTESIAN_POINT('',(3.5,7.,-2.5));
#619=VERTEX_POINT('',#618);
#620=CARTESIAN_POINT('',(58.9,7.,-2.5));
#621=DIRECTION('',(-1.,-0.,0.));
#622=VECTOR('',#621,55.4);
#623=LINE('',#620,#622);
#624=EDGE_CURVE('',#610,#619,#623,.T.);
#625=ORIENTED_EDGE('',*,*,#624,.T.);
#626=CARTESIAN_POINT('',(2.5,6.,-2.5));
#627=VERTEX_POINT('',#626);
#628=CARTESIAN_POINT('',(3.5,6.,-2.5));
#629=DIRECTION('',(-0.,-0.,-1.));
#630=DIRECTION('',(1.,0.,-0.));
#631=AXIS2_PLACEMENT_3D('',#628,#629,#630);
#632=CIRCLE('',#631,1.);
#633=EDGE_CURVE('',#627,#619,#632,.T.);
#634=ORIENTED_EDGE('',*,*,#633,.F.);
#635=CARTESIAN_POINT('',(-0.,6.,-2.5));
#636=DIRECTION('',(-0.,-0.,-1.));
#637=DIRECTION('',(1.,0.,-0.));
#638=AXIS2_PLACEMENT_3D('',#635,#636,#637);
#639=CIRCLE('',#638,2.5);
#640=EDGE_CURVE('',#627,#461,#639,.T.);
#641=ORIENTED_EDGE('',*,*,#640,.T.);
#642=EDGE_LOOP('',(#468,#469,#475,#476,#484,#492,#501,#509,#517,#525,#533,#541,#550,#558,#566,#574,#582,#590,#599,#608,#617,#625,#634,#641));
#643=FACE_BOUND('',#642,.T.);
#644=ADVANCED_FACE('',(#423,#459,#643),#396,.F.);
#645=CARTESIAN_POINT('',(58.7,-15.5,3.451000456));
#646=DIRECTION('',(1.,0.,0.));
#647=DIRECTION('',(-0.,1.,0.));
#648=AXIS2_PLACEMENT_3D('',#645,#646,#647);
#649=PLANE('',#648);
#650=CARTESIAN_POINT('',(58.7,-15.5,0.086154543));
#651=VERTEX_POINT('',#650);
#652=CARTESIAN_POINT('',(58.7,-15.5,6.128427125));
#653=VERTEX_POINT('',#652);
#654=CARTESIAN_POINT('',(58.7,-15.5,0.086154543));
#655=DIRECTION('',(0.,0.,1.));
#656=VECTOR('',#655,6.042272581);
#657=LINE('',#654,#656);
#658=EDGE_CURVE('',#651,#653,#657,.T.);
#659=ORIENTED_EDGE('',*,*,#658,.F.);
#660=CARTESIAN_POINT('',(58.7,-45.7,0.086154543));
#661=VERTEX_POINT('',#660);
#662=CARTESIAN_POINT('',(58.7,-15.5,0.086154543));
#663=DIRECTION('',(0.,-1.,0.));
#664=VECTOR('',#663,30.2);
#665=LINE('',#662,#664);
#666=EDGE_CURVE('',#651,#661,#665,.T.);
#667=ORIENTED_EDGE('',*,*,#666,.T.);
#668=CARTESIAN_POINT('',(58.7,-45.7,2.086154543));
#669=VERTEX_POINT('',#668);
#670=CARTESIAN_POINT('',(58.7,-45.7,0.086154543));
#671=DIRECTION('',(0.,0.,1.));
#672=VECTOR('',#671,2.);
#673=LINE('',#670,#672);
#674=EDGE_CURVE('',#661,#669,#673,.T.);
#675=ORIENTED_EDGE('',*,*,#674,.T.);
#676=CARTESIAN_POINT('',(58.7,-28.5,2.086154543));
#677=VERTEX_POINT('',#676);
#678=CARTESIAN_POINT('',(58.7,-45.7,2.086154543));
#679=DIRECTION('',(-0.,1.,0.));
#680=VECTOR('',#679,17.2);
#681=LINE('',#678,#680);
#682=EDGE_CURVE('',#669,#677,#681,.T.);
#683=ORIENTED_EDGE('',*,*,#682,.T.);
#684=CARTESIAN_POINT('',(58.7,-28.5,1.));
#685=VERTEX_POINT('',#684);
#686=CARTESIAN_POINT('',(58.7,-28.5,1.));
#687=DIRECTION('',(0.,0.,1.));
#688=VECTOR('',#687,1.086154543);
#689=LINE('',#686,#688);
#690=EDGE_CURVE('',#685,#677,#689,.T.);
#691=ORIENTED_EDGE('',*,*,#690,.F.);
#692=CARTESIAN_POINT('',(58.7,-23.5,1.));
#693=VERTEX_POINT('',#692);
#694=CARTESIAN_POINT('',(58.7,-23.5,1.));
#695=DIRECTION('',(0.,-1.,0.));
#696=VECTOR('',#695,5.);
#697=LINE('',#694,#696);
#698=EDGE_CURVE('',#693,#685,#697,.T.);
#699=ORIENTED_EDGE('',*,*,#698,.F.);
#700=CARTESIAN_POINT('',(58.7,-23.5,6.128427125));
#701=VERTEX_POINT('',#700);
#702=CARTESIAN_POINT('',(58.7,-23.5,1.));
#703=DIRECTION('',(0.,0.,1.));
#704=VECTOR('',#703,5.128427125);
#705=LINE('',#702,#704);
#706=EDGE_CURVE('',#693,#701,#705,.T.);
#707=ORIENTED_EDGE('',*,*,#706,.T.);
#708=CARTESIAN_POINT('',(58.7,-15.5,6.128427125));
#709=DIRECTION('',(0.,-1.,-0.));
#710=VECTOR('',#709,8.);
#711=LINE('',#708,#710);
#712=EDGE_CURVE('',#653,#701,#711,.T.);
#713=ORIENTED_EDGE('',*,*,#712,.F.);
#714=EDGE_LOOP('',(#659,#667,#675,#683,#691,#699,#707,#713));
#715=FACE_BOUND('',#714,.T.);
#716=ADVANCED_FACE('',(#715),#649,.F.);
#717=CARTESIAN_POINT('',(23.2,9.,16.5));
#718=DIRECTION('',(0.,-1.,0.));
#719=DIRECTION('',(1.,0.,0.));
#720=AXIS2_PLACEMENT_3D('',#717,#718,#719);
#721=CYLINDRICAL_SURFACE('',#720,1.25);
#722=CARTESIAN_POINT('',(24.45,7.,16.5));
#723=VERTEX_POINT('',#722);
#724=CARTESIAN_POINT('',(24.45,9.,16.5));
#725=VERTEX_POINT('',#724);
#726=CARTESIAN_POINT('',(24.45,7.,16.5));
#727=DIRECTION('',(-0.,1.,-0.));
#728=VECTOR('',#727,2.);
#729=LINE('',#726,#728);
#730=EDGE_CURVE('',#723,#725,#729,.T.);
#731=ORIENTED_EDGE('',*,*,#730,.F.);
#732=CARTESIAN_POINT('',(23.2,7.,16.5));
#733=DIRECTION('',(0.,-1.,0.));
#734=DIRECTION('',(1.,0.,0.));
#735=AXIS2_PLACEMENT_3D('',#732,#733,#734);
#736=CIRCLE('',#735,1.25);
#737=EDGE_CURVE('',#723,#723,#736,.T.);
#738=ORIENTED_EDGE('',*,*,#737,.T.);
#739=ORIENTED_EDGE('',*,*,#730,.T.);
#740=CARTESIAN_POINT('',(21.95,9.,16.5));
#741=VERTEX_POINT('',#740);
#742=CARTESIAN_POINT('',(23.2,9.,16.5));
#743=DIRECTION('',(0.,-1.,0.));
#744=DIRECTION('',(-1.,-0.,0.));
#745=AXIS2_PLACEMENT_3D('',#742,#743,#744);
#746=CIRCLE('',#745,1.25);
#747=EDGE_CURVE('',#741,#725,#746,.T.);
#748=ORIENTED_EDGE('',*,*,#747,.F.);
#749=CARTESIAN_POINT('',(23.2,9.,16.5));
#750=DIRECTION('',(0.,-1.,0.));
#751=DIRECTION('',(-1.,-0.,0.));
#752=AXIS2_PLACEMENT_3D('',#749,#750,#751);
#753=CIRCLE('',#752,1.25);
#754=EDGE_CURVE('',#725,#741,#753,.T.);
#755=ORIENTED_EDGE('',*,*,#754,.F.);
#756=EDGE_LOOP('',(#731,#738,#739,#748,#755));
#757=FACE_BOUND('',#756,.T.);
#758=ADVANCED_FACE('',(#757),#721,.F.);
#759=CARTESIAN_POINT('',(39.2,9.,16.5));
#760=DIRECTION('',(0.,-1.,0.));
#761=DIRECTION('',(1.,0.,0.));
#762=AXIS2_PLACEMENT_3D('',#759,#760,#761);
#763=CYLINDRICAL_SURFACE('',#762,1.25);
#764=CARTESIAN_POINT('',(40.45,7.,16.5));
#765=VERTEX_POINT('',#764);
#766=CARTESIAN_POINT('',(40.45,9.,16.5));
#767=VERTEX_POINT('',#766);
#768=CARTESIAN_POINT('',(40.45,7.,16.5));
#769=DIRECTION('',(-0.,1.,-0.));
#770=VECTOR('',#769,2.);
#771=LINE('',#768,#770);
#772=EDGE_CURVE('',#765,#767,#771,.T.);
#773=ORIENTED_EDGE('',*,*,#772,.F.);
#774=CARTESIAN_POINT('',(39.2,7.,16.5));
#775=DIRECTION('',(0.,-1.,0.));
#776=DIRECTION('',(1.,0.,0.));
#777=AXIS2_PLACEMENT_3D('',#774,#775,#776);
#778=CIRCLE('',#777,1.25);
#779=EDGE_CURVE('',#765,#765,#778,.T.);
#780=ORIENTED_EDGE('',*,*,#779,.T.);
#781=ORIENTED_EDGE('',*,*,#772,.T.);
#782=CARTESIAN_POINT('',(37.95,9.,16.5));
#783=VERTEX_POINT('',#782);
#784=CARTESIAN_POINT('',(39.2,9.,16.5));
#785=DIRECTION('',(0.,-1.,0.));
#786=DIRECTION('',(-1.,-0.,0.));
#787=AXIS2_PLACEMENT_3D('',#784,#785,#786);
#788=CIRCLE('',#787,1.25);
#789=EDGE_CURVE('',#783,#767,#788,.T.);
#790=ORIENTED_EDGE('',*,*,#789,.F.);
#791=CARTESIAN_POINT('',(39.2,9.,16.5));
#792=DIRECTION('',(0.,-1.,0.));
#793=DIRECTION('',(-1.,-0.,0.));
#794=AXIS2_PLACEMENT_3D('',#791,#792,#793);
#795=CIRCLE('',#794,1.25);
#796=EDGE_CURVE('',#767,#783,#795,.T.);
#797=ORIENTED_EDGE('',*,*,#796,.F.);
#798=EDGE_LOOP('',(#773,#780,#781,#790,#797));
#799=FACE_BOUND('',#798,.T.);
#800=ADVANCED_FACE('',(#799),#763,.F.);
#801=CARTESIAN_POINT('',(31.2,7.,8.5));
#802=DIRECTION('',(0.,1.,0.));
#803=DIRECTION('',(0.,-0.,1.));
#804=AXIS2_PLACEMENT_3D('',#801,#802,#803);
#805=CYLINDRICAL_SURFACE('',#804,9.);
#806=CARTESIAN_POINT('',(31.2,9.,17.5));
#807=VERTEX_POINT('',#806);
#808=CARTESIAN_POINT('',(31.2,7.,17.5));
#809=VERTEX_POINT('',#808);
#810=CARTESIAN_POINT('',(31.2,9.,17.5));
#811=DIRECTION('',(-0.,-1.,-0.));
#812=VECTOR('',#811,2.);
#813=LINE('',#810,#812);
#814=EDGE_CURVE('',#807,#809,#813,.T.);
#815=ORIENTED_EDGE('',*,*,#814,.F.);
#816=CARTESIAN_POINT('',(40.2,9.,8.5));
#817=VERTEX_POINT('',#816);
#818=CARTESIAN_POINT('',(31.2,9.,8.5));
#819=DIRECTION('',(-0.,1.,0.));
#820=DIRECTION('',(1.,0.,0.));
#821=AXIS2_PLACEMENT_3D('',#818,#819,#820);
#822=CIRCLE('',#821,9.);
#823=EDGE_CURVE('',#807,#817,#822,.T.);
#824=ORIENTED_EDGE('',*,*,#823,.T.);
#825=CARTESIAN_POINT('',(31.2,9.,8.5));
#826=DIRECTION('',(-0.,1.,0.));
#827=DIRECTION('',(1.,0.,0.));
#828=AXIS2_PLACEMENT_3D('',#825,#826,#827);
#829=CIRCLE('',#828,9.);
#830=EDGE_CURVE('',#817,#807,#829,.T.);
#831=ORIENTED_EDGE('',*,*,#830,.T.);
#832=ORIENTED_EDGE('',*,*,#814,.T.);
#833=CARTESIAN_POINT('',(40.2,7.,8.5));
#834=VERTEX_POINT('',#833);
#835=CARTESIAN_POINT('',(31.2,7.,8.5));
#836=DIRECTION('',(-0.,1.,-0.));
#837=DIRECTION('',(1.,0.,0.));
#838=AXIS2_PLACEMENT_3D('',#835,#836,#837);
#839=CIRCLE('',#838,9.);
#840=EDGE_CURVE('',#834,#809,#839,.T.);
#841=ORIENTED_EDGE('',*,*,#840,.F.);
#842=CARTESIAN_POINT('',(31.2,7.,8.5));
#843=DIRECTION('',(-0.,1.,-0.));
#844=DIRECTION('',(1.,0.,0.));
#845=AXIS2_PLACEMENT_3D('',#842,#843,#844);
#846=CIRCLE('',#845,9.);
#847=EDGE_CURVE('',#809,#834,#846,.T.);
#848=ORIENTED_EDGE('',*,*,#847,.F.);
#849=EDGE_LOOP('',(#815,#824,#831,#832,#841,#848));
#850=FACE_BOUND('',#849,.T.);
#851=ADVANCED_FACE('',(#850),#805,.F.);
#852=CARTESIAN_POINT('',(23.2,9.,0.5));
#853=DIRECTION('',(0.,-1.,0.));
#854=DIRECTION('',(1.,0.,0.));
#855=AXIS2_PLACEMENT_3D('',#852,#853,#854);
#856=CYLINDRICAL_SURFACE('',#855,1.25);
#857=CARTESIAN_POINT('',(24.45,7.,0.5));
#858=VERTEX_POINT('',#857);
#859=CARTESIAN_POINT('',(24.45,9.,0.5));
#860=VERTEX_POINT('',#859);
#861=CARTESIAN_POINT('',(24.45,7.,0.5));
#862=DIRECTION('',(-0.,1.,-0.));
#863=VECTOR('',#862,2.);
#864=LINE('',#861,#863);
#865=EDGE_CURVE('',#858,#860,#864,.T.);
#866=ORIENTED_EDGE('',*,*,#865,.F.);
#867=CARTESIAN_POINT('',(23.2,7.,0.5));
#868=DIRECTION('',(0.,-1.,0.));
#869=DIRECTION('',(1.,0.,0.));
#870=AXIS2_PLACEMENT_3D('',#867,#868,#869);
#871=CIRCLE('',#870,1.25);
#872=EDGE_CURVE('',#858,#858,#871,.T.);
#873=ORIENTED_EDGE('',*,*,#872,.T.);
#874=ORIENTED_EDGE('',*,*,#865,.T.);
#875=CARTESIAN_POINT('',(21.95,9.,0.5));
#876=VERTEX_POINT('',#875);
#877=CARTESIAN_POINT('',(23.2,9.,0.5));
#878=DIRECTION('',(0.,-1.,0.));
#879=DIRECTION('',(-1.,-0.,0.));
#880=AXIS2_PLACEMENT_3D('',#877,#878,#879);
#881=CIRCLE('',#880,1.25);
#882=EDGE_CURVE('',#876,#860,#881,.T.);
#883=ORIENTED_EDGE('',*,*,#882,.F.);
#884=CARTESIAN_POINT('',(23.2,9.,0.5));
#885=DIRECTION('',(0.,-1.,0.));
#886=DIRECTION('',(-1.,-0.,0.));
#887=AXIS2_PLACEMENT_3D('',#884,#885,#886);
#888=CIRCLE('',#887,1.25);
#889=EDGE_CURVE('',#860,#876,#888,.T.);
#890=ORIENTED_EDGE('',*,*,#889,.F.);
#891=EDGE_LOOP('',(#866,#873,#874,#883,#890));
#892=FACE_BOUND('',#891,.T.);
#893=ADVANCED_FACE('',(#892),#856,.F.);
#894=CARTESIAN_POINT('',(39.2,10.6,0.5));
#895=DIRECTION('',(0.,-1.,0.));
#896=DIRECTION('',(1.,0.,0.));
#897=AXIS2_PLACEMENT_3D('',#894,#895,#896);
#898=CYLINDRICAL_SURFACE('',#897,1.25);
#899=CARTESIAN_POINT('',(40.45,7.,0.5));
#900=VERTEX_POINT('',#899);
#901=CARTESIAN_POINT('',(40.45,9.,0.5));
#902=VERTEX_POINT('',#901);
#903=CARTESIAN_POINT('',(40.45,7.,0.5));
#904=DIRECTION('',(-0.,1.,-0.));
#905=VECTOR('',#904,2.);
#906=LINE('',#903,#905);
#907=EDGE_CURVE('',#900,#902,#906,.T.);
#908=ORIENTED_EDGE('',*,*,#907,.F.);
#909=CARTESIAN_POINT('',(39.2,7.,0.5));
#910=DIRECTION('',(0.,-1.,0.));
#911=DIRECTION('',(1.,0.,0.));
#912=AXIS2_PLACEMENT_3D('',#909,#910,#911);
#913=CIRCLE('',#912,1.25);
#914=EDGE_CURVE('',#900,#900,#913,.T.);
#915=ORIENTED_EDGE('',*,*,#914,.T.);
#916=ORIENTED_EDGE('',*,*,#907,.T.);
#917=CARTESIAN_POINT('',(39.2,9.,-0.75));
#918=VERTEX_POINT('',#917);
#919=CARTESIAN_POINT('',(39.2,9.,0.5));
#920=DIRECTION('',(0.,-1.,0.));
#921=DIRECTION('',(0.,0.,-1.));
#922=AXIS2_PLACEMENT_3D('',#919,#920,#921);
#923=CIRCLE('',#922,1.25);
#924=EDGE_CURVE('',#918,#902,#923,.T.);
#925=ORIENTED_EDGE('',*,*,#924,.F.);
#926=CARTESIAN_POINT('',(39.2,9.,0.5));
#927=DIRECTION('',(0.,-1.,0.));
#928=DIRECTION('',(0.,0.,-1.));
#929=AXIS2_PLACEMENT_3D('',#926,#927,#928);
#930=CIRCLE('',#929,1.25);
#931=EDGE_CURVE('',#902,#918,#930,.T.);
#932=ORIENTED_EDGE('',*,*,#931,.F.);
#933=EDGE_LOOP('',(#908,#915,#916,#925,#932));
#934=FACE_BOUND('',#933,.T.);
#935=ADVANCED_FACE('',(#934),#898,.F.);
#936=CARTESIAN_POINT('',(31.2,-45.7,2.));
#937=DIRECTION('',(0.,-1.,0.));
#938=DIRECTION('',(0.,0.,-1.));
#939=AXIS2_PLACEMENT_3D('',#936,#937,#938);
#940=PLANE('',#939);
#941=CARTESIAN_POINT('',(63.4,-45.7,16.5));
#942=VERTEX_POINT('',#941);
#943=CARTESIAN_POINT('',(63.4,-45.7,-2.5));
#944=VERTEX_POINT('',#943);
#945=CARTESIAN_POINT('',(63.4,-45.7,16.5));
#946=DIRECTION('',(0.,0.,-1.));
#947=VECTOR('',#946,19.);
#948=LINE('',#945,#947);
#949=EDGE_CURVE('',#942,#944,#948,.T.);
#950=ORIENTED_EDGE('',*,*,#949,.T.);
#951=CARTESIAN_POINT('',(63.230662386,-45.7,-2.5));
#952=VERTEX_POINT('',#951);
#953=CARTESIAN_POINT('',(63.4,-45.7,-2.5));
#954=DIRECTION('',(-1.,0.,0.));
#955=VECTOR('',#954,0.169337614);
#956=LINE('',#953,#955);
#957=EDGE_CURVE('',#944,#952,#956,.T.);
#958=ORIENTED_EDGE('',*,*,#957,.T.);
#959=CARTESIAN_POINT('',(63.230662386,-45.7,5.5));
#960=VERTEX_POINT('',#959);
#961=CARTESIAN_POINT('',(63.230662386,-45.7,5.5));
#962=DIRECTION('',(0.,0.,-1.));
#963=VECTOR('',#962,8.);
#964=LINE('',#961,#963);
#965=EDGE_CURVE('',#960,#952,#964,.T.);
#966=ORIENTED_EDGE('',*,*,#965,.F.);
#967=CARTESIAN_POINT('',(61.569337614,-45.7,5.5));
#968=VERTEX_POINT('',#967);
#969=CARTESIAN_POINT('',(63.230662386,-45.7,5.5));
#970=DIRECTION('',(-1.,0.,0.));
#971=VECTOR('',#970,1.661324773);
#972=LINE('',#969,#971);
#973=EDGE_CURVE('',#960,#968,#972,.T.);
#974=ORIENTED_EDGE('',*,*,#973,.T.);
#975=CARTESIAN_POINT('',(58.9,-45.7,5.5));
#976=VERTEX_POINT('',#975);
#977=CARTESIAN_POINT('',(61.569337614,-45.7,5.5));
#978=DIRECTION('',(-1.,0.,0.));
#979=VECTOR('',#978,2.669337614);
#980=LINE('',#977,#979);
#981=EDGE_CURVE('',#968,#976,#980,.T.);
#982=ORIENTED_EDGE('',*,*,#981,.T.);
#983=CARTESIAN_POINT('',(58.900002461,-45.7,2.086154543));
#984=VERTEX_POINT('',#983);
#985=CARTESIAN_POINT('',(58.9,-45.7,5.5));
#986=DIRECTION('',(0.,0.,-1.));
#987=VECTOR('',#986,3.413845457);
#988=LINE('',#985,#987);
#989=EDGE_CURVE('',#976,#984,#988,.T.);
#990=ORIENTED_EDGE('',*,*,#989,.T.);
#991=CARTESIAN_POINT('',(58.7,-45.7,2.086154543));
#992=DIRECTION('',(1.,0.,0.));
#993=VECTOR('',#992,0.200002461);
#994=LINE('',#991,#993);
#995=EDGE_CURVE('',#669,#984,#994,.T.);
#996=ORIENTED_EDGE('',*,*,#995,.F.);
#997=ORIENTED_EDGE('',*,*,#674,.F.);
#998=CARTESIAN_POINT('',(58.900002461,-45.7,0.086154543));
#999=VERTEX_POINT('',#998);
#1000=CARTESIAN_POINT('',(58.7,-45.7,0.086154543));
#1001=DIRECTION('',(1.,0.,0.));
#1002=VECTOR('',#1001,0.200002461);
#1003=LINE('',#1000,#1002);
#1004=EDGE_CURVE('',#661,#999,#1003,.T.);
#1005=ORIENTED_EDGE('',*,*,#1004,.T.);
#1006=CARTESIAN_POINT('',(58.9,-45.7,-2.5));
#1007=VERTEX_POINT('',#1006);
#1008=CARTESIAN_POINT('',(58.9,-45.7,0.086154543));
#1009=DIRECTION('',(0.,0.,-1.));
#1010=VECTOR('',#1009,2.586154543);
#1011=LINE('',#1008,#1010);
#1012=EDGE_CURVE('',#999,#1007,#1011,.T.);
#1013=ORIENTED_EDGE('',*,*,#1012,.T.);
#1014=CARTESIAN_POINT('',(3.5,-45.7,-2.5));
#1015=VERTEX_POINT('',#1014);
#1016=CARTESIAN_POINT('',(58.9,-45.7,-2.5));
#1017=DIRECTION('',(-1.,0.,0.));
#1018=VECTOR('',#1017,55.4);
#1019=LINE('',#1016,#1018);
#1020=EDGE_CURVE('',#1007,#1015,#1019,.T.);
#1021=ORIENTED_EDGE('',*,*,#1020,.T.);
#1022=CARTESIAN_POINT('',(3.5,-45.7,5.5));
#1023=VERTEX_POINT('',#1022);
#1024=CARTESIAN_POINT('',(3.5,-45.7,-2.5));
#1025=DIRECTION('',(-0.,-0.,1.));
#1026=VECTOR('',#1025,8.);
#1027=LINE('',#1024,#1026);
#1028=EDGE_CURVE('',#1015,#1023,#1027,.T.);
#1029=ORIENTED_EDGE('',*,*,#1028,.T.);
#1030=CARTESIAN_POINT('',(0.830662386,-45.7,5.5));
#1031=VERTEX_POINT('',#1030);
#1032=CARTESIAN_POINT('',(3.5,-45.7,5.5));
#1033=DIRECTION('',(-1.,0.,0.));
#1034=VECTOR('',#1033,2.669337614);
#1035=LINE('',#1032,#1034);
#1036=EDGE_CURVE('',#1023,#1031,#1035,.T.);
#1037=ORIENTED_EDGE('',*,*,#1036,.T.);
#1038=CARTESIAN_POINT('',(-0.830662386,-45.7,5.5));
#1039=VERTEX_POINT('',#1038);
#1040=CARTESIAN_POINT('',(0.830662386,-45.7,5.5));
#1041=DIRECTION('',(-1.,0.,0.));
#1042=VECTOR('',#1041,1.661324773);
#1043=LINE('',#1040,#1042);
#1044=EDGE_CURVE('',#1031,#1039,#1043,.T.);
#1045=ORIENTED_EDGE('',*,*,#1044,.T.);
#1046=CARTESIAN_POINT('',(-0.830662386,-45.7,-2.5));
#1047=VERTEX_POINT('',#1046);
#1048=CARTESIAN_POINT('',(-0.830662386,-45.7,5.5));
#1049=DIRECTION('',(0.,0.,-1.));
#1050=VECTOR('',#1049,8.);
#1051=LINE('',#1048,#1050);
#1052=EDGE_CURVE('',#1039,#1047,#1051,.T.);
#1053=ORIENTED_EDGE('',*,*,#1052,.T.);
#1054=CARTESIAN_POINT('',(-0.830662386,-45.7,-2.5));
#1055=DIRECTION('',(-1.,0.,0.));
#1056=VECTOR('',#1055,0.169337614);
#1057=LINE('',#1054,#1056);
#1058=EDGE_CURVE('',#1047,#99,#1057,.T.);
#1059=ORIENTED_EDGE('',*,*,#1058,.T.);
#1060=ORIENTED_EDGE('',*,*,#104,.F.);
#1061=CARTESIAN_POINT('',(10.,-45.7,16.5));
#1062=VERTEX_POINT('',#1061);
#1063=CARTESIAN_POINT('',(10.,-45.7,16.5));
#1064=DIRECTION('',(-1.,0.,0.));
#1065=VECTOR('',#1064,11.);
#1066=LINE('',#1063,#1065);
#1067=EDGE_CURVE('',#1062,#91,#1066,.T.);
#1068=ORIENTED_EDGE('',*,*,#1067,.F.);
#1069=CARTESIAN_POINT('',(10.,-45.7,13.5));
#1070=VERTEX_POINT('',#1069);
#1071=CARTESIAN_POINT('',(10.,-45.7,13.5));
#1072=DIRECTION('',(0.,0.,1.));
#1073=VECTOR('',#1072,3.);
#1074=LINE('',#1071,#1073);
#1075=EDGE_CURVE('',#1070,#1062,#1074,.T.);
#1076=ORIENTED_EDGE('',*,*,#1075,.F.);
#1077=CARTESIAN_POINT('',(22.,-45.7,13.5));
#1078=VERTEX_POINT('',#1077);
#1079=CARTESIAN_POINT('',(22.,-45.7,13.5));
#1080=DIRECTION('',(-1.,0.,0.));
#1081=VECTOR('',#1080,12.);
#1082=LINE('',#1079,#1081);
#1083=EDGE_CURVE('',#1078,#1070,#1082,.T.);
#1084=ORIENTED_EDGE('',*,*,#1083,.F.);
#1085=CARTESIAN_POINT('',(22.,-45.7,16.5));
#1086=VERTEX_POINT('',#1085);
#1087=CARTESIAN_POINT('',(22.,-45.7,13.5));
#1088=DIRECTION('',(0.,0.,1.));
#1089=VECTOR('',#1088,3.);
#1090=LINE('',#1087,#1089);
#1091=EDGE_CURVE('',#1078,#1086,#1090,.T.);
#1092=ORIENTED_EDGE('',*,*,#1091,.T.);
#1093=CARTESIAN_POINT('',(45.841548364,-45.7,16.5));
#1094=VERTEX_POINT('',#1093);
#1095=CARTESIAN_POINT('',(45.841548364,-45.7,16.5));
#1096=DIRECTION('',(-1.,0.,0.));
#1097=VECTOR('',#1096,23.841548364);
#1098=LINE('',#1095,#1097);
#1099=EDGE_CURVE('',#1094,#1086,#1098,.T.);
#1100=ORIENTED_EDGE('',*,*,#1099,.F.);
#1101=CARTESIAN_POINT('',(44.4957,-45.7,12.99));
#1102=VERTEX_POINT('',#1101);
#1103=CARTESIAN_POINT('',(49.7457,-45.7,12.99));
#1104=DIRECTION('',(-0.,1.,-0.));
#1105=DIRECTION('',(0.,0.,-1.));
#1106=AXIS2_PLACEMENT_3D('',#1103,#1104,#1105);
#1107=CIRCLE('',#1106,5.25);
#1108=EDGE_CURVE('',#1102,#1094,#1107,.T.);
#1109=ORIENTED_EDGE('',*,*,#1108,.F.);
#1110=CARTESIAN_POINT('',(44.4957,-45.7,11.13));
#1111=VERTEX_POINT('',#1110);
#1112=CARTESIAN_POINT('',(44.4957,-45.7,11.13));
#1113=DIRECTION('',(0.,0.,1.));
#1114=VECTOR('',#1113,1.86);
#1115=LINE('',#1112,#1114);
#1116=EDGE_CURVE('',#1111,#1102,#1115,.T.);
#1117=ORIENTED_EDGE('',*,*,#1116,.F.);
#1118=CARTESIAN_POINT('',(48.7457,-45.7,6.88));
#1119=VERTEX_POINT('',#1118);
#1120=CARTESIAN_POINT('',(48.7457,-45.7,11.13));
#1121=DIRECTION('',(0.,1.,0.));
#1122=DIRECTION('',(-0.,0.,-1.));
#1123=AXIS2_PLACEMENT_3D('',#1120,#1121,#1122);
#1124=CIRCLE('',#1123,4.25);
#1125=EDGE_CURVE('',#1119,#1111,#1124,.T.);
#1126=ORIENTED_EDGE('',*,*,#1125,.F.);
#1127=CARTESIAN_POINT('',(57.3857,-45.7,6.88));
#1128=VERTEX_POINT('',#1127);
#1129=CARTESIAN_POINT('',(57.3857,-45.7,6.88));
#1130=DIRECTION('',(-1.,0.,0.));
#1131=VECTOR('',#1130,8.64);
#1132=LINE('',#1129,#1131);
#1133=EDGE_CURVE('',#1128,#1119,#1132,.T.);
#1134=ORIENTED_EDGE('',*,*,#1133,.F.);
#1135=CARTESIAN_POINT('',(61.6357,-45.7,11.13));
#1136=VERTEX_POINT('',#1135);
#1137=CARTESIAN_POINT('',(57.3857,-45.7,11.13));
#1138=DIRECTION('',(-0.,1.,0.));
#1139=DIRECTION('',(1.,0.,0.));
#1140=AXIS2_PLACEMENT_3D('',#1137,#1138,#1139);
#1141=CIRCLE('',#1140,4.25);
#1142=EDGE_CURVE('',#1136,#1128,#1141,.T.);
#1143=ORIENTED_EDGE('',*,*,#1142,.F.);
#1144=CARTESIAN_POINT('',(61.6357,-45.7,12.99));
#1145=VERTEX_POINT('',#1144);
#1146=CARTESIAN_POINT('',(61.6357,-45.7,11.13));
#1147=DIRECTION('',(0.,0.,1.));
#1148=VECTOR('',#1147,1.86);
#1149=LINE('',#1146,#1148);
#1150=EDGE_CURVE('',#1136,#1145,#1149,.T.);
#1151=ORIENTED_EDGE('',*,*,#1150,.T.);
#1152=CARTESIAN_POINT('',(60.289851636,-45.7,16.5));
#1153=VERTEX_POINT('',#1152);
#1154=CARTESIAN_POINT('',(56.3857,-45.7,12.99));
#1155=DIRECTION('',(-0.,1.,-0.));
#1156=DIRECTION('',(0.,0.,-1.));
#1157=AXIS2_PLACEMENT_3D('',#1154,#1155,#1156);
#1158=CIRCLE('',#1157,5.25);
#1159=EDGE_CURVE('',#1153,#1145,#1158,.T.);
#1160=ORIENTED_EDGE('',*,*,#1159,.F.);
#1161=CARTESIAN_POINT('',(63.4,-45.7,16.5));
#1162=DIRECTION('',(-1.,0.,0.));
#1163=VECTOR('',#1162,3.110148364);
#1164=LINE('',#1161,#1163);
#1165=EDGE_CURVE('',#942,#1153,#1164,.T.);
#1166=ORIENTED_EDGE('',*,*,#1165,.F.);
#1167=EDGE_LOOP('',(#950,#958,#966,#974,#982,#990,#996,#997,#1005,#1013,#1021,#1029,#1037,#1045,#1053,#1059,#1060,#1068,#1076,#1084,#1092,#1100,#1109,#1117,#1126,#1134,
#1143,#1151,#1160,#1166));
#1168=FACE_BOUND('',#1167,.T.);
#1169=ADVANCED_FACE('',(#1168),#940,.F.);
#1170=CARTESIAN_POINT('',(58.9,-44.7,5.5));
#1171=DIRECTION('',(0.,0.,-1.));
#1172=DIRECTION('',(-1.,0.,0.));
#1173=AXIS2_PLACEMENT_3D('',#1170,#1171,#1172);
#1174=CYLINDRICAL_SURFACE('',#1173,1.);
#1175=CARTESIAN_POINT('',(59.9,-44.7,2.086154543));
#1176=VERTEX_POINT('',#1175);
#1177=CARTESIAN_POINT('',(58.9,-44.7,2.086154543));
#1178=DIRECTION('',(0.,0.,1.));
#1179=DIRECTION('',(1.,0.,-0.));
#1180=AXIS2_PLACEMENT_3D('',#1177,#1178,#1179);
#1181=CIRCLE('',#1180,1.);
#1182=EDGE_CURVE('',#984,#1176,#1181,.T.);
#1183=ORIENTED_EDGE('',*,*,#1182,.F.);
#1184=ORIENTED_EDGE('',*,*,#989,.F.);
#1185=CARTESIAN_POINT('',(59.9,-44.7,5.5));
#1186=VERTEX_POINT('',#1185);
#1187=CARTESIAN_POINT('',(58.9,-44.7,5.5));
#1188=DIRECTION('',(0.,0.,-1.));
#1189=DIRECTION('',(-1.,0.,0.));
#1190=AXIS2_PLACEMENT_3D('',#1187,#1188,#1189);
#1191=CIRCLE('',#1190,1.);
#1192=EDGE_CURVE('',#1186,#976,#1191,.T.);
#1193=ORIENTED_EDGE('',*,*,#1192,.F.);
#1194=CARTESIAN_POINT('',(59.9,-44.7,2.086154543));
#1195=DIRECTION('',(-0.,-0.,1.));
#1196=VECTOR('',#1195,3.413845457);
#1197=LINE('',#1194,#1196);
#1198=EDGE_CURVE('',#1176,#1186,#1197,.T.);
#1199=ORIENTED_EDGE('',*,*,#1198,.F.);
#1200=EDGE_LOOP('',(#1183,#1184,#1193,#1199));
#1201=FACE_BOUND('',#1200,.T.);
#1202=ADVANCED_FACE('',(#1201),#1174,.F.);
#1203=CARTESIAN_POINT('',(62.4,-41.2,5.5));
#1204=DIRECTION('',(0.,0.,-1.));
#1205=DIRECTION('',(-1.,0.,0.));
#1206=AXIS2_PLACEMENT_3D('',#1203,#1204,#1205);
#1207=CYLINDRICAL_SURFACE('',#1206,1.);
#1208=CARTESIAN_POINT('',(63.4,-41.2,2.086154543));
#1209=VERTEX_POINT('',#1208);
#1210=CARTESIAN_POINT('',(63.4,-41.2,5.5));
#1211=VERTEX_POINT('',#1210);
#1212=CARTESIAN_POINT('',(63.4,-41.2,2.086154543));
#1213=DIRECTION('',(-0.,-0.,1.));
#1214=VECTOR('',#1213,3.413845457);
#1215=LINE('',#1212,#1214);
#1216=EDGE_CURVE('',#1209,#1211,#1215,.T.);
#1217=ORIENTED_EDGE('',*,*,#1216,.F.);
#1218=CARTESIAN_POINT('',(62.4,-42.2,2.086154543));
#1219=VERTEX_POINT('',#1218);
#1220=CARTESIAN_POINT('',(62.4,-41.2,2.086154543));
#1221=DIRECTION('',(-0.,-0.,-1.));
#1222=DIRECTION('',(1.,0.,-0.));
#1223=AXIS2_PLACEMENT_3D('',#1220,#1221,#1222);
#1224=CIRCLE('',#1223,1.);
#1225=EDGE_CURVE('',#1209,#1219,#1224,.T.);
#1226=ORIENTED_EDGE('',*,*,#1225,.T.);
#1227=CARTESIAN_POINT('',(62.4,-42.2,5.5));
#1228=VERTEX_POINT('',#1227);
#1229=CARTESIAN_POINT('',(62.4,-42.2,5.5));
#1230=DIRECTION('',(0.,0.,-1.));
#1231=VECTOR('',#1230,3.413845457);
#1232=LINE('',#1229,#1231);
#1233=EDGE_CURVE('',#1228,#1219,#1232,.T.);
#1234=ORIENTED_EDGE('',*,*,#1233,.F.);
#1235=CARTESIAN_POINT('',(62.4,-41.2,5.5));
#1236=DIRECTION('',(0.,0.,-1.));
#1237=DIRECTION('',(-1.,0.,0.));
#1238=AXIS2_PLACEMENT_3D('',#1235,#1236,#1237);
#1239=CIRCLE('',#1238,1.);
#1240=EDGE_CURVE('',#1211,#1228,#1239,.T.);
#1241=ORIENTED_EDGE('',*,*,#1240,.F.);
#1242=EDGE_LOOP('',(#1217,#1226,#1234,#1241));
#1243=FACE_BOUND('',#1242,.T.);
#1244=ADVANCED_FACE('',(#1243),#1207,.F.);
#1245=CARTESIAN_POINT('',(57.2,-28.5,2.043078486));
#1246=DIRECTION('',(0.,-1.,0.));
#1247=DIRECTION('',(1.,0.,0.));
#1248=AXIS2_PLACEMENT_3D('',#1245,#1246,#1247);
#1249=PLANE('',#1248);
#1250=CARTESIAN_POINT('',(55.4,-28.5,3.));
#1251=VERTEX_POINT('',#1250);
#1252=CARTESIAN_POINT('',(55.4,-28.5,1.));
#1253=VERTEX_POINT('',#1252);
#1254=CARTESIAN_POINT('',(55.4,-28.5,3.));
#1255=DIRECTION('',(0.,0.,-1.));
#1256=VECTOR('',#1255,2.);
#1257=LINE('',#1254,#1256);
#1258=EDGE_CURVE('',#1251,#1253,#1257,.T.);
#1259=ORIENTED_EDGE('',*,*,#1258,.T.);
#1260=CARTESIAN_POINT('',(55.4,-28.5,1.));
#1261=DIRECTION('',(1.,0.,0.));
#1262=VECTOR('',#1261,3.3);
#1263=LINE('',#1260,#1262);
#1264=EDGE_CURVE('',#1253,#685,#1263,.T.);
#1265=ORIENTED_EDGE('',*,*,#1264,.T.);
#1266=ORIENTED_EDGE('',*,*,#690,.T.);
#1267=CARTESIAN_POINT('',(63.4,-28.5,2.086154543));
#1268=VERTEX_POINT('',#1267);
#1269=CARTESIAN_POINT('',(58.7,-28.5,2.086154543));
#1270=DIRECTION('',(1.,0.,0.));
#1271=VECTOR('',#1270,4.7);
#1272=LINE('',#1269,#1271);
#1273=EDGE_CURVE('',#677,#1268,#1272,.T.);
#1274=ORIENTED_EDGE('',*,*,#1273,.T.);
#1275=CARTESIAN_POINT('',(63.4,-28.5,10.828427125));
#1276=VERTEX_POINT('',#1275);
#1277=CARTESIAN_POINT('',(63.4,-28.5,2.086154543));
#1278=DIRECTION('',(0.,0.,1.));
#1279=VECTOR('',#1278,8.742272581);
#1280=LINE('',#1277,#1279);
#1281=EDGE_CURVE('',#1268,#1276,#1280,.T.);
#1282=ORIENTED_EDGE('',*,*,#1281,.T.);
#1283=CARTESIAN_POINT('',(55.571572875,-28.5,3.));
#1284=VERTEX_POINT('',#1283);
#1285=CARTESIAN_POINT('',(63.4,-28.5,10.828427125));
#1286=DIRECTION('',(-0.707106781,-0.,-0.707106781));
#1287=VECTOR('',#1286,11.071067812);
#1288=LINE('',#1285,#1287);
#1289=EDGE_CURVE('',#1276,#1284,#1288,.T.);
#1290=ORIENTED_EDGE('',*,*,#1289,.T.);
#1291=CARTESIAN_POINT('',(55.4,-28.5,3.));
#1292=DIRECTION('',(1.,0.,0.));
#1293=VECTOR('',#1292,0.171572875);
#1294=LINE('',#1291,#1293);
#1295=EDGE_CURVE('',#1251,#1284,#1294,.T.);
#1296=ORIENTED_EDGE('',*,*,#1295,.F.);
#1297=EDGE_LOOP('',(#1259,#1265,#1266,#1274,#1282,#1290,#1296));
#1298=FACE_BOUND('',#1297,.T.);
#1299=ADVANCED_FACE('',(#1298),#1249,.T.);
#1300=CARTESIAN_POINT('',(63.4,5.,2.));
#1301=DIRECTION('',(1.,0.,0.));
#1302=DIRECTION('',(-0.,1.,0.));
#1303=AXIS2_PLACEMENT_3D('',#1300,#1301,#1302);
#1304=PLANE('',#1303);
#1305=CARTESIAN_POINT('',(63.4,-12.93514097,-1.9138));
#1306=VERTEX_POINT('',#1305);
#1307=CARTESIAN_POINT('',(63.4,-13.93514097,-1.9138));
#1308=VERTEX_POINT('',#1307);
#1309=CARTESIAN_POINT('',(63.4,-12.93514097,-1.9138));
#1310=DIRECTION('',(0.,-1.,0.));
#1311=VECTOR('',#1310,1.);
#1312=LINE('',#1309,#1311);
#1313=EDGE_CURVE('',#1306,#1308,#1312,.T.);
#1314=ORIENTED_EDGE('',*,*,#1313,.F.);
#1315=CARTESIAN_POINT('',(63.4,-12.93514097,-2.5));
#1316=VERTEX_POINT('',#1315);
#1317=CARTESIAN_POINT('',(63.4,-12.93514097,-1.9138));
#1318=DIRECTION('',(0.,0.,-1.));
#1319=VECTOR('',#1318,0.5862);
#1320=LINE('',#1317,#1319);
#1321=EDGE_CURVE('',#1306,#1316,#1320,.T.);
#1322=ORIENTED_EDGE('',*,*,#1321,.T.);
#1323=CARTESIAN_POINT('',(63.4,-41.2,-2.5));
#1324=VERTEX_POINT('',#1323);
#1325=CARTESIAN_POINT('',(63.4,-12.93514097,-2.5));
#1326=DIRECTION('',(0.,-1.,0.));
#1327=VECTOR('',#1326,28.26485903);
#1328=LINE('',#1325,#1327);
#1329=EDGE_CURVE('',#1316,#1324,#1328,.T.);
#1330=ORIENTED_EDGE('',*,*,#1329,.T.);
#1331=CARTESIAN_POINT('',(63.4,-41.2,0.086154543));
#1332=VERTEX_POINT('',#1331);
#1333=CARTESIAN_POINT('',(63.4,-41.2,-2.5));
#1334=DIRECTION('',(-0.,-0.,1.));
#1335=VECTOR('',#1334,2.586154543);
#1336=LINE('',#1333,#1335);
#1337=EDGE_CURVE('',#1324,#1332,#1336,.T.);
#1338=ORIENTED_EDGE('',*,*,#1337,.T.);
#1339=CARTESIAN_POINT('',(63.4,-15.5,0.086154543));
#1340=VERTEX_POINT('',#1339);
#1341=CARTESIAN_POINT('',(63.4,-41.2,0.086154543));
#1342=DIRECTION('',(-0.,1.,0.));
#1343=VECTOR('',#1342,25.7);
#1344=LINE('',#1341,#1343);
#1345=EDGE_CURVE('',#1332,#1340,#1344,.T.);
#1346=ORIENTED_EDGE('',*,*,#1345,.T.);
#1347=CARTESIAN_POINT('',(63.4,-15.5,10.828427125));
#1348=VERTEX_POINT('',#1347);
#1349=CARTESIAN_POINT('',(63.4,-15.5,10.828427125));
#1350=DIRECTION('',(0.,0.,-1.));
#1351=VECTOR('',#1350,10.742272581);
#1352=LINE('',#1349,#1351);
#1353=EDGE_CURVE('',#1348,#1340,#1352,.T.);
#1354=ORIENTED_EDGE('',*,*,#1353,.F.);
#1355=CARTESIAN_POINT('',(63.4,-15.5,10.828427125));
#1356=DIRECTION('',(0.,-1.,0.));
#1357=VECTOR('',#1356,13.);
#1358=LINE('',#1355,#1357);
#1359=EDGE_CURVE('',#1348,#1276,#1358,.T.);
#1360=ORIENTED_EDGE('',*,*,#1359,.T.);
#1361=ORIENTED_EDGE('',*,*,#1281,.F.);
#1362=CARTESIAN_POINT('',(63.4,-41.2,2.086154543));
#1363=DIRECTION('',(-0.,1.,0.));
#1364=VECTOR('',#1363,12.7);
#1365=LINE('',#1362,#1364);
#1366=EDGE_CURVE('',#1209,#1268,#1365,.T.);
#1367=ORIENTED_EDGE('',*,*,#1366,.F.);
#1368=ORIENTED_EDGE('',*,*,#1216,.T.);
#1369=CARTESIAN_POINT('',(63.4,-43.869337614,5.5));
#1370=VERTEX_POINT('',#1369);
#1371=CARTESIAN_POINT('',(63.4,-41.2,5.5));
#1372=DIRECTION('',(0.,-1.,0.));
#1373=VECTOR('',#1372,2.669337614);
#1374=LINE('',#1371,#1373);
#1375=EDGE_CURVE('',#1211,#1370,#1374,.T.);
#1376=ORIENTED_EDGE('',*,*,#1375,.T.);
#1377=CARTESIAN_POINT('',(63.4,-45.530662386,5.5));
#1378=VERTEX_POINT('',#1377);
#1379=CARTESIAN_POINT('',(63.4,-43.869337614,5.5));
#1380=DIRECTION('',(0.,-1.,0.));
#1381=VECTOR('',#1380,1.661324773);
#1382=LINE('',#1379,#1381);
#1383=EDGE_CURVE('',#1370,#1378,#1382,.T.);
#1384=ORIENTED_EDGE('',*,*,#1383,.T.);
#1385=CARTESIAN_POINT('',(63.4,-45.530662386,-2.5));
#1386=VERTEX_POINT('',#1385);
#1387=CARTESIAN_POINT('',(63.4,-45.530662386,5.5));
#1388=DIRECTION('',(0.,0.,-1.));
#1389=VECTOR('',#1388,8.);
#1390=LINE('',#1387,#1389);
#1391=EDGE_CURVE('',#1378,#1386,#1390,.T.);
#1392=ORIENTED_EDGE('',*,*,#1391,.T.);
#1393=CARTESIAN_POINT('',(63.4,-45.530662386,-2.5));
#1394=DIRECTION('',(0.,-1.,0.));
#1395=VECTOR('',#1394,0.169337614);
#1396=LINE('',#1393,#1395);
#1397=EDGE_CURVE('',#1386,#944,#1396,.T.);
#1398=ORIENTED_EDGE('',*,*,#1397,.T.);
#1399=ORIENTED_EDGE('',*,*,#949,.F.);
#1400=CARTESIAN_POINT('',(63.4,7.,16.5));
#1401=VERTEX_POINT('',#1400);
#1402=CARTESIAN_POINT('',(63.4,7.,16.5));
#1403=DIRECTION('',(0.,-1.,0.));
#1404=VECTOR('',#1403,52.7);
#1405=LINE('',#1402,#1404);
#1406=EDGE_CURVE('',#1401,#942,#1405,.T.);
#1407=ORIENTED_EDGE('',*,*,#1406,.F.);
#1408=CARTESIAN_POINT('',(63.4,7.,16.5));
#1409=DIRECTION('',(0.,0.,-1.));
#1410=VECTOR('',#1409,19.);
#1411=LINE('',#1408,#1410);
#1412=EDGE_CURVE('',#1401,#425,#1411,.T.);
#1413=ORIENTED_EDGE('',*,*,#1412,.T.);
#1414=ORIENTED_EDGE('',*,*,#456,.T.);
#1415=CARTESIAN_POINT('',(63.4,6.830662386,5.5));
#1416=VERTEX_POINT('',#1415);
#1417=CARTESIAN_POINT('',(63.4,6.830662386,5.5));
#1418=DIRECTION('',(0.,0.,-1.));
#1419=VECTOR('',#1418,8.);
#1420=LINE('',#1417,#1419);
#1421=EDGE_CURVE('',#1416,#444,#1420,.T.);
#1422=ORIENTED_EDGE('',*,*,#1421,.F.);
#1423=CARTESIAN_POINT('',(63.4,5.169337614,5.5));
#1424=VERTEX_POINT('',#1423);
#1425=CARTESIAN_POINT('',(63.4,6.830662386,5.5));
#1426=DIRECTION('',(0.,-1.,0.));
#1427=VECTOR('',#1426,1.661324773);
#1428=LINE('',#1425,#1427);
#1429=EDGE_CURVE('',#1416,#1424,#1428,.T.);
#1430=ORIENTED_EDGE('',*,*,#1429,.T.);
#1431=CARTESIAN_POINT('',(63.4,2.5,5.5));
#1432=VERTEX_POINT('',#1431);
#1433=CARTESIAN_POINT('',(63.4,5.169337614,5.5));
#1434=DIRECTION('',(0.,-1.,0.));
#1435=VECTOR('',#1434,2.669337614);
#1436=LINE('',#1433,#1435);
#1437=EDGE_CURVE('',#1424,#1432,#1436,.T.);
#1438=ORIENTED_EDGE('',*,*,#1437,.T.);
#1439=CARTESIAN_POINT('',(63.4,2.5,5.5));
#1440=DIRECTION('',(0.,0.,-1.));
#1441=VECTOR('',#1440,8.);
#1442=LINE('',#1439,#1441);
#1443=EDGE_CURVE('',#1432,#584,#1442,.T.);
#1444=ORIENTED_EDGE('',*,*,#1443,.T.);
#1445=ORIENTED_EDGE('',*,*,#589,.T.);
#1446=CARTESIAN_POINT('',(63.4,-1.0351,-1.9138));
#1447=VERTEX_POINT('',#1446);
#1448=CARTESIAN_POINT('',(63.4,-1.0351,-2.5));
#1449=DIRECTION('',(0.,0.,1.));
#1450=VECTOR('',#1449,0.5862);
#1451=LINE('',#1448,#1450);
#1452=EDGE_CURVE('',#576,#1447,#1451,.T.);
#1453=ORIENTED_EDGE('',*,*,#1452,.T.);
#1454=CARTESIAN_POINT('',(63.4,-0.03514097,-1.9138));
#1455=VERTEX_POINT('',#1454);
#1456=CARTESIAN_POINT('',(63.4,-0.03514097,-1.9138));
#1457=DIRECTION('',(0.,-1.,0.));
#1458=VECTOR('',#1457,0.99995903);
#1459=LINE('',#1456,#1458);
#1460=EDGE_CURVE('',#1455,#1447,#1459,.T.);
#1461=ORIENTED_EDGE('',*,*,#1460,.F.);
#1462=CARTESIAN_POINT('',(63.4,-0.03514097,5.786156944));
#1463=VERTEX_POINT('',#1462);
#1464=CARTESIAN_POINT('',(63.4,-0.03514097,-1.9138));
#1465=DIRECTION('',(0.,0.,1.));
#1466=VECTOR('',#1465,7.699956944);
#1467=LINE('',#1464,#1466);
#1468=EDGE_CURVE('',#1455,#1463,#1467,.T.);
#1469=ORIENTED_EDGE('',*,*,#1468,.T.);
#1470=CARTESIAN_POINT('',(63.4,-2.33514097,8.086156944));
#1471=VERTEX_POINT('',#1470);
#1472=CARTESIAN_POINT('',(63.4,-2.33514097,5.786156944));
#1473=DIRECTION('',(-1.,-0.,0.));
#1474=DIRECTION('',(-0.,0.,1.));
#1475=AXIS2_PLACEMENT_3D('',#1472,#1473,#1474);
#1476=CIRCLE('',#1475,2.3);
#1477=EDGE_CURVE('',#1471,#1463,#1476,.T.);
#1478=ORIENTED_EDGE('',*,*,#1477,.F.);
#1479=CARTESIAN_POINT('',(63.4,-11.63514097,8.086156944));
#1480=VERTEX_POINT('',#1479);
#1481=CARTESIAN_POINT('',(63.4,-11.63514097,8.086156944));
#1482=DIRECTION('',(-0.,1.,0.));
#1483=VECTOR('',#1482,9.3);
#1484=LINE('',#1481,#1483);
#1485=EDGE_CURVE('',#1480,#1471,#1484,.T.);
#1486=ORIENTED_EDGE('',*,*,#1485,.F.);
#1487=CARTESIAN_POINT('',(63.4,-13.93514097,5.786156944));
#1488=VERTEX_POINT('',#1487);
#1489=CARTESIAN_POINT('',(63.4,-11.63514097,5.786156944));
#1490=DIRECTION('',(-1.,-0.,0.));
#1491=DIRECTION('',(0.,-1.,0.));
#1492=AXIS2_PLACEMENT_3D('',#1489,#1490,#1491);
#1493=CIRCLE('',#1492,2.3);
#1494=EDGE_CURVE('',#1488,#1480,#1493,.T.);
#1495=ORIENTED_EDGE('',*,*,#1494,.F.);
#1496=CARTESIAN_POINT('',(63.4,-13.93514097,5.786156944));
#1497=DIRECTION('',(0.,0.,-1.));
#1498=VECTOR('',#1497,7.699956944);
#1499=LINE('',#1496,#1498);
#1500=EDGE_CURVE('',#1488,#1308,#1499,.T.);
#1501=ORIENTED_EDGE('',*,*,#1500,.T.);
#1502=EDGE_LOOP('',(#1314,#1322,#1330,#1338,#1346,#1354,#1360,#1361,#1367,#1368,#1376,#1384,#1392,#1398,#1399,#1407,#1413,#1414,#1422,#1430,#1438,#1444,#1445,#1453,#1461,#1469,
#1478,#1486,#1495,#1501));
#1503=FACE_BOUND('',#1502,.T.);
#1504=ADVANCED_FACE('',(#1503),#1304,.F.);
#1505=CARTESIAN_POINT('',(-0.6,-19.35,16.5));
#1506=DIRECTION('',(0.,0.,1.));
#1507=DIRECTION('',(1.,0.,0.));
#1508=AXIS2_PLACEMENT_3D('',#1505,#1506,#1507);
#1509=PLANE('',#1508);
#1510=CARTESIAN_POINT('',(-0.6,-8.5,16.5));
#1511=VERTEX_POINT('',#1510);
#1512=CARTESIAN_POINT('',(50.4,-8.5,16.5));
#1513=VERTEX_POINT('',#1512);
#1514=CARTESIAN_POINT('',(-0.6,-8.5,16.5));
#1515=DIRECTION('',(1.,0.,0.));
#1516=VECTOR('',#1515,51.);
#1517=LINE('',#1514,#1516);
#1518=EDGE_CURVE('',#1511,#1513,#1517,.T.);
#1519=ORIENTED_EDGE('',*,*,#1518,.F.);
#1520=CARTESIAN_POINT('',(-0.6,-41.2,16.5));
#1521=VERTEX_POINT('',#1520);
#1522=CARTESIAN_POINT('',(-0.6,-41.2,16.5));
#1523=DIRECTION('',(0.,1.,0.));
#1524=VECTOR('',#1523,32.7);
#1525=LINE('',#1522,#1524);
#1526=EDGE_CURVE('',#1521,#1511,#1525,.T.);
#1527=ORIENTED_EDGE('',*,*,#1526,.F.);
#1528=CARTESIAN_POINT('',(50.4,-41.2,16.5));
#1529=VERTEX_POINT('',#1528);
#1530=CARTESIAN_POINT('',(50.4,-41.2,16.5));
#1531=DIRECTION('',(-1.,0.,0.));
#1532=VECTOR('',#1531,51.);
#1533=LINE('',#1530,#1532);
#1534=EDGE_CURVE('',#1529,#1521,#1533,.T.);
#1535=ORIENTED_EDGE('',*,*,#1534,.F.);
#1536=CARTESIAN_POINT('',(50.4,-8.5,16.5));
#1537=DIRECTION('',(0.,-1.,0.));
#1538=VECTOR('',#1537,32.7);
#1539=LINE('',#1536,#1538);
#1540=EDGE_CURVE('',#1513,#1529,#1539,.T.);
#1541=ORIENTED_EDGE('',*,*,#1540,.F.);
#1542=EDGE_LOOP('',(#1519,#1527,#1535,#1541));
#1543=FACE_BOUND('',#1542,.T.);
#1544=CARTESIAN_POINT('',(5.,4.388104367,16.5));
#1545=VERTEX_POINT('',#1544);
#1546=CARTESIAN_POINT('',(5.,7.,16.5));
#1547=VERTEX_POINT('',#1546);
#1548=CARTESIAN_POINT('',(5.,4.388104367,16.5));
#1549=DIRECTION('',(0.,1.,0.));
#1550=VECTOR('',#1549,2.611895633);
#1551=LINE('',#1548,#1550);
#1552=EDGE_CURVE('',#1545,#1547,#1551,.T.);
#1553=ORIENTED_EDGE('',*,*,#1552,.F.);
#1554=CARTESIAN_POINT('',(5.,3.611895633,16.5));
#1555=VERTEX_POINT('',#1554);
#1556=CARTESIAN_POINT('',(8.,4.,16.5));
#1557=DIRECTION('',(0.,0.,-1.));
#1558=DIRECTION('',(-1.,0.,0.));
#1559=AXIS2_PLACEMENT_3D('',#1556,#1557,#1558);
#1560=CIRCLE('',#1559,3.025);
#1561=EDGE_CURVE('',#1555,#1545,#1560,.T.);
#1562=ORIENTED_EDGE('',*,*,#1561,.F.);
#1563=CARTESIAN_POINT('',(5.,0.3,16.5));
#1564=VERTEX_POINT('',#1563);
#1565=CARTESIAN_POINT('',(5.,3.611895633,16.5));
#1566=DIRECTION('',(0.,-1.,0.));
#1567=VECTOR('',#1566,3.311895633);
#1568=LINE('',#1565,#1567);
#1569=EDGE_CURVE('',#1555,#1564,#1568,.T.);
#1570=ORIENTED_EDGE('',*,*,#1569,.T.);
#1571=CARTESIAN_POINT('',(11.,0.3,16.5));
#1572=VERTEX_POINT('',#1571);
#1573=CARTESIAN_POINT('',(5.,0.3,16.5));
#1574=DIRECTION('',(1.,0.,-0.));
#1575=VECTOR('',#1574,6.);
#1576=LINE('',#1573,#1575);
#1577=EDGE_CURVE('',#1564,#1572,#1576,.T.);
#1578=ORIENTED_EDGE('',*,*,#1577,.T.);
#1579=CARTESIAN_POINT('',(11.,3.611895633,16.5));
#1580=VERTEX_POINT('',#1579);
#1581=CARTESIAN_POINT('',(11.,3.611895633,16.5));
#1582=DIRECTION('',(0.,-1.,0.));
#1583=VECTOR('',#1582,3.311895633);
#1584=LINE('',#1581,#1583);
#1585=EDGE_CURVE('',#1580,#1572,#1584,.T.);
#1586=ORIENTED_EDGE('',*,*,#1585,.F.);
#1587=CARTESIAN_POINT('',(11.025,4.,16.5));
#1588=VERTEX_POINT('',#1587);
#1589=CARTESIAN_POINT('',(8.,4.,16.5));
#1590=DIRECTION('',(0.,0.,-1.));
#1591=DIRECTION('',(-1.,0.,0.));
#1592=AXIS2_PLACEMENT_3D('',#1589,#1590,#1591);
#1593=CIRCLE('',#1592,3.025);
#1594=EDGE_CURVE('',#1588,#1580,#1593,.T.);
#1595=ORIENTED_EDGE('',*,*,#1594,.F.);
#1596=CARTESIAN_POINT('',(11.,4.388104367,16.5));
#1597=VERTEX_POINT('',#1596);
#1598=CARTESIAN_POINT('',(8.,4.,16.5));
#1599=DIRECTION('',(0.,0.,-1.));
#1600=DIRECTION('',(-1.,0.,0.));
#1601=AXIS2_PLACEMENT_3D('',#1598,#1599,#1600);
#1602=CIRCLE('',#1601,3.025);
#1603=EDGE_CURVE('',#1597,#1588,#1602,.T.);
#1604=ORIENTED_EDGE('',*,*,#1603,.F.);
#1605=CARTESIAN_POINT('',(11.,7.,16.5));
#1606=VERTEX_POINT('',#1605);
#1607=CARTESIAN_POINT('',(11.,4.388104367,16.5));
#1608=DIRECTION('',(0.,1.,0.));
#1609=VECTOR('',#1608,2.611895633);
#1610=LINE('',#1607,#1609);
#1611=EDGE_CURVE('',#1597,#1606,#1610,.T.);
#1612=ORIENTED_EDGE('',*,*,#1611,.T.);
#1613=CARTESIAN_POINT('',(20.7,7.,16.5));
#1614=VERTEX_POINT('',#1613);
#1615=CARTESIAN_POINT('',(20.7,7.,16.5));
#1616=DIRECTION('',(-1.,-0.,0.));
#1617=VECTOR('',#1616,9.7);
#1618=LINE('',#1615,#1617);
#1619=EDGE_CURVE('',#1614,#1606,#1618,.T.);
#1620=ORIENTED_EDGE('',*,*,#1619,.F.);
#1621=CARTESIAN_POINT('',(20.7,-0.5,16.5));
#1622=VERTEX_POINT('',#1621);
#1623=CARTESIAN_POINT('',(20.7,7.,16.5));
#1624=DIRECTION('',(0.,-1.,0.));
#1625=VECTOR('',#1624,7.5);
#1626=LINE('',#1623,#1625);
#1627=EDGE_CURVE('',#1614,#1622,#1626,.T.);
#1628=ORIENTED_EDGE('',*,*,#1627,.T.);
#1629=CARTESIAN_POINT('',(41.7,-0.5,16.5));
#1630=VERTEX_POINT('',#1629);
#1631=CARTESIAN_POINT('',(20.7,-0.5,16.5));
#1632=DIRECTION('',(1.,0.,-0.));
#1633=VECTOR('',#1632,21.);
#1634=LINE('',#1631,#1633);
#1635=EDGE_CURVE('',#1622,#1630,#1634,.T.);
#1636=ORIENTED_EDGE('',*,*,#1635,.T.);
#1637=CARTESIAN_POINT('',(41.7,7.,16.5));
#1638=VERTEX_POINT('',#1637);
#1639=CARTESIAN_POINT('',(41.7,-0.5,16.5));
#1640=DIRECTION('',(-0.,1.,0.));
#1641=VECTOR('',#1640,7.5);
#1642=LINE('',#1639,#1641);
#1643=EDGE_CURVE('',#1630,#1638,#1642,.T.);
#1644=ORIENTED_EDGE('',*,*,#1643,.T.);
#1645=CARTESIAN_POINT('',(45.,7.,16.5));
#1646=VERTEX_POINT('',#1645);
#1647=CARTESIAN_POINT('',(45.,7.,16.5));
#1648=DIRECTION('',(-1.,-0.,0.));
#1649=VECTOR('',#1648,3.3);
#1650=LINE('',#1647,#1649);
#1651=EDGE_CURVE('',#1646,#1638,#1650,.T.);
#1652=ORIENTED_EDGE('',*,*,#1651,.F.);
#1653=CARTESIAN_POINT('',(45.,4.388104367,16.5));
#1654=VERTEX_POINT('',#1653);
#1655=CARTESIAN_POINT('',(45.,4.388104367,16.5));
#1656=DIRECTION('',(0.,1.,0.));
#1657=VECTOR('',#1656,2.611895633);
#1658=LINE('',#1655,#1657);
#1659=EDGE_CURVE('',#1654,#1646,#1658,.T.);
#1660=ORIENTED_EDGE('',*,*,#1659,.F.);
#1661=CARTESIAN_POINT('',(45.,3.611895633,16.5));
#1662=VERTEX_POINT('',#1661);
#1663=CARTESIAN_POINT('',(48.,4.,16.5));
#1664=DIRECTION('',(0.,0.,-1.));
#1665=DIRECTION('',(-1.,0.,0.));
#1666=AXIS2_PLACEMENT_3D('',#1663,#1664,#1665);
#1667=CIRCLE('',#1666,3.025);
#1668=EDGE_CURVE('',#1662,#1654,#1667,.T.);
#1669=ORIENTED_EDGE('',*,*,#1668,.F.);
#1670=CARTESIAN_POINT('',(45.,0.3,16.5));
#1671=VERTEX_POINT('',#1670);
#1672=CARTESIAN_POINT('',(45.,3.611895633,16.5));
#1673=DIRECTION('',(0.,-1.,0.));
#1674=VECTOR('',#1673,3.311895633);
#1675=LINE('',#1672,#1674);
#1676=EDGE_CURVE('',#1662,#1671,#1675,.T.);
#1677=ORIENTED_EDGE('',*,*,#1676,.T.);
#1678=CARTESIAN_POINT('',(51.,0.3,16.5));
#1679=VERTEX_POINT('',#1678);
#1680=CARTESIAN_POINT('',(51.,0.3,16.5));
#1681=DIRECTION('',(-1.,0.,0.));
#1682=VECTOR('',#1681,6.);
#1683=LINE('',#1680,#1682);
#1684=EDGE_CURVE('',#1679,#1671,#1683,.T.);
#1685=ORIENTED_EDGE('',*,*,#1684,.F.);
#1686=CARTESIAN_POINT('',(51.,3.611895633,16.5));
#1687=VERTEX_POINT('',#1686);
#1688=CARTESIAN_POINT('',(51.,3.611895633,16.5));
#1689=DIRECTION('',(0.,-1.,0.));
#1690=VECTOR('',#1689,3.311895633);
#1691=LINE('',#1688,#1690);
#1692=EDGE_CURVE('',#1687,#1679,#1691,.T.);
#1693=ORIENTED_EDGE('',*,*,#1692,.F.);
#1694=CARTESIAN_POINT('',(51.025,4.,16.5));
#1695=VERTEX_POINT('',#1694);
#1696=CARTESIAN_POINT('',(48.,4.,16.5));
#1697=DIRECTION('',(0.,0.,-1.));
#1698=DIRECTION('',(-1.,0.,0.));
#1699=AXIS2_PLACEMENT_3D('',#1696,#1697,#1698);
#1700=CIRCLE('',#1699,3.025);
#1701=EDGE_CURVE('',#1695,#1687,#1700,.T.);
#1702=ORIENTED_EDGE('',*,*,#1701,.F.);
#1703=CARTESIAN_POINT('',(51.,4.388104367,16.5));
#1704=VERTEX_POINT('',#1703);
#1705=CARTESIAN_POINT('',(48.,4.,16.5));
#1706=DIRECTION('',(0.,0.,-1.));
#1707=DIRECTION('',(-1.,0.,0.));
#1708=AXIS2_PLACEMENT_3D('',#1705,#1706,#1707);
#1709=CIRCLE('',#1708,3.025);
#1710=EDGE_CURVE('',#1704,#1695,#1709,.T.);
#1711=ORIENTED_EDGE('',*,*,#1710,.F.);
#1712=CARTESIAN_POINT('',(51.,7.,16.5));
#1713=VERTEX_POINT('',#1712);
#1714=CARTESIAN_POINT('',(51.,4.388104367,16.5));
#1715=DIRECTION('',(0.,1.,0.));
#1716=VECTOR('',#1715,2.611895633);
#1717=LINE('',#1714,#1716);
#1718=EDGE_CURVE('',#1704,#1713,#1717,.T.);
#1719=ORIENTED_EDGE('',*,*,#1718,.T.);
#1720=CARTESIAN_POINT('',(63.4,7.,16.5));
#1721=DIRECTION('',(-1.,-0.,0.));
#1722=VECTOR('',#1721,12.4);
#1723=LINE('',#1720,#1722);
#1724=EDGE_CURVE('',#1401,#1713,#1723,.T.);
#1725=ORIENTED_EDGE('',*,*,#1724,.F.);
#1726=ORIENTED_EDGE('',*,*,#1406,.T.);
#1727=ORIENTED_EDGE('',*,*,#1165,.T.);
#1728=CARTESIAN_POINT('',(60.289851636,-42.7,16.5));
#1729=VERTEX_POINT('',#1728);
#1730=CARTESIAN_POINT('',(60.289851636,-42.7,16.5));
#1731=DIRECTION('',(0.,-1.,0.));
#1732=VECTOR('',#1731,3.);
#1733=LINE('',#1730,#1732);
#1734=EDGE_CURVE('',#1729,#1153,#1733,.T.);
#1735=ORIENTED_EDGE('',*,*,#1734,.F.);
#1736=CARTESIAN_POINT('',(45.841548364,-42.7,16.5));
#1737=VERTEX_POINT('',#1736);
#1738=CARTESIAN_POINT('',(60.289851636,-42.7,16.5));
#1739=DIRECTION('',(-1.,0.,0.));
#1740=VECTOR('',#1739,14.448303273);
#1741=LINE('',#1738,#1740);
#1742=EDGE_CURVE('',#1729,#1737,#1741,.T.);
#1743=ORIENTED_EDGE('',*,*,#1742,.T.);
#1744=CARTESIAN_POINT('',(45.841548364,-42.7,16.5));
#1745=DIRECTION('',(0.,-1.,0.));
#1746=VECTOR('',#1745,3.);
#1747=LINE('',#1744,#1746);
#1748=EDGE_CURVE('',#1737,#1094,#1747,.T.);
#1749=ORIENTED_EDGE('',*,*,#1748,.T.);
#1750=ORIENTED_EDGE('',*,*,#1099,.T.);
#1751=CARTESIAN_POINT('',(22.,-42.7,16.5));
#1752=VERTEX_POINT('',#1751);
#1753=CARTESIAN_POINT('',(22.,-42.7,16.5));
#1754=DIRECTION('',(0.,-1.,0.));
#1755=VECTOR('',#1754,3.);
#1756=LINE('',#1753,#1755);
#1757=EDGE_CURVE('',#1752,#1086,#1756,.T.);
#1758=ORIENTED_EDGE('',*,*,#1757,.F.);
#1759=CARTESIAN_POINT('',(10.,-42.7,16.5));
#1760=VERTEX_POINT('',#1759);
#1761=CARTESIAN_POINT('',(22.,-42.7,16.5));
#1762=DIRECTION('',(-1.,0.,0.));
#1763=VECTOR('',#1762,12.);
#1764=LINE('',#1761,#1763);
#1765=EDGE_CURVE('',#1752,#1760,#1764,.T.);
#1766=ORIENTED_EDGE('',*,*,#1765,.T.);
#1767=CARTESIAN_POINT('',(10.,-42.7,16.5));
#1768=DIRECTION('',(0.,-1.,0.));
#1769=VECTOR('',#1768,3.);
#1770=LINE('',#1767,#1769);
#1771=EDGE_CURVE('',#1760,#1062,#1770,.T.);
#1772=ORIENTED_EDGE('',*,*,#1771,.T.);
#1773=ORIENTED_EDGE('',*,*,#1067,.T.);
#1774=ORIENTED_EDGE('',*,*,#96,.T.);
#1775=CARTESIAN_POINT('',(5.,7.,16.5));
#1776=DIRECTION('',(-1.,-0.,0.));
#1777=VECTOR('',#1776,6.);
#1778=LINE('',#1775,#1777);
#1779=EDGE_CURVE('',#1547,#83,#1778,.T.);
#1780=ORIENTED_EDGE('',*,*,#1779,.F.);
#1781=EDGE_LOOP('',(#1553,#1562,#1570,#1578,#1586,#1595,#1604,#1612,#1620,#1628,#1636,#1644,#1652,#1660,#1669,#1677,#1685,#1693,#1702,#1711,#1719,#1725,#1726,#1727,#1735,#1743,
#1749,#1750,#1758,#1766,#1772,#1773,#1774,#1780));
#1782=FACE_BOUND('',#1781,.T.);
#1783=ADVANCED_FACE('',(#1543,#1782),#1509,.F.);
#1784=CARTESIAN_POINT('',(15.1,7.,2.));
#1785=DIRECTION('',(0.,-1.,0.));
#1786=DIRECTION('',(1.,0.,0.));
#1787=AXIS2_PLACEMENT_3D('',#1784,#1785,#1786);
#1788=PLANE('',#1787);
#1789=CARTESIAN_POINT('',(3.5,7.,5.5));
#1790=VERTEX_POINT('',#1789);
#1791=CARTESIAN_POINT('',(3.5,7.,5.5));
#1792=DIRECTION('',(-0.,-0.,-1.));
#1793=VECTOR('',#1792,8.);
#1794=LINE('',#1791,#1793);
#1795=EDGE_CURVE('',#1790,#619,#1794,.T.);
#1796=ORIENTED_EDGE('',*,*,#1795,.T.);
#1797=ORIENTED_EDGE('',*,*,#624,.F.);
#1798=CARTESIAN_POINT('',(58.9,7.,5.5));
#1799=VERTEX_POINT('',#1798);
#1800=CARTESIAN_POINT('',(58.9,7.,-2.5));
#1801=DIRECTION('',(0.,0.,1.));
#1802=VECTOR('',#1801,8.);
#1803=LINE('',#1800,#1802);
#1804=EDGE_CURVE('',#610,#1799,#1803,.T.);
#1805=ORIENTED_EDGE('',*,*,#1804,.T.);
#1806=CARTESIAN_POINT('',(61.569337614,7.,5.5));
#1807=VERTEX_POINT('',#1806);
#1808=CARTESIAN_POINT('',(61.569337614,7.,5.5));
#1809=DIRECTION('',(-1.,-0.,0.));
#1810=VECTOR('',#1809,2.669337614);
#1811=LINE('',#1808,#1810);
#1812=EDGE_CURVE('',#1807,#1799,#1811,.T.);
#1813=ORIENTED_EDGE('',*,*,#1812,.F.);
#1814=CARTESIAN_POINT('',(63.230662386,7.,5.5));
#1815=VERTEX_POINT('',#1814);
#1816=CARTESIAN_POINT('',(63.230662386,7.,5.5));
#1817=DIRECTION('',(-1.,0.,0.));
#1818=VECTOR('',#1817,1.661324773);
#1819=LINE('',#1816,#1818);
#1820=EDGE_CURVE('',#1815,#1807,#1819,.T.);
#1821=ORIENTED_EDGE('',*,*,#1820,.F.);
#1822=CARTESIAN_POINT('',(63.230662386,7.,5.5));
#1823=DIRECTION('',(0.,0.,-1.));
#1824=VECTOR('',#1823,8.);
#1825=LINE('',#1822,#1824);
#1826=EDGE_CURVE('',#1815,#427,#1825,.T.);
#1827=ORIENTED_EDGE('',*,*,#1826,.T.);
#1828=ORIENTED_EDGE('',*,*,#432,.F.);
#1829=ORIENTED_EDGE('',*,*,#1412,.F.);
#1830=ORIENTED_EDGE('',*,*,#1724,.T.);
#1831=CARTESIAN_POINT('',(51.,7.,13.5));
#1832=VERTEX_POINT('',#1831);
#1833=CARTESIAN_POINT('',(51.,7.,13.5));
#1834=DIRECTION('',(0.,0.,1.));
#1835=VECTOR('',#1834,3.);
#1836=LINE('',#1833,#1835);
#1837=EDGE_CURVE('',#1832,#1713,#1836,.T.);
#1838=ORIENTED_EDGE('',*,*,#1837,.F.);
#1839=CARTESIAN_POINT('',(45.,7.,13.5));
#1840=VERTEX_POINT('',#1839);
#1841=CARTESIAN_POINT('',(45.,7.,13.5));
#1842=DIRECTION('',(1.,0.,0.));
#1843=VECTOR('',#1842,6.);
#1844=LINE('',#1841,#1843);
#1845=EDGE_CURVE('',#1840,#1832,#1844,.T.);
#1846=ORIENTED_EDGE('',*,*,#1845,.F.);
#1847=CARTESIAN_POINT('',(45.,7.,13.5));
#1848=DIRECTION('',(0.,0.,1.));
#1849=VECTOR('',#1848,3.);
#1850=LINE('',#1847,#1849);
#1851=EDGE_CURVE('',#1840,#1646,#1850,.T.);
#1852=ORIENTED_EDGE('',*,*,#1851,.T.);
#1853=ORIENTED_EDGE('',*,*,#1651,.T.);
#1854=CARTESIAN_POINT('',(41.7,7.,18.5));
#1855=VERTEX_POINT('',#1854);
#1856=CARTESIAN_POINT('',(41.7,7.,18.5));
#1857=DIRECTION('',(0.,0.,-1.));
#1858=VECTOR('',#1857,2.);
#1859=LINE('',#1856,#1858);
#1860=EDGE_CURVE('',#1855,#1638,#1859,.T.);
#1861=ORIENTED_EDGE('',*,*,#1860,.F.);
#1862=CARTESIAN_POINT('',(20.7,7.,18.5));
#1863=VERTEX_POINT('',#1862);
#1864=CARTESIAN_POINT('',(41.7,7.,18.5));
#1865=DIRECTION('',(-1.,-0.,0.));
#1866=VECTOR('',#1865,21.);
#1867=LINE('',#1864,#1866);
#1868=EDGE_CURVE('',#1855,#1863,#1867,.T.);
#1869=ORIENTED_EDGE('',*,*,#1868,.T.);
#1870=CARTESIAN_POINT('',(20.7,7.,18.5));
#1871=DIRECTION('',(0.,0.,-1.));
#1872=VECTOR('',#1871,2.);
#1873=LINE('',#1870,#1872);
#1874=EDGE_CURVE('',#1863,#1614,#1873,.T.);
#1875=ORIENTED_EDGE('',*,*,#1874,.T.);
#1876=ORIENTED_EDGE('',*,*,#1619,.T.);
#1877=CARTESIAN_POINT('',(11.,7.,13.5));
#1878=VERTEX_POINT('',#1877);
#1879=CARTESIAN_POINT('',(11.,7.,13.5));
#1880=DIRECTION('',(0.,0.,1.));
#1881=VECTOR('',#1880,3.);
#1882=LINE('',#1879,#1881);
#1883=EDGE_CURVE('',#1878,#1606,#1882,.T.);
#1884=ORIENTED_EDGE('',*,*,#1883,.F.);
#1885=CARTESIAN_POINT('',(5.,7.,13.5));
#1886=VERTEX_POINT('',#1885);
#1887=CARTESIAN_POINT('',(5.,7.,13.5));
#1888=DIRECTION('',(1.,0.,0.));
#1889=VECTOR('',#1888,6.);
#1890=LINE('',#1887,#1889);
#1891=EDGE_CURVE('',#1886,#1878,#1890,.T.);
#1892=ORIENTED_EDGE('',*,*,#1891,.F.);
#1893=CARTESIAN_POINT('',(5.,7.,13.5));
#1894=DIRECTION('',(0.,0.,1.));
#1895=VECTOR('',#1894,3.);
#1896=LINE('',#1893,#1895);
#1897=EDGE_CURVE('',#1886,#1547,#1896,.T.);
#1898=ORIENTED_EDGE('',*,*,#1897,.T.);
#1899=ORIENTED_EDGE('',*,*,#1779,.T.);
#1900=ORIENTED_EDGE('',*,*,#88,.T.);
#1901=ORIENTED_EDGE('',*,*,#419,.F.);
#1902=CARTESIAN_POINT('',(-0.830662386,7.,5.5));
#1903=VERTEX_POINT('',#1902);
#1904=CARTESIAN_POINT('',(-0.830662386,7.,5.5));
#1905=DIRECTION('',(0.,0.,-1.));
#1906=VECTOR('',#1905,8.);
#1907=LINE('',#1904,#1906);
#1908=EDGE_CURVE('',#1903,#407,#1907,.T.);
#1909=ORIENTED_EDGE('',*,*,#1908,.F.);
#1910=CARTESIAN_POINT('',(0.830662386,7.,5.5));
#1911=VERTEX_POINT('',#1910);
#1912=CARTESIAN_POINT('',(0.830662386,7.,5.5));
#1913=DIRECTION('',(-1.,-0.,0.));
#1914=VECTOR('',#1913,1.661324773);
#1915=LINE('',#1912,#1914);
#1916=EDGE_CURVE('',#1911,#1903,#1915,.T.);
#1917=ORIENTED_EDGE('',*,*,#1916,.F.);
#1918=CARTESIAN_POINT('',(3.5,7.,5.5));
#1919=DIRECTION('',(-1.,-0.,0.));
#1920=VECTOR('',#1919,2.669337614);
#1921=LINE('',#1918,#1920);
#1922=EDGE_CURVE('',#1790,#1911,#1921,.T.);
#1923=ORIENTED_EDGE('',*,*,#1922,.F.);
#1924=EDGE_LOOP('',(#1796,#1797,#1805,#1813,#1821,#1827,#1828,#1829,#1830,#1838,#1846,#1852,#1853,#1861,#1869,#1875,#1876,#1884,#1892,#1898,#1899,#1900,#1901,#1909,#1917,#1923));
#1925=FACE_BOUND('',#1924,.T.);
#1926=ORIENTED_EDGE('',*,*,#872,.F.);
#1927=EDGE_LOOP('',(#1926));
#1928=FACE_BOUND('',#1927,.T.);
#1929=ORIENTED_EDGE('',*,*,#840,.T.);
#1930=ORIENTED_EDGE('',*,*,#847,.T.);
#1931=EDGE_LOOP('',(#1929,#1930));
#1932=FACE_BOUND('',#1931,.T.);
#1933=ORIENTED_EDGE('',*,*,#914,.F.);
#1934=EDGE_LOOP('',(#1933));
#1935=FACE_BOUND('',#1934,.T.);
#1936=ORIENTED_EDGE('',*,*,#737,.F.);
#1937=EDGE_LOOP('',(#1936));
#1938=FACE_BOUND('',#1937,.T.);
#1939=ORIENTED_EDGE('',*,*,#779,.F.);
#1940=EDGE_LOOP('',(#1939));
#1941=FACE_BOUND('',#1940,.T.);
#1942=ADVANCED_FACE('',(#1925,#1928,#1932,#1935,#1938,#1941),#1788,.T.);
#1943=CARTESIAN_POINT('',(8.,4.,13.5));
#1944=DIRECTION('',(0.,0.,1.));
#1945=DIRECTION('',(1.,0.,-0.));
#1946=AXIS2_PLACEMENT_3D('',#1943,#1944,#1945);
#1947=CYLINDRICAL_SURFACE('',#1946,3.025);
#1948=CARTESIAN_POINT('',(5.,4.388104367,13.5));
#1949=VERTEX_POINT('',#1948);
#1950=CARTESIAN_POINT('',(5.,4.388104367,13.5));
#1951=DIRECTION('',(0.,0.,1.));
#1952=VECTOR('',#1951,3.);
#1953=LINE('',#1950,#1952);
#1954=EDGE_CURVE('',#1949,#1545,#1953,.T.);
#1955=ORIENTED_EDGE('',*,*,#1954,.F.);
#1956=CARTESIAN_POINT('',(5.,3.611895633,13.5));
#1957=VERTEX_POINT('',#1956);
#1958=CARTESIAN_POINT('',(8.,4.,13.5));
#1959=DIRECTION('',(0.,0.,-1.));
#1960=DIRECTION('',(-1.,0.,0.));
#1961=AXIS2_PLACEMENT_3D('',#1958,#1959,#1960);
#1962=CIRCLE('',#1961,3.025);
#1963=EDGE_CURVE('',#1957,#1949,#1962,.T.);
#1964=ORIENTED_EDGE('',*,*,#1963,.F.);
#1965=CARTESIAN_POINT('',(5.,3.611895633,16.5));
#1966=DIRECTION('',(-0.,-0.,-1.));
#1967=VECTOR('',#1966,3.);
#1968=LINE('',#1965,#1967);
#1969=EDGE_CURVE('',#1555,#1957,#1968,.T.);
#1970=ORIENTED_EDGE('',*,*,#1969,.F.);
#1971=ORIENTED_EDGE('',*,*,#1561,.T.);
#1972=EDGE_LOOP('',(#1955,#1964,#1970,#1971));
#1973=FACE_BOUND('',#1972,.T.);
#1974=ADVANCED_FACE('',(#1973),#1947,.T.);
#1975=CARTESIAN_POINT('',(48.,4.,13.5));
#1976=DIRECTION('',(0.,0.,1.));
#1977=DIRECTION('',(1.,0.,-0.));
#1978=AXIS2_PLACEMENT_3D('',#1975,#1976,#1977);
#1979=CYLINDRICAL_SURFACE('',#1978,3.025);
#1980=CARTESIAN_POINT('',(45.,4.388104367,13.5));
#1981=VERTEX_POINT('',#1980);
#1982=CARTESIAN_POINT('',(45.,4.388104367,13.5));
#1983=DIRECTION('',(0.,0.,1.));
#1984=VECTOR('',#1983,3.);
#1985=LINE('',#1982,#1984);
#1986=EDGE_CURVE('',#1981,#1654,#1985,.T.);
#1987=ORIENTED_EDGE('',*,*,#1986,.F.);
#1988=CARTESIAN_POINT('',(45.,3.611895633,13.5));
#1989=VERTEX_POINT('',#1988);
#1990=CARTESIAN_POINT('',(48.,4.,13.5));
#1991=DIRECTION('',(0.,0.,-1.));
#1992=DIRECTION('',(-1.,0.,0.));
#1993=AXIS2_PLACEMENT_3D('',#1990,#1991,#1992);
#1994=CIRCLE('',#1993,3.025);
#1995=EDGE_CURVE('',#1989,#1981,#1994,.T.);
#1996=ORIENTED_EDGE('',*,*,#1995,.F.);
#1997=CARTESIAN_POINT('',(45.,3.611895633,16.5));
#1998=DIRECTION('',(-0.,-0.,-1.));
#1999=VECTOR('',#1998,3.);
#2000=LINE('',#1997,#1999);
#2001=EDGE_CURVE('',#1662,#1989,#2000,.T.);
#2002=ORIENTED_EDGE('',*,*,#2001,.F.);
#2003=ORIENTED_EDGE('',*,*,#1668,.T.);
#2004=EDGE_LOOP('',(#1987,#1996,#2002,#2003));
#2005=FACE_BOUND('',#2004,.T.);
#2006=ADVANCED_FACE('',(#2005),#1979,.T.);
#2007=CARTESIAN_POINT('',(-3.,-19.35,2.));
#2008=DIRECTION('',(1.,0.,0.));
#2009=DIRECTION('',(0.,0.,-1.));
#2010=AXIS2_PLACEMENT_3D('',#2007,#2008,#2009);
#2011=PLANE('',#2010);
#2012=CARTESIAN_POINT('',(-3.,2.5,-4.));
#2013=VERTEX_POINT('',#2012);
#2014=CARTESIAN_POINT('',(-3.,-3.381966011,-4.));
#2015=VERTEX_POINT('',#2014);
#2016=CARTESIAN_POINT('',(-3.,2.5,-4.));
#2017=DIRECTION('',(0.,-1.,0.));
#2018=VECTOR('',#2017,5.881966011);
#2019=LINE('',#2016,#2018);
#2020=EDGE_CURVE('',#2013,#2015,#2019,.T.);
#2021=ORIENTED_EDGE('',*,*,#2020,.T.);
#2022=CARTESIAN_POINT('',(-3.,-5.618033989,-4.));
#2023=VERTEX_POINT('',#2022);
#2024=CARTESIAN_POINT('',(-3.,-4.5,-5.));
#2025=DIRECTION('',(1.,0.,0.));
#2026=DIRECTION('',(0.,0.,-1.));
#2027=AXIS2_PLACEMENT_3D('',#2024,#2025,#2026);
#2028=CIRCLE('',#2027,1.5);
#2029=EDGE_CURVE('',#2015,#2023,#2028,.T.);
#2030=ORIENTED_EDGE('',*,*,#2029,.T.);
#2031=CARTESIAN_POINT('',(-3.,-9.381966011,-4.));
#2032=VERTEX_POINT('',#2031);
#2033=CARTESIAN_POINT('',(-3.,-5.618033989,-4.));
#2034=DIRECTION('',(0.,-1.,0.));
#2035=VECTOR('',#2034,3.763932023);
#2036=LINE('',#2033,#2035);
#2037=EDGE_CURVE('',#2023,#2032,#2036,.T.);
#2038=ORIENTED_EDGE('',*,*,#2037,.T.);
#2039=CARTESIAN_POINT('',(-3.,-11.618033989,-4.));
#2040=VERTEX_POINT('',#2039);
#2041=CARTESIAN_POINT('',(-3.,-10.5,-5.));
#2042=DIRECTION('',(1.,0.,0.));
#2043=DIRECTION('',(0.,0.,-1.));
#2044=AXIS2_PLACEMENT_3D('',#2041,#2042,#2043);
#2045=CIRCLE('',#2044,1.5);
#2046=EDGE_CURVE('',#2032,#2040,#2045,.T.);
#2047=ORIENTED_EDGE('',*,*,#2046,.T.);
#2048=CARTESIAN_POINT('',(-3.,-15.381966011,-4.));
#2049=VERTEX_POINT('',#2048);
#2050=CARTESIAN_POINT('',(-3.,-11.618033989,-4.));
#2051=DIRECTION('',(0.,-1.,0.));
#2052=VECTOR('',#2051,3.763932023);
#2053=LINE('',#2050,#2052);
#2054=EDGE_CURVE('',#2040,#2049,#2053,.T.);
#2055=ORIENTED_EDGE('',*,*,#2054,.T.);
#2056=CARTESIAN_POINT('',(-3.,-16.639,-3.506454219));
#2057=VERTEX_POINT('',#2056);
#2058=CARTESIAN_POINT('',(-3.,-16.5,-5.));
#2059=DIRECTION('',(1.,0.,0.));
#2060=DIRECTION('',(0.,0.,-1.));
#2061=AXIS2_PLACEMENT_3D('',#2058,#2059,#2060);
#2062=CIRCLE('',#2061,1.5);
#2063=EDGE_CURVE('',#2049,#2057,#2062,.T.);
#2064=ORIENTED_EDGE('',*,*,#2063,.T.);
#2065=CARTESIAN_POINT('',(-3.,-16.639,-1.859607786));
#2066=VERTEX_POINT('',#2065);
#2067=CARTESIAN_POINT('',(-3.,-16.639,-1.859607786));
#2068=DIRECTION('',(0.,0.,-1.));
#2069=VECTOR('',#2068,1.646846433);
#2070=LINE('',#2067,#2069);
#2071=EDGE_CURVE('',#2066,#2057,#2070,.T.);
#2072=ORIENTED_EDGE('',*,*,#2071,.F.);
#2073=CARTESIAN_POINT('',(-3.,-13.739042418,1.986156986));
#2074=VERTEX_POINT('',#2073);
#2075=CARTESIAN_POINT('',(-3.,-17.739042418,1.986156986));
#2076=DIRECTION('',(1.,0.,0.));
#2077=DIRECTION('',(0.,0.,-1.));
#2078=AXIS2_PLACEMENT_3D('',#2075,#2076,#2077);
#2079=CIRCLE('',#2078,4.);
#2080=EDGE_CURVE('',#2066,#2074,#2079,.T.);
#2081=ORIENTED_EDGE('',*,*,#2080,.T.);
#2082=CARTESIAN_POINT('',(-3.,-13.739042418,3.186156986));
#2083=VERTEX_POINT('',#2082);
#2084=CARTESIAN_POINT('',(-3.,-13.739042418,1.986156986));
#2085=DIRECTION('',(0.,0.,1.));
#2086=VECTOR('',#2085,1.2);
#2087=LINE('',#2084,#2086);
#2088=EDGE_CURVE('',#2074,#2083,#2087,.T.);
#2089=ORIENTED_EDGE('',*,*,#2088,.T.);
#2090=CARTESIAN_POINT('',(-3.,-17.739042418,7.186156986));
#2091=VERTEX_POINT('',#2090);
#2092=CARTESIAN_POINT('',(-3.,-17.739042418,3.186156986));
#2093=DIRECTION('',(1.,0.,0.));
#2094=DIRECTION('',(0.,0.,-1.));
#2095=AXIS2_PLACEMENT_3D('',#2092,#2093,#2094);
#2096=CIRCLE('',#2095,4.);
#2097=EDGE_CURVE('',#2083,#2091,#2096,.T.);
#2098=ORIENTED_EDGE('',*,*,#2097,.T.);
#2099=CARTESIAN_POINT('',(-3.,-24.67904581,7.186156986));
#2100=VERTEX_POINT('',#2099);
#2101=CARTESIAN_POINT('',(-3.,-17.739042418,7.186156986));
#2102=DIRECTION('',(0.,-1.,0.));
#2103=VECTOR('',#2102,6.940003392);
#2104=LINE('',#2101,#2103);
#2105=EDGE_CURVE('',#2091,#2100,#2104,.T.);
#2106=ORIENTED_EDGE('',*,*,#2105,.T.);
#2107=CARTESIAN_POINT('',(-3.,-28.679042418,3.186152466));
#2108=VERTEX_POINT('',#2107);
#2109=CARTESIAN_POINT('',(-3.,-24.679042418,3.186156986));
#2110=DIRECTION('',(1.,0.,0.));
#2111=DIRECTION('',(0.,0.,-1.));
#2112=AXIS2_PLACEMENT_3D('',#2109,#2110,#2111);
#2113=CIRCLE('',#2112,4.);
#2114=EDGE_CURVE('',#2100,#2108,#2113,.T.);
#2115=ORIENTED_EDGE('',*,*,#2114,.T.);
#2116=CARTESIAN_POINT('',(-3.,-28.679042418,1.986153602));
#2117=VERTEX_POINT('',#2116);
#2118=CARTESIAN_POINT('',(-3.,-28.679042418,3.186152466));
#2119=DIRECTION('',(0.,0.,-1.));
#2120=VECTOR('',#2119,1.199998864);
#2121=LINE('',#2118,#2120);
#2122=EDGE_CURVE('',#2108,#2117,#2121,.T.);
#2123=ORIENTED_EDGE('',*,*,#2122,.T.);
#2124=CARTESIAN_POINT('',(-3.,-28.576476908,1.086154543));
#2125=VERTEX_POINT('',#2124);
#2126=CARTESIAN_POINT('',(-3.,-24.679042418,1.986156986));
#2127=DIRECTION('',(1.,0.,0.));
#2128=DIRECTION('',(0.,0.,-1.));
#2129=AXIS2_PLACEMENT_3D('',#2126,#2127,#2128);
#2130=CIRCLE('',#2129,4.);
#2131=EDGE_CURVE('',#2117,#2125,#2130,.T.);
#2132=ORIENTED_EDGE('',*,*,#2131,.T.);
#2133=CARTESIAN_POINT('',(-3.,-32.2306,1.086154543));
#2134=VERTEX_POINT('',#2133);
#2135=CARTESIAN_POINT('',(-3.,-28.576476908,1.086154543));
#2136=DIRECTION('',(0.,-1.,0.));
#2137=VECTOR('',#2136,3.654123092);
#2138=LINE('',#2135,#2137);
#2139=EDGE_CURVE('',#2125,#2134,#2138,.T.);
#2140=ORIENTED_EDGE('',*,*,#2139,.T.);
#2141=CARTESIAN_POINT('',(-3.,-32.2306,12.1862));
#2142=VERTEX_POINT('',#2141);
#2143=CARTESIAN_POINT('',(-3.,-32.2306,12.1862));
#2144=DIRECTION('',(0.,0.,-1.));
#2145=VECTOR('',#2144,11.100045457);
#2146=LINE('',#2143,#2145);
#2147=EDGE_CURVE('',#2142,#2134,#2146,.T.);
#2148=ORIENTED_EDGE('',*,*,#2147,.F.);
#2149=CARTESIAN_POINT('',(-3.,-41.4306,12.1862));
#2150=VERTEX_POINT('',#2149);
#2151=CARTESIAN_POINT('',(-3.,-32.2306,12.1862));
#2152=DIRECTION('',(0.,-1.,0.));
#2153=VECTOR('',#2152,9.2);
#2154=LINE('',#2151,#2153);
#2155=EDGE_CURVE('',#2142,#2150,#2154,.T.);
#2156=ORIENTED_EDGE('',*,*,#2155,.T.);
#2157=CARTESIAN_POINT('',(-3.,-41.4306,-2.5));
#2158=VERTEX_POINT('',#2157);
#2159=CARTESIAN_POINT('',(-3.,-41.4306,-2.5));
#2160=DIRECTION('',(0.,0.,1.));
#2161=VECTOR('',#2160,14.6862);
#2162=LINE('',#2159,#2161);
#2163=EDGE_CURVE('',#2158,#2150,#2162,.T.);
#2164=ORIENTED_EDGE('',*,*,#2163,.F.);
#2165=CARTESIAN_POINT('',(-3.,-45.7,-2.5));
#2166=VERTEX_POINT('',#2165);
#2167=CARTESIAN_POINT('',(-3.,-41.4306,-2.5));
#2168=DIRECTION('',(0.,-1.,0.));
#2169=VECTOR('',#2168,4.2694);
#2170=LINE('',#2167,#2169);
#2171=EDGE_CURVE('',#2158,#2166,#2170,.T.);
#2172=ORIENTED_EDGE('',*,*,#2171,.T.);
#2173=CARTESIAN_POINT('',(-3.,-45.7,22.5));
#2174=VERTEX_POINT('',#2173);
#2175=CARTESIAN_POINT('',(-3.,-45.7,-2.5));
#2176=DIRECTION('',(0.,0.,1.));
#2177=VECTOR('',#2176,25.);
#2178=LINE('',#2175,#2177);
#2179=EDGE_CURVE('',#2166,#2174,#2178,.T.);
#2180=ORIENTED_EDGE('',*,*,#2179,.T.);
#2181=CARTESIAN_POINT('',(-3.,7.,22.5));
#2182=VERTEX_POINT('',#2181);
#2183=CARTESIAN_POINT('',(-3.,7.,22.5));
#2184=DIRECTION('',(0.,-1.,0.));
#2185=VECTOR('',#2184,52.7);
#2186=LINE('',#2183,#2185);
#2187=EDGE_CURVE('',#2182,#2174,#2186,.T.);
#2188=ORIENTED_EDGE('',*,*,#2187,.F.);
#2189=CARTESIAN_POINT('',(-3.,7.,22.5));
#2190=DIRECTION('',(0.,0.,-1.));
#2191=VECTOR('',#2190,25.);
#2192=LINE('',#2189,#2191);
#2193=EDGE_CURVE('',#2182,#486,#2192,.T.);
#2194=ORIENTED_EDGE('',*,*,#2193,.T.);
#2195=ORIENTED_EDGE('',*,*,#491,.T.);
#2196=CARTESIAN_POINT('',(-3.,2.5,-4.));
#2197=DIRECTION('',(0.,0.,1.));
#2198=VECTOR('',#2197,1.5);
#2199=LINE('',#2196,#2198);
#2200=EDGE_CURVE('',#2013,#478,#2199,.T.);
#2201=ORIENTED_EDGE('',*,*,#2200,.F.);
#2202=EDGE_LOOP('',(#2021,#2030,#2038,#2047,#2055,#2064,#2072,#2081,#2089,#2098,#2106,#2115,#2123,#2132,#2140,#2148,#2156,#2164,#2172,#2180,#2188,#2194,#2195,#2201));
#2203=FACE_BOUND('',#2202,.T.);
#2204=ADVANCED_FACE('',(#2203),#2011,.F.);
#2205=CARTESIAN_POINT('',(53.0657,-44.3,16.74));
#2206=DIRECTION('',(0.,0.,-1.));
#2207=DIRECTION('',(-1.,0.,0.));
#2208=AXIS2_PLACEMENT_3D('',#2205,#2206,#2207);
#2209=PLANE('',#2208);
#2210=CARTESIAN_POINT('',(56.3857,-44.2,16.74));
#2211=VERTEX_POINT('',#2210);
#2212=CARTESIAN_POINT('',(56.3857,-46.7,16.74));
#2213=VERTEX_POINT('',#2212);
#2214=CARTESIAN_POINT('',(56.3857,-44.2,16.74));
#2215=DIRECTION('',(0.,-1.,0.));
#2216=VECTOR('',#2215,2.5);
#2217=LINE('',#2214,#2216);
#2218=EDGE_CURVE('',#2211,#2213,#2217,.T.);
#2219=ORIENTED_EDGE('',*,*,#2218,.T.);
#2220=CARTESIAN_POINT('',(49.7457,-46.7,16.74));
#2221=VERTEX_POINT('',#2220);
#2222=CARTESIAN_POINT('',(56.3857,-46.7,16.74));
#2223=DIRECTION('',(-1.,0.,0.));
#2224=VECTOR('',#2223,6.64);
#2225=LINE('',#2222,#2224);
#2226=EDGE_CURVE('',#2213,#2221,#2225,.T.);
#2227=ORIENTED_EDGE('',*,*,#2226,.T.);
#2228=CARTESIAN_POINT('',(49.7457,-44.2,16.74));
#2229=VERTEX_POINT('',#2228);
#2230=CARTESIAN_POINT('',(49.7457,-44.2,16.74));
#2231=DIRECTION('',(0.,-1.,0.));
#2232=VECTOR('',#2231,2.5);
#2233=LINE('',#2230,#2232);
#2234=EDGE_CURVE('',#2229,#2221,#2233,.T.);
#2235=ORIENTED_EDGE('',*,*,#2234,.F.);
#2236=CARTESIAN_POINT('',(49.7457,-44.2,16.74));
#2237=DIRECTION('',(1.,0.,-0.));
#2238=VECTOR('',#2237,6.64);
#2239=LINE('',#2236,#2238);
#2240=EDGE_CURVE('',#2229,#2211,#2239,.T.);
#2241=ORIENTED_EDGE('',*,*,#2240,.T.);
#2242=EDGE_LOOP('',(#2219,#2227,#2235,#2241));
#2243=FACE_BOUND('',#2242,.T.);
#2244=ADVANCED_FACE('',(#2243),#2209,.T.);
#2245=CARTESIAN_POINT('',(49.7457,-44.3,12.99));
#2246=DIRECTION('',(0.,-1.,0.));
#2247=DIRECTION('',(0.,0.,-1.));
#2248=AXIS2_PLACEMENT_3D('',#2245,#2246,#2247);
#2249=CYLINDRICAL_SURFACE('',#2248,3.75);
#2250=ORIENTED_EDGE('',*,*,#2234,.T.);
#2251=CARTESIAN_POINT('',(45.9957,-46.7,12.99));
#2252=VERTEX_POINT('',#2251);
#2253=CARTESIAN_POINT('',(49.7457,-46.7,12.99));
#2254=DIRECTION('',(-0.,-1.,-0.));
#2255=DIRECTION('',(0.,-0.,1.));
#2256=AXIS2_PLACEMENT_3D('',#2253,#2254,#2255);
#2257=CIRCLE('',#2256,3.75);
#2258=EDGE_CURVE('',#2221,#2252,#2257,.T.);
#2259=ORIENTED_EDGE('',*,*,#2258,.T.);
#2260=CARTESIAN_POINT('',(45.9957,-44.2,12.990003156));
#2261=VERTEX_POINT('',#2260);
#2262=CARTESIAN_POINT('',(45.9957,-44.2,12.99));
#2263=DIRECTION('',(0.,-1.,0.));
#2264=VECTOR('',#2263,2.5);
#2265=LINE('',#2262,#2264);
#2266=EDGE_CURVE('',#2261,#2252,#2265,.T.);
#2267=ORIENTED_EDGE('',*,*,#2266,.F.);
#2268=CARTESIAN_POINT('',(49.7457,-44.2,12.99));
#2269=DIRECTION('',(0.,-1.,0.));
#2270=DIRECTION('',(0.,0.,-1.));
#2271=AXIS2_PLACEMENT_3D('',#2268,#2269,#2270);
#2272=CIRCLE('',#2271,3.75);
#2273=EDGE_CURVE('',#2229,#2261,#2272,.T.);
#2274=ORIENTED_EDGE('',*,*,#2273,.F.);
#2275=EDGE_LOOP('',(#2250,#2259,#2267,#2274));
#2276=FACE_BOUND('',#2275,.T.);
#2277=ADVANCED_FACE('',(#2276),#2249,.F.);
#2278=CARTESIAN_POINT('',(45.9957,-44.3,12.56));
#2279=DIRECTION('',(1.,0.,0.));
#2280=DIRECTION('',(0.,0.,-1.));
#2281=AXIS2_PLACEMENT_3D('',#2278,#2279,#2280);
#2282=PLANE('',#2281);
#2283=ORIENTED_EDGE('',*,*,#2266,.T.);
#2284=CARTESIAN_POINT('',(45.9957,-46.7,12.13));
#2285=VERTEX_POINT('',#2284);
#2286=CARTESIAN_POINT('',(45.9957,-46.7,12.99));
#2287=DIRECTION('',(0.,0.,-1.));
#2288=VECTOR('',#2287,0.86);
#2289=LINE('',#2286,#2288);
#2290=EDGE_CURVE('',#2252,#2285,#2289,.T.);
#2291=ORIENTED_EDGE('',*,*,#2290,.T.);
#2292=CARTESIAN_POINT('',(45.9957,-44.2,12.130004646));
#2293=VERTEX_POINT('',#2292);
#2294=CARTESIAN_POINT('',(45.9957,-44.2,12.13));
#2295=DIRECTION('',(0.,-1.,0.));
#2296=VECTOR('',#2295,2.5);
#2297=LINE('',#2294,#2296);
#2298=EDGE_CURVE('',#2293,#2285,#2297,.T.);
#2299=ORIENTED_EDGE('',*,*,#2298,.F.);
#2300=CARTESIAN_POINT('',(45.9957,-44.2,12.130004646));
#2301=DIRECTION('',(0.,0.,1.));
#2302=VECTOR('',#2301,0.85999851);
#2303=LINE('',#2300,#2302);
#2304=EDGE_CURVE('',#2293,#2261,#2303,.T.);
#2305=ORIENTED_EDGE('',*,*,#2304,.T.);
#2306=EDGE_LOOP('',(#2283,#2291,#2299,#2305));
#2307=FACE_BOUND('',#2306,.T.);
#2308=ADVANCED_FACE('',(#2307),#2282,.T.);
#2309=CARTESIAN_POINT('',(49.7457,-44.3,12.13));
#2310=DIRECTION('',(0.,-1.,0.));
#2311=DIRECTION('',(0.,0.,-1.));
#2312=AXIS2_PLACEMENT_3D('',#2309,#2310,#2311);
#2313=CYLINDRICAL_SURFACE('',#2312,3.75);
#2314=CARTESIAN_POINT('',(49.7457,-46.7,8.38));
#2315=VERTEX_POINT('',#2314);
#2316=CARTESIAN_POINT('',(49.7457,-46.7,12.13));
#2317=DIRECTION('',(-0.,-1.,-0.));
#2318=DIRECTION('',(0.,-0.,1.));
#2319=AXIS2_PLACEMENT_3D('',#2316,#2317,#2318);
#2320=CIRCLE('',#2319,3.75);
#2321=EDGE_CURVE('',#2285,#2315,#2320,.T.);
#2322=ORIENTED_EDGE('',*,*,#2321,.T.);
#2323=CARTESIAN_POINT('',(49.74569709,-44.2,8.38));
#2324=VERTEX_POINT('',#2323);
#2325=CARTESIAN_POINT('',(49.7457,-44.2,8.38));
#2326=DIRECTION('',(0.,-1.,0.));
#2327=VECTOR('',#2326,2.5);
#2328=LINE('',#2325,#2327);
#2329=EDGE_CURVE('',#2324,#2315,#2328,.T.);
#2330=ORIENTED_EDGE('',*,*,#2329,.F.);
#2331=CARTESIAN_POINT('',(49.7457,-44.2,12.13));
#2332=DIRECTION('',(0.,-1.,0.));
#2333=DIRECTION('',(0.,0.,-1.));
#2334=AXIS2_PLACEMENT_3D('',#2331,#2332,#2333);
#2335=CIRCLE('',#2334,3.75);
#2336=EDGE_CURVE('',#2293,#2324,#2335,.T.);
#2337=ORIENTED_EDGE('',*,*,#2336,.F.);
#2338=ORIENTED_EDGE('',*,*,#2298,.T.);
#2339=EDGE_LOOP('',(#2322,#2330,#2337,#2338));
#2340=FACE_BOUND('',#2339,.T.);
#2341=ADVANCED_FACE('',(#2340),#2313,.F.);
#2342=CARTESIAN_POINT('',(53.0657,-44.3,8.38));
#2343=DIRECTION('',(-0.,0.,-1.));
#2344=DIRECTION('',(-1.,0.,0.));
#2345=AXIS2_PLACEMENT_3D('',#2342,#2343,#2344);
#2346=PLANE('',#2345);
#2347=ORIENTED_EDGE('',*,*,#2329,.T.);
#2348=CARTESIAN_POINT('',(56.3857,-46.7,8.38));
#2349=VERTEX_POINT('',#2348);
#2350=CARTESIAN_POINT('',(49.7457,-46.7,8.38));
#2351=DIRECTION('',(1.,0.,-0.));
#2352=VECTOR('',#2351,6.64);
#2353=LINE('',#2350,#2352);
#2354=EDGE_CURVE('',#2315,#2349,#2353,.T.);
#2355=ORIENTED_EDGE('',*,*,#2354,.T.);
#2356=CARTESIAN_POINT('',(56.385702422,-44.2,8.38));
#2357=VERTEX_POINT('',#2356);
#2358=CARTESIAN_POINT('',(56.3857,-44.2,8.38));
#2359=DIRECTION('',(0.,-1.,0.));
#2360=VECTOR('',#2359,2.5);
#2361=LINE('',#2358,#2360);
#2362=EDGE_CURVE('',#2357,#2349,#2361,.T.);
#2363=ORIENTED_EDGE('',*,*,#2362,.F.);
#2364=CARTESIAN_POINT('',(49.74569709,-44.2,8.38));
#2365=DIRECTION('',(1.,0.,-0.));
#2366=VECTOR('',#2365,6.640005332);
#2367=LINE('',#2364,#2366);
#2368=EDGE_CURVE('',#2324,#2357,#2367,.T.);
#2369=ORIENTED_EDGE('',*,*,#2368,.F.);
#2370=EDGE_LOOP('',(#2347,#2355,#2363,#2369));
#2371=FACE_BOUND('',#2370,.T.);
#2372=ADVANCED_FACE('',(#2371),#2346,.F.);
#2373=CARTESIAN_POINT('',(56.3857,-44.3,12.13));
#2374=DIRECTION('',(0.,-1.,0.));
#2375=DIRECTION('',(0.,0.,-1.));
#2376=AXIS2_PLACEMENT_3D('',#2373,#2374,#2375);
#2377=CYLINDRICAL_SURFACE('',#2376,3.75);
#2378=CARTESIAN_POINT('',(60.1357,-44.2,12.130003895));
#2379=VERTEX_POINT('',#2378);
#2380=CARTESIAN_POINT('',(56.3857,-44.2,12.13));
#2381=DIRECTION('',(0.,-1.,0.));
#2382=DIRECTION('',(0.,0.,-1.));
#2383=AXIS2_PLACEMENT_3D('',#2380,#2381,#2382);
#2384=CIRCLE('',#2383,3.75);
#2385=EDGE_CURVE('',#2357,#2379,#2384,.T.);
#2386=ORIENTED_EDGE('',*,*,#2385,.F.);
#2387=ORIENTED_EDGE('',*,*,#2362,.T.);
#2388=CARTESIAN_POINT('',(60.1357,-46.7,12.13));
#2389=VERTEX_POINT('',#2388);
#2390=CARTESIAN_POINT('',(56.3857,-46.7,12.13));
#2391=DIRECTION('',(-0.,-1.,-0.));
#2392=DIRECTION('',(0.,-0.,1.));
#2393=AXIS2_PLACEMENT_3D('',#2390,#2391,#2392);
#2394=CIRCLE('',#2393,3.75);
#2395=EDGE_CURVE('',#2349,#2389,#2394,.T.);
#2396=ORIENTED_EDGE('',*,*,#2395,.T.);
#2397=CARTESIAN_POINT('',(60.1357,-44.2,12.13));
#2398=DIRECTION('',(0.,-1.,0.));
#2399=VECTOR('',#2398,2.5);
#2400=LINE('',#2397,#2399);
#2401=EDGE_CURVE('',#2379,#2389,#2400,.T.);
#2402=ORIENTED_EDGE('',*,*,#2401,.F.);
#2403=EDGE_LOOP('',(#2386,#2387,#2396,#2402));
#2404=FACE_BOUND('',#2403,.T.);
#2405=ADVANCED_FACE('',(#2404),#2377,.F.);
#2406=CARTESIAN_POINT('',(60.1357,-44.3,12.56));
#2407=DIRECTION('',(-1.,0.,0.));
#2408=DIRECTION('',(0.,0.,1.));
#2409=AXIS2_PLACEMENT_3D('',#2406,#2407,#2408);
#2410=PLANE('',#2409);
#2411=ORIENTED_EDGE('',*,*,#2401,.T.);
#2412=CARTESIAN_POINT('',(60.1357,-46.7,12.99));
#2413=VERTEX_POINT('',#2412);
#2414=CARTESIAN_POINT('',(60.1357,-46.7,12.13));
#2415=DIRECTION('',(0.,0.,1.));
#2416=VECTOR('',#2415,0.86);
#2417=LINE('',#2414,#2416);
#2418=EDGE_CURVE('',#2389,#2413,#2417,.T.);
#2419=ORIENTED_EDGE('',*,*,#2418,.T.);
#2420=CARTESIAN_POINT('',(60.1357,-44.2,12.990003255));
#2421=VERTEX_POINT('',#2420);
#2422=CARTESIAN_POINT('',(60.1357,-44.2,12.99));
#2423=DIRECTION('',(0.,-1.,0.));
#2424=VECTOR('',#2423,2.5);
#2425=LINE('',#2422,#2424);
#2426=EDGE_CURVE('',#2421,#2413,#2425,.T.);
#2427=ORIENTED_EDGE('',*,*,#2426,.F.);
#2428=CARTESIAN_POINT('',(60.1357,-44.2,12.990003255));
#2429=DIRECTION('',(0.,0.,-1.));
#2430=VECTOR('',#2429,0.85999936);
#2431=LINE('',#2428,#2430);
#2432=EDGE_CURVE('',#2421,#2379,#2431,.T.);
#2433=ORIENTED_EDGE('',*,*,#2432,.T.);
#2434=EDGE_LOOP('',(#2411,#2419,#2427,#2433));
#2435=FACE_BOUND('',#2434,.T.);
#2436=ADVANCED_FACE('',(#2435),#2410,.T.);
#2437=CARTESIAN_POINT('',(56.3857,-44.3,12.99));
#2438=DIRECTION('',(0.,-1.,0.));
#2439=DIRECTION('',(0.,0.,-1.));
#2440=AXIS2_PLACEMENT_3D('',#2437,#2438,#2439);
#2441=CYLINDRICAL_SURFACE('',#2440,3.75);
#2442=ORIENTED_EDGE('',*,*,#2426,.T.);
#2443=CARTESIAN_POINT('',(56.3857,-46.7,12.99));
#2444=DIRECTION('',(-0.,-1.,-0.));
#2445=DIRECTION('',(0.,-0.,1.));
#2446=AXIS2_PLACEMENT_3D('',#2443,#2444,#2445);
#2447=CIRCLE('',#2446,3.75);
#2448=EDGE_CURVE('',#2413,#2213,#2447,.T.);
#2449=ORIENTED_EDGE('',*,*,#2448,.T.);
#2450=ORIENTED_EDGE('',*,*,#2218,.F.);
#2451=CARTESIAN_POINT('',(56.3857,-44.2,12.99));
#2452=DIRECTION('',(0.,-1.,0.));
#2453=DIRECTION('',(0.,0.,-1.));
#2454=AXIS2_PLACEMENT_3D('',#2451,#2452,#2453);
#2455=CIRCLE('',#2454,3.75);
#2456=EDGE_CURVE('',#2421,#2211,#2455,.T.);
#2457=ORIENTED_EDGE('',*,*,#2456,.F.);
#2458=EDGE_LOOP('',(#2442,#2449,#2450,#2457));
#2459=FACE_BOUND('',#2458,.T.);
#2460=ADVANCED_FACE('',(#2459),#2441,.F.);
#2461=CARTESIAN_POINT('',(0.,-44.2,0.));
#2462=DIRECTION('',(0.,-1.,0.));
#2463=DIRECTION('',(1.,0.,0.));
#2464=AXIS2_PLACEMENT_3D('',#2461,#2462,#2463);
#2465=PLANE('',#2464);
#2466=ORIENTED_EDGE('',*,*,#2336,.T.);
#2467=ORIENTED_EDGE('',*,*,#2368,.T.);
#2468=ORIENTED_EDGE('',*,*,#2385,.T.);
#2469=ORIENTED_EDGE('',*,*,#2432,.F.);
#2470=ORIENTED_EDGE('',*,*,#2456,.T.);
#2471=ORIENTED_EDGE('',*,*,#2240,.F.);
#2472=ORIENTED_EDGE('',*,*,#2273,.T.);
#2473=ORIENTED_EDGE('',*,*,#2304,.F.);
#2474=EDGE_LOOP('',(#2466,#2467,#2468,#2469,#2470,#2471,#2472,#2473));
#2475=FACE_BOUND('',#2474,.T.);
#2476=CARTESIAN_POINT('',(57.6357,-44.2,12.13));
#2477=VERTEX_POINT('',#2476);
#2478=CARTESIAN_POINT('',(56.3857,-44.2,10.88));
#2479=VERTEX_POINT('',#2478);
#2480=CARTESIAN_POINT('',(56.3857,-44.2,12.13));
#2481=DIRECTION('',(-0.,1.,-0.));
#2482=DIRECTION('',(0.,0.,-1.));
#2483=AXIS2_PLACEMENT_3D('',#2480,#2481,#2482);
#2484=CIRCLE('',#2483,1.25);
#2485=EDGE_CURVE('',#2477,#2479,#2484,.T.);
#2486=ORIENTED_EDGE('',*,*,#2485,.T.);
#2487=CARTESIAN_POINT('',(49.7457,-44.2,10.88));
#2488=VERTEX_POINT('',#2487);
#2489=CARTESIAN_POINT('',(56.3857,-44.2,10.88));
#2490=DIRECTION('',(-1.,0.,0.));
#2491=VECTOR('',#2490,6.64);
#2492=LINE('',#2489,#2491);
#2493=EDGE_CURVE('',#2479,#2488,#2492,.T.);
#2494=ORIENTED_EDGE('',*,*,#2493,.T.);
#2495=CARTESIAN_POINT('',(48.4957,-44.2,12.13));
#2496=VERTEX_POINT('',#2495);
#2497=CARTESIAN_POINT('',(49.7457,-44.2,12.13));
#2498=DIRECTION('',(-0.,1.,-0.));
#2499=DIRECTION('',(0.,0.,-1.));
#2500=AXIS2_PLACEMENT_3D('',#2497,#2498,#2499);
#2501=CIRCLE('',#2500,1.25);
#2502=EDGE_CURVE('',#2488,#2496,#2501,.T.);
#2503=ORIENTED_EDGE('',*,*,#2502,.T.);
#2504=CARTESIAN_POINT('',(48.4957,-44.2,12.99));
#2505=VERTEX_POINT('',#2504);
#2506=CARTESIAN_POINT('',(48.4957,-44.2,12.13));
#2507=DIRECTION('',(0.,0.,1.));
#2508=VECTOR('',#2507,0.86);
#2509=LINE('',#2506,#2508);
#2510=EDGE_CURVE('',#2496,#2505,#2509,.T.);
#2511=ORIENTED_EDGE('',*,*,#2510,.T.);
#2512=CARTESIAN_POINT('',(49.745704489,-44.2,14.24));
#2513=VERTEX_POINT('',#2512);
#2514=CARTESIAN_POINT('',(49.7457,-44.2,12.99));
#2515=DIRECTION('',(-0.,1.,-0.));
#2516=DIRECTION('',(0.,0.,-1.));
#2517=AXIS2_PLACEMENT_3D('',#2514,#2515,#2516);
#2518=CIRCLE('',#2517,1.25);
#2519=EDGE_CURVE('',#2505,#2513,#2518,.T.);
#2520=ORIENTED_EDGE('',*,*,#2519,.T.);
#2521=CARTESIAN_POINT('',(56.385695504,-44.2,14.24));
#2522=VERTEX_POINT('',#2521);
#2523=CARTESIAN_POINT('',(49.745704489,-44.2,14.24));
#2524=DIRECTION('',(1.,0.,-0.));
#2525=VECTOR('',#2524,6.639991015);
#2526=LINE('',#2523,#2525);
#2527=EDGE_CURVE('',#2513,#2522,#2526,.T.);
#2528=ORIENTED_EDGE('',*,*,#2527,.T.);
#2529=CARTESIAN_POINT('',(57.6357,-44.2,12.99));
#2530=VERTEX_POINT('',#2529);
#2531=CARTESIAN_POINT('',(56.3857,-44.2,12.99));
#2532=DIRECTION('',(-0.,1.,-0.));
#2533=DIRECTION('',(0.,0.,-1.));
#2534=AXIS2_PLACEMENT_3D('',#2531,#2532,#2533);
#2535=CIRCLE('',#2534,1.25);
#2536=EDGE_CURVE('',#2522,#2530,#2535,.T.);
#2537=ORIENTED_EDGE('',*,*,#2536,.T.);
#2538=CARTESIAN_POINT('',(57.6357,-44.2,12.99));
#2539=DIRECTION('',(-0.,0.,-1.));
#2540=VECTOR('',#2539,0.86);
#2541=LINE('',#2538,#2540);
#2542=EDGE_CURVE('',#2530,#2477,#2541,.T.);
#2543=ORIENTED_EDGE('',*,*,#2542,.T.);
#2544=EDGE_LOOP('',(#2486,#2494,#2503,#2511,#2520,#2528,#2537,#2543));
#2545=FACE_BOUND('',#2544,.T.);
#2546=ADVANCED_FACE('',(#2475,#2545),#2465,.T.);
#2547=CARTESIAN_POINT('',(55.4,14.,0.));
#2548=DIRECTION('',(-1.,-0.,0.));
#2549=DIRECTION('',(-0.,1.,0.));
#2550=AXIS2_PLACEMENT_3D('',#2547,#2548,#2549);
#2551=PLANE('',#2550);
#2552=CARTESIAN_POINT('',(55.4,-23.5,3.));
#2553=VERTEX_POINT('',#2552);
#2554=CARTESIAN_POINT('',(55.4,-23.5,1.));
#2555=VERTEX_POINT('',#2554);
#2556=CARTESIAN_POINT('',(55.4,-23.5,3.));
#2557=DIRECTION('',(0.,0.,-1.));
#2558=VECTOR('',#2557,2.);
#2559=LINE('',#2556,#2558);
#2560=EDGE_CURVE('',#2553,#2555,#2559,.T.);
#2561=ORIENTED_EDGE('',*,*,#2560,.T.);
#2562=CARTESIAN_POINT('',(55.4,-28.5,1.));
#2563=DIRECTION('',(-0.,1.,0.));
#2564=VECTOR('',#2563,5.);
#2565=LINE('',#2562,#2564);
#2566=EDGE_CURVE('',#1253,#2555,#2565,.T.);
#2567=ORIENTED_EDGE('',*,*,#2566,.F.);
#2568=ORIENTED_EDGE('',*,*,#1258,.F.);
#2569=CARTESIAN_POINT('',(55.4,-28.5,3.));
#2570=DIRECTION('',(-0.,1.,0.));
#2571=VECTOR('',#2570,5.);
#2572=LINE('',#2569,#2571);
#2573=EDGE_CURVE('',#1251,#2553,#2572,.T.);
#2574=ORIENTED_EDGE('',*,*,#2573,.T.);
#2575=EDGE_LOOP('',(#2561,#2567,#2568,#2574));
#2576=FACE_BOUND('',#2575,.T.);
#2577=ADVANCED_FACE('',(#2576),#2551,.T.);
#2578=CARTESIAN_POINT('',(57.2,-26.25,3.));
#2579=DIRECTION('',(0.,0.,-1.));
#2580=DIRECTION('',(-1.,0.,0.));
#2581=AXIS2_PLACEMENT_3D('',#2578,#2579,#2580);
#2582=PLANE('',#2581);
#2583=ORIENTED_EDGE('',*,*,#2573,.F.);
#2584=ORIENTED_EDGE('',*,*,#1295,.T.);
#2585=CARTESIAN_POINT('',(55.571572875,-23.5,3.));
#2586=VERTEX_POINT('',#2585);
#2587=CARTESIAN_POINT('',(55.571572875,-28.5,3.));
#2588=DIRECTION('',(-0.,1.,-0.));
#2589=VECTOR('',#2588,5.);
#2590=LINE('',#2587,#2589);
#2591=EDGE_CURVE('',#1284,#2586,#2590,.T.);
#2592=ORIENTED_EDGE('',*,*,#2591,.T.);
#2593=CARTESIAN_POINT('',(55.4,-23.5,3.));
#2594=DIRECTION('',(1.,0.,0.));
#2595=VECTOR('',#2594,0.171572875);
#2596=LINE('',#2593,#2595);
#2597=EDGE_CURVE('',#2553,#2586,#2596,.T.);
#2598=ORIENTED_EDGE('',*,*,#2597,.F.);
#2599=EDGE_LOOP('',(#2583,#2584,#2592,#2598));
#2600=FACE_BOUND('',#2599,.T.);
#2601=ADVANCED_FACE('',(#2600),#2582,.F.);
#2602=CARTESIAN_POINT('',(57.2,-23.5,2.043078486));
#2603=DIRECTION('',(0.,-1.,0.));
#2604=DIRECTION('',(1.,0.,0.));
#2605=AXIS2_PLACEMENT_3D('',#2602,#2603,#2604);
#2606=PLANE('',#2605);
#2607=ORIENTED_EDGE('',*,*,#706,.F.);
#2608=CARTESIAN_POINT('',(55.4,-23.5,1.));
#2609=DIRECTION('',(1.,0.,0.));
#2610=VECTOR('',#2609,3.3);
#2611=LINE('',#2608,#2610);
#2612=EDGE_CURVE('',#2555,#693,#2611,.T.);
#2613=ORIENTED_EDGE('',*,*,#2612,.F.);
#2614=ORIENTED_EDGE('',*,*,#2560,.F.);
#2615=ORIENTED_EDGE('',*,*,#2597,.T.);
#2616=CARTESIAN_POINT('',(55.571572875,-23.5,3.));
#2617=DIRECTION('',(0.707106781,0.,0.707106781));
#2618=VECTOR('',#2617,4.424264069);
#2619=LINE('',#2616,#2618);
#2620=EDGE_CURVE('',#2586,#701,#2619,.T.);
#2621=ORIENTED_EDGE('',*,*,#2620,.T.);
#2622=EDGE_LOOP('',(#2607,#2613,#2614,#2615,#2621));
#2623=FACE_BOUND('',#2622,.T.);
#2624=ADVANCED_FACE('',(#2623),#2606,.F.);
#2625=CARTESIAN_POINT('',(60.9,-18.,13.086154543));
#2626=DIRECTION('',(0.,0.,-1.));
#2627=DIRECTION('',(-1.,0.,0.));
#2628=AXIS2_PLACEMENT_3D('',#2625,#2626,#2627);
#2629=CYLINDRICAL_SURFACE('',#2628,1.4);
#2630=CARTESIAN_POINT('',(59.5,-18.,0.086154543));
#2631=VERTEX_POINT('',#2630);
#2632=CARTESIAN_POINT('',(59.5,-18.,6.928427125));
#2633=VERTEX_POINT('',#2632);
#2634=CARTESIAN_POINT('',(59.5,-18.,0.086154543));
#2635=DIRECTION('',(-0.,-0.,1.));
#2636=VECTOR('',#2635,6.842272581);
#2637=LINE('',#2634,#2636);
#2638=EDGE_CURVE('',#2631,#2633,#2637,.T.);
#2639=ORIENTED_EDGE('',*,*,#2638,.F.);
#2640=CARTESIAN_POINT('',(60.9,-18.,0.086154543));
#2641=DIRECTION('',(0.,0.,-1.));
#2642=DIRECTION('',(-1.,0.,0.));
#2643=AXIS2_PLACEMENT_3D('',#2640,#2641,#2642);
#2644=CIRCLE('',#2643,1.4);
#2645=EDGE_CURVE('',#2631,#2631,#2644,.T.);
#2646=ORIENTED_EDGE('',*,*,#2645,.T.);
#2647=ORIENTED_EDGE('',*,*,#2638,.T.);
#2648=CARTESIAN_POINT('',(60.9,-18.,8.328427125));
#2649=DIRECTION('',(0.707106781,0.,-0.707106781));
#2650=DIRECTION('',(-0.707106781,-0.,-0.707106781));
#2651=AXIS2_PLACEMENT_3D('',#2648,#2649,#2650);
#2652=ELLIPSE('',#2651,1.979898987,1.4);
#2653=EDGE_CURVE('',#2633,#2633,#2652,.T.);
#2654=ORIENTED_EDGE('',*,*,#2653,.F.);
#2655=EDGE_LOOP('',(#2639,#2646,#2647,#2654));
#2656=FACE_BOUND('',#2655,.T.);
#2657=ADVANCED_FACE('',(#2656),#2629,.F.);
#2658=CARTESIAN_POINT('',(30.2,-47.7,17.74));
#2659=DIRECTION('',(0.,-0.707106781,-0.707106781));
#2660=DIRECTION('',(-1.,0.,0.));
#2661=AXIS2_PLACEMENT_3D('',#2658,#2659,#2660);
#2662=PLANE('',#2661);
#2663=CARTESIAN_POINT('',(56.3857,-47.7,17.74));
#2664=VERTEX_POINT('',#2663);
#2665=CARTESIAN_POINT('',(56.3857,-46.7,16.74));
#2666=DIRECTION('',(0.,-0.707106781,0.707106781));
#2667=VECTOR('',#2666,1.414213562);
#2668=LINE('',#2665,#2667);
#2669=EDGE_CURVE('',#2213,#2664,#2668,.T.);
#2670=ORIENTED_EDGE('',*,*,#2669,.T.);
#2671=CARTESIAN_POINT('',(49.7457,-47.7,17.74));
#2672=VERTEX_POINT('',#2671);
#2673=CARTESIAN_POINT('',(49.7457,-47.7,17.74));
#2674=DIRECTION('',(1.,0.,-0.));
#2675=VECTOR('',#2674,6.64);
#2676=LINE('',#2673,#2675);
#2677=EDGE_CURVE('',#2672,#2664,#2676,.T.);
#2678=ORIENTED_EDGE('',*,*,#2677,.F.);
#2679=CARTESIAN_POINT('',(49.7457,-46.7,16.74));
#2680=DIRECTION('',(0.,-0.707106781,0.707106781));
#2681=VECTOR('',#2680,1.414213562);
#2682=LINE('',#2679,#2681);
#2683=EDGE_CURVE('',#2221,#2672,#2682,.T.);
#2684=ORIENTED_EDGE('',*,*,#2683,.F.);
#2685=ORIENTED_EDGE('',*,*,#2226,.F.);
#2686=EDGE_LOOP('',(#2670,#2678,#2684,#2685));
#2687=FACE_BOUND('',#2686,.T.);
#2688=ADVANCED_FACE('',(#2687),#2662,.T.);
#2689=CARTESIAN_POINT('',(49.7457,-46.7,12.99));
#2690=DIRECTION('',(0.,-1.,0.));
#2691=DIRECTION('',(0.,0.,-1.));
#2692=AXIS2_PLACEMENT_3D('',#2689,#2690,#2691);
#2693=CONICAL_SURFACE('',#2692,3.75,45.);
#2694=ORIENTED_EDGE('',*,*,#2683,.T.);
#2695=CARTESIAN_POINT('',(44.9957,-47.7,12.99));
#2696=VERTEX_POINT('',#2695);
#2697=CARTESIAN_POINT('',(49.7457,-47.7,12.99));
#2698=DIRECTION('',(0.,1.,0.));
#2699=DIRECTION('',(0.,-0.,1.));
#2700=AXIS2_PLACEMENT_3D('',#2697,#2698,#2699);
#2701=CIRCLE('',#2700,4.75);
#2702=EDGE_CURVE('',#2696,#2672,#2701,.T.);
#2703=ORIENTED_EDGE('',*,*,#2702,.F.);
#2704=CARTESIAN_POINT('',(44.9957,-47.7,12.99));
#2705=DIRECTION('',(0.707106781,0.707106781,0.));
#2706=VECTOR('',#2705,1.414213562);
#2707=LINE('',#2704,#2706);
#2708=EDGE_CURVE('',#2696,#2252,#2707,.T.);
#2709=ORIENTED_EDGE('',*,*,#2708,.T.);
#2710=ORIENTED_EDGE('',*,*,#2258,.F.);
#2711=EDGE_LOOP('',(#2694,#2703,#2709,#2710));
#2712=FACE_BOUND('',#2711,.T.);
#2713=ADVANCED_FACE('',(#2712),#2693,.F.);
#2714=CARTESIAN_POINT('',(44.9957,-47.7,2.));
#2715=DIRECTION('',(0.707106781,-0.707106781,0.));
#2716=DIRECTION('',(0.,0.,-1.));
#2717=AXIS2_PLACEMENT_3D('',#2714,#2715,#2716);
#2718=PLANE('',#2717);
#2719=CARTESIAN_POINT('',(44.9957,-47.7,12.13));
#2720=VERTEX_POINT('',#2719);
#2721=CARTESIAN_POINT('',(44.9957,-47.7,12.13));
#2722=DIRECTION('',(0.707106781,0.707106781,0.));
#2723=VECTOR('',#2722,1.414213562);
#2724=LINE('',#2721,#2723);
#2725=EDGE_CURVE('',#2720,#2285,#2724,.T.);
#2726=ORIENTED_EDGE('',*,*,#2725,.T.);
#2727=ORIENTED_EDGE('',*,*,#2290,.F.);
#2728=ORIENTED_EDGE('',*,*,#2708,.F.);
#2729=CARTESIAN_POINT('',(44.9957,-47.7,12.13));
#2730=DIRECTION('',(0.,0.,1.));
#2731=VECTOR('',#2730,0.86);
#2732=LINE('',#2729,#2731);
#2733=EDGE_CURVE('',#2720,#2696,#2732,.T.);
#2734=ORIENTED_EDGE('',*,*,#2733,.F.);
#2735=EDGE_LOOP('',(#2726,#2727,#2728,#2734));
#2736=FACE_BOUND('',#2735,.T.);
#2737=ADVANCED_FACE('',(#2736),#2718,.T.);
#2738=CARTESIAN_POINT('',(49.7457,-46.7,12.13));
#2739=DIRECTION('',(0.,-1.,0.));
#2740=DIRECTION('',(0.,0.,-1.));
#2741=AXIS2_PLACEMENT_3D('',#2738,#2739,#2740);
#2742=CONICAL_SURFACE('',#2741,3.75,45.);
#2743=CARTESIAN_POINT('',(49.7457,-47.7,7.38));
#2744=VERTEX_POINT('',#2743);
#2745=CARTESIAN_POINT('',(49.7457,-47.7,12.13));
#2746=DIRECTION('',(0.,1.,0.));
#2747=DIRECTION('',(0.,-0.,1.));
#2748=AXIS2_PLACEMENT_3D('',#2745,#2746,#2747);
#2749=CIRCLE('',#2748,4.75);
#2750=EDGE_CURVE('',#2744,#2720,#2749,.T.);
#2751=ORIENTED_EDGE('',*,*,#2750,.F.);
#2752=CARTESIAN_POINT('',(49.7457,-47.7,7.38));
#2753=DIRECTION('',(-0.,0.707106781,0.707106781));
#2754=VECTOR('',#2753,1.414213562);
#2755=LINE('',#2752,#2754);
#2756=EDGE_CURVE('',#2744,#2315,#2755,.T.);
#2757=ORIENTED_EDGE('',*,*,#2756,.T.);
#2758=ORIENTED_EDGE('',*,*,#2321,.F.);
#2759=ORIENTED_EDGE('',*,*,#2725,.F.);
#2760=EDGE_LOOP('',(#2751,#2757,#2758,#2759));
#2761=FACE_BOUND('',#2760,.T.);
#2762=ADVANCED_FACE('',(#2761),#2742,.F.);
#2763=CARTESIAN_POINT('',(53.0657,-46.7,8.38));
#2764=DIRECTION('',(-0.,0.707106781,-0.707106781));
#2765=DIRECTION('',(1.,0.,-0.));
#2766=AXIS2_PLACEMENT_3D('',#2763,#2764,#2765);
#2767=PLANE('',#2766);
#2768=CARTESIAN_POINT('',(56.3857,-47.7,7.38));
#2769=VERTEX_POINT('',#2768);
#2770=CARTESIAN_POINT('',(56.3857,-47.7,7.38));
#2771=DIRECTION('',(0.,0.707106781,0.707106781));
#2772=VECTOR('',#2771,1.414213562);
#2773=LINE('',#2770,#2772);
#2774=EDGE_CURVE('',#2769,#2349,#2773,.T.);
#2775=ORIENTED_EDGE('',*,*,#2774,.T.);
#2776=ORIENTED_EDGE('',*,*,#2354,.F.);
#2777=ORIENTED_EDGE('',*,*,#2756,.F.);
#2778=CARTESIAN_POINT('',(56.3857,-47.7,7.38));
#2779=DIRECTION('',(-1.,0.,0.));
#2780=VECTOR('',#2779,6.64);
#2781=LINE('',#2778,#2780);
#2782=EDGE_CURVE('',#2769,#2744,#2781,.T.);
#2783=ORIENTED_EDGE('',*,*,#2782,.F.);
#2784=EDGE_LOOP('',(#2775,#2776,#2777,#2783));
#2785=FACE_BOUND('',#2784,.T.);
#2786=ADVANCED_FACE('',(#2785),#2767,.F.);
#2787=CARTESIAN_POINT('',(56.3857,-46.7,12.13));
#2788=DIRECTION('',(0.,-1.,0.));
#2789=DIRECTION('',(0.,0.,-1.));
#2790=AXIS2_PLACEMENT_3D('',#2787,#2788,#2789);
#2791=CONICAL_SURFACE('',#2790,3.75,45.);
#2792=CARTESIAN_POINT('',(61.1357,-47.7,12.13));
#2793=VERTEX_POINT('',#2792);
#2794=CARTESIAN_POINT('',(56.3857,-47.7,12.13));
#2795=DIRECTION('',(0.,1.,0.));
#2796=DIRECTION('',(0.,-0.,1.));
#2797=AXIS2_PLACEMENT_3D('',#2794,#2795,#2796);
#2798=CIRCLE('',#2797,4.75);
#2799=EDGE_CURVE('',#2793,#2769,#2798,.T.);
#2800=ORIENTED_EDGE('',*,*,#2799,.F.);
#2801=CARTESIAN_POINT('',(60.1357,-46.7,12.13));
#2802=DIRECTION('',(0.707106781,-0.707106781,-0.));
#2803=VECTOR('',#2802,1.414213562);
#2804=LINE('',#2801,#2803);
#2805=EDGE_CURVE('',#2389,#2793,#2804,.T.);
#2806=ORIENTED_EDGE('',*,*,#2805,.F.);
#2807=ORIENTED_EDGE('',*,*,#2395,.F.);
#2808=ORIENTED_EDGE('',*,*,#2774,.F.);
#2809=EDGE_LOOP('',(#2800,#2806,#2807,#2808));
#2810=FACE_BOUND('',#2809,.T.);
#2811=ADVANCED_FACE('',(#2810),#2791,.F.);
#2812=CARTESIAN_POINT('',(61.1357,-47.7,2.));
#2813=DIRECTION('',(-0.707106781,-0.707106781,0.));
#2814=DIRECTION('',(0.,0.,1.));
#2815=AXIS2_PLACEMENT_3D('',#2812,#2813,#2814);
#2816=PLANE('',#2815);
#2817=ORIENTED_EDGE('',*,*,#2805,.T.);
#2818=CARTESIAN_POINT('',(61.1357,-47.7,12.99));
#2819=VERTEX_POINT('',#2818);
#2820=CARTESIAN_POINT('',(61.1357,-47.7,12.99));
#2821=DIRECTION('',(0.,0.,-1.));
#2822=VECTOR('',#2821,0.86);
#2823=LINE('',#2820,#2822);
#2824=EDGE_CURVE('',#2819,#2793,#2823,.T.);
#2825=ORIENTED_EDGE('',*,*,#2824,.F.);
#2826=CARTESIAN_POINT('',(60.1357,-46.7,12.99));
#2827=DIRECTION('',(0.707106781,-0.707106781,0.));
#2828=VECTOR('',#2827,1.414213562);
#2829=LINE('',#2826,#2828);
#2830=EDGE_CURVE('',#2413,#2819,#2829,.T.);
#2831=ORIENTED_EDGE('',*,*,#2830,.F.);
#2832=ORIENTED_EDGE('',*,*,#2418,.F.);
#2833=EDGE_LOOP('',(#2817,#2825,#2831,#2832));
#2834=FACE_BOUND('',#2833,.T.);
#2835=ADVANCED_FACE('',(#2834),#2816,.T.);
#2836=CARTESIAN_POINT('',(56.3857,-46.7,12.99));
#2837=DIRECTION('',(0.,-1.,0.));
#2838=DIRECTION('',(0.,0.,-1.));
#2839=AXIS2_PLACEMENT_3D('',#2836,#2837,#2838);
#2840=CONICAL_SURFACE('',#2839,3.75,45.);
#2841=ORIENTED_EDGE('',*,*,#2830,.T.);
#2842=CARTESIAN_POINT('',(56.3857,-47.7,12.99));
#2843=DIRECTION('',(0.,1.,0.));
#2844=DIRECTION('',(0.,-0.,1.));
#2845=AXIS2_PLACEMENT_3D('',#2842,#2843,#2844);
#2846=CIRCLE('',#2845,4.75);
#2847=EDGE_CURVE('',#2664,#2819,#2846,.T.);
#2848=ORIENTED_EDGE('',*,*,#2847,.F.);
#2849=ORIENTED_EDGE('',*,*,#2669,.F.);
#2850=ORIENTED_EDGE('',*,*,#2448,.F.);
#2851=EDGE_LOOP('',(#2841,#2848,#2849,#2850));
#2852=FACE_BOUND('',#2851,.T.);
#2853=ADVANCED_FACE('',(#2852),#2840,.F.);
#2854=CARTESIAN_POINT('',(48.4957,-36.776078233,12.890000034));
#2855=DIRECTION('',(-1.,0.,0.));
#2856=DIRECTION('',(-0.,1.,-0.));
#2857=AXIS2_PLACEMENT_3D('',#2854,#2855,#2856);
#2858=PLANE('',#2857);
#2859=ORIENTED_EDGE('',*,*,#2510,.F.);
#2860=CARTESIAN_POINT('',(48.4957,-42.7,12.13));
#2861=VERTEX_POINT('',#2860);
#2862=CARTESIAN_POINT('',(48.4957,-42.7,12.13));
#2863=DIRECTION('',(0.,-1.,0.));
#2864=VECTOR('',#2863,1.5);
#2865=LINE('',#2862,#2864);
#2866=EDGE_CURVE('',#2861,#2496,#2865,.T.);
#2867=ORIENTED_EDGE('',*,*,#2866,.F.);
#2868=CARTESIAN_POINT('',(48.4957,-42.7,12.99));
#2869=VERTEX_POINT('',#2868);
#2870=CARTESIAN_POINT('',(48.4957,-42.7,12.99));
#2871=DIRECTION('',(-0.,0.,-1.));
#2872=VECTOR('',#2871,0.86);
#2873=LINE('',#2870,#2872);
#2874=EDGE_CURVE('',#2869,#2861,#2873,.T.);
#2875=ORIENTED_EDGE('',*,*,#2874,.F.);
#2876=CARTESIAN_POINT('',(48.4957,-42.7,12.99));
#2877=DIRECTION('',(0.,-1.,0.));
#2878=VECTOR('',#2877,1.5);
#2879=LINE('',#2876,#2878);
#2880=EDGE_CURVE('',#2869,#2505,#2879,.T.);
#2881=ORIENTED_EDGE('',*,*,#2880,.T.);
#2882=EDGE_LOOP('',(#2859,#2867,#2875,#2881));
#2883=FACE_BOUND('',#2882,.T.);
#2884=ADVANCED_FACE('',(#2883),#2858,.F.);
#2885=CARTESIAN_POINT('',(49.7457,-36.776078233,12.99));
#2886=DIRECTION('',(0.,-1.,0.));
#2887=DIRECTION('',(-1.,0.,0.));
#2888=AXIS2_PLACEMENT_3D('',#2885,#2886,#2887);
#2889=CYLINDRICAL_SURFACE('',#2888,1.25);
#2890=ORIENTED_EDGE('',*,*,#2519,.F.);
#2891=ORIENTED_EDGE('',*,*,#2880,.F.);
#2892=CARTESIAN_POINT('',(49.745704228,-42.7,14.24));
#2893=VERTEX_POINT('',#2892);
#2894=CARTESIAN_POINT('',(49.7457,-42.7,12.99));
#2895=DIRECTION('',(-0.,-1.,-0.));
#2896=DIRECTION('',(0.,-0.,1.));
#2897=AXIS2_PLACEMENT_3D('',#2894,#2895,#2896);
#2898=CIRCLE('',#2897,1.25);
#2899=EDGE_CURVE('',#2893,#2869,#2898,.T.);
#2900=ORIENTED_EDGE('',*,*,#2899,.F.);
#2901=CARTESIAN_POINT('',(49.7457,-42.7,14.24));
#2902=DIRECTION('',(0.,-1.,0.));
#2903=VECTOR('',#2902,1.5);
#2904=LINE('',#2901,#2903);
#2905=EDGE_CURVE('',#2893,#2513,#2904,.T.);
#2906=ORIENTED_EDGE('',*,*,#2905,.T.);
#2907=EDGE_LOOP('',(#2890,#2891,#2900,#2906));
#2908=FACE_BOUND('',#2907,.T.);
#2909=ADVANCED_FACE('',(#2908),#2889,.F.);
#2910=CARTESIAN_POINT('',(56.285704851,-36.776078233,14.24));
#2911=DIRECTION('',(0.,0.,1.));
#2912=DIRECTION('',(-0.,1.,-0.));
#2913=AXIS2_PLACEMENT_3D('',#2910,#2911,#2912);
#2914=PLANE('',#2913);
#2915=ORIENTED_EDGE('',*,*,#2527,.F.);
#2916=ORIENTED_EDGE('',*,*,#2905,.F.);
#2917=CARTESIAN_POINT('',(56.3857,-42.7,14.24));
#2918=VERTEX_POINT('',#2917);
#2919=CARTESIAN_POINT('',(56.3857,-42.7,14.24));
#2920=DIRECTION('',(-1.,0.,0.));
#2921=VECTOR('',#2920,6.639995772);
#2922=LINE('',#2919,#2921);
#2923=EDGE_CURVE('',#2918,#2893,#2922,.T.);
#2924=ORIENTED_EDGE('',*,*,#2923,.F.);
#2925=CARTESIAN_POINT('',(56.3857,-42.7,14.24));
#2926=DIRECTION('',(0.,-1.,0.));
#2927=VECTOR('',#2926,1.5);
#2928=LINE('',#2925,#2927);
#2929=EDGE_CURVE('',#2918,#2522,#2928,.T.);
#2930=ORIENTED_EDGE('',*,*,#2929,.T.);
#2931=EDGE_LOOP('',(#2915,#2916,#2924,#2930));
#2932=FACE_BOUND('',#2931,.T.);
#2933=ADVANCED_FACE('',(#2932),#2914,.F.);
#2934=CARTESIAN_POINT('',(56.3857,-36.776078233,12.99));
#2935=DIRECTION('',(0.,-1.,0.));
#2936=DIRECTION('',(1.,0.,-0.));
#2937=AXIS2_PLACEMENT_3D('',#2934,#2935,#2936);
#2938=CYLINDRICAL_SURFACE('',#2937,1.25);
#2939=ORIENTED_EDGE('',*,*,#2536,.F.);
#2940=ORIENTED_EDGE('',*,*,#2929,.F.);
#2941=CARTESIAN_POINT('',(57.6357,-42.7,12.98999572));
#2942=VERTEX_POINT('',#2941);
#2943=CARTESIAN_POINT('',(56.3857,-42.7,12.99));
#2944=DIRECTION('',(-0.,-1.,-0.));
#2945=DIRECTION('',(0.,-0.,1.));
#2946=AXIS2_PLACEMENT_3D('',#2943,#2944,#2945);
#2947=CIRCLE('',#2946,1.25);
#2948=EDGE_CURVE('',#2942,#2918,#2947,.T.);
#2949=ORIENTED_EDGE('',*,*,#2948,.F.);
#2950=CARTESIAN_POINT('',(57.6357,-42.7,12.99));
#2951=DIRECTION('',(0.,-1.,0.));
#2952=VECTOR('',#2951,1.5);
#2953=LINE('',#2950,#2952);
#2954=EDGE_CURVE('',#2942,#2530,#2953,.T.);
#2955=ORIENTED_EDGE('',*,*,#2954,.T.);
#2956=EDGE_LOOP('',(#2939,#2940,#2949,#2955));
#2957=FACE_BOUND('',#2956,.T.);
#2958=ADVANCED_FACE('',(#2957),#2938,.F.);
#2959=CARTESIAN_POINT('',(57.6357,-36.776078233,12.890000034));
#2960=DIRECTION('',(1.,0.,-0.));
#2961=DIRECTION('',(-0.,1.,-0.));
#2962=AXIS2_PLACEMENT_3D('',#2959,#2960,#2961);
#2963=PLANE('',#2962);
#2964=ORIENTED_EDGE('',*,*,#2542,.F.);
#2965=ORIENTED_EDGE('',*,*,#2954,.F.);
#2966=CARTESIAN_POINT('',(57.6357,-42.7,12.13));
#2967=VERTEX_POINT('',#2966);
#2968=CARTESIAN_POINT('',(57.6357,-42.7,12.13));
#2969=DIRECTION('',(0.,0.,1.));
#2970=VECTOR('',#2969,0.85999572);
#2971=LINE('',#2968,#2970);
#2972=EDGE_CURVE('',#2967,#2942,#2971,.T.);
#2973=ORIENTED_EDGE('',*,*,#2972,.F.);
#2974=CARTESIAN_POINT('',(57.6357,-42.7,12.13));
#2975=DIRECTION('',(0.,-1.,0.));
#2976=VECTOR('',#2975,1.5);
#2977=LINE('',#2974,#2976);
#2978=EDGE_CURVE('',#2967,#2477,#2977,.T.);
#2979=ORIENTED_EDGE('',*,*,#2978,.T.);
#2980=EDGE_LOOP('',(#2964,#2965,#2973,#2979));
#2981=FACE_BOUND('',#2980,.T.);
#2982=ADVANCED_FACE('',(#2981),#2963,.F.);
#2983=CARTESIAN_POINT('',(56.3857,-36.776078233,12.13));
#2984=DIRECTION('',(0.,-1.,0.));
#2985=DIRECTION('',(1.,0.,-0.));
#2986=AXIS2_PLACEMENT_3D('',#2983,#2984,#2985);
#2987=CYLINDRICAL_SURFACE('',#2986,1.25);
#2988=CARTESIAN_POINT('',(56.3857,-42.7,10.88));
#2989=VERTEX_POINT('',#2988);
#2990=CARTESIAN_POINT('',(56.3857,-42.7,12.13));
#2991=DIRECTION('',(-0.,-1.,-0.));
#2992=DIRECTION('',(0.,-0.,1.));
#2993=AXIS2_PLACEMENT_3D('',#2990,#2991,#2992);
#2994=CIRCLE('',#2993,1.25);
#2995=EDGE_CURVE('',#2989,#2967,#2994,.T.);
#2996=ORIENTED_EDGE('',*,*,#2995,.F.);
#2997=CARTESIAN_POINT('',(56.3857,-42.7,10.88));
#2998=DIRECTION('',(0.,-1.,0.));
#2999=VECTOR('',#2998,1.5);
#3000=LINE('',#2997,#2999);
#3001=EDGE_CURVE('',#2989,#2479,#3000,.T.);
#3002=ORIENTED_EDGE('',*,*,#3001,.T.);
#3003=ORIENTED_EDGE('',*,*,#2485,.F.);
#3004=ORIENTED_EDGE('',*,*,#2978,.F.);
#3005=EDGE_LOOP('',(#2996,#3002,#3003,#3004));
#3006=FACE_BOUND('',#3005,.T.);
#3007=ADVANCED_FACE('',(#3006),#2987,.F.);
#3008=CARTESIAN_POINT('',(56.285704851,-36.776078233,10.88));
#3009=DIRECTION('',(-0.,-0.,-1.));
#3010=DIRECTION('',(0.,-1.,0.));
#3011=AXIS2_PLACEMENT_3D('',#3008,#3009,#3010);
#3012=PLANE('',#3011);
#3013=ORIENTED_EDGE('',*,*,#2493,.F.);
#3014=ORIENTED_EDGE('',*,*,#3001,.F.);
#3015=CARTESIAN_POINT('',(49.7457,-42.7,10.88));
#3016=VERTEX_POINT('',#3015);
#3017=CARTESIAN_POINT('',(49.7457,-42.7,10.88));
#3018=DIRECTION('',(1.,0.,-0.));
#3019=VECTOR('',#3018,6.64);
#3020=LINE('',#3017,#3019);
#3021=EDGE_CURVE('',#3016,#2989,#3020,.T.);
#3022=ORIENTED_EDGE('',*,*,#3021,.F.);
#3023=CARTESIAN_POINT('',(49.7457,-42.7,10.88));
#3024=DIRECTION('',(0.,-1.,0.));
#3025=VECTOR('',#3024,1.5);
#3026=LINE('',#3023,#3025);
#3027=EDGE_CURVE('',#3016,#2488,#3026,.T.);
#3028=ORIENTED_EDGE('',*,*,#3027,.T.);
#3029=EDGE_LOOP('',(#3013,#3014,#3022,#3028));
#3030=FACE_BOUND('',#3029,.T.);
#3031=ADVANCED_FACE('',(#3030),#3012,.F.);
#3032=CARTESIAN_POINT('',(49.7457,-36.776078233,12.13));
#3033=DIRECTION('',(0.,-1.,0.));
#3034=DIRECTION('',(-1.,0.,0.));
#3035=AXIS2_PLACEMENT_3D('',#3032,#3033,#3034);
#3036=CYLINDRICAL_SURFACE('',#3035,1.25);
#3037=ORIENTED_EDGE('',*,*,#2502,.F.);
#3038=ORIENTED_EDGE('',*,*,#3027,.F.);
#3039=CARTESIAN_POINT('',(49.7457,-42.7,12.13));
#3040=DIRECTION('',(-0.,-1.,-0.));
#3041=DIRECTION('',(0.,-0.,1.));
#3042=AXIS2_PLACEMENT_3D('',#3039,#3040,#3041);
#3043=CIRCLE('',#3042,1.25);
#3044=EDGE_CURVE('',#2861,#3016,#3043,.T.);
#3045=ORIENTED_EDGE('',*,*,#3044,.F.);
#3046=ORIENTED_EDGE('',*,*,#2866,.T.);
#3047=EDGE_LOOP('',(#3037,#3038,#3045,#3046));
#3048=FACE_BOUND('',#3047,.T.);
#3049=ADVANCED_FACE('',(#3048),#3036,.F.);
#3050=CARTESIAN_POINT('',(61.6357,-43.2,12.56));
#3051=DIRECTION('',(1.,0.,0.));
#3052=DIRECTION('',(0.,0.,-1.));
#3053=AXIS2_PLACEMENT_3D('',#3050,#3051,#3052);
#3054=PLANE('',#3053);
#3055=ORIENTED_EDGE('',*,*,#1150,.F.);
#3056=CARTESIAN_POINT('',(61.6357,-42.7,11.129996741));
#3057=VERTEX_POINT('',#3056);
#3058=CARTESIAN_POINT('',(61.6357,-42.7,11.13));
#3059=DIRECTION('',(0.,-1.,0.));
#3060=VECTOR('',#3059,3.);
#3061=LINE('',#3058,#3060);
#3062=EDGE_CURVE('',#3057,#1136,#3061,.T.);
#3063=ORIENTED_EDGE('',*,*,#3062,.F.);
#3064=CARTESIAN_POINT('',(61.6357,-42.7,12.99));
#3065=VERTEX_POINT('',#3064);
#3066=CARTESIAN_POINT('',(61.6357,-42.7,11.129996741));
#3067=DIRECTION('',(0.,0.,1.));
#3068=VECTOR('',#3067,1.860003259);
#3069=LINE('',#3066,#3068);
#3070=EDGE_CURVE('',#3057,#3065,#3069,.T.);
#3071=ORIENTED_EDGE('',*,*,#3070,.T.);
#3072=CARTESIAN_POINT('',(61.6357,-42.7,12.99));
#3073=DIRECTION('',(-0.,-1.,-0.));
#3074=VECTOR('',#3073,3.);
#3075=LINE('',#3072,#3074);
#3076=EDGE_CURVE('',#3065,#1145,#3075,.T.);
#3077=ORIENTED_EDGE('',*,*,#3076,.T.);
#3078=EDGE_LOOP('',(#3055,#3063,#3071,#3077));
#3079=FACE_BOUND('',#3078,.T.);
#3080=ADVANCED_FACE('',(#3079),#3054,.T.);
#3081=CARTESIAN_POINT('',(57.3857,-43.2,11.13));
#3082=DIRECTION('',(0.,-1.,0.));
#3083=DIRECTION('',(0.,0.,-1.));
#3084=AXIS2_PLACEMENT_3D('',#3081,#3082,#3083);
#3085=CYLINDRICAL_SURFACE('',#3084,4.25);
#3086=CARTESIAN_POINT('',(57.3857,-42.7,6.88));
#3087=VERTEX_POINT('',#3086);
#3088=CARTESIAN_POINT('',(57.3857,-42.7,11.13));
#3089=DIRECTION('',(0.,1.,0.));
#3090=DIRECTION('',(0.,-0.,1.));
#3091=AXIS2_PLACEMENT_3D('',#3088,#3089,#3090);
#3092=CIRCLE('',#3091,4.25);
#3093=EDGE_CURVE('',#3057,#3087,#3092,.T.);
#3094=ORIENTED_EDGE('',*,*,#3093,.F.);
#3095=ORIENTED_EDGE('',*,*,#3062,.T.);
#3096=ORIENTED_EDGE('',*,*,#1142,.T.);
#3097=CARTESIAN_POINT('',(57.3857,-42.7,6.88));
#3098=DIRECTION('',(0.,-1.,0.));
#3099=VECTOR('',#3098,3.);
#3100=LINE('',#3097,#3099);
#3101=EDGE_CURVE('',#3087,#1128,#3100,.T.);
#3102=ORIENTED_EDGE('',*,*,#3101,.F.);
#3103=EDGE_LOOP('',(#3094,#3095,#3096,#3102));
#3104=FACE_BOUND('',#3103,.T.);
#3105=ADVANCED_FACE('',(#3104),#3085,.T.);
#3106=CARTESIAN_POINT('',(53.0657,-43.2,6.88));
#3107=DIRECTION('',(0.,0.,1.));
#3108=DIRECTION('',(1.,0.,-0.));
#3109=AXIS2_PLACEMENT_3D('',#3106,#3107,#3108);
#3110=PLANE('',#3109);
#3111=ORIENTED_EDGE('',*,*,#1133,.T.);
#3112=CARTESIAN_POINT('',(48.7457,-42.7,6.88));
#3113=VERTEX_POINT('',#3112);
#3114=CARTESIAN_POINT('',(48.7457,-42.7,6.88));
#3115=DIRECTION('',(0.,-1.,0.));
#3116=VECTOR('',#3115,3.);
#3117=LINE('',#3114,#3116);
#3118=EDGE_CURVE('',#3113,#1119,#3117,.T.);
#3119=ORIENTED_EDGE('',*,*,#3118,.F.);
#3120=CARTESIAN_POINT('',(57.3857,-42.7,6.88));
#3121=DIRECTION('',(-1.,0.,0.));
#3122=VECTOR('',#3121,8.64);
#3123=LINE('',#3120,#3122);
#3124=EDGE_CURVE('',#3087,#3113,#3123,.T.);
#3125=ORIENTED_EDGE('',*,*,#3124,.F.);
#3126=ORIENTED_EDGE('',*,*,#3101,.T.);
#3127=EDGE_LOOP('',(#3111,#3119,#3125,#3126));
#3128=FACE_BOUND('',#3127,.T.);
#3129=ADVANCED_FACE('',(#3128),#3110,.F.);
#3130=CARTESIAN_POINT('',(48.7457,-43.2,11.13));
#3131=DIRECTION('',(0.,-1.,0.));
#3132=DIRECTION('',(0.,0.,-1.));
#3133=AXIS2_PLACEMENT_3D('',#3130,#3131,#3132);
#3134=CYLINDRICAL_SURFACE('',#3133,4.25);
#3135=ORIENTED_EDGE('',*,*,#1125,.T.);
#3136=CARTESIAN_POINT('',(44.4957,-42.7,11.129996385));
#3137=VERTEX_POINT('',#3136);
#3138=CARTESIAN_POINT('',(44.4957,-42.7,11.13));
#3139=DIRECTION('',(0.,-1.,0.));
#3140=VECTOR('',#3139,3.);
#3141=LINE('',#3138,#3140);
#3142=EDGE_CURVE('',#3137,#1111,#3141,.T.);
#3143=ORIENTED_EDGE('',*,*,#3142,.F.);
#3144=CARTESIAN_POINT('',(48.7457,-42.7,11.13));
#3145=DIRECTION('',(0.,1.,0.));
#3146=DIRECTION('',(0.,-0.,1.));
#3147=AXIS2_PLACEMENT_3D('',#3144,#3145,#3146);
#3148=CIRCLE('',#3147,4.25);
#3149=EDGE_CURVE('',#3113,#3137,#3148,.T.);
#3150=ORIENTED_EDGE('',*,*,#3149,.F.);
#3151=ORIENTED_EDGE('',*,*,#3118,.T.);
#3152=EDGE_LOOP('',(#3135,#3143,#3150,#3151));
#3153=FACE_BOUND('',#3152,.T.);
#3154=ADVANCED_FACE('',(#3153),#3134,.T.);
#3155=CARTESIAN_POINT('',(44.4957,-43.2,12.56));
#3156=DIRECTION('',(1.,0.,0.));
#3157=DIRECTION('',(0.,0.,-1.));
#3158=AXIS2_PLACEMENT_3D('',#3155,#3156,#3157);
#3159=PLANE('',#3158);
#3160=CARTESIAN_POINT('',(44.4957,-42.7,12.99));
#3161=VERTEX_POINT('',#3160);
#3162=CARTESIAN_POINT('',(44.4957,-42.7,11.129996385));
#3163=DIRECTION('',(0.,0.,1.));
#3164=VECTOR('',#3163,1.860003615);
#3165=LINE('',#3162,#3164);
#3166=EDGE_CURVE('',#3137,#3161,#3165,.T.);
#3167=ORIENTED_EDGE('',*,*,#3166,.F.);
#3168=ORIENTED_EDGE('',*,*,#3142,.T.);
#3169=ORIENTED_EDGE('',*,*,#1116,.T.);
#3170=CARTESIAN_POINT('',(44.4957,-42.7,12.99));
#3171=DIRECTION('',(0.,-1.,0.));
#3172=VECTOR('',#3171,3.);
#3173=LINE('',#3170,#3172);
#3174=EDGE_CURVE('',#3161,#1102,#3173,.T.);
#3175=ORIENTED_EDGE('',*,*,#3174,.F.);
#3176=EDGE_LOOP('',(#3167,#3168,#3169,#3175));
#3177=FACE_BOUND('',#3176,.T.);
#3178=ADVANCED_FACE('',(#3177),#3159,.F.);
#3179=CARTESIAN_POINT('',(0.,0.,5.5));
#3180=DIRECTION('',(0.,0.,-1.));
#3181=DIRECTION('',(0.,1.,0.));
#3182=AXIS2_PLACEMENT_3D('',#3179,#3180,#3181);
#3183=PLANE('',#3182);
#3184=ORIENTED_EDGE('',*,*,#1044,.F.);
#3185=CARTESIAN_POINT('',(-0.,-44.7,5.5));
#3186=DIRECTION('',(0.,0.,-1.));
#3187=DIRECTION('',(-1.,0.,0.));
#3188=AXIS2_PLACEMENT_3D('',#3185,#3186,#3187);
#3189=CIRCLE('',#3188,1.3);
#3190=EDGE_CURVE('',#1031,#1039,#3189,.T.);
#3191=ORIENTED_EDGE('',*,*,#3190,.T.);
#3192=EDGE_LOOP('',(#3184,#3191));
#3193=FACE_BOUND('',#3192,.T.);
#3194=ADVANCED_FACE('',(#3193),#3183,.T.);
#3195=CARTESIAN_POINT('',(0.,0.,5.5));
#3196=DIRECTION('',(0.,0.,-1.));
#3197=DIRECTION('',(0.,1.,0.));
#3198=AXIS2_PLACEMENT_3D('',#3195,#3196,#3197);
#3199=PLANE('',#3198);
#3200=ORIENTED_EDGE('',*,*,#973,.F.);
#3201=CARTESIAN_POINT('',(62.4,-44.7,5.5));
#3202=DIRECTION('',(0.,0.,-1.));
#3203=DIRECTION('',(-1.,0.,0.));
#3204=AXIS2_PLACEMENT_3D('',#3201,#3202,#3203);
#3205=CIRCLE('',#3204,1.3);
#3206=EDGE_CURVE('',#960,#968,#3205,.T.);
#3207=ORIENTED_EDGE('',*,*,#3206,.T.);
#3208=EDGE_LOOP('',(#3200,#3207));
#3209=FACE_BOUND('',#3208,.T.);
#3210=ADVANCED_FACE('',(#3209),#3199,.T.);
#3211=CARTESIAN_POINT('',(-2.,0.,0.));
#3212=DIRECTION('',(-1.,0.,0.));
#3213=DIRECTION('',(0.,1.,0.));
#3214=AXIS2_PLACEMENT_3D('',#3211,#3212,#3213);
#3215=PLANE('',#3214);
#3216=CARTESIAN_POINT('',(-2.,-27.540859254,1.086154543));
#3217=VERTEX_POINT('',#3216);
#3218=CARTESIAN_POINT('',(-2.,-25.779078542,1.086154543));
#3219=VERTEX_POINT('',#3218);
#3220=CARTESIAN_POINT('',(-2.,-27.540859254,1.086154543));
#3221=DIRECTION('',(0.,1.,0.));
#3222=VECTOR('',#3221,1.761780713);
#3223=LINE('',#3220,#3222);
#3224=EDGE_CURVE('',#3217,#3219,#3223,.T.);
#3225=ORIENTED_EDGE('',*,*,#3224,.F.);
#3226=CARTESIAN_POINT('',(-2.,-27.679042418,1.986154448));
#3227=VERTEX_POINT('',#3226);
#3228=CARTESIAN_POINT('',(-2.,-24.679042418,1.986156986));
#3229=DIRECTION('',(-1.,0.,0.));
#3230=DIRECTION('',(0.,0.,1.));
#3231=AXIS2_PLACEMENT_3D('',#3228,#3229,#3230);
#3232=CIRCLE('',#3231,3.);
#3233=EDGE_CURVE('',#3217,#3227,#3232,.T.);
#3234=ORIENTED_EDGE('',*,*,#3233,.T.);
#3235=CARTESIAN_POINT('',(-2.,-27.679042418,3.186153596));
#3236=VERTEX_POINT('',#3235);
#3237=CARTESIAN_POINT('',(-2.,-27.679042418,3.186153596));
#3238=DIRECTION('',(0.,0.,-1.));
#3239=VECTOR('',#3238,1.199999148);
#3240=LINE('',#3237,#3239);
#3241=EDGE_CURVE('',#3236,#3227,#3240,.T.);
#3242=ORIENTED_EDGE('',*,*,#3241,.F.);
#3243=CARTESIAN_POINT('',(-2.,-24.679044962,6.186156986));
#3244=VERTEX_POINT('',#3243);
#3245=CARTESIAN_POINT('',(-2.,-24.679042418,3.186156986));
#3246=DIRECTION('',(-1.,0.,0.));
#3247=DIRECTION('',(0.,0.,1.));
#3248=AXIS2_PLACEMENT_3D('',#3245,#3246,#3247);
#3249=CIRCLE('',#3248,3.);
#3250=EDGE_CURVE('',#3236,#3244,#3249,.T.);
#3251=ORIENTED_EDGE('',*,*,#3250,.T.);
#3252=CARTESIAN_POINT('',(-2.,-17.739042418,6.186156986));
#3253=VERTEX_POINT('',#3252);
#3254=CARTESIAN_POINT('',(-2.,-17.739042418,6.186156986));
#3255=DIRECTION('',(0.,-1.,0.));
#3256=VECTOR('',#3255,6.940002544);
#3257=LINE('',#3254,#3256);
#3258=EDGE_CURVE('',#3253,#3244,#3257,.T.);
#3259=ORIENTED_EDGE('',*,*,#3258,.F.);
#3260=CARTESIAN_POINT('',(-2.,-14.739042418,3.186156986));
#3261=VERTEX_POINT('',#3260);
#3262=CARTESIAN_POINT('',(-2.,-17.739042418,3.186156986));
#3263=DIRECTION('',(-1.,0.,0.));
#3264=DIRECTION('',(0.,0.,1.));
#3265=AXIS2_PLACEMENT_3D('',#3262,#3263,#3264);
#3266=CIRCLE('',#3265,3.);
#3267=EDGE_CURVE('',#3253,#3261,#3266,.T.);
#3268=ORIENTED_EDGE('',*,*,#3267,.T.);
#3269=CARTESIAN_POINT('',(-2.,-14.739042418,1.986156986));
#3270=VERTEX_POINT('',#3269);
#3271=CARTESIAN_POINT('',(-2.,-14.739042418,3.186156986));
#3272=DIRECTION('',(0.,0.,-1.));
#3273=VECTOR('',#3272,1.2);
#3274=LINE('',#3271,#3273);
#3275=EDGE_CURVE('',#3261,#3270,#3274,.T.);
#3276=ORIENTED_EDGE('',*,*,#3275,.T.);
#3277=CARTESIAN_POINT('',(-2.,-16.639,-0.804883443));
#3278=VERTEX_POINT('',#3277);
#3279=CARTESIAN_POINT('',(-2.,-17.739042418,1.986156986));
#3280=DIRECTION('',(-1.,0.,0.));
#3281=DIRECTION('',(0.,0.,1.));
#3282=AXIS2_PLACEMENT_3D('',#3279,#3280,#3281);
#3283=CIRCLE('',#3282,3.);
#3284=EDGE_CURVE('',#3270,#3278,#3283,.T.);
#3285=ORIENTED_EDGE('',*,*,#3284,.T.);
#3286=CARTESIAN_POINT('',(-2.,-16.639,2.086156986));
#3287=VERTEX_POINT('',#3286);
#3288=CARTESIAN_POINT('',(-2.,-16.639,-0.804883443));
#3289=DIRECTION('',(0.,0.,1.));
#3290=VECTOR('',#3289,2.891040429);
#3291=LINE('',#3288,#3290);
#3292=EDGE_CURVE('',#3278,#3287,#3291,.T.);
#3293=ORIENTED_EDGE('',*,*,#3292,.T.);
#3294=CARTESIAN_POINT('',(-2.,-16.639,2.9));
#3295=VERTEX_POINT('',#3294);
#3296=CARTESIAN_POINT('',(-2.,-16.639,2.9));
#3297=DIRECTION('',(0.,0.,-1.));
#3298=VECTOR('',#3297,0.813843014);
#3299=LINE('',#3296,#3298);
#3300=EDGE_CURVE('',#3295,#3287,#3299,.T.);
#3301=ORIENTED_EDGE('',*,*,#3300,.F.);
#3302=CARTESIAN_POINT('',(-2.,-17.639,3.9));
#3303=VERTEX_POINT('',#3302);
#3304=CARTESIAN_POINT('',(-2.,-17.639,2.9));
#3305=DIRECTION('',(1.,-0.,-0.));
#3306=DIRECTION('',(0.,0.,1.));
#3307=AXIS2_PLACEMENT_3D('',#3304,#3305,#3306);
#3308=CIRCLE('',#3307,1.);
#3309=EDGE_CURVE('',#3295,#3303,#3308,.T.);
#3310=ORIENTED_EDGE('',*,*,#3309,.T.);
#3311=CARTESIAN_POINT('',(-2.,-24.779078542,3.9));
#3312=VERTEX_POINT('',#3311);
#3313=CARTESIAN_POINT('',(-2.,-24.779078542,3.9));
#3314=DIRECTION('',(0.,1.,0.));
#3315=VECTOR('',#3314,7.140078542);
#3316=LINE('',#3313,#3315);
#3317=EDGE_CURVE('',#3312,#3303,#3316,.T.);
#3318=ORIENTED_EDGE('',*,*,#3317,.F.);
#3319=CARTESIAN_POINT('',(-2.,-25.779078542,2.9));
#3320=VERTEX_POINT('',#3319);
#3321=CARTESIAN_POINT('',(-2.,-24.779078542,2.9));
#3322=DIRECTION('',(1.,-0.,-0.));
#3323=DIRECTION('',(0.,0.,1.));
#3324=AXIS2_PLACEMENT_3D('',#3321,#3322,#3323);
#3325=CIRCLE('',#3324,1.);
#3326=EDGE_CURVE('',#3312,#3320,#3325,.T.);
#3327=ORIENTED_EDGE('',*,*,#3326,.T.);
#3328=CARTESIAN_POINT('',(-2.,-25.779078542,2.086156986));
#3329=VERTEX_POINT('',#3328);
#3330=CARTESIAN_POINT('',(-2.,-25.779078542,2.086156986));
#3331=DIRECTION('',(0.,0.,1.));
#3332=VECTOR('',#3331,0.813843014);
#3333=LINE('',#3330,#3332);
#3334=EDGE_CURVE('',#3329,#3320,#3333,.T.);
#3335=ORIENTED_EDGE('',*,*,#3334,.F.);
#3336=CARTESIAN_POINT('',(-2.,-25.779078542,2.086156986));
#3337=DIRECTION('',(0.,0.,-1.));
#3338=VECTOR('',#3337,1.000002443);
#3339=LINE('',#3336,#3338);
#3340=EDGE_CURVE('',#3329,#3219,#3339,.T.);
#3341=ORIENTED_EDGE('',*,*,#3340,.T.);
#3342=EDGE_LOOP('',(#3225,#3234,#3242,#3251,#3259,#3268,#3276,#3285,#3293,#3301,#3310,#3318,#3327,#3335,#3341));
#3343=FACE_BOUND('',#3342,.T.);
#3344=ADVANCED_FACE('',(#3343),#3215,.T.);
#3345=CARTESIAN_POINT('',(5.888963551,-16.639,4.186156986));
#3346=DIRECTION('',(0.,-1.,0.));
#3347=DIRECTION('',(0.,0.,1.));
#3348=AXIS2_PLACEMENT_3D('',#3345,#3346,#3347);
#3349=PLANE('',#3348);
#3350=CARTESIAN_POINT('',(-2.,-16.639,2.9));
#3351=DIRECTION('',(1.,-0.,-0.));
#3352=VECTOR('',#3351,1.);
#3353=LINE('',#3350,#3352);
#3354=EDGE_CURVE('',#3295,#220,#3353,.T.);
#3355=ORIENTED_EDGE('',*,*,#3354,.F.);
#3356=ORIENTED_EDGE('',*,*,#3300,.T.);
#3357=CARTESIAN_POINT('',(-1.,-16.639,2.086156986));
#3358=DIRECTION('',(-1.,-0.,0.));
#3359=VECTOR('',#3358,1.);
#3360=LINE('',#3357,#3359);
#3361=EDGE_CURVE('',#229,#3287,#3360,.T.);
#3362=ORIENTED_EDGE('',*,*,#3361,.F.);
#3363=ORIENTED_EDGE('',*,*,#234,.T.);
#3364=EDGE_LOOP('',(#3355,#3356,#3362,#3363));
#3365=FACE_BOUND('',#3364,.T.);
#3366=ADVANCED_FACE('',(#3365),#3349,.T.);
#3367=CARTESIAN_POINT('',(-1.411036449,-17.639,2.9));
#3368=DIRECTION('',(1.,0.,0.));
#3369=DIRECTION('',(0.,0.,-1.));
#3370=AXIS2_PLACEMENT_3D('',#3367,#3368,#3369);
#3371=CYLINDRICAL_SURFACE('',#3370,1.);
#3372=ORIENTED_EDGE('',*,*,#3309,.F.);
#3373=ORIENTED_EDGE('',*,*,#3354,.T.);
#3374=ORIENTED_EDGE('',*,*,#226,.F.);
#3375=CARTESIAN_POINT('',(-2.,-17.639,3.9));
#3376=DIRECTION('',(1.,0.,-0.));
#3377=VECTOR('',#3376,1.);
#3378=LINE('',#3375,#3377);
#3379=EDGE_CURVE('',#3303,#212,#3378,.T.);
#3380=ORIENTED_EDGE('',*,*,#3379,.F.);
#3381=EDGE_LOOP('',(#3372,#3373,#3374,#3380));
#3382=FACE_BOUND('',#3381,.T.);
#3383=ADVANCED_FACE('',(#3382),#3371,.F.);
#3384=CARTESIAN_POINT('',(1.188963551,-21.209042418,3.9));
#3385=DIRECTION('',(0.,0.,-1.));
#3386=DIRECTION('',(0.,-1.,0.));
#3387=AXIS2_PLACEMENT_3D('',#3384,#3385,#3386);
#3388=PLANE('',#3387);
#3389=CARTESIAN_POINT('',(-2.,-24.779078542,3.9));
#3390=DIRECTION('',(1.,-0.,-0.));
#3391=VECTOR('',#3390,1.);
#3392=LINE('',#3389,#3391);
#3393=EDGE_CURVE('',#3312,#203,#3392,.T.);
#3394=ORIENTED_EDGE('',*,*,#3393,.F.);
#3395=ORIENTED_EDGE('',*,*,#3317,.T.);
#3396=ORIENTED_EDGE('',*,*,#3379,.T.);
#3397=ORIENTED_EDGE('',*,*,#217,.T.);
#3398=EDGE_LOOP('',(#3394,#3395,#3396,#3397));
#3399=FACE_BOUND('',#3398,.T.);
#3400=ADVANCED_FACE('',(#3399),#3388,.T.);
#3401=CARTESIAN_POINT('',(-1.411036449,-24.779078542,2.9));
#3402=DIRECTION('',(1.,0.,0.));
#3403=DIRECTION('',(0.,0.,-1.));
#3404=AXIS2_PLACEMENT_3D('',#3401,#3402,#3403);
#3405=CYLINDRICAL_SURFACE('',#3404,1.);
#3406=ORIENTED_EDGE('',*,*,#3326,.F.);
#3407=ORIENTED_EDGE('',*,*,#3393,.T.);
#3408=ORIENTED_EDGE('',*,*,#209,.F.);
#3409=CARTESIAN_POINT('',(-1.,-25.779078542,2.9));
#3410=DIRECTION('',(-1.,-0.,0.));
#3411=VECTOR('',#3410,1.);
#3412=LINE('',#3409,#3411);
#3413=EDGE_CURVE('',#195,#3320,#3412,.T.);
#3414=ORIENTED_EDGE('',*,*,#3413,.T.);
#3415=EDGE_LOOP('',(#3406,#3407,#3408,#3414));
#3416=FACE_BOUND('',#3415,.T.);
#3417=ADVANCED_FACE('',(#3416),#3405,.F.);
#3418=CARTESIAN_POINT('',(5.888963551,-25.779078542,4.186156986));
#3419=DIRECTION('',(0.,1.,0.));
#3420=DIRECTION('',(0.,0.,-1.));
#3421=AXIS2_PLACEMENT_3D('',#3418,#3419,#3420);
#3422=PLANE('',#3421);
#3423=CARTESIAN_POINT('',(-2.,-25.779078542,2.086156986));
#3424=DIRECTION('',(1.,-0.,-0.));
#3425=VECTOR('',#3424,1.);
#3426=LINE('',#3423,#3425);
#3427=EDGE_CURVE('',#3329,#187,#3426,.T.);
#3428=ORIENTED_EDGE('',*,*,#3427,.F.);
#3429=ORIENTED_EDGE('',*,*,#3334,.T.);
#3430=ORIENTED_EDGE('',*,*,#3413,.F.);
#3431=ORIENTED_EDGE('',*,*,#200,.T.);
#3432=EDGE_LOOP('',(#3428,#3429,#3430,#3431));
#3433=FACE_BOUND('',#3432,.T.);
#3434=ADVANCED_FACE('',(#3433),#3422,.T.);
#3435=CARTESIAN_POINT('',(0.,0.,5.5));
#3436=DIRECTION('',(0.,0.,-1.));
#3437=DIRECTION('',(0.,1.,0.));
#3438=AXIS2_PLACEMENT_3D('',#3435,#3436,#3437);
#3439=PLANE('',#3438);
#3440=ORIENTED_EDGE('',*,*,#136,.F.);
#3441=CARTESIAN_POINT('',(-0.,-44.7,5.5));
#3442=DIRECTION('',(0.,0.,-1.));
#3443=DIRECTION('',(-1.,0.,0.));
#3444=AXIS2_PLACEMENT_3D('',#3441,#3442,#3443);
#3445=CIRCLE('',#3444,1.3);
#3446=EDGE_CURVE('',#123,#1031,#3445,.T.);
#3447=ORIENTED_EDGE('',*,*,#3446,.T.);
#3448=ORIENTED_EDGE('',*,*,#1036,.F.);
#3449=CARTESIAN_POINT('',(2.5,-44.7,5.5));
#3450=VERTEX_POINT('',#3449);
#3451=CARTESIAN_POINT('',(3.5,-44.7,5.5));
#3452=DIRECTION('',(0.,0.,-1.));
#3453=DIRECTION('',(-1.,0.,0.));
#3454=AXIS2_PLACEMENT_3D('',#3451,#3452,#3453);
#3455=CIRCLE('',#3454,1.);
#3456=EDGE_CURVE('',#1023,#3450,#3455,.T.);
#3457=ORIENTED_EDGE('',*,*,#3456,.T.);
#3458=CARTESIAN_POINT('',(2.000062862,-43.20008382,5.5));
#3459=VERTEX_POINT('',#3458);
#3460=CARTESIAN_POINT('',(-0.,-44.7,5.5));
#3461=DIRECTION('',(0.,0.,-1.));
#3462=DIRECTION('',(-0.,1.,0.));
#3463=AXIS2_PLACEMENT_3D('',#3460,#3461,#3462);
#3464=CIRCLE('',#3463,2.5);
#3465=EDGE_CURVE('',#3459,#3450,#3464,.T.);
#3466=ORIENTED_EDGE('',*,*,#3465,.F.);
#3467=CARTESIAN_POINT('',(1.00000254,-43.20008382,5.5));
#3468=VERTEX_POINT('',#3467);
#3469=CARTESIAN_POINT('',(2.000062862,-43.20008382,5.5));
#3470=DIRECTION('',(-1.,-0.,0.));
#3471=VECTOR('',#3470,1.000060322);
#3472=LINE('',#3469,#3471);
#3473=EDGE_CURVE('',#3459,#3468,#3472,.T.);
#3474=ORIENTED_EDGE('',*,*,#3473,.T.);
#3475=CARTESIAN_POINT('',(-0.402297968,-42.232581036,5.5));
#3476=VERTEX_POINT('',#3475);
#3477=CARTESIAN_POINT('',(1.00000254,-41.70008382,5.5));
#3478=DIRECTION('',(0.,0.,-1.));
#3479=DIRECTION('',(-1.,0.,0.));
#3480=AXIS2_PLACEMENT_3D('',#3477,#3478,#3479);
#3481=CIRCLE('',#3480,1.5);
#3482=EDGE_CURVE('',#3468,#3476,#3481,.T.);
#3483=ORIENTED_EDGE('',*,*,#3482,.T.);
#3484=CARTESIAN_POINT('',(-0.416666667,-42.234966757,5.5));
#3485=VERTEX_POINT('',#3484);
#3486=CARTESIAN_POINT('',(-0.,-44.7,5.5));
#3487=DIRECTION('',(0.,0.,-1.));
#3488=DIRECTION('',(-0.,1.,0.));
#3489=AXIS2_PLACEMENT_3D('',#3486,#3487,#3488);
#3490=CIRCLE('',#3489,2.5);
#3491=EDGE_CURVE('',#3485,#3476,#3490,.T.);
#3492=ORIENTED_EDGE('',*,*,#3491,.F.);
#3493=CARTESIAN_POINT('',(-0.5,-41.741960108,5.5));
#3494=DIRECTION('',(0.,0.,-1.));
#3495=DIRECTION('',(-1.,0.,0.));
#3496=AXIS2_PLACEMENT_3D('',#3493,#3494,#3495);
#3497=CIRCLE('',#3496,0.5);
#3498=EDGE_CURVE('',#3485,#131,#3497,.T.);
#3499=ORIENTED_EDGE('',*,*,#3498,.T.);
#3500=EDGE_LOOP('',(#3440,#3447,#3448,#3457,#3466,#3474,#3483,#3492,#3499));
#3501=FACE_BOUND('',#3500,.T.);
#3502=ADVANCED_FACE('',(#3501),#3439,.F.);
#3503=CARTESIAN_POINT('',(0.,0.,5.5));
#3504=DIRECTION('',(0.,0.,-1.));
#3505=DIRECTION('',(0.,1.,0.));
#3506=AXIS2_PLACEMENT_3D('',#3503,#3504,#3505);
#3507=PLANE('',#3506);
#3508=ORIENTED_EDGE('',*,*,#128,.F.);
#3509=CARTESIAN_POINT('',(-1.3,-44.7,5.5));
#3510=VERTEX_POINT('',#3509);
#3511=CARTESIAN_POINT('',(-0.,-44.7,5.5));
#3512=DIRECTION('',(0.,0.,-1.));
#3513=DIRECTION('',(-1.,0.,0.));
#3514=AXIS2_PLACEMENT_3D('',#3511,#3512,#3513);
#3515=CIRCLE('',#3514,1.3);
#3516=EDGE_CURVE('',#115,#3510,#3515,.T.);
#3517=ORIENTED_EDGE('',*,*,#3516,.T.);
#3518=CARTESIAN_POINT('',(-0.,-44.7,5.5));
#3519=DIRECTION('',(0.,0.,-1.));
#3520=DIRECTION('',(-1.,0.,0.));
#3521=AXIS2_PLACEMENT_3D('',#3518,#3519,#3520);
#3522=CIRCLE('',#3521,1.3);
#3523=EDGE_CURVE('',#3510,#123,#3522,.T.);
#3524=ORIENTED_EDGE('',*,*,#3523,.T.);
#3525=EDGE_LOOP('',(#3508,#3517,#3524));
#3526=FACE_BOUND('',#3525,.T.);
#3527=ADVANCED_FACE('',(#3526),#3507,.T.);
#3528=CARTESIAN_POINT('',(-0.,-44.7,5.5));
#3529=DIRECTION('',(0.,0.,-1.));
#3530=DIRECTION('',(-1.,0.,0.));
#3531=AXIS2_PLACEMENT_3D('',#3528,#3529,#3530);
#3532=CYLINDRICAL_SURFACE('',#3531,1.3);
#3533=CARTESIAN_POINT('',(-1.3,-44.7,-2.5));
#3534=VERTEX_POINT('',#3533);
#3535=CARTESIAN_POINT('',(-1.3,-44.7,-2.5));
#3536=DIRECTION('',(-0.,-0.,1.));
#3537=VECTOR('',#3536,8.);
#3538=LINE('',#3535,#3537);
#3539=EDGE_CURVE('',#3534,#3510,#3538,.T.);
#3540=ORIENTED_EDGE('',*,*,#3539,.F.);
#3541=CARTESIAN_POINT('',(-0.,-44.7,-2.5));
#3542=DIRECTION('',(-0.,-0.,-1.));
#3543=DIRECTION('',(1.,0.,-0.));
#3544=AXIS2_PLACEMENT_3D('',#3541,#3542,#3543);
#3545=CIRCLE('',#3544,1.3);
#3546=EDGE_CURVE('',#3534,#1047,#3545,.T.);
#3547=ORIENTED_EDGE('',*,*,#3546,.T.);
#3548=ORIENTED_EDGE('',*,*,#1052,.F.);
#3549=ORIENTED_EDGE('',*,*,#3190,.F.);
#3550=ORIENTED_EDGE('',*,*,#3446,.F.);
#3551=ORIENTED_EDGE('',*,*,#3523,.F.);
#3552=EDGE_LOOP('',(#3540,#3547,#3548,#3549,#3550,#3551));
#3553=FACE_BOUND('',#3552,.T.);
#3554=ADVANCED_FACE('',(#3553),#3532,.F.);
#3555=CARTESIAN_POINT('',(62.4,-44.7,5.5));
#3556=DIRECTION('',(0.,0.,-1.));
#3557=DIRECTION('',(-1.,0.,0.));
#3558=AXIS2_PLACEMENT_3D('',#3555,#3556,#3557);
#3559=CYLINDRICAL_SURFACE('',#3558,2.5);
#3560=ORIENTED_EDGE('',*,*,#1233,.T.);
#3561=CARTESIAN_POINT('',(62.4,-44.7,2.086154543));
#3562=DIRECTION('',(0.,0.,1.));
#3563=DIRECTION('',(1.,0.,-0.));
#3564=AXIS2_PLACEMENT_3D('',#3561,#3562,#3563);
#3565=CIRCLE('',#3564,2.5);
#3566=EDGE_CURVE('',#1219,#1176,#3565,.T.);
#3567=ORIENTED_EDGE('',*,*,#3566,.T.);
#3568=ORIENTED_EDGE('',*,*,#1198,.T.);
#3569=CARTESIAN_POINT('',(62.4,-44.7,5.5));
#3570=DIRECTION('',(0.,0.,-1.));
#3571=DIRECTION('',(0.,1.,0.));
#3572=AXIS2_PLACEMENT_3D('',#3569,#3570,#3571);
#3573=CIRCLE('',#3572,2.5);
#3574=EDGE_CURVE('',#1186,#1228,#3573,.T.);
#3575=ORIENTED_EDGE('',*,*,#3574,.T.);
#3576=EDGE_LOOP('',(#3560,#3567,#3568,#3575));
#3577=FACE_BOUND('',#3576,.T.);
#3578=ADVANCED_FACE('',(#3577),#3559,.T.);
#3579=CARTESIAN_POINT('',(3.5,-44.7,5.5));
#3580=DIRECTION('',(0.,0.,-1.));
#3581=DIRECTION('',(-1.,0.,0.));
#3582=AXIS2_PLACEMENT_3D('',#3579,#3580,#3581);
#3583=CYLINDRICAL_SURFACE('',#3582,1.);
#3584=ORIENTED_EDGE('',*,*,#1028,.F.);
#3585=CARTESIAN_POINT('',(2.5,-44.7,-2.5));
#3586=VERTEX_POINT('',#3585);
#3587=CARTESIAN_POINT('',(3.5,-44.7,-2.5));
#3588=DIRECTION('',(-0.,-0.,-1.));
#3589=DIRECTION('',(1.,0.,-0.));
#3590=AXIS2_PLACEMENT_3D('',#3587,#3588,#3589);
#3591=CIRCLE('',#3590,1.);
#3592=EDGE_CURVE('',#1015,#3586,#3591,.T.);
#3593=ORIENTED_EDGE('',*,*,#3592,.T.);
#3594=CARTESIAN_POINT('',(2.5,-44.7,5.5));
#3595=DIRECTION('',(0.,0.,-1.));
#3596=VECTOR('',#3595,8.);
#3597=LINE('',#3594,#3596);
#3598=EDGE_CURVE('',#3450,#3586,#3597,.T.);
#3599=ORIENTED_EDGE('',*,*,#3598,.F.);
#3600=ORIENTED_EDGE('',*,*,#3456,.F.);
#3601=EDGE_LOOP('',(#3584,#3593,#3599,#3600));
#3602=FACE_BOUND('',#3601,.T.);
#3603=ADVANCED_FACE('',(#3602),#3583,.F.);
#3604=CARTESIAN_POINT('',(-0.,-44.7,5.5));
#3605=DIRECTION('',(0.,0.,-1.));
#3606=DIRECTION('',(-1.,0.,0.));
#3607=AXIS2_PLACEMENT_3D('',#3604,#3605,#3606);
#3608=CYLINDRICAL_SURFACE('',#3607,2.5);
#3609=ORIENTED_EDGE('',*,*,#3598,.T.);
#3610=CARTESIAN_POINT('',(2.000062862,-43.20008382,-2.5));
#3611=VERTEX_POINT('',#3610);
#3612=CARTESIAN_POINT('',(-0.,-44.7,-2.5));
#3613=DIRECTION('',(-0.,-0.,-1.));
#3614=DIRECTION('',(1.,0.,-0.));
#3615=AXIS2_PLACEMENT_3D('',#3612,#3613,#3614);
#3616=CIRCLE('',#3615,2.5);
#3617=EDGE_CURVE('',#3611,#3586,#3616,.T.);
#3618=ORIENTED_EDGE('',*,*,#3617,.F.);
#3619=CARTESIAN_POINT('',(2.000062862,-43.20008382,5.5));
#3620=DIRECTION('',(0.,0.,-1.));
#3621=VECTOR('',#3620,8.);
#3622=LINE('',#3619,#3621);
#3623=EDGE_CURVE('',#3459,#3611,#3622,.T.);
#3624=ORIENTED_EDGE('',*,*,#3623,.F.);
#3625=ORIENTED_EDGE('',*,*,#3465,.T.);
#3626=EDGE_LOOP('',(#3609,#3618,#3624,#3625));
#3627=FACE_BOUND('',#3626,.T.);
#3628=ADVANCED_FACE('',(#3627),#3608,.T.);
#3629=CARTESIAN_POINT('',(57.4001143,-43.20008382,-0.5));
#3630=DIRECTION('',(0.,-1.,0.));
#3631=DIRECTION('',(-1.,-0.,0.));
#3632=AXIS2_PLACEMENT_3D('',#3629,#3630,#3631);
#3633=PLANE('',#3632);
#3634=ORIENTED_EDGE('',*,*,#3623,.T.);
#3635=CARTESIAN_POINT('',(1.00000254,-43.20008382,-2.5));
#3636=VERTEX_POINT('',#3635);
#3637=CARTESIAN_POINT('',(2.000062862,-43.20008382,-2.5));
#3638=DIRECTION('',(-1.,-0.,0.));
#3639=VECTOR('',#3638,1.000060322);
#3640=LINE('',#3637,#3639);
#3641=EDGE_CURVE('',#3611,#3636,#3640,.T.);
#3642=ORIENTED_EDGE('',*,*,#3641,.T.);
#3643=CARTESIAN_POINT('',(1.00000254,-43.20008382,-2.5));
#3644=DIRECTION('',(-0.,-0.,1.));
#3645=VECTOR('',#3644,8.);
#3646=LINE('',#3643,#3645);
#3647=EDGE_CURVE('',#3636,#3468,#3646,.T.);
#3648=ORIENTED_EDGE('',*,*,#3647,.T.);
#3649=ORIENTED_EDGE('',*,*,#3473,.F.);
#3650=EDGE_LOOP('',(#3634,#3642,#3648,#3649));
#3651=FACE_BOUND('',#3650,.T.);
#3652=ADVANCED_FACE('',(#3651),#3633,.F.);
#3653=CARTESIAN_POINT('',(1.00000254,-41.70008382,-0.5));
#3654=DIRECTION('',(-0.,0.,-1.));
#3655=DIRECTION('',(-0.,-1.,0.));
#3656=AXIS2_PLACEMENT_3D('',#3653,#3654,#3655);
#3657=CYLINDRICAL_SURFACE('',#3656,1.5);
#3658=ORIENTED_EDGE('',*,*,#3647,.F.);
#3659=CARTESIAN_POINT('',(-0.402297968,-42.232581036,-2.5));
#3660=VERTEX_POINT('',#3659);
#3661=CARTESIAN_POINT('',(1.00000254,-41.70008382,-2.5));
#3662=DIRECTION('',(-0.,-0.,-1.));
#3663=DIRECTION('',(1.,0.,-0.));
#3664=AXIS2_PLACEMENT_3D('',#3661,#3662,#3663);
#3665=CIRCLE('',#3664,1.5);
#3666=EDGE_CURVE('',#3636,#3660,#3665,.T.);
#3667=ORIENTED_EDGE('',*,*,#3666,.T.);
#3668=CARTESIAN_POINT('',(-0.402297968,-42.232581036,-2.5));
#3669=DIRECTION('',(-0.,-0.,1.));
#3670=VECTOR('',#3669,8.);
#3671=LINE('',#3668,#3670);
#3672=EDGE_CURVE('',#3660,#3476,#3671,.T.);
#3673=ORIENTED_EDGE('',*,*,#3672,.T.);
#3674=ORIENTED_EDGE('',*,*,#3482,.F.);
#3675=EDGE_LOOP('',(#3658,#3667,#3673,#3674));
#3676=FACE_BOUND('',#3675,.T.);
#3677=ADVANCED_FACE('',(#3676),#3657,.F.);
#3678=CARTESIAN_POINT('',(-0.,-44.7,5.5));
#3679=DIRECTION('',(0.,0.,-1.));
#3680=DIRECTION('',(-1.,0.,0.));
#3681=AXIS2_PLACEMENT_3D('',#3678,#3679,#3680);
#3682=CYLINDRICAL_SURFACE('',#3681,2.5);
#3683=ORIENTED_EDGE('',*,*,#3672,.F.);
#3684=CARTESIAN_POINT('',(-0.416666667,-42.234966757,-2.5));
#3685=VERTEX_POINT('',#3684);
#3686=CARTESIAN_POINT('',(-0.,-44.7,-2.5));
#3687=DIRECTION('',(-0.,-0.,-1.));
#3688=DIRECTION('',(1.,0.,-0.));
#3689=AXIS2_PLACEMENT_3D('',#3686,#3687,#3688);
#3690=CIRCLE('',#3689,2.5);
#3691=EDGE_CURVE('',#3685,#3660,#3690,.T.);
#3692=ORIENTED_EDGE('',*,*,#3691,.F.);
#3693=CARTESIAN_POINT('',(-0.416666667,-42.234966757,-2.5));
#3694=DIRECTION('',(-0.,-0.,1.));
#3695=VECTOR('',#3694,8.);
#3696=LINE('',#3693,#3695);
#3697=EDGE_CURVE('',#3685,#3485,#3696,.T.);
#3698=ORIENTED_EDGE('',*,*,#3697,.T.);
#3699=ORIENTED_EDGE('',*,*,#3491,.T.);
#3700=EDGE_LOOP('',(#3683,#3692,#3698,#3699));
#3701=FACE_BOUND('',#3700,.T.);
#3702=ADVANCED_FACE('',(#3701),#3682,.T.);
#3703=CARTESIAN_POINT('',(-0.5,-41.741960108,5.5));
#3704=DIRECTION('',(0.,0.,-1.));
#3705=DIRECTION('',(-1.,0.,0.));
#3706=AXIS2_PLACEMENT_3D('',#3703,#3704,#3705);
#3707=CYLINDRICAL_SURFACE('',#3706,0.5);
#3708=ORIENTED_EDGE('',*,*,#3697,.F.);
#3709=CARTESIAN_POINT('',(-0.5,-41.741960108,-2.5));
#3710=DIRECTION('',(-0.,-0.,-1.));
#3711=DIRECTION('',(1.,0.,-0.));
#3712=AXIS2_PLACEMENT_3D('',#3709,#3710,#3711);
#3713=CIRCLE('',#3712,0.5);
#3714=EDGE_CURVE('',#3685,#139,#3713,.T.);
#3715=ORIENTED_EDGE('',*,*,#3714,.T.);
#3716=ORIENTED_EDGE('',*,*,#144,.F.);
#3717=ORIENTED_EDGE('',*,*,#3498,.F.);
#3718=EDGE_LOOP('',(#3708,#3715,#3716,#3717));
#3719=FACE_BOUND('',#3718,.T.);
#3720=ADVANCED_FACE('',(#3719),#3707,.F.);
#3721=CARTESIAN_POINT('',(61.985786438,5.,9.414213562));
#3722=DIRECTION('',(-0.707106781,-0.,0.707106781));
#3723=DIRECTION('',(-0.,1.,0.));
#3724=AXIS2_PLACEMENT_3D('',#3721,#3722,#3723);
#3725=PLANE('',#3724);
#3726=ORIENTED_EDGE('',*,*,#2653,.T.);
#3727=EDGE_LOOP('',(#3726));
#3728=FACE_BOUND('',#3727,.T.);
#3729=ORIENTED_EDGE('',*,*,#1359,.F.);
#3730=CARTESIAN_POINT('',(58.7,-15.5,6.128427125));
#3731=DIRECTION('',(0.707106781,0.,0.707106781));
#3732=VECTOR('',#3731,6.646803743);
#3733=LINE('',#3730,#3732);
#3734=EDGE_CURVE('',#653,#1348,#3733,.T.);
#3735=ORIENTED_EDGE('',*,*,#3734,.F.);
#3736=ORIENTED_EDGE('',*,*,#712,.T.);
#3737=ORIENTED_EDGE('',*,*,#2620,.F.);
#3738=ORIENTED_EDGE('',*,*,#2591,.F.);
#3739=ORIENTED_EDGE('',*,*,#1289,.F.);
#3740=EDGE_LOOP('',(#3729,#3735,#3736,#3737,#3738,#3739));
#3741=FACE_BOUND('',#3740,.T.);
#3742=ADVANCED_FACE('',(#3728,#3741),#3725,.T.);
#3743=CARTESIAN_POINT('',(0.,-15.5,0.));
#3744=DIRECTION('',(-0.,1.,0.));
#3745=DIRECTION('',(1.,0.,0.));
#3746=AXIS2_PLACEMENT_3D('',#3743,#3744,#3745);
#3747=PLANE('',#3746);
#3748=ORIENTED_EDGE('',*,*,#1353,.T.);
#3749=CARTESIAN_POINT('',(58.7,-15.5,0.086154543));
#3750=DIRECTION('',(1.,0.,0.));
#3751=VECTOR('',#3750,4.7);
#3752=LINE('',#3749,#3751);
#3753=EDGE_CURVE('',#651,#1340,#3752,.T.);
#3754=ORIENTED_EDGE('',*,*,#3753,.F.);
#3755=ORIENTED_EDGE('',*,*,#658,.T.);
#3756=ORIENTED_EDGE('',*,*,#3734,.T.);
#3757=EDGE_LOOP('',(#3748,#3754,#3755,#3756));
#3758=FACE_BOUND('',#3757,.T.);
#3759=ADVANCED_FACE('',(#3758),#3747,.T.);
#3760=CARTESIAN_POINT('',(62.4,-44.7,5.5));
#3761=DIRECTION('',(0.,0.,-1.));
#3762=DIRECTION('',(-1.,0.,0.));
#3763=AXIS2_PLACEMENT_3D('',#3760,#3761,#3762);
#3764=CYLINDRICAL_SURFACE('',#3763,1.3);
#3765=CARTESIAN_POINT('',(61.1,-44.7,-2.5));
#3766=VERTEX_POINT('',#3765);
#3767=CARTESIAN_POINT('',(61.1,-44.7,5.5));
#3768=VERTEX_POINT('',#3767);
#3769=CARTESIAN_POINT('',(61.1,-44.7,-2.5));
#3770=DIRECTION('',(-0.,-0.,1.));
#3771=VECTOR('',#3770,8.);
#3772=LINE('',#3769,#3771);
#3773=EDGE_CURVE('',#3766,#3768,#3772,.T.);
#3774=ORIENTED_EDGE('',*,*,#3773,.F.);
#3775=CARTESIAN_POINT('',(62.4,-44.7,-2.5));
#3776=DIRECTION('',(-0.,-0.,-1.));
#3777=DIRECTION('',(1.,0.,-0.));
#3778=AXIS2_PLACEMENT_3D('',#3775,#3776,#3777);
#3779=CIRCLE('',#3778,1.3);
#3780=EDGE_CURVE('',#3766,#1386,#3779,.T.);
#3781=ORIENTED_EDGE('',*,*,#3780,.T.);
#3782=ORIENTED_EDGE('',*,*,#1391,.F.);
#3783=CARTESIAN_POINT('',(62.4,-44.7,5.5));
#3784=DIRECTION('',(0.,0.,-1.));
#3785=DIRECTION('',(-1.,0.,0.));
#3786=AXIS2_PLACEMENT_3D('',#3783,#3784,#3785);
#3787=CIRCLE('',#3786,1.3);
#3788=EDGE_CURVE('',#1370,#1378,#3787,.T.);
#3789=ORIENTED_EDGE('',*,*,#3788,.F.);
#3790=CARTESIAN_POINT('',(62.4,-44.7,5.5));
#3791=DIRECTION('',(0.,0.,-1.));
#3792=DIRECTION('',(-1.,0.,0.));
#3793=AXIS2_PLACEMENT_3D('',#3790,#3791,#3792);
#3794=CIRCLE('',#3793,1.3);
#3795=EDGE_CURVE('',#3768,#1370,#3794,.T.);
#3796=ORIENTED_EDGE('',*,*,#3795,.F.);
#3797=EDGE_LOOP('',(#3774,#3781,#3782,#3789,#3796));
#3798=FACE_BOUND('',#3797,.T.);
#3799=ADVANCED_FACE('',(#3798),#3764,.F.);
#3800=CARTESIAN_POINT('',(0.,0.,5.5));
#3801=DIRECTION('',(0.,0.,-1.));
#3802=DIRECTION('',(0.,1.,0.));
#3803=AXIS2_PLACEMENT_3D('',#3800,#3801,#3802);
#3804=PLANE('',#3803);
#3805=ORIENTED_EDGE('',*,*,#1383,.F.);
#3806=ORIENTED_EDGE('',*,*,#3788,.T.);
#3807=EDGE_LOOP('',(#3805,#3806));
#3808=FACE_BOUND('',#3807,.T.);
#3809=ADVANCED_FACE('',(#3808),#3804,.T.);
#3810=CARTESIAN_POINT('',(0.,0.,5.5));
#3811=DIRECTION('',(0.,0.,-1.));
#3812=DIRECTION('',(0.,1.,0.));
#3813=AXIS2_PLACEMENT_3D('',#3810,#3811,#3812);
#3814=PLANE('',#3813);
#3815=ORIENTED_EDGE('',*,*,#1375,.F.);
#3816=ORIENTED_EDGE('',*,*,#1240,.T.);
#3817=ORIENTED_EDGE('',*,*,#3574,.F.);
#3818=ORIENTED_EDGE('',*,*,#1192,.T.);
#3819=ORIENTED_EDGE('',*,*,#981,.F.);
#3820=CARTESIAN_POINT('',(62.4,-44.7,5.5));
#3821=DIRECTION('',(0.,0.,-1.));
#3822=DIRECTION('',(-1.,0.,0.));
#3823=AXIS2_PLACEMENT_3D('',#3820,#3821,#3822);
#3824=CIRCLE('',#3823,1.3);
#3825=EDGE_CURVE('',#968,#3768,#3824,.T.);
#3826=ORIENTED_EDGE('',*,*,#3825,.T.);
#3827=ORIENTED_EDGE('',*,*,#3795,.T.);
#3828=EDGE_LOOP('',(#3815,#3816,#3817,#3818,#3819,#3826,#3827));
#3829=FACE_BOUND('',#3828,.T.);
#3830=ADVANCED_FACE('',(#3829),#3814,.F.);
#3831=CARTESIAN_POINT('',(63.4,-45.7,2.));
#3832=DIRECTION('',(0.,0.,1.));
#3833=DIRECTION('',(1.,0.,-0.));
#3834=AXIS2_PLACEMENT_3D('',#3831,#3832,#3833);
#3835=CYLINDRICAL_SURFACE('',#3834,2.);
#3836=CARTESIAN_POINT('',(63.4,-47.7,-2.5));
#3837=VERTEX_POINT('',#3836);
#3838=CARTESIAN_POINT('',(63.4,-47.7,22.5));
#3839=VERTEX_POINT('',#3838);
#3840=CARTESIAN_POINT('',(63.4,-47.7,-2.5));
#3841=DIRECTION('',(0.,0.,1.));
#3842=VECTOR('',#3841,25.);
#3843=LINE('',#3840,#3842);
#3844=EDGE_CURVE('',#3837,#3839,#3843,.T.);
#3845=ORIENTED_EDGE('',*,*,#3844,.F.);
#3846=CARTESIAN_POINT('',(65.4,-45.7,-2.5));
#3847=VERTEX_POINT('',#3846);
#3848=CARTESIAN_POINT('',(63.4,-45.7,-2.5));
#3849=DIRECTION('',(-0.,-0.,-1.));
#3850=DIRECTION('',(1.,0.,-0.));
#3851=AXIS2_PLACEMENT_3D('',#3848,#3849,#3850);
#3852=CIRCLE('',#3851,2.);
#3853=EDGE_CURVE('',#3847,#3837,#3852,.T.);
#3854=ORIENTED_EDGE('',*,*,#3853,.F.);
#3855=CARTESIAN_POINT('',(65.4,-45.7,22.5));
#3856=VERTEX_POINT('',#3855);
#3857=CARTESIAN_POINT('',(65.4,-45.7,22.5));
#3858=DIRECTION('',(-0.,-0.,-1.));
#3859=VECTOR('',#3858,25.);
#3860=LINE('',#3857,#3859);
#3861=EDGE_CURVE('',#3856,#3847,#3860,.T.);
#3862=ORIENTED_EDGE('',*,*,#3861,.F.);
#3863=CARTESIAN_POINT('',(63.4,-45.7,22.5));
#3864=DIRECTION('',(0.,0.,1.));
#3865=DIRECTION('',(1.,0.,-0.));
#3866=AXIS2_PLACEMENT_3D('',#3863,#3864,#3865);
#3867=CIRCLE('',#3866,2.);
#3868=EDGE_CURVE('',#3839,#3856,#3867,.T.);
#3869=ORIENTED_EDGE('',*,*,#3868,.F.);
#3870=EDGE_LOOP('',(#3845,#3854,#3862,#3869));
#3871=FACE_BOUND('',#3870,.T.);
#3872=ADVANCED_FACE('',(#3871),#3835,.T.);
#3873=CARTESIAN_POINT('',(30.2,-47.7,2.));
#3874=DIRECTION('',(0.,1.,0.));
#3875=DIRECTION('',(0.,0.,1.));
#3876=AXIS2_PLACEMENT_3D('',#3873,#3874,#3875);
#3877=PLANE('',#3876);
#3878=ORIENTED_EDGE('',*,*,#2847,.T.);
#3879=ORIENTED_EDGE('',*,*,#2824,.T.);
#3880=ORIENTED_EDGE('',*,*,#2799,.T.);
#3881=ORIENTED_EDGE('',*,*,#2782,.T.);
#3882=ORIENTED_EDGE('',*,*,#2750,.T.);
#3883=ORIENTED_EDGE('',*,*,#2733,.T.);
#3884=ORIENTED_EDGE('',*,*,#2702,.T.);
#3885=ORIENTED_EDGE('',*,*,#2677,.T.);
#3886=EDGE_LOOP('',(#3878,#3879,#3880,#3881,#3882,#3883,#3884,#3885));
#3887=FACE_BOUND('',#3886,.T.);
#3888=CARTESIAN_POINT('',(-1.,-47.7,22.5));
#3889=VERTEX_POINT('',#3888);
#3890=CARTESIAN_POINT('',(-1.,-47.7,-2.5));
#3891=VERTEX_POINT('',#3890);
#3892=CARTESIAN_POINT('',(-1.,-47.7,22.5));
#3893=DIRECTION('',(-0.,-0.,-1.));
#3894=VECTOR('',#3893,25.);
#3895=LINE('',#3892,#3894);
#3896=EDGE_CURVE('',#3889,#3891,#3895,.T.);
#3897=ORIENTED_EDGE('',*,*,#3896,.T.);
#3898=CARTESIAN_POINT('',(3.5,-47.7,-2.5));
#3899=VERTEX_POINT('',#3898);
#3900=CARTESIAN_POINT('',(-1.,-47.7,-2.5));
#3901=DIRECTION('',(1.,0.,-0.));
#3902=VECTOR('',#3901,4.5);
#3903=LINE('',#3900,#3902);
#3904=EDGE_CURVE('',#3891,#3899,#3903,.T.);
#3905=ORIENTED_EDGE('',*,*,#3904,.T.);
#3906=CARTESIAN_POINT('',(3.5,-47.7,-4.));
#3907=VERTEX_POINT('',#3906);
#3908=CARTESIAN_POINT('',(3.5,-47.7,-4.));
#3909=DIRECTION('',(0.,0.,1.));
#3910=VECTOR('',#3909,1.5);
#3911=LINE('',#3908,#3910);
#3912=EDGE_CURVE('',#3907,#3899,#3911,.T.);
#3913=ORIENTED_EDGE('',*,*,#3912,.F.);
#3914=CARTESIAN_POINT('',(58.9,-47.7,-4.));
#3915=VERTEX_POINT('',#3914);
#3916=CARTESIAN_POINT('',(3.5,-47.7,-4.));
#3917=DIRECTION('',(1.,0.,-0.));
#3918=VECTOR('',#3917,55.4);
#3919=LINE('',#3916,#3918);
#3920=EDGE_CURVE('',#3907,#3915,#3919,.T.);
#3921=ORIENTED_EDGE('',*,*,#3920,.T.);
#3922=CARTESIAN_POINT('',(58.9,-47.7,-2.5));
#3923=VERTEX_POINT('',#3922);
#3924=CARTESIAN_POINT('',(58.9,-47.7,-4.));
#3925=DIRECTION('',(0.,0.,1.));
#3926=VECTOR('',#3925,1.5);
#3927=LINE('',#3924,#3926);
#3928=EDGE_CURVE('',#3915,#3923,#3927,.T.);
#3929=ORIENTED_EDGE('',*,*,#3928,.T.);
#3930=CARTESIAN_POINT('',(58.9,-47.7,-2.5));
#3931=DIRECTION('',(1.,0.,-0.));
#3932=VECTOR('',#3931,4.5);
#3933=LINE('',#3930,#3932);
#3934=EDGE_CURVE('',#3923,#3837,#3933,.T.);
#3935=ORIENTED_EDGE('',*,*,#3934,.T.);
#3936=ORIENTED_EDGE('',*,*,#3844,.T.);
#3937=CARTESIAN_POINT('',(-1.,-47.7,22.5));
#3938=DIRECTION('',(1.,0.,-0.));
#3939=VECTOR('',#3938,64.4);
#3940=LINE('',#3937,#3939);
#3941=EDGE_CURVE('',#3889,#3839,#3940,.T.);
#3942=ORIENTED_EDGE('',*,*,#3941,.F.);
#3943=EDGE_LOOP('',(#3897,#3905,#3913,#3921,#3929,#3935,#3936,#3942));
#3944=FACE_BOUND('',#3943,.T.);
#3945=ADVANCED_FACE('',(#3887,#3944),#3877,.F.);
#3946=CARTESIAN_POINT('',(49.7457,-43.2,12.99));
#3947=DIRECTION('',(0.,-1.,0.));
#3948=DIRECTION('',(0.,0.,-1.));
#3949=AXIS2_PLACEMENT_3D('',#3946,#3947,#3948);
#3950=CYLINDRICAL_SURFACE('',#3949,5.25);
#3951=ORIENTED_EDGE('',*,*,#1108,.T.);
#3952=ORIENTED_EDGE('',*,*,#1748,.F.);
#3953=CARTESIAN_POINT('',(49.7457,-42.7,12.99));
#3954=DIRECTION('',(0.,1.,0.));
#3955=DIRECTION('',(0.,-0.,1.));
#3956=AXIS2_PLACEMENT_3D('',#3953,#3954,#3955);
#3957=CIRCLE('',#3956,5.25);
#3958=EDGE_CURVE('',#3161,#1737,#3957,.T.);
#3959=ORIENTED_EDGE('',*,*,#3958,.F.);
#3960=ORIENTED_EDGE('',*,*,#3174,.T.);
#3961=EDGE_LOOP('',(#3951,#3952,#3959,#3960));
#3962=FACE_BOUND('',#3961,.T.);
#3963=ADVANCED_FACE('',(#3962),#3950,.T.);
#3964=CARTESIAN_POINT('',(0.,-42.7,0.));
#3965=DIRECTION('',(0.,1.,0.));
#3966=DIRECTION('',(0.,0.,-1.));
#3967=AXIS2_PLACEMENT_3D('',#3964,#3965,#3966);
#3968=PLANE('',#3967);
#3969=ORIENTED_EDGE('',*,*,#3044,.T.);
#3970=ORIENTED_EDGE('',*,*,#3021,.T.);
#3971=ORIENTED_EDGE('',*,*,#2995,.T.);
#3972=ORIENTED_EDGE('',*,*,#2972,.T.);
#3973=ORIENTED_EDGE('',*,*,#2948,.T.);
#3974=ORIENTED_EDGE('',*,*,#2923,.T.);
#3975=ORIENTED_EDGE('',*,*,#2899,.T.);
#3976=ORIENTED_EDGE('',*,*,#2874,.T.);
#3977=EDGE_LOOP('',(#3969,#3970,#3971,#3972,#3973,#3974,#3975,#3976));
#3978=FACE_BOUND('',#3977,.T.);
#3979=ORIENTED_EDGE('',*,*,#1742,.F.);
#3980=CARTESIAN_POINT('',(56.3857,-42.7,12.99));
#3981=DIRECTION('',(0.,1.,0.));
#3982=DIRECTION('',(0.,-0.,1.));
#3983=AXIS2_PLACEMENT_3D('',#3980,#3981,#3982);
#3984=CIRCLE('',#3983,5.25);
#3985=EDGE_CURVE('',#1729,#3065,#3984,.T.);
#3986=ORIENTED_EDGE('',*,*,#3985,.T.);
#3987=ORIENTED_EDGE('',*,*,#3070,.F.);
#3988=ORIENTED_EDGE('',*,*,#3093,.T.);
#3989=ORIENTED_EDGE('',*,*,#3124,.T.);
#3990=ORIENTED_EDGE('',*,*,#3149,.T.);
#3991=ORIENTED_EDGE('',*,*,#3166,.T.);
#3992=ORIENTED_EDGE('',*,*,#3958,.T.);
#3993=EDGE_LOOP('',(#3979,#3986,#3987,#3988,#3989,#3990,#3991,#3992));
#3994=FACE_BOUND('',#3993,.T.);
#3995=ADVANCED_FACE('',(#3978,#3994),#3968,.T.);
#3996=CARTESIAN_POINT('',(56.3857,-43.2,12.99));
#3997=DIRECTION('',(0.,-1.,0.));
#3998=DIRECTION('',(0.,0.,-1.));
#3999=AXIS2_PLACEMENT_3D('',#3996,#3997,#3998);
#4000=CYLINDRICAL_SURFACE('',#3999,5.25);
#4001=ORIENTED_EDGE('',*,*,#1159,.T.);
#4002=ORIENTED_EDGE('',*,*,#3076,.F.);
#4003=ORIENTED_EDGE('',*,*,#3985,.F.);
#4004=ORIENTED_EDGE('',*,*,#1734,.T.);
#4005=EDGE_LOOP('',(#4001,#4002,#4003,#4004));
#4006=FACE_BOUND('',#4005,.T.);
#4007=ADVANCED_FACE('',(#4006),#4000,.T.);
#4008=CARTESIAN_POINT('',(61.4,-43.7,21.5));
#4009=DIRECTION('',(0.,0.,1.));
#4010=DIRECTION('',(1.,0.,-0.));
#4011=AXIS2_PLACEMENT_3D('',#4008,#4009,#4010);
#4012=CYLINDRICAL_SURFACE('',#4011,2.3);
#4013=CARTESIAN_POINT('',(61.4,-46.,19.3));
#4014=VERTEX_POINT('',#4013);
#4015=CARTESIAN_POINT('',(63.7,-43.7,19.3));
#4016=VERTEX_POINT('',#4015);
#4017=CARTESIAN_POINT('',(61.4,-43.7,19.3));
#4018=DIRECTION('',(0.,0.,1.));
#4019=DIRECTION('',(1.,0.,-0.));
#4020=AXIS2_PLACEMENT_3D('',#4017,#4018,#4019);
#4021=CIRCLE('',#4020,2.3);
#4022=EDGE_CURVE('',#4014,#4016,#4021,.T.);
#4023=ORIENTED_EDGE('',*,*,#4022,.F.);
#4024=CARTESIAN_POINT('',(61.4,-46.,22.5));
#4025=VERTEX_POINT('',#4024);
#4026=CARTESIAN_POINT('',(61.4,-46.,22.5));
#4027=DIRECTION('',(0.,0.,-1.));
#4028=VECTOR('',#4027,3.2);
#4029=LINE('',#4026,#4028);
#4030=EDGE_CURVE('',#4025,#4014,#4029,.T.);
#4031=ORIENTED_EDGE('',*,*,#4030,.F.);
#4032=CARTESIAN_POINT('',(63.7,-43.7,22.5));
#4033=VERTEX_POINT('',#4032);
#4034=CARTESIAN_POINT('',(61.4,-43.7,22.5));
#4035=DIRECTION('',(-0.,-0.,-1.));
#4036=DIRECTION('',(1.,0.,-0.));
#4037=AXIS2_PLACEMENT_3D('',#4034,#4035,#4036);
#4038=CIRCLE('',#4037,2.3);
#4039=EDGE_CURVE('',#4033,#4025,#4038,.T.);
#4040=ORIENTED_EDGE('',*,*,#4039,.F.);
#4041=CARTESIAN_POINT('',(63.7,-43.7,19.3));
#4042=DIRECTION('',(-0.,-0.,1.));
#4043=VECTOR('',#4042,3.2);
#4044=LINE('',#4041,#4043);
#4045=EDGE_CURVE('',#4016,#4033,#4044,.T.);
#4046=ORIENTED_EDGE('',*,*,#4045,.F.);
#4047=EDGE_LOOP('',(#4023,#4031,#4040,#4046));
#4048=FACE_BOUND('',#4047,.T.);
#4049=ADVANCED_FACE('',(#4048),#4012,.F.);
#4050=CARTESIAN_POINT('',(31.2,-46.,21.5));
#4051=DIRECTION('',(0.,1.,0.));
#4052=DIRECTION('',(0.,0.,1.));
#4053=AXIS2_PLACEMENT_3D('',#4050,#4051,#4052);
#4054=PLANE('',#4053);
#4055=CARTESIAN_POINT('',(1.,-46.,22.5));
#4056=VERTEX_POINT('',#4055);
#4057=CARTESIAN_POINT('',(1.,-46.,22.5));
#4058=DIRECTION('',(1.,0.,-0.));
#4059=VECTOR('',#4058,60.4);
#4060=LINE('',#4057,#4059);
#4061=EDGE_CURVE('',#4056,#4025,#4060,.T.);
#4062=ORIENTED_EDGE('',*,*,#4061,.T.);
#4063=ORIENTED_EDGE('',*,*,#4030,.T.);
#4064=CARTESIAN_POINT('',(1.,-46.,19.3));
#4065=VERTEX_POINT('',#4064);
#4066=CARTESIAN_POINT('',(1.,-46.,19.3));
#4067=DIRECTION('',(1.,0.,-0.));
#4068=VECTOR('',#4067,60.4);
#4069=LINE('',#4066,#4068);
#4070=EDGE_CURVE('',#4065,#4014,#4069,.T.);
#4071=ORIENTED_EDGE('',*,*,#4070,.F.);
#4072=CARTESIAN_POINT('',(1.,-46.,19.3));
#4073=DIRECTION('',(0.,0.,1.));
#4074=VECTOR('',#4073,3.2);
#4075=LINE('',#4072,#4074);
#4076=EDGE_CURVE('',#4065,#4056,#4075,.T.);
#4077=ORIENTED_EDGE('',*,*,#4076,.T.);
#4078=EDGE_LOOP('',(#4062,#4063,#4071,#4077));
#4079=FACE_BOUND('',#4078,.T.);
#4080=ADVANCED_FACE('',(#4079),#4054,.T.);
#4081=CARTESIAN_POINT('',(0.,-41.2,0.));
#4082=DIRECTION('',(0.,1.,0.));
#4083=DIRECTION('',(-1.,0.,0.));
#4084=AXIS2_PLACEMENT_3D('',#4081,#4082,#4083);
#4085=PLANE('',#4084);
#4086=CARTESIAN_POINT('',(50.4,-41.2,17.5));
#4087=VERTEX_POINT('',#4086);
#4088=CARTESIAN_POINT('',(50.4,-41.2,16.5));
#4089=DIRECTION('',(0.,0.,1.));
#4090=VECTOR('',#4089,1.);
#4091=LINE('',#4088,#4090);
#4092=EDGE_CURVE('',#1529,#4087,#4091,.T.);
#4093=ORIENTED_EDGE('',*,*,#4092,.F.);
#4094=ORIENTED_EDGE('',*,*,#1534,.T.);
#4095=CARTESIAN_POINT('',(-0.6,-41.2,17.5));
#4096=VERTEX_POINT('',#4095);
#4097=CARTESIAN_POINT('',(-0.6,-41.2,17.5));
#4098=DIRECTION('',(0.,0.,-1.));
#4099=VECTOR('',#4098,1.);
#4100=LINE('',#4097,#4099);
#4101=EDGE_CURVE('',#4096,#1521,#4100,.T.);
#4102=ORIENTED_EDGE('',*,*,#4101,.F.);
#4103=CARTESIAN_POINT('',(50.4,-41.2,17.5));
#4104=DIRECTION('',(-1.,0.,0.));
#4105=VECTOR('',#4104,51.);
#4106=LINE('',#4103,#4105);
#4107=EDGE_CURVE('',#4087,#4096,#4106,.T.);
#4108=ORIENTED_EDGE('',*,*,#4107,.F.);
#4109=EDGE_LOOP('',(#4093,#4094,#4102,#4108));
#4110=FACE_BOUND('',#4109,.T.);
#4111=ADVANCED_FACE('',(#4110),#4085,.T.);
#4112=CARTESIAN_POINT('',(-2.,-43.2,0.));
#4113=DIRECTION('',(0.,1.,0.));
#4114=DIRECTION('',(-1.,0.,0.));
#4115=AXIS2_PLACEMENT_3D('',#4112,#4113,#4114);
#4116=PLANE('',#4115);
#4117=CARTESIAN_POINT('',(59.4,-43.2,19.3));
#4118=VERTEX_POINT('',#4117);
#4119=CARTESIAN_POINT('',(59.4,-43.2,17.5));
#4120=VERTEX_POINT('',#4119);
#4121=CARTESIAN_POINT('',(59.4,-43.2,19.3));
#4122=DIRECTION('',(0.,0.,-1.));
#4123=VECTOR('',#4122,1.8);
#4124=LINE('',#4121,#4123);
#4125=EDGE_CURVE('',#4118,#4120,#4124,.T.);
#4126=ORIENTED_EDGE('',*,*,#4125,.T.);
#4127=CARTESIAN_POINT('',(-0.6,-43.2,17.5));
#4128=VERTEX_POINT('',#4127);
#4129=CARTESIAN_POINT('',(59.4,-43.2,17.5));
#4130=DIRECTION('',(-1.,0.,0.));
#4131=VECTOR('',#4130,60.);
#4132=LINE('',#4129,#4131);
#4133=EDGE_CURVE('',#4120,#4128,#4132,.T.);
#4134=ORIENTED_EDGE('',*,*,#4133,.T.);
#4135=CARTESIAN_POINT('',(-0.6,-43.2,19.3));
#4136=VERTEX_POINT('',#4135);
#4137=CARTESIAN_POINT('',(-0.6,-43.2,19.3));
#4138=DIRECTION('',(0.,0.,-1.));
#4139=VECTOR('',#4138,1.8);
#4140=LINE('',#4137,#4139);
#4141=EDGE_CURVE('',#4136,#4128,#4140,.T.);
#4142=ORIENTED_EDGE('',*,*,#4141,.F.);
#4143=CARTESIAN_POINT('',(59.4,-43.2,19.3));
#4144=DIRECTION('',(-1.,0.,0.));
#4145=VECTOR('',#4144,60.);
#4146=LINE('',#4143,#4145);
#4147=EDGE_CURVE('',#4118,#4136,#4146,.T.);
#4148=ORIENTED_EDGE('',*,*,#4147,.F.);
#4149=EDGE_LOOP('',(#4126,#4134,#4142,#4148));
#4150=FACE_BOUND('',#4149,.T.);
#4151=ADVANCED_FACE('',(#4150),#4116,.T.);
#4152=CARTESIAN_POINT('',(-1.,-45.7,2.));
#4153=DIRECTION('',(0.,0.,1.));
#4154=DIRECTION('',(1.,0.,-0.));
#4155=AXIS2_PLACEMENT_3D('',#4152,#4153,#4154);
#4156=CYLINDRICAL_SURFACE('',#4155,2.);
#4157=ORIENTED_EDGE('',*,*,#2179,.F.);
#4158=CARTESIAN_POINT('',(-1.,-45.7,-2.5));
#4159=DIRECTION('',(-0.,-0.,-1.));
#4160=DIRECTION('',(1.,0.,-0.));
#4161=AXIS2_PLACEMENT_3D('',#4158,#4159,#4160);
#4162=CIRCLE('',#4161,2.);
#4163=EDGE_CURVE('',#3891,#2166,#4162,.T.);
#4164=ORIENTED_EDGE('',*,*,#4163,.F.);
#4165=ORIENTED_EDGE('',*,*,#3896,.F.);
#4166=CARTESIAN_POINT('',(-1.,-45.7,22.5));
#4167=DIRECTION('',(0.,0.,1.));
#4168=DIRECTION('',(1.,0.,-0.));
#4169=AXIS2_PLACEMENT_3D('',#4166,#4167,#4168);
#4170=CIRCLE('',#4169,2.);
#4171=EDGE_CURVE('',#2174,#3889,#4170,.T.);
#4172=ORIENTED_EDGE('',*,*,#4171,.F.);
#4173=EDGE_LOOP('',(#4157,#4164,#4165,#4172));
#4174=FACE_BOUND('',#4173,.T.);
#4175=ADVANCED_FACE('',(#4174),#4156,.T.);
#4176=CARTESIAN_POINT('',(11.49500889,-41.4306,12.086154543));
#4177=DIRECTION('',(-0.,1.,0.));
#4178=DIRECTION('',(-1.,-0.,0.));
#4179=AXIS2_PLACEMENT_3D('',#4176,#4177,#4178);
#4180=PLANE('',#4179);
#4181=CARTESIAN_POINT('',(-1.,-41.4306,12.1862));
#4182=DIRECTION('',(-1.,-0.,0.));
#4183=VECTOR('',#4182,2.);
#4184=LINE('',#4181,#4183);
#4185=EDGE_CURVE('',#155,#2150,#4184,.T.);
#4186=ORIENTED_EDGE('',*,*,#4185,.F.);
#4187=ORIENTED_EDGE('',*,*,#160,.T.);
#4188=CARTESIAN_POINT('',(-1.,-41.4306,-2.5));
#4189=DIRECTION('',(-1.,-0.,0.));
#4190=VECTOR('',#4189,2.);
#4191=LINE('',#4188,#4190);
#4192=EDGE_CURVE('',#147,#2158,#4191,.T.);
#4193=ORIENTED_EDGE('',*,*,#4192,.T.);
#4194=ORIENTED_EDGE('',*,*,#2163,.T.);
#4195=EDGE_LOOP('',(#4186,#4187,#4193,#4194));
#4196=FACE_BOUND('',#4195,.T.);
#4197=ADVANCED_FACE('',(#4196),#4180,.T.);
#4198=CARTESIAN_POINT('',(4.24500889,-36.830578542,12.1862));
#4199=DIRECTION('',(0.,0.,1.));
#4200=DIRECTION('',(0.,-1.,0.));
#4201=AXIS2_PLACEMENT_3D('',#4198,#4199,#4200);
#4202=PLANE('',#4201);
#4203=ORIENTED_EDGE('',*,*,#2155,.F.);
#4204=CARTESIAN_POINT('',(-3.,-32.2306,12.1862));
#4205=DIRECTION('',(1.,0.,0.));
#4206=VECTOR('',#4205,2.);
#4207=LINE('',#4204,#4206);
#4208=EDGE_CURVE('',#2142,#163,#4207,.T.);
#4209=ORIENTED_EDGE('',*,*,#4208,.T.);
#4210=ORIENTED_EDGE('',*,*,#168,.F.);
#4211=ORIENTED_EDGE('',*,*,#4185,.T.);
#4212=EDGE_LOOP('',(#4203,#4209,#4210,#4211));
#4213=FACE_BOUND('',#4212,.T.);
#4214=ADVANCED_FACE('',(#4213),#4202,.F.);
#4215=CARTESIAN_POINT('',(11.49500889,-32.2306,12.086154543));
#4216=DIRECTION('',(0.,-1.,0.));
#4217=DIRECTION('',(1.,0.,0.));
#4218=AXIS2_PLACEMENT_3D('',#4215,#4216,#4217);
#4219=PLANE('',#4218);
#4220=CARTESIAN_POINT('',(-1.,-32.2306,1.086154543));
#4221=DIRECTION('',(-1.,-0.,0.));
#4222=VECTOR('',#4221,2.);
#4223=LINE('',#4220,#4222);
#4224=EDGE_CURVE('',#171,#2134,#4223,.T.);
#4225=ORIENTED_EDGE('',*,*,#4224,.F.);
#4226=ORIENTED_EDGE('',*,*,#176,.T.);
#4227=ORIENTED_EDGE('',*,*,#4208,.F.);
#4228=ORIENTED_EDGE('',*,*,#2147,.T.);
#4229=EDGE_LOOP('',(#4225,#4226,#4227,#4228));
#4230=FACE_BOUND('',#4229,.T.);
#4231=ADVANCED_FACE('',(#4230),#4219,.T.);
#4232=CARTESIAN_POINT('',(5.888963551,-25.779078542,4.186156986));
#4233=DIRECTION('',(0.,1.,0.));
#4234=DIRECTION('',(0.,0.,-1.));
#4235=AXIS2_PLACEMENT_3D('',#4232,#4233,#4234);
#4236=PLANE('',#4235);
#4237=CARTESIAN_POINT('',(-2.,-25.779078542,1.086154543));
#4238=DIRECTION('',(1.,0.,-0.));
#4239=VECTOR('',#4238,1.);
#4240=LINE('',#4237,#4239);
#4241=EDGE_CURVE('',#3219,#179,#4240,.T.);
#4242=ORIENTED_EDGE('',*,*,#4241,.F.);
#4243=ORIENTED_EDGE('',*,*,#3340,.F.);
#4244=ORIENTED_EDGE('',*,*,#3427,.T.);
#4245=ORIENTED_EDGE('',*,*,#192,.T.);
#4246=EDGE_LOOP('',(#4242,#4243,#4244,#4245));
#4247=FACE_BOUND('',#4246,.T.);
#4248=ADVANCED_FACE('',(#4247),#4236,.T.);
#4249=CARTESIAN_POINT('',(-2.,-24.679042418,1.986156986));
#4250=DIRECTION('',(-1.,0.,0.));
#4251=DIRECTION('',(0.,0.,1.));
#4252=AXIS2_PLACEMENT_3D('',#4249,#4250,#4251);
#4253=CONICAL_SURFACE('',#4252,3.,45.);
#4254=CARTESIAN_POINT('',(-3.,-28.576476908,1.086154543));
#4255=CARTESIAN_POINT('',(-2.665100145,-28.232763249,1.086154543));
#4256=CARTESIAN_POINT('',(-2.331222367,-27.888075988,1.086154543));
#4257=CARTESIAN_POINT('',(-2.,-27.540859254,1.086154543));
#4258=B_SPLINE_CURVE_WITH_KNOTS('',3,(#4254,#4255,#4256,#4257),.UNSPECIFIED.,.F.,.F.,(4,4),(0.004369761,0.005809348),.UNSPECIFIED.);
#4259=EDGE_CURVE('',#2125,#3217,#4258,.T.);
#4260=ORIENTED_EDGE('',*,*,#4259,.F.);
#4261=ORIENTED_EDGE('',*,*,#2131,.F.);
#4262=CARTESIAN_POINT('',(-2.,-27.679042418,1.986154448));
#4263=DIRECTION('',(-0.707106781,-0.707106781,-0.000000598));
#4264=VECTOR('',#4263,1.414213562);
#4265=LINE('',#4262,#4264);
#4266=EDGE_CURVE('',#3227,#2117,#4265,.T.);
#4267=ORIENTED_EDGE('',*,*,#4266,.F.);
#4268=ORIENTED_EDGE('',*,*,#3233,.F.);
#4269=EDGE_LOOP('',(#4260,#4261,#4267,#4268));
#4270=FACE_BOUND('',#4269,.T.);
#4271=ADVANCED_FACE('',(#4270),#4253,.F.);
#4272=CARTESIAN_POINT('',(-3.,-28.679042418,2.));
#4273=DIRECTION('',(-0.707106781,0.707106781,0.));
#4274=DIRECTION('',(0.,0.,1.));
#4275=AXIS2_PLACEMENT_3D('',#4272,#4273,#4274);
#4276=PLANE('',#4275);
#4277=ORIENTED_EDGE('',*,*,#4266,.T.);
#4278=ORIENTED_EDGE('',*,*,#2122,.F.);
#4279=CARTESIAN_POINT('',(-2.,-27.679042418,3.186153596));
#4280=DIRECTION('',(-0.707106781,-0.707106781,-0.000000799));
#4281=VECTOR('',#4280,1.414213562);
#4282=LINE('',#4279,#4281);
#4283=EDGE_CURVE('',#3236,#2108,#4282,.T.);
#4284=ORIENTED_EDGE('',*,*,#4283,.F.);
#4285=ORIENTED_EDGE('',*,*,#3241,.T.);
#4286=EDGE_LOOP('',(#4277,#4278,#4284,#4285));
#4287=FACE_BOUND('',#4286,.T.);
#4288=ADVANCED_FACE('',(#4287),#4276,.T.);
#4289=CARTESIAN_POINT('',(-2.,-24.679042418,3.186156986));
#4290=DIRECTION('',(-1.,0.,0.));
#4291=DIRECTION('',(0.,0.,1.));
#4292=AXIS2_PLACEMENT_3D('',#4289,#4290,#4291);
#4293=CONICAL_SURFACE('',#4292,3.,45.);
#4294=ORIENTED_EDGE('',*,*,#2114,.F.);
#4295=CARTESIAN_POINT('',(-3.,-24.67904581,7.186156986));
#4296=DIRECTION('',(0.707106781,0.0000006,-0.707106781));
#4297=VECTOR('',#4296,1.414213562);
#4298=LINE('',#4295,#4297);
#4299=EDGE_CURVE('',#2100,#3244,#4298,.T.);
#4300=ORIENTED_EDGE('',*,*,#4299,.T.);
#4301=ORIENTED_EDGE('',*,*,#3250,.F.);
#4302=ORIENTED_EDGE('',*,*,#4283,.T.);
#4303=EDGE_LOOP('',(#4294,#4300,#4301,#4302));
#4304=FACE_BOUND('',#4303,.T.);
#4305=ADVANCED_FACE('',(#4304),#4293,.F.);
#4306=CARTESIAN_POINT('',(-3.,-19.35,7.186156986));
#4307=DIRECTION('',(-0.707106781,0.,-0.707106781));
#4308=DIRECTION('',(0.,1.,0.));
#4309=AXIS2_PLACEMENT_3D('',#4306,#4307,#4308);
#4310=PLANE('',#4309);
#4311=CARTESIAN_POINT('',(-3.,-17.739042418,7.186156986));
#4312=DIRECTION('',(0.707106781,0.,-0.707106781));
#4313=VECTOR('',#4312,1.414213562);
#4314=LINE('',#4311,#4313);
#4315=EDGE_CURVE('',#2091,#3253,#4314,.T.);
#4316=ORIENTED_EDGE('',*,*,#4315,.T.);
#4317=ORIENTED_EDGE('',*,*,#3258,.T.);
#4318=ORIENTED_EDGE('',*,*,#4299,.F.);
#4319=ORIENTED_EDGE('',*,*,#2105,.F.);
#4320=EDGE_LOOP('',(#4316,#4317,#4318,#4319));
#4321=FACE_BOUND('',#4320,.T.);
#4322=ADVANCED_FACE('',(#4321),#4310,.T.);
#4323=CARTESIAN_POINT('',(-2.,-17.739042418,3.186156986));
#4324=DIRECTION('',(-1.,0.,0.));
#4325=DIRECTION('',(0.,0.,1.));
#4326=AXIS2_PLACEMENT_3D('',#4323,#4324,#4325);
#4327=CONICAL_SURFACE('',#4326,3.,45.);
#4328=ORIENTED_EDGE('',*,*,#2097,.F.);
#4329=CARTESIAN_POINT('',(-3.,-13.739042418,3.186156986));
#4330=DIRECTION('',(0.707106781,-0.707106781,0.));
#4331=VECTOR('',#4330,1.414213562);
#4332=LINE('',#4329,#4331);
#4333=EDGE_CURVE('',#2083,#3261,#4332,.T.);
#4334=ORIENTED_EDGE('',*,*,#4333,.T.);
#4335=ORIENTED_EDGE('',*,*,#3267,.F.);
#4336=ORIENTED_EDGE('',*,*,#4315,.F.);
#4337=EDGE_LOOP('',(#4328,#4334,#4335,#4336));
#4338=FACE_BOUND('',#4337,.T.);
#4339=ADVANCED_FACE('',(#4338),#4327,.F.);
#4340=CARTESIAN_POINT('',(-2.,-14.739042418,2.586156986));
#4341=DIRECTION('',(0.707106781,0.707106781,0.));
#4342=DIRECTION('',(0.,0.,-1.));
#4343=AXIS2_PLACEMENT_3D('',#4340,#4341,#4342);
#4344=PLANE('',#4343);
#4345=CARTESIAN_POINT('',(-3.,-13.739042418,1.986156986));
#4346=DIRECTION('',(0.707106781,-0.707106781,0.));
#4347=VECTOR('',#4346,1.414213562);
#4348=LINE('',#4345,#4347);
#4349=EDGE_CURVE('',#2074,#3270,#4348,.T.);
#4350=ORIENTED_EDGE('',*,*,#4349,.T.);
#4351=ORIENTED_EDGE('',*,*,#3275,.F.);
#4352=ORIENTED_EDGE('',*,*,#4333,.F.);
#4353=ORIENTED_EDGE('',*,*,#2088,.F.);
#4354=EDGE_LOOP('',(#4350,#4351,#4352,#4353));
#4355=FACE_BOUND('',#4354,.T.);
#4356=ADVANCED_FACE('',(#4355),#4344,.F.);
#4357=CARTESIAN_POINT('',(-2.,-17.739042418,1.986156986));
#4358=DIRECTION('',(-1.,0.,0.));
#4359=DIRECTION('',(0.,0.,1.));
#4360=AXIS2_PLACEMENT_3D('',#4357,#4358,#4359);
#4361=CONICAL_SURFACE('',#4360,3.,45.);
#4362=ORIENTED_EDGE('',*,*,#2080,.F.);
#4363=CARTESIAN_POINT('',(-2.999999999,-16.639,-1.859607787));
#4364=CARTESIAN_POINT('',(-2.664201627,-16.639,-1.510338799));
#4365=CARTESIAN_POINT('',(-2.329993205,-16.639,-1.159582574));
#4366=CARTESIAN_POINT('',(-2.,-16.639,-0.804883443));
#4367=B_SPLINE_CURVE_WITH_KNOTS('',3,(#4363,#4364,#4365,#4366),.UNSPECIFIED.,.F.,.F.,(4,4),(0.00000101,0.001454402),.UNSPECIFIED.);
#4368=EDGE_CURVE('',#2066,#3278,#4367,.T.);
#4369=ORIENTED_EDGE('',*,*,#4368,.T.);
#4370=ORIENTED_EDGE('',*,*,#3284,.F.);
#4371=ORIENTED_EDGE('',*,*,#4349,.F.);
#4372=EDGE_LOOP('',(#4362,#4369,#4370,#4371));
#4373=FACE_BOUND('',#4372,.T.);
#4374=ADVANCED_FACE('',(#4373),#4361,.F.);
#4375=CARTESIAN_POINT('',(1.,-43.7,21.5));
#4376=DIRECTION('',(0.,0.,-1.));
#4377=DIRECTION('',(-1.,0.,0.));
#4378=AXIS2_PLACEMENT_3D('',#4375,#4376,#4377);
#4379=CYLINDRICAL_SURFACE('',#4378,2.3);
#4380=CARTESIAN_POINT('',(-1.3,-43.7,22.5));
#4381=VERTEX_POINT('',#4380);
#4382=CARTESIAN_POINT('',(1.,-43.7,22.5));
#4383=DIRECTION('',(-0.,-0.,-1.));
#4384=DIRECTION('',(1.,0.,-0.));
#4385=AXIS2_PLACEMENT_3D('',#4382,#4383,#4384);
#4386=CIRCLE('',#4385,2.3);
#4387=EDGE_CURVE('',#4056,#4381,#4386,.T.);
#4388=ORIENTED_EDGE('',*,*,#4387,.F.);
#4389=ORIENTED_EDGE('',*,*,#4076,.F.);
#4390=CARTESIAN_POINT('',(-1.3,-43.7,19.3));
#4391=VERTEX_POINT('',#4390);
#4392=CARTESIAN_POINT('',(1.,-43.7,19.3));
#4393=DIRECTION('',(0.,0.,1.));
#4394=DIRECTION('',(1.,0.,-0.));
#4395=AXIS2_PLACEMENT_3D('',#4392,#4393,#4394);
#4396=CIRCLE('',#4395,2.3);
#4397=EDGE_CURVE('',#4391,#4065,#4396,.T.);
#4398=ORIENTED_EDGE('',*,*,#4397,.F.);
#4399=CARTESIAN_POINT('',(-1.3,-43.7,22.5));
#4400=DIRECTION('',(-0.,-0.,-1.));
#4401=VECTOR('',#4400,3.2);
#4402=LINE('',#4399,#4401);
#4403=EDGE_CURVE('',#4381,#4391,#4402,.T.);
#4404=ORIENTED_EDGE('',*,*,#4403,.F.);
#4405=EDGE_LOOP('',(#4388,#4389,#4398,#4404));
#4406=FACE_BOUND('',#4405,.T.);
#4407=ADVANCED_FACE('',(#4406),#4379,.F.);
#4408=CARTESIAN_POINT('',(5.888963551,-16.639,4.186156986));
#4409=DIRECTION('',(0.,-1.,0.));
#4410=DIRECTION('',(0.,0.,1.));
#4411=AXIS2_PLACEMENT_3D('',#4408,#4409,#4410);
#4412=PLANE('',#4411);
#4413=ORIENTED_EDGE('',*,*,#3292,.F.);
#4414=ORIENTED_EDGE('',*,*,#4368,.F.);
#4415=ORIENTED_EDGE('',*,*,#2071,.T.);
#4416=CARTESIAN_POINT('',(-2.1,-16.639,-3.506454219));
#4417=DIRECTION('',(-1.,-0.,0.));
#4418=VECTOR('',#4417,0.9);
#4419=LINE('',#4416,#4418);
#4420=EDGE_CURVE('',#325,#2057,#4419,.T.);
#4421=ORIENTED_EDGE('',*,*,#4420,.F.);
#4422=ORIENTED_EDGE('',*,*,#330,.T.);
#4423=ORIENTED_EDGE('',*,*,#474,.F.);
#4424=ORIENTED_EDGE('',*,*,#304,.T.);
#4425=CARTESIAN_POINT('',(-0.,-16.639,-1.013843014));
#4426=VERTEX_POINT('',#4425);
#4427=CARTESIAN_POINT('',(-0.,-16.639,-1.013843014));
#4428=DIRECTION('',(-1.,0.,0.));
#4429=VECTOR('',#4428,1.);
#4430=LINE('',#4427,#4429);
#4431=EDGE_CURVE('',#4426,#293,#4430,.T.);
#4432=ORIENTED_EDGE('',*,*,#4431,.F.);
#4433=CARTESIAN_POINT('',(-0.,-16.639,1.086156986));
#4434=VERTEX_POINT('',#4433);
#4435=CARTESIAN_POINT('',(-0.,-16.639,1.086156986));
#4436=DIRECTION('',(0.,0.,-1.));
#4437=VECTOR('',#4436,2.1);
#4438=LINE('',#4435,#4437);
#4439=EDGE_CURVE('',#4434,#4426,#4438,.T.);
#4440=ORIENTED_EDGE('',*,*,#4439,.F.);
#4441=CARTESIAN_POINT('',(-1.,-16.639,1.086154543));
#4442=DIRECTION('',(1.,0.,-0.));
#4443=VECTOR('',#4442,1.);
#4444=LINE('',#4441,#4443);
#4445=EDGE_CURVE('',#237,#4434,#4444,.T.);
#4446=ORIENTED_EDGE('',*,*,#4445,.F.);
#4447=ORIENTED_EDGE('',*,*,#242,.T.);
#4448=ORIENTED_EDGE('',*,*,#3361,.T.);
#4449=EDGE_LOOP('',(#4413,#4414,#4415,#4421,#4422,#4423,#4424,#4432,#4440,#4446,#4447,#4448));
#4450=FACE_BOUND('',#4449,.T.);
#4451=ADVANCED_FACE('',(#4450),#4412,.T.);
#4452=CARTESIAN_POINT('',(-0.5,-15.,5.086154543));
#4453=DIRECTION('',(0.,-1.,0.));
#4454=DIRECTION('',(0.,0.,-1.));
#4455=AXIS2_PLACEMENT_3D('',#4452,#4453,#4454);
#4456=PLANE('',#4455);
#4457=CARTESIAN_POINT('',(0.,-15.,1.086154543));
#4458=VERTEX_POINT('',#4457);
#4459=CARTESIAN_POINT('',(0.,-15.,1.086154543));
#4460=DIRECTION('',(-1.,0.,0.));
#4461=VECTOR('',#4460,1.);
#4462=LINE('',#4459,#4461);
#4463=EDGE_CURVE('',#4458,#245,#4462,.T.);
#4464=ORIENTED_EDGE('',*,*,#4463,.F.);
#4465=CARTESIAN_POINT('',(1.,-15.,1.086154543));
#4466=VERTEX_POINT('',#4465);
#4467=CARTESIAN_POINT('',(1.,-15.,1.086154543));
#4468=DIRECTION('',(-1.,0.,0.));
#4469=VECTOR('',#4468,1.);
#4470=LINE('',#4467,#4469);
#4471=EDGE_CURVE('',#4466,#4458,#4470,.T.);
#4472=ORIENTED_EDGE('',*,*,#4471,.F.);
#4473=CARTESIAN_POINT('',(1.,-15.,5.086154543));
#4474=VERTEX_POINT('',#4473);
#4475=CARTESIAN_POINT('',(1.,-15.,5.086154543));
#4476=DIRECTION('',(0.,0.,-1.));
#4477=VECTOR('',#4476,4.);
#4478=LINE('',#4475,#4477);
#4479=EDGE_CURVE('',#4474,#4466,#4478,.T.);
#4480=ORIENTED_EDGE('',*,*,#4479,.F.);
#4481=CARTESIAN_POINT('',(1.,-15.,5.086154543));
#4482=DIRECTION('',(-1.,0.,0.));
#4483=VECTOR('',#4482,2.);
#4484=LINE('',#4481,#4483);
#4485=EDGE_CURVE('',#4474,#253,#4484,.T.);
#4486=ORIENTED_EDGE('',*,*,#4485,.T.);
#4487=ORIENTED_EDGE('',*,*,#258,.T.);
#4488=EDGE_LOOP('',(#4464,#4472,#4480,#4486,#4487));
#4489=FACE_BOUND('',#4488,.T.);
#4490=ADVANCED_FACE('',(#4489),#4456,.T.);
#4491=CARTESIAN_POINT('',(58.4,-13.93514097,3.186156944));
#4492=DIRECTION('',(0.,-1.,0.));
#4493=DIRECTION('',(1.,0.,0.));
#4494=AXIS2_PLACEMENT_3D('',#4491,#4492,#4493);
#4495=PLANE('',#4494);
#4496=CARTESIAN_POINT('',(58.7,-13.93514097,-1.9138));
#4497=VERTEX_POINT('',#4496);
#4498=CARTESIAN_POINT('',(58.7,-13.93514097,5.786156944));
#4499=VERTEX_POINT('',#4498);
#4500=CARTESIAN_POINT('',(58.7,-13.93514097,-1.9138));
#4501=DIRECTION('',(0.,0.,1.));
#4502=VECTOR('',#4501,7.699956944);
#4503=LINE('',#4500,#4502);
#4504=EDGE_CURVE('',#4497,#4499,#4503,.T.);
#4505=ORIENTED_EDGE('',*,*,#4504,.F.);
#4506=CARTESIAN_POINT('',(58.7,-13.93514097,-1.9138));
#4507=DIRECTION('',(1.,0.,0.));
#4508=VECTOR('',#4507,4.7);
#4509=LINE('',#4506,#4508);
#4510=EDGE_CURVE('',#4497,#1308,#4509,.T.);
#4511=ORIENTED_EDGE('',*,*,#4510,.T.);
#4512=ORIENTED_EDGE('',*,*,#1500,.F.);
#4513=CARTESIAN_POINT('',(58.7,-13.93514097,5.786156944));
#4514=DIRECTION('',(1.,0.,0.));
#4515=VECTOR('',#4514,4.7);
#4516=LINE('',#4513,#4515);
#4517=EDGE_CURVE('',#4499,#1488,#4516,.T.);
#4518=ORIENTED_EDGE('',*,*,#4517,.F.);
#4519=EDGE_LOOP('',(#4505,#4511,#4512,#4518));
#4520=FACE_BOUND('',#4519,.T.);
#4521=ADVANCED_FACE('',(#4520),#4495,.T.);
#4522=CARTESIAN_POINT('',(51.177133473,-12.9351,1.086156944));
#4523=DIRECTION('',(0.,-1.,0.));
#4524=DIRECTION('',(0.,0.,1.));
#4525=AXIS2_PLACEMENT_3D('',#4522,#4523,#4524);
#4526=PLANE('',#4525);
#4527=CARTESIAN_POINT('',(64.4,-12.9351,6.2862));
#4528=VERTEX_POINT('',#4527);
#4529=CARTESIAN_POINT('',(64.4,-12.9351,1.4862));
#4530=VERTEX_POINT('',#4529);
#4531=CARTESIAN_POINT('',(64.4,-12.9351,6.2862));
#4532=DIRECTION('',(0.,0.,-1.));
#4533=VECTOR('',#4532,4.8);
#4534=LINE('',#4531,#4533);
#4535=EDGE_CURVE('',#4528,#4530,#4534,.T.);
#4536=ORIENTED_EDGE('',*,*,#4535,.T.);
#4537=CARTESIAN_POINT('',(60.177133473,-12.9351,1.4862));
#4538=VERTEX_POINT('',#4537);
#4539=CARTESIAN_POINT('',(64.4,-12.9351,1.4862));
#4540=DIRECTION('',(-1.,0.,0.));
#4541=VECTOR('',#4540,4.222866527);
#4542=LINE('',#4539,#4541);
#4543=EDGE_CURVE('',#4530,#4538,#4542,.T.);
#4544=ORIENTED_EDGE('',*,*,#4543,.T.);
#4545=CARTESIAN_POINT('',(60.177133473,-12.9351,6.2862));
#4546=VERTEX_POINT('',#4545);
#4547=CARTESIAN_POINT('',(60.177133473,-12.9351,1.4862));
#4548=DIRECTION('',(0.,0.,1.));
#4549=VECTOR('',#4548,4.8);
#4550=LINE('',#4547,#4549);
#4551=EDGE_CURVE('',#4538,#4546,#4550,.T.);
#4552=ORIENTED_EDGE('',*,*,#4551,.T.);
#4553=CARTESIAN_POINT('',(60.177133473,-12.9351,6.2862));
#4554=DIRECTION('',(1.,0.,-0.));
#4555=VECTOR('',#4554,4.222866527);
#4556=LINE('',#4553,#4555);
#4557=EDGE_CURVE('',#4546,#4528,#4556,.T.);
#4558=ORIENTED_EDGE('',*,*,#4557,.T.);
#4559=EDGE_LOOP('',(#4536,#4544,#4552,#4558));
#4560=FACE_BOUND('',#4559,.T.);
#4561=ADVANCED_FACE('',(#4560),#4526,.F.);
#4562=CARTESIAN_POINT('',(65.4,-13.9351,2.));
#4563=DIRECTION('',(-0.707106781,-0.707106781,0.));
#4564=DIRECTION('',(0.,0.,1.));
#4565=AXIS2_PLACEMENT_3D('',#4562,#4563,#4564);
#4566=PLANE('',#4565);
#4567=CARTESIAN_POINT('',(64.40004097,-12.93514097,1.4862));
#4568=VERTEX_POINT('',#4567);
#4569=CARTESIAN_POINT('',(64.40004097,-12.93514097,0.08615903));
#4570=VERTEX_POINT('',#4569);
#4571=CARTESIAN_POINT('',(64.40004097,-12.93514097,1.4862));
#4572=DIRECTION('',(-0.,-0.,-1.));
#4573=VECTOR('',#4572,1.40004097);
#4574=LINE('',#4571,#4573);
#4575=EDGE_CURVE('',#4568,#4570,#4574,.T.);
#4576=ORIENTED_EDGE('',*,*,#4575,.F.);
#4577=CARTESIAN_POINT('',(64.4,-12.9351,1.4862));
#4578=DIRECTION('',(0.707106781,-0.707106781,-0.));
#4579=VECTOR('',#4578,0.000057941);
#4580=LINE('',#4577,#4579);
#4581=EDGE_CURVE('',#4530,#4568,#4580,.T.);
#4582=ORIENTED_EDGE('',*,*,#4581,.F.);
#4583=ORIENTED_EDGE('',*,*,#4535,.F.);
#4584=CARTESIAN_POINT('',(65.4,-13.9351,6.2862));
#4585=VERTEX_POINT('',#4584);
#4586=CARTESIAN_POINT('',(65.4,-13.9351,6.2862));
#4587=DIRECTION('',(-0.707106781,0.707106781,0.));
#4588=VECTOR('',#4587,1.414213562);
#4589=LINE('',#4586,#4588);
#4590=EDGE_CURVE('',#4585,#4528,#4589,.T.);
#4591=ORIENTED_EDGE('',*,*,#4590,.F.);
#4592=CARTESIAN_POINT('',(65.4,-13.9351,-0.9138));
#4593=VERTEX_POINT('',#4592);
#4594=CARTESIAN_POINT('',(65.4,-13.9351,-0.9138));
#4595=DIRECTION('',(0.,0.,1.));
#4596=VECTOR('',#4595,7.2);
#4597=LINE('',#4594,#4596);
#4598=EDGE_CURVE('',#4593,#4585,#4597,.T.);
#4599=ORIENTED_EDGE('',*,*,#4598,.F.);
#4600=CARTESIAN_POINT('',(65.4,-13.9351,-0.9138));
#4601=DIRECTION('',(-0.577350269,0.577350269,0.577350269));
#4602=VECTOR('',#4601,1.731979845);
#4603=LINE('',#4600,#4602);
#4604=EDGE_CURVE('',#4593,#4570,#4603,.T.);
#4605=ORIENTED_EDGE('',*,*,#4604,.T.);
#4606=EDGE_LOOP('',(#4576,#4582,#4583,#4591,#4599,#4605));
#4607=FACE_BOUND('',#4606,.T.);
#4608=ADVANCED_FACE('',(#4607),#4566,.F.);
#4609=CARTESIAN_POINT('',(58.4,-11.63514097,5.786156944));
#4610=DIRECTION('',(1.,0.,0.));
#4611=DIRECTION('',(-0.,1.,0.));
#4612=AXIS2_PLACEMENT_3D('',#4609,#4610,#4611);
#4613=CYLINDRICAL_SURFACE('',#4612,2.3);
#4614=ORIENTED_EDGE('',*,*,#1494,.T.);
#4615=CARTESIAN_POINT('',(58.7,-11.63514097,8.086156944));
#4616=VERTEX_POINT('',#4615);
#4617=CARTESIAN_POINT('',(58.7,-11.63514097,8.086156944));
#4618=DIRECTION('',(1.,0.,0.));
#4619=VECTOR('',#4618,4.7);
#4620=LINE('',#4617,#4619);
#4621=EDGE_CURVE('',#4616,#1480,#4620,.T.);
#4622=ORIENTED_EDGE('',*,*,#4621,.F.);
#4623=CARTESIAN_POINT('',(58.7,-11.63514097,5.786156944));
#4624=DIRECTION('',(-1.,-0.,-0.));
#4625=DIRECTION('',(0.,0.,-1.));
#4626=AXIS2_PLACEMENT_3D('',#4623,#4624,#4625);
#4627=CIRCLE('',#4626,2.3);
#4628=EDGE_CURVE('',#4499,#4616,#4627,.T.);
#4629=ORIENTED_EDGE('',*,*,#4628,.F.);
#4630=ORIENTED_EDGE('',*,*,#4517,.T.);
#4631=EDGE_LOOP('',(#4614,#4622,#4629,#4630));
#4632=FACE_BOUND('',#4631,.T.);
#4633=ADVANCED_FACE('',(#4632),#4613,.T.);
#4634=CARTESIAN_POINT('',(58.7,-11.93514097,1.086156944));
#4635=DIRECTION('',(1.,0.,0.));
#4636=DIRECTION('',(0.,0.,-1.));
#4637=AXIS2_PLACEMENT_3D('',#4634,#4635,#4636);
#4638=PLANE('',#4637);
#4639=CARTESIAN_POINT('',(58.7,-12.93514097,1.4862));
#4640=VERTEX_POINT('',#4639);
#4641=CARTESIAN_POINT('',(58.7,-12.93514097,-1.9138));
#4642=VERTEX_POINT('',#4641);
#4643=CARTESIAN_POINT('',(58.7,-12.93514097,1.4862));
#4644=DIRECTION('',(0.,0.,-1.));
#4645=VECTOR('',#4644,3.4);
#4646=LINE('',#4643,#4645);
#4647=EDGE_CURVE('',#4640,#4642,#4646,.T.);
#4648=ORIENTED_EDGE('',*,*,#4647,.T.);
#4649=CARTESIAN_POINT('',(58.7,-13.93514097,-1.9138));
#4650=DIRECTION('',(0.,1.,0.));
#4651=VECTOR('',#4650,1.);
#4652=LINE('',#4649,#4651);
#4653=EDGE_CURVE('',#4497,#4642,#4652,.T.);
#4654=ORIENTED_EDGE('',*,*,#4653,.F.);
#4655=ORIENTED_EDGE('',*,*,#4504,.T.);
#4656=ORIENTED_EDGE('',*,*,#4628,.T.);
#4657=CARTESIAN_POINT('',(58.7,-2.33514097,8.086156944));
#4658=VERTEX_POINT('',#4657);
#4659=CARTESIAN_POINT('',(58.7,-11.63514097,8.086156944));
#4660=DIRECTION('',(0.,1.,0.));
#4661=VECTOR('',#4660,9.3);
#4662=LINE('',#4659,#4661);
#4663=EDGE_CURVE('',#4616,#4658,#4662,.T.);
#4664=ORIENTED_EDGE('',*,*,#4663,.T.);
#4665=CARTESIAN_POINT('',(58.7,-0.03514097,5.786156944));
#4666=VERTEX_POINT('',#4665);
#4667=CARTESIAN_POINT('',(58.7,-2.33514097,5.786156944));
#4668=DIRECTION('',(-1.,-0.,-0.));
#4669=DIRECTION('',(0.,0.,-1.));
#4670=AXIS2_PLACEMENT_3D('',#4667,#4668,#4669);
#4671=CIRCLE('',#4670,2.3);
#4672=EDGE_CURVE('',#4658,#4666,#4671,.T.);
#4673=ORIENTED_EDGE('',*,*,#4672,.T.);
#4674=CARTESIAN_POINT('',(58.7,-0.03514097,-1.9138));
#4675=VERTEX_POINT('',#4674);
#4676=CARTESIAN_POINT('',(58.7,-0.03514097,5.786156944));
#4677=DIRECTION('',(0.,0.,-1.));
#4678=VECTOR('',#4677,7.699956944);
#4679=LINE('',#4676,#4678);
#4680=EDGE_CURVE('',#4666,#4675,#4679,.T.);
#4681=ORIENTED_EDGE('',*,*,#4680,.T.);
#4682=CARTESIAN_POINT('',(58.7,-1.0351,-1.9138));
#4683=VERTEX_POINT('',#4682);
#4684=CARTESIAN_POINT('',(58.7,-1.0351,-1.9138));
#4685=DIRECTION('',(0.,1.,0.));
#4686=VECTOR('',#4685,0.99995903);
#4687=LINE('',#4684,#4686);
#4688=EDGE_CURVE('',#4683,#4675,#4687,.T.);
#4689=ORIENTED_EDGE('',*,*,#4688,.F.);
#4690=CARTESIAN_POINT('',(58.7,-1.0351,0.0862));
#4691=VERTEX_POINT('',#4690);
#4692=CARTESIAN_POINT('',(58.7,-1.0351,-1.9138));
#4693=DIRECTION('',(0.,0.,1.));
#4694=VECTOR('',#4693,2.);
#4695=LINE('',#4692,#4694);
#4696=EDGE_CURVE('',#4683,#4691,#4695,.T.);
#4697=ORIENTED_EDGE('',*,*,#4696,.T.);
#4698=CARTESIAN_POINT('',(58.7,-1.03514097,0.0862));
#4699=VERTEX_POINT('',#4698);
#4700=CARTESIAN_POINT('',(58.7,-1.0351,0.0862));
#4701=DIRECTION('',(0.,-1.,0.));
#4702=VECTOR('',#4701,0.00004097);
#4703=LINE('',#4700,#4702);
#4704=EDGE_CURVE('',#4691,#4699,#4703,.T.);
#4705=ORIENTED_EDGE('',*,*,#4704,.T.);
#4706=CARTESIAN_POINT('',(58.7,-1.03514097,1.4862));
#4707=VERTEX_POINT('',#4706);
#4708=CARTESIAN_POINT('',(58.7,-1.03514097,0.0862));
#4709=DIRECTION('',(0.,0.,1.));
#4710=VECTOR('',#4709,1.4);
#4711=LINE('',#4708,#4710);
#4712=EDGE_CURVE('',#4699,#4707,#4711,.T.);
#4713=ORIENTED_EDGE('',*,*,#4712,.T.);
#4714=CARTESIAN_POINT('',(58.7,-1.93514097,1.4862));
#4715=VERTEX_POINT('',#4714);
#4716=CARTESIAN_POINT('',(58.7,-1.03514097,1.4862));
#4717=DIRECTION('',(0.,-1.,0.));
#4718=VECTOR('',#4717,0.9);
#4719=LINE('',#4716,#4718);
#4720=EDGE_CURVE('',#4707,#4715,#4719,.T.);
#4721=ORIENTED_EDGE('',*,*,#4720,.T.);
#4722=CARTESIAN_POINT('',(58.7,-1.93514097,5.386156944));
#4723=VERTEX_POINT('',#4722);
#4724=CARTESIAN_POINT('',(58.7,-1.93514097,1.4862));
#4725=DIRECTION('',(0.,0.,1.));
#4726=VECTOR('',#4725,3.899956944);
#4727=LINE('',#4724,#4726);
#4728=EDGE_CURVE('',#4715,#4723,#4727,.T.);
#4729=ORIENTED_EDGE('',*,*,#4728,.T.);
#4730=CARTESIAN_POINT('',(58.7,-2.73514097,6.186156944));
#4731=VERTEX_POINT('',#4730);
#4732=CARTESIAN_POINT('',(58.7,-2.73514097,5.386156944));
#4733=DIRECTION('',(-1.,-0.,-0.));
#4734=DIRECTION('',(0.,0.,-1.));
#4735=AXIS2_PLACEMENT_3D('',#4732,#4733,#4734);
#4736=CIRCLE('',#4735,0.8);
#4737=EDGE_CURVE('',#4731,#4723,#4736,.T.);
#4738=ORIENTED_EDGE('',*,*,#4737,.F.);
#4739=CARTESIAN_POINT('',(58.7,-11.23514097,6.186156944));
#4740=VERTEX_POINT('',#4739);
#4741=CARTESIAN_POINT('',(58.7,-2.73514097,6.186156944));
#4742=DIRECTION('',(0.,-1.,0.));
#4743=VECTOR('',#4742,8.5);
#4744=LINE('',#4741,#4743);
#4745=EDGE_CURVE('',#4731,#4740,#4744,.T.);
#4746=ORIENTED_EDGE('',*,*,#4745,.T.);
#4747=CARTESIAN_POINT('',(58.7,-12.03514097,5.386156944));
#4748=VERTEX_POINT('',#4747);
#4749=CARTESIAN_POINT('',(58.7,-11.23514097,5.386156944));
#4750=DIRECTION('',(-1.,-0.,-0.));
#4751=DIRECTION('',(0.,0.,-1.));
#4752=AXIS2_PLACEMENT_3D('',#4749,#4750,#4751);
#4753=CIRCLE('',#4752,0.8);
#4754=EDGE_CURVE('',#4748,#4740,#4753,.T.);
#4755=ORIENTED_EDGE('',*,*,#4754,.F.);
#4756=CARTESIAN_POINT('',(58.7,-12.03514097,1.4862));
#4757=VERTEX_POINT('',#4756);
#4758=CARTESIAN_POINT('',(58.7,-12.03514097,5.386156944));
#4759=DIRECTION('',(0.,0.,-1.));
#4760=VECTOR('',#4759,3.899956944);
#4761=LINE('',#4758,#4760);
#4762=EDGE_CURVE('',#4748,#4757,#4761,.T.);
#4763=ORIENTED_EDGE('',*,*,#4762,.T.);
#4764=CARTESIAN_POINT('',(58.7,-12.03514097,1.4862));
#4765=DIRECTION('',(0.,-1.,0.));
#4766=VECTOR('',#4765,0.9);
#4767=LINE('',#4764,#4766);
#4768=EDGE_CURVE('',#4757,#4640,#4767,.T.);
#4769=ORIENTED_EDGE('',*,*,#4768,.T.);
#4770=EDGE_LOOP('',(#4648,#4654,#4655,#4656,#4664,#4673,#4681,#4689,#4697,#4705,#4713,#4721,#4729,#4738,#4746,#4755,#4763,#4769));
#4771=FACE_BOUND('',#4770,.T.);
#4772=ADVANCED_FACE('',(#4771),#4638,.F.);
#4773=CARTESIAN_POINT('',(-0.6,0.,0.));
#4774=DIRECTION('',(1.,0.,0.));
#4775=DIRECTION('',(0.,1.,0.));
#4776=AXIS2_PLACEMENT_3D('',#4773,#4774,#4775);
#4777=PLANE('',#4776);
#4778=ORIENTED_EDGE('',*,*,#1526,.T.);
#4779=CARTESIAN_POINT('',(-0.6,-8.5,17.5));
#4780=VERTEX_POINT('',#4779);
#4781=CARTESIAN_POINT('',(-0.6,-8.5,16.5));
#4782=DIRECTION('',(0.,0.,1.));
#4783=VECTOR('',#4782,1.);
#4784=LINE('',#4781,#4783);
#4785=EDGE_CURVE('',#1511,#4780,#4784,.T.);
#4786=ORIENTED_EDGE('',*,*,#4785,.T.);
#4787=CARTESIAN_POINT('',(-0.6,0.5,17.5));
#4788=VERTEX_POINT('',#4787);
#4789=CARTESIAN_POINT('',(-0.6,-8.5,17.5));
#4790=DIRECTION('',(0.,1.,-0.));
#4791=VECTOR('',#4790,9.);
#4792=LINE('',#4789,#4791);
#4793=EDGE_CURVE('',#4780,#4788,#4792,.T.);
#4794=ORIENTED_EDGE('',*,*,#4793,.T.);
#4795=CARTESIAN_POINT('',(-0.6,0.5,19.3));
#4796=VERTEX_POINT('',#4795);
#4797=CARTESIAN_POINT('',(-0.6,0.5,19.3));
#4798=DIRECTION('',(0.,0.,-1.));
#4799=VECTOR('',#4798,1.8);
#4800=LINE('',#4797,#4799);
#4801=EDGE_CURVE('',#4796,#4788,#4800,.T.);
#4802=ORIENTED_EDGE('',*,*,#4801,.F.);
#4803=CARTESIAN_POINT('',(-0.6,-43.2,19.3));
#4804=DIRECTION('',(0.,1.,0.));
#4805=VECTOR('',#4804,43.7);
#4806=LINE('',#4803,#4805);
#4807=EDGE_CURVE('',#4136,#4796,#4806,.T.);
#4808=ORIENTED_EDGE('',*,*,#4807,.F.);
#4809=ORIENTED_EDGE('',*,*,#4141,.T.);
#4810=CARTESIAN_POINT('',(-0.6,-41.2,17.5));
#4811=DIRECTION('',(0.,-1.,0.));
#4812=VECTOR('',#4811,2.);
#4813=LINE('',#4810,#4812);
#4814=EDGE_CURVE('',#4096,#4128,#4813,.T.);
#4815=ORIENTED_EDGE('',*,*,#4814,.F.);
#4816=ORIENTED_EDGE('',*,*,#4101,.T.);
#4817=EDGE_LOOP('',(#4778,#4786,#4794,#4802,#4808,#4809,#4815,#4816));
#4818=FACE_BOUND('',#4817,.T.);
#4819=ADVANCED_FACE('',(#4818),#4777,.T.);
#4820=CARTESIAN_POINT('',(-1.3,-21.35,21.5));
#4821=DIRECTION('',(1.,0.,0.));
#4822=DIRECTION('',(0.,0.,-1.));
#4823=AXIS2_PLACEMENT_3D('',#4820,#4821,#4822);
#4824=PLANE('',#4823);
#4825=CARTESIAN_POINT('',(-1.3,1.,19.3));
#4826=VERTEX_POINT('',#4825);
#4827=CARTESIAN_POINT('',(-1.3,1.,19.3));
#4828=DIRECTION('',(0.,-1.,0.));
#4829=VECTOR('',#4828,44.7);
#4830=LINE('',#4827,#4829);
#4831=EDGE_CURVE('',#4826,#4391,#4830,.T.);
#4832=ORIENTED_EDGE('',*,*,#4831,.F.);
#4833=CARTESIAN_POINT('',(-1.3,1.,22.5));
#4834=VERTEX_POINT('',#4833);
#4835=CARTESIAN_POINT('',(-1.3,1.,19.3));
#4836=DIRECTION('',(0.,0.,1.));
#4837=VECTOR('',#4836,3.2);
#4838=LINE('',#4835,#4837);
#4839=EDGE_CURVE('',#4826,#4834,#4838,.T.);
#4840=ORIENTED_EDGE('',*,*,#4839,.T.);
#4841=CARTESIAN_POINT('',(-1.3,1.,22.5));
#4842=DIRECTION('',(0.,-1.,0.));
#4843=VECTOR('',#4842,44.7);
#4844=LINE('',#4841,#4843);
#4845=EDGE_CURVE('',#4834,#4381,#4844,.T.);
#4846=ORIENTED_EDGE('',*,*,#4845,.T.);
#4847=ORIENTED_EDGE('',*,*,#4403,.T.);
#4848=EDGE_LOOP('',(#4832,#4840,#4846,#4847));
#4849=FACE_BOUND('',#4848,.T.);
#4850=ADVANCED_FACE('',(#4849),#4824,.T.);
#4851=CARTESIAN_POINT('',(0.,0.,19.3));
#4852=DIRECTION('',(0.,0.,1.));
#4853=DIRECTION('',(-1.,0.,0.));
#4854=AXIS2_PLACEMENT_3D('',#4851,#4852,#4853);
#4855=PLANE('',#4854);
#4856=ORIENTED_EDGE('',*,*,#4807,.T.);
#4857=CARTESIAN_POINT('',(59.4,0.5,19.3));
#4858=VERTEX_POINT('',#4857);
#4859=CARTESIAN_POINT('',(59.4,0.5,19.3));
#4860=DIRECTION('',(-1.,-0.,0.));
#4861=VECTOR('',#4860,60.);
#4862=LINE('',#4859,#4861);
#4863=EDGE_CURVE('',#4858,#4796,#4862,.T.);
#4864=ORIENTED_EDGE('',*,*,#4863,.F.);
#4865=CARTESIAN_POINT('',(59.4,0.5,19.3));
#4866=DIRECTION('',(0.,-1.,0.));
#4867=VECTOR('',#4866,43.7);
#4868=LINE('',#4865,#4867);
#4869=EDGE_CURVE('',#4858,#4118,#4868,.T.);
#4870=ORIENTED_EDGE('',*,*,#4869,.T.);
#4871=ORIENTED_EDGE('',*,*,#4147,.T.);
#4872=EDGE_LOOP('',(#4856,#4864,#4870,#4871));
#4873=FACE_BOUND('',#4872,.T.);
#4874=CARTESIAN_POINT('',(1.,3.3,19.3));
#4875=VERTEX_POINT('',#4874);
#4876=CARTESIAN_POINT('',(1.,1.,19.3));
#4877=DIRECTION('',(0.,0.,1.));
#4878=DIRECTION('',(1.,0.,-0.));
#4879=AXIS2_PLACEMENT_3D('',#4876,#4877,#4878);
#4880=CIRCLE('',#4879,2.3);
#4881=EDGE_CURVE('',#4875,#4826,#4880,.T.);
#4882=ORIENTED_EDGE('',*,*,#4881,.T.);
#4883=ORIENTED_EDGE('',*,*,#4831,.T.);
#4884=ORIENTED_EDGE('',*,*,#4397,.T.);
#4885=ORIENTED_EDGE('',*,*,#4070,.T.);
#4886=ORIENTED_EDGE('',*,*,#4022,.T.);
#4887=CARTESIAN_POINT('',(63.7,1.,19.3));
#4888=VERTEX_POINT('',#4887);
#4889=CARTESIAN_POINT('',(63.7,-43.7,19.3));
#4890=DIRECTION('',(0.,1.,0.));
#4891=VECTOR('',#4890,44.7);
#4892=LINE('',#4889,#4891);
#4893=EDGE_CURVE('',#4016,#4888,#4892,.T.);
#4894=ORIENTED_EDGE('',*,*,#4893,.T.);
#4895=CARTESIAN_POINT('',(61.4,3.3,19.3));
#4896=VERTEX_POINT('',#4895);
#4897=CARTESIAN_POINT('',(61.4,1.,19.3));
#4898=DIRECTION('',(0.,0.,1.));
#4899=DIRECTION('',(1.,0.,-0.));
#4900=AXIS2_PLACEMENT_3D('',#4897,#4898,#4899);
#4901=CIRCLE('',#4900,2.3);
#4902=EDGE_CURVE('',#4888,#4896,#4901,.T.);
#4903=ORIENTED_EDGE('',*,*,#4902,.T.);
#4904=CARTESIAN_POINT('',(61.4,3.3,19.3));
#4905=DIRECTION('',(-1.,-0.,0.));
#4906=VECTOR('',#4905,60.4);
#4907=LINE('',#4904,#4906);
#4908=EDGE_CURVE('',#4896,#4875,#4907,.T.);
#4909=ORIENTED_EDGE('',*,*,#4908,.T.);
#4910=EDGE_LOOP('',(#4882,#4883,#4884,#4885,#4886,#4894,#4903,#4909));
#4911=FACE_BOUND('',#4910,.T.);
#4912=ADVANCED_FACE('',(#4873,#4911),#4855,.T.);
#4913=CARTESIAN_POINT('',(59.4,0.,0.));
#4914=DIRECTION('',(-1.,-0.,0.));
#4915=DIRECTION('',(0.,-1.,0.));
#4916=AXIS2_PLACEMENT_3D('',#4913,#4914,#4915);
#4917=PLANE('',#4916);
#4918=ORIENTED_EDGE('',*,*,#4869,.F.);
#4919=CARTESIAN_POINT('',(59.4,0.5,17.5));
#4920=VERTEX_POINT('',#4919);
#4921=CARTESIAN_POINT('',(59.4,0.5,19.3));
#4922=DIRECTION('',(0.,0.,-1.));
#4923=VECTOR('',#4922,1.8);
#4924=LINE('',#4921,#4923);
#4925=EDGE_CURVE('',#4858,#4920,#4924,.T.);
#4926=ORIENTED_EDGE('',*,*,#4925,.T.);
#4927=CARTESIAN_POINT('',(59.4,-43.2,17.5));
#4928=DIRECTION('',(-0.,1.,0.));
#4929=VECTOR('',#4928,43.7);
#4930=LINE('',#4927,#4929);
#4931=EDGE_CURVE('',#4120,#4920,#4930,.T.);
#4932=ORIENTED_EDGE('',*,*,#4931,.F.);
#4933=ORIENTED_EDGE('',*,*,#4125,.F.);
#4934=EDGE_LOOP('',(#4918,#4926,#4932,#4933));
#4935=FACE_BOUND('',#4934,.T.);
#4936=ADVANCED_FACE('',(#4935),#4917,.T.);
#4937=CARTESIAN_POINT('',(29.4,-8.5,17.5));
#4938=DIRECTION('',(0.,0.,1.));
#4939=DIRECTION('',(1.,0.,-0.));
#4940=AXIS2_PLACEMENT_3D('',#4937,#4938,#4939);
#4941=PLANE('',#4940);
#4942=ORIENTED_EDGE('',*,*,#4931,.T.);
#4943=CARTESIAN_POINT('',(41.7,0.5,17.5));
#4944=VERTEX_POINT('',#4943);
#4945=CARTESIAN_POINT('',(41.7,0.5,17.5));
#4946=DIRECTION('',(1.,0.,-0.));
#4947=VECTOR('',#4946,17.7);
#4948=LINE('',#4945,#4947);
#4949=EDGE_CURVE('',#4944,#4920,#4948,.T.);
#4950=ORIENTED_EDGE('',*,*,#4949,.F.);
#4951=CARTESIAN_POINT('',(41.7,-0.5,17.5));
#4952=VERTEX_POINT('',#4951);
#4953=CARTESIAN_POINT('',(41.7,0.5,17.5));
#4954=DIRECTION('',(0.,-1.,-0.));
#4955=VECTOR('',#4954,1.);
#4956=LINE('',#4953,#4955);
#4957=EDGE_CURVE('',#4944,#4952,#4956,.T.);
#4958=ORIENTED_EDGE('',*,*,#4957,.T.);
#4959=CARTESIAN_POINT('',(20.7,-0.5,17.5));
#4960=VERTEX_POINT('',#4959);
#4961=CARTESIAN_POINT('',(20.7,-0.5,17.5));
#4962=DIRECTION('',(1.,0.,-0.));
#4963=VECTOR('',#4962,21.);
#4964=LINE('',#4961,#4963);
#4965=EDGE_CURVE('',#4960,#4952,#4964,.T.);
#4966=ORIENTED_EDGE('',*,*,#4965,.F.);
#4967=CARTESIAN_POINT('',(20.7,0.5,17.5));
#4968=VERTEX_POINT('',#4967);
#4969=CARTESIAN_POINT('',(20.7,0.5,17.5));
#4970=DIRECTION('',(0.,-1.,0.));
#4971=VECTOR('',#4970,1.);
#4972=LINE('',#4969,#4971);
#4973=EDGE_CURVE('',#4968,#4960,#4972,.T.);
#4974=ORIENTED_EDGE('',*,*,#4973,.F.);
#4975=CARTESIAN_POINT('',(-0.6,0.5,17.5));
#4976=DIRECTION('',(1.,0.,-0.));
#4977=VECTOR('',#4976,21.3);
#4978=LINE('',#4975,#4977);
#4979=EDGE_CURVE('',#4788,#4968,#4978,.T.);
#4980=ORIENTED_EDGE('',*,*,#4979,.F.);
#4981=ORIENTED_EDGE('',*,*,#4793,.F.);
#4982=CARTESIAN_POINT('',(50.4,-8.5,17.5));
#4983=VERTEX_POINT('',#4982);
#4984=CARTESIAN_POINT('',(-0.6,-8.5,17.5));
#4985=DIRECTION('',(1.,0.,-0.));
#4986=VECTOR('',#4985,51.);
#4987=LINE('',#4984,#4986);
#4988=EDGE_CURVE('',#4780,#4983,#4987,.T.);
#4989=ORIENTED_EDGE('',*,*,#4988,.T.);
#4990=CARTESIAN_POINT('',(50.4,-8.5,17.5));
#4991=DIRECTION('',(0.,-1.,-0.));
#4992=VECTOR('',#4991,32.7);
#4993=LINE('',#4990,#4992);
#4994=EDGE_CURVE('',#4983,#4087,#4993,.T.);
#4995=ORIENTED_EDGE('',*,*,#4994,.T.);
#4996=ORIENTED_EDGE('',*,*,#4107,.T.);
#4997=ORIENTED_EDGE('',*,*,#4814,.T.);
#4998=ORIENTED_EDGE('',*,*,#4133,.F.);
#4999=EDGE_LOOP('',(#4942,#4950,#4958,#4966,#4974,#4980,#4981,#4989,#4995,#4996,#4997,#4998));
#5000=FACE_BOUND('',#4999,.T.);
#5001=ADVANCED_FACE('',(#5000),#4941,.T.);
#5002=CARTESIAN_POINT('',(50.4,0.,0.));
#5003=DIRECTION('',(-1.,-0.,0.));
#5004=DIRECTION('',(0.,-1.,0.));
#5005=AXIS2_PLACEMENT_3D('',#5002,#5003,#5004);
#5006=PLANE('',#5005);
#5007=ORIENTED_EDGE('',*,*,#4994,.F.);
#5008=CARTESIAN_POINT('',(50.4,-8.5,17.5));
#5009=DIRECTION('',(0.,0.,-1.));
#5010=VECTOR('',#5009,1.);
#5011=LINE('',#5008,#5010);
#5012=EDGE_CURVE('',#4983,#1513,#5011,.T.);
#5013=ORIENTED_EDGE('',*,*,#5012,.T.);
#5014=ORIENTED_EDGE('',*,*,#1540,.T.);
#5015=ORIENTED_EDGE('',*,*,#4092,.T.);
#5016=EDGE_LOOP('',(#5007,#5013,#5014,#5015));
#5017=FACE_BOUND('',#5016,.T.);
#5018=ADVANCED_FACE('',(#5017),#5006,.T.);
#5019=CARTESIAN_POINT('',(0.,0.,22.5));
#5020=DIRECTION('',(0.,0.,1.));
#5021=DIRECTION('',(1.,0.,0.));
#5022=AXIS2_PLACEMENT_3D('',#5019,#5020,#5021);
#5023=PLANE('',#5022);
#5024=ORIENTED_EDGE('',*,*,#4845,.F.);
#5025=CARTESIAN_POINT('',(1.,3.3,22.5));
#5026=VERTEX_POINT('',#5025);
#5027=CARTESIAN_POINT('',(1.,1.,22.5));
#5028=DIRECTION('',(-0.,-0.,-1.));
#5029=DIRECTION('',(1.,0.,-0.));
#5030=AXIS2_PLACEMENT_3D('',#5027,#5028,#5029);
#5031=CIRCLE('',#5030,2.3);
#5032=EDGE_CURVE('',#4834,#5026,#5031,.T.);
#5033=ORIENTED_EDGE('',*,*,#5032,.T.);
#5034=CARTESIAN_POINT('',(61.4,3.3,22.5));
#5035=VERTEX_POINT('',#5034);
#5036=CARTESIAN_POINT('',(61.4,3.3,22.5));
#5037=DIRECTION('',(-1.,-0.,0.));
#5038=VECTOR('',#5037,60.4);
#5039=LINE('',#5036,#5038);
#5040=EDGE_CURVE('',#5035,#5026,#5039,.T.);
#5041=ORIENTED_EDGE('',*,*,#5040,.F.);
#5042=CARTESIAN_POINT('',(63.7,1.,22.5));
#5043=VERTEX_POINT('',#5042);
#5044=CARTESIAN_POINT('',(61.4,1.,22.5));
#5045=DIRECTION('',(-0.,-0.,-1.));
#5046=DIRECTION('',(1.,0.,-0.));
#5047=AXIS2_PLACEMENT_3D('',#5044,#5045,#5046);
#5048=CIRCLE('',#5047,2.3);
#5049=EDGE_CURVE('',#5035,#5043,#5048,.T.);
#5050=ORIENTED_EDGE('',*,*,#5049,.T.);
#5051=CARTESIAN_POINT('',(63.7,-43.7,22.5));
#5052=DIRECTION('',(0.,1.,0.));
#5053=VECTOR('',#5052,44.7);
#5054=LINE('',#5051,#5053);
#5055=EDGE_CURVE('',#4033,#5043,#5054,.T.);
#5056=ORIENTED_EDGE('',*,*,#5055,.F.);
#5057=ORIENTED_EDGE('',*,*,#4039,.T.);
#5058=ORIENTED_EDGE('',*,*,#4061,.F.);
#5059=ORIENTED_EDGE('',*,*,#4387,.T.);
#5060=EDGE_LOOP('',(#5024,#5033,#5041,#5050,#5056,#5057,#5058,#5059));
#5061=FACE_BOUND('',#5060,.T.);
#5062=CARTESIAN_POINT('',(-1.,9.,22.5));
#5063=VERTEX_POINT('',#5062);
#5064=CARTESIAN_POINT('',(-1.,7.,22.5));
#5065=DIRECTION('',(0.,0.,1.));
#5066=DIRECTION('',(1.,0.,-0.));
#5067=AXIS2_PLACEMENT_3D('',#5064,#5065,#5066);
#5068=CIRCLE('',#5067,2.);
#5069=EDGE_CURVE('',#5063,#2182,#5068,.T.);
#5070=ORIENTED_EDGE('',*,*,#5069,.T.);
#5071=ORIENTED_EDGE('',*,*,#2187,.T.);
#5072=ORIENTED_EDGE('',*,*,#4171,.T.);
#5073=ORIENTED_EDGE('',*,*,#3941,.T.);
#5074=ORIENTED_EDGE('',*,*,#3868,.T.);
#5075=CARTESIAN_POINT('',(65.4,7.,22.5));
#5076=VERTEX_POINT('',#5075);
#5077=CARTESIAN_POINT('',(65.4,-45.7,22.5));
#5078=DIRECTION('',(0.,1.,0.));
#5079=VECTOR('',#5078,52.7);
#5080=LINE('',#5077,#5079);
#5081=EDGE_CURVE('',#3856,#5076,#5080,.T.);
#5082=ORIENTED_EDGE('',*,*,#5081,.T.);
#5083=CARTESIAN_POINT('',(63.4,9.,22.5));
#5084=VERTEX_POINT('',#5083);
#5085=CARTESIAN_POINT('',(63.4,7.,22.5));
#5086=DIRECTION('',(0.,0.,1.));
#5087=DIRECTION('',(1.,0.,-0.));
#5088=AXIS2_PLACEMENT_3D('',#5085,#5086,#5087);
#5089=CIRCLE('',#5088,2.);
#5090=EDGE_CURVE('',#5076,#5084,#5089,.T.);
#5091=ORIENTED_EDGE('',*,*,#5090,.T.);
#5092=CARTESIAN_POINT('',(63.4,9.,22.5));
#5093=DIRECTION('',(-1.,0.,0.));
#5094=VECTOR('',#5093,64.4);
#5095=LINE('',#5092,#5094);
#5096=EDGE_CURVE('',#5084,#5063,#5095,.T.);
#5097=ORIENTED_EDGE('',*,*,#5096,.T.);
#5098=EDGE_LOOP('',(#5070,#5071,#5072,#5073,#5074,#5082,#5091,#5097));
#5099=FACE_BOUND('',#5098,.T.);
#5100=ADVANCED_FACE('',(#5061,#5099),#5023,.T.);
#5101=CARTESIAN_POINT('',(63.7,-21.35,21.5));
#5102=DIRECTION('',(-1.,0.,0.));
#5103=DIRECTION('',(0.,0.,1.));
#5104=AXIS2_PLACEMENT_3D('',#5101,#5102,#5103);
#5105=PLANE('',#5104);
#5106=ORIENTED_EDGE('',*,*,#5055,.T.);
#5107=CARTESIAN_POINT('',(63.7,1.,22.5));
#5108=DIRECTION('',(-0.,-0.,-1.));
#5109=VECTOR('',#5108,3.2);
#5110=LINE('',#5107,#5109);
#5111=EDGE_CURVE('',#5043,#4888,#5110,.T.);
#5112=ORIENTED_EDGE('',*,*,#5111,.T.);
#5113=ORIENTED_EDGE('',*,*,#4893,.F.);
#5114=ORIENTED_EDGE('',*,*,#4045,.T.);
#5115=EDGE_LOOP('',(#5106,#5112,#5113,#5114));
#5116=FACE_BOUND('',#5115,.T.);
#5117=ADVANCED_FACE('',(#5116),#5105,.T.);
#5118=CARTESIAN_POINT('',(65.4,-12.1351,6.2862));
#5119=DIRECTION('',(1.,0.,0.));
#5120=DIRECTION('',(0.,0.,-1.));
#5121=AXIS2_PLACEMENT_3D('',#5118,#5119,#5120);
#5122=CONICAL_SURFACE('',#5121,1.8,45.);
#5123=ORIENTED_EDGE('',*,*,#4590,.T.);
#5124=CARTESIAN_POINT('',(64.4,-12.1351,7.0862));
#5125=VERTEX_POINT('',#5124);
#5126=CARTESIAN_POINT('',(64.4,-12.1351,6.2862));
#5127=DIRECTION('',(1.,-0.,-0.));
#5128=DIRECTION('',(0.,0.,1.));
#5129=AXIS2_PLACEMENT_3D('',#5126,#5127,#5128);
#5130=CIRCLE('',#5129,0.8);
#5131=EDGE_CURVE('',#5125,#4528,#5130,.T.);
#5132=ORIENTED_EDGE('',*,*,#5131,.F.);
#5133=CARTESIAN_POINT('',(65.4,-12.1351,8.0862));
#5134=VERTEX_POINT('',#5133);
#5135=CARTESIAN_POINT('',(65.4,-12.1351,8.0862));
#5136=DIRECTION('',(-0.707106781,0.,-0.707106781));
#5137=VECTOR('',#5136,1.414213562);
#5138=LINE('',#5135,#5137);
#5139=EDGE_CURVE('',#5134,#5125,#5138,.T.);
#5140=ORIENTED_EDGE('',*,*,#5139,.F.);
#5141=CARTESIAN_POINT('',(65.4,-12.1351,6.2862));
#5142=DIRECTION('',(-1.,0.,0.));
#5143=DIRECTION('',(0.,0.,1.));
#5144=AXIS2_PLACEMENT_3D('',#5141,#5142,#5143);
#5145=CIRCLE('',#5144,1.8);
#5146=EDGE_CURVE('',#4585,#5134,#5145,.T.);
#5147=ORIENTED_EDGE('',*,*,#5146,.F.);
#5148=EDGE_LOOP('',(#5123,#5132,#5140,#5147));
#5149=FACE_BOUND('',#5148,.T.);
#5150=ADVANCED_FACE('',(#5149),#5122,.F.);
#5151=CARTESIAN_POINT('',(65.4,-20.35,2.));
#5152=DIRECTION('',(-1.,0.,0.));
#5153=DIRECTION('',(0.,0.,1.));
#5154=AXIS2_PLACEMENT_3D('',#5151,#5152,#5153);
#5155=PLANE('',#5154);
#5156=CARTESIAN_POINT('',(65.4,-15.381966011,-4.));
#5157=VERTEX_POINT('',#5156);
#5158=CARTESIAN_POINT('',(65.4,-12.93514097,-4.));
#5159=VERTEX_POINT('',#5158);
#5160=CARTESIAN_POINT('',(65.4,-15.381966011,-4.));
#5161=DIRECTION('',(0.,1.,0.));
#5162=VECTOR('',#5161,2.446825041);
#5163=LINE('',#5160,#5162);
#5164=EDGE_CURVE('',#5157,#5159,#5163,.T.);
#5165=ORIENTED_EDGE('',*,*,#5164,.T.);
#5166=CARTESIAN_POINT('',(65.4,-12.93514097,-0.9138));
#5167=VERTEX_POINT('',#5166);
#5168=CARTESIAN_POINT('',(65.4,-12.93514097,-4.));
#5169=DIRECTION('',(0.,0.,1.));
#5170=VECTOR('',#5169,3.0862);
#5171=LINE('',#5168,#5170);
#5172=EDGE_CURVE('',#5159,#5167,#5171,.T.);
#5173=ORIENTED_EDGE('',*,*,#5172,.T.);
#5174=CARTESIAN_POINT('',(65.4,-12.93514097,-0.9138));
#5175=DIRECTION('',(0.,-1.,0.));
#5176=VECTOR('',#5175,0.99995903);
#5177=LINE('',#5174,#5176);
#5178=EDGE_CURVE('',#5167,#4593,#5177,.T.);
#5179=ORIENTED_EDGE('',*,*,#5178,.T.);
#5180=ORIENTED_EDGE('',*,*,#4598,.T.);
#5181=ORIENTED_EDGE('',*,*,#5146,.T.);
#5182=CARTESIAN_POINT('',(65.4,-1.8351,8.0862));
#5183=VERTEX_POINT('',#5182);
#5184=CARTESIAN_POINT('',(65.4,-12.1351,8.0862));
#5185=DIRECTION('',(0.,1.,0.));
#5186=VECTOR('',#5185,10.3);
#5187=LINE('',#5184,#5186);
#5188=EDGE_CURVE('',#5134,#5183,#5187,.T.);
#5189=ORIENTED_EDGE('',*,*,#5188,.T.);
#5190=CARTESIAN_POINT('',(65.4,-0.0351,6.2862));
#5191=VERTEX_POINT('',#5190);
#5192=CARTESIAN_POINT('',(65.4,-1.8351,6.2862));
#5193=DIRECTION('',(-1.,0.,0.));
#5194=DIRECTION('',(0.,0.,1.));
#5195=AXIS2_PLACEMENT_3D('',#5192,#5193,#5194);
#5196=CIRCLE('',#5195,1.8);
#5197=EDGE_CURVE('',#5183,#5191,#5196,.T.);
#5198=ORIENTED_EDGE('',*,*,#5197,.T.);
#5199=CARTESIAN_POINT('',(65.4,-0.0351,-0.9138));
#5200=VERTEX_POINT('',#5199);
#5201=CARTESIAN_POINT('',(65.4,-0.0351,6.2862));
#5202=DIRECTION('',(0.,0.,-1.));
#5203=VECTOR('',#5202,7.2);
#5204=LINE('',#5201,#5203);
#5205=EDGE_CURVE('',#5191,#5200,#5204,.T.);
#5206=ORIENTED_EDGE('',*,*,#5205,.T.);
#5207=CARTESIAN_POINT('',(65.4,-1.0351,-0.9138));
#5208=VERTEX_POINT('',#5207);
#5209=CARTESIAN_POINT('',(65.4,-0.0351,-0.9138));
#5210=DIRECTION('',(0.,-1.,0.));
#5211=VECTOR('',#5210,1.);
#5212=LINE('',#5209,#5211);
#5213=EDGE_CURVE('',#5200,#5208,#5212,.T.);
#5214=ORIENTED_EDGE('',*,*,#5213,.T.);
#5215=CARTESIAN_POINT('',(65.4,-1.0351,-4.));
#5216=VERTEX_POINT('',#5215);
#5217=CARTESIAN_POINT('',(65.4,-1.0351,-0.9138));
#5218=DIRECTION('',(0.,0.,-1.));
#5219=VECTOR('',#5218,3.0862);
#5220=LINE('',#5217,#5219);
#5221=EDGE_CURVE('',#5208,#5216,#5220,.T.);
#5222=ORIENTED_EDGE('',*,*,#5221,.T.);
#5223=CARTESIAN_POINT('',(65.4,2.5,-4.));
#5224=VERTEX_POINT('',#5223);
#5225=CARTESIAN_POINT('',(65.4,-1.0351,-4.));
#5226=DIRECTION('',(0.,1.,0.));
#5227=VECTOR('',#5226,3.5351);
#5228=LINE('',#5225,#5227);
#5229=EDGE_CURVE('',#5216,#5224,#5228,.T.);
#5230=ORIENTED_EDGE('',*,*,#5229,.T.);
#5231=CARTESIAN_POINT('',(65.4,2.5,-4.));
#5232=DIRECTION('',(0.,0.,1.));
#5233=VECTOR('',#5232,1.5);
#5234=LINE('',#5231,#5233);
#5235=EDGE_CURVE('',#5224,#552,#5234,.T.);
#5236=ORIENTED_EDGE('',*,*,#5235,.T.);
#5237=ORIENTED_EDGE('',*,*,#557,.T.);
#5238=CARTESIAN_POINT('',(65.4,7.,-2.5));
#5239=DIRECTION('',(-0.,-0.,1.));
#5240=VECTOR('',#5239,25.);
#5241=LINE('',#5238,#5240);
#5242=EDGE_CURVE('',#543,#5076,#5241,.T.);
#5243=ORIENTED_EDGE('',*,*,#5242,.T.);
#5244=ORIENTED_EDGE('',*,*,#5081,.F.);
#5245=ORIENTED_EDGE('',*,*,#3861,.T.);
#5246=CARTESIAN_POINT('',(65.4,-41.2,-2.5));
#5247=VERTEX_POINT('',#5246);
#5248=CARTESIAN_POINT('',(65.4,-45.7,-2.5));
#5249=DIRECTION('',(0.,1.,0.));
#5250=VECTOR('',#5249,4.5);
#5251=LINE('',#5248,#5250);
#5252=EDGE_CURVE('',#3847,#5247,#5251,.T.);
#5253=ORIENTED_EDGE('',*,*,#5252,.T.);
#5254=CARTESIAN_POINT('',(65.4,-41.2,-3.673350084));
#5255=VERTEX_POINT('',#5254);
#5256=CARTESIAN_POINT('',(65.4,-41.2,-3.673350084));
#5257=DIRECTION('',(0.,0.,1.));
#5258=VECTOR('',#5257,1.173350084);
#5259=LINE('',#5256,#5258);
#5260=EDGE_CURVE('',#5255,#5247,#5259,.T.);
#5261=ORIENTED_EDGE('',*,*,#5260,.F.);
#5262=CARTESIAN_POINT('',(65.4,-39.381966011,-4.));
#5263=VERTEX_POINT('',#5262);
#5264=CARTESIAN_POINT('',(65.4,-40.5,-5.));
#5265=DIRECTION('',(-1.,0.,0.));
#5266=DIRECTION('',(0.,0.,1.));
#5267=AXIS2_PLACEMENT_3D('',#5264,#5265,#5266);
#5268=CIRCLE('',#5267,1.5);
#5269=EDGE_CURVE('',#5255,#5263,#5268,.T.);
#5270=ORIENTED_EDGE('',*,*,#5269,.T.);
#5271=CARTESIAN_POINT('',(65.4,-35.618033989,-4.));
#5272=VERTEX_POINT('',#5271);
#5273=CARTESIAN_POINT('',(65.4,-39.381966011,-4.));
#5274=DIRECTION('',(0.,1.,0.));
#5275=VECTOR('',#5274,3.763932023);
#5276=LINE('',#5273,#5275);
#5277=EDGE_CURVE('',#5263,#5272,#5276,.T.);
#5278=ORIENTED_EDGE('',*,*,#5277,.T.);
#5279=CARTESIAN_POINT('',(65.4,-33.381966011,-4.));
#5280=VERTEX_POINT('',#5279);
#5281=CARTESIAN_POINT('',(65.4,-34.5,-5.));
#5282=DIRECTION('',(-1.,0.,0.));
#5283=DIRECTION('',(0.,0.,1.));
#5284=AXIS2_PLACEMENT_3D('',#5281,#5282,#5283);
#5285=CIRCLE('',#5284,1.5);
#5286=EDGE_CURVE('',#5272,#5280,#5285,.T.);
#5287=ORIENTED_EDGE('',*,*,#5286,.T.);
#5288=CARTESIAN_POINT('',(65.4,-29.618033989,-4.));
#5289=VERTEX_POINT('',#5288);
#5290=CARTESIAN_POINT('',(65.4,-33.381966011,-4.));
#5291=DIRECTION('',(0.,1.,0.));
#5292=VECTOR('',#5291,3.763932023);
#5293=LINE('',#5290,#5292);
#5294=EDGE_CURVE('',#5280,#5289,#5293,.T.);
#5295=ORIENTED_EDGE('',*,*,#5294,.T.);
#5296=CARTESIAN_POINT('',(65.4,-27.381966011,-4.));
#5297=VERTEX_POINT('',#5296);
#5298=CARTESIAN_POINT('',(65.4,-28.5,-5.));
#5299=DIRECTION('',(-1.,0.,0.));
#5300=DIRECTION('',(0.,0.,1.));
#5301=AXIS2_PLACEMENT_3D('',#5298,#5299,#5300);
#5302=CIRCLE('',#5301,1.5);
#5303=EDGE_CURVE('',#5289,#5297,#5302,.T.);
#5304=ORIENTED_EDGE('',*,*,#5303,.T.);
#5305=CARTESIAN_POINT('',(65.4,-23.618033989,-4.));
#5306=VERTEX_POINT('',#5305);
#5307=CARTESIAN_POINT('',(65.4,-27.381966011,-4.));
#5308=DIRECTION('',(0.,1.,0.));
#5309=VECTOR('',#5308,3.763932023);
#5310=LINE('',#5307,#5309);
#5311=EDGE_CURVE('',#5297,#5306,#5310,.T.);
#5312=ORIENTED_EDGE('',*,*,#5311,.T.);
#5313=CARTESIAN_POINT('',(65.4,-21.381966011,-4.));
#5314=VERTEX_POINT('',#5313);
#5315=CARTESIAN_POINT('',(65.4,-22.5,-5.));
#5316=DIRECTION('',(-1.,0.,0.));
#5317=DIRECTION('',(0.,0.,1.));
#5318=AXIS2_PLACEMENT_3D('',#5315,#5316,#5317);
#5319=CIRCLE('',#5318,1.5);
#5320=EDGE_CURVE('',#5306,#5314,#5319,.T.);
#5321=ORIENTED_EDGE('',*,*,#5320,.T.);
#5322=CARTESIAN_POINT('',(65.4,-17.618033989,-4.));
#5323=VERTEX_POINT('',#5322);
#5324=CARTESIAN_POINT('',(65.4,-21.381966011,-4.));
#5325=DIRECTION('',(0.,1.,0.));
#5326=VECTOR('',#5325,3.763932023);
#5327=LINE('',#5324,#5326);
#5328=EDGE_CURVE('',#5314,#5323,#5327,.T.);
#5329=ORIENTED_EDGE('',*,*,#5328,.T.);
#5330=CARTESIAN_POINT('',(65.4,-16.5,-5.));
#5331=DIRECTION('',(-1.,0.,0.));
#5332=DIRECTION('',(0.,0.,1.));
#5333=AXIS2_PLACEMENT_3D('',#5330,#5331,#5332);
#5334=CIRCLE('',#5333,1.5);
#5335=EDGE_CURVE('',#5323,#5157,#5334,.T.);
#5336=ORIENTED_EDGE('',*,*,#5335,.T.);
#5337=EDGE_LOOP('',(#5165,#5173,#5179,#5180,#5181,#5189,#5198,#5206,#5214,#5222,#5230,#5236,#5237,#5243,#5244,#5245,#5253,#5261,#5270,#5278,#5287,#5295,#5304,#5312,#5321,#5329,
#5336));
#5338=FACE_BOUND('',#5337,.T.);
#5339=ADVANCED_FACE('',(#5338),#5155,.F.);
#5340=CARTESIAN_POINT('',(1.,0.,0.));
#5341=DIRECTION('',(1.,0.,0.));
#5342=DIRECTION('',(0.,1.,0.));
#5343=AXIS2_PLACEMENT_3D('',#5340,#5341,#5342);
#5344=PLANE('',#5343);
#5345=CARTESIAN_POINT('',(1.,-9.,1.086154543));
#5346=VERTEX_POINT('',#5345);
#5347=CARTESIAN_POINT('',(1.,-15.,1.086154543));
#5348=DIRECTION('',(0.,1.,0.));
#5349=VECTOR('',#5348,6.);
#5350=LINE('',#5347,#5349);
#5351=EDGE_CURVE('',#4466,#5346,#5350,.T.);
#5352=ORIENTED_EDGE('',*,*,#5351,.T.);
#5353=CARTESIAN_POINT('',(1.,-9.,5.086154543));
#5354=VERTEX_POINT('',#5353);
#5355=CARTESIAN_POINT('',(1.,-9.,5.086154543));
#5356=DIRECTION('',(0.,0.,-1.));
#5357=VECTOR('',#5356,4.);
#5358=LINE('',#5355,#5357);
#5359=EDGE_CURVE('',#5354,#5346,#5358,.T.);
#5360=ORIENTED_EDGE('',*,*,#5359,.F.);
#5361=CARTESIAN_POINT('',(1.,-9.,5.086154543));
#5362=DIRECTION('',(0.,-1.,0.));
#5363=VECTOR('',#5362,6.);
#5364=LINE('',#5361,#5363);
#5365=EDGE_CURVE('',#5354,#4474,#5364,.T.);
#5366=ORIENTED_EDGE('',*,*,#5365,.T.);
#5367=ORIENTED_EDGE('',*,*,#4479,.T.);
#5368=EDGE_LOOP('',(#5352,#5360,#5366,#5367));
#5369=FACE_BOUND('',#5368,.T.);
#5370=ADVANCED_FACE('',(#5369),#5344,.T.);
#5371=CARTESIAN_POINT('',(1.,-12.,1.086154543));
#5372=DIRECTION('',(0.,0.,1.));
#5373=DIRECTION('',(1.,0.,0.));
#5374=AXIS2_PLACEMENT_3D('',#5371,#5372,#5373);
#5375=PLANE('',#5374);
#5376=CARTESIAN_POINT('',(-0.,-9.,1.086154543));
#5377=VERTEX_POINT('',#5376);
#5378=CARTESIAN_POINT('',(-0.,-15.,1.086154543));
#5379=DIRECTION('',(0.,1.,0.));
#5380=VECTOR('',#5379,6.);
#5381=LINE('',#5378,#5380);
#5382=EDGE_CURVE('',#4458,#5377,#5381,.T.);
#5383=ORIENTED_EDGE('',*,*,#5382,.T.);
#5384=CARTESIAN_POINT('',(1.,-9.,1.086154543));
#5385=DIRECTION('',(-1.,0.,0.));
#5386=VECTOR('',#5385,1.);
#5387=LINE('',#5384,#5386);
#5388=EDGE_CURVE('',#5346,#5377,#5387,.T.);
#5389=ORIENTED_EDGE('',*,*,#5388,.F.);
#5390=ORIENTED_EDGE('',*,*,#5351,.F.);
#5391=ORIENTED_EDGE('',*,*,#4471,.T.);
#5392=EDGE_LOOP('',(#5383,#5389,#5390,#5391));
#5393=FACE_BOUND('',#5392,.T.);
#5394=ADVANCED_FACE('',(#5393),#5375,.F.);
#5395=CARTESIAN_POINT('',(0.,0.,5.086154543));
#5396=DIRECTION('',(0.,0.,1.));
#5397=DIRECTION('',(1.,0.,0.));
#5398=AXIS2_PLACEMENT_3D('',#5395,#5396,#5397);
#5399=PLANE('',#5398);
#5400=ORIENTED_EDGE('',*,*,#5365,.F.);
#5401=CARTESIAN_POINT('',(-1.,-9.,5.086154543));
#5402=DIRECTION('',(1.,0.,-0.));
#5403=VECTOR('',#5402,2.);
#5404=LINE('',#5401,#5403);
#5405=EDGE_CURVE('',#261,#5354,#5404,.T.);
#5406=ORIENTED_EDGE('',*,*,#5405,.F.);
#5407=ORIENTED_EDGE('',*,*,#266,.F.);
#5408=ORIENTED_EDGE('',*,*,#4485,.F.);
#5409=EDGE_LOOP('',(#5400,#5406,#5407,#5408));
#5410=FACE_BOUND('',#5409,.T.);
#5411=ADVANCED_FACE('',(#5410),#5399,.T.);
#5412=CARTESIAN_POINT('',(11.,2.1,13.5));
#5413=DIRECTION('',(-1.,0.,0.));
#5414=DIRECTION('',(0.,0.,1.));
#5415=AXIS2_PLACEMENT_3D('',#5412,#5413,#5414);
#5416=PLANE('',#5415);
#5417=CARTESIAN_POINT('',(11.,3.611895633,13.5));
#5418=VERTEX_POINT('',#5417);
#5419=CARTESIAN_POINT('',(11.,3.611895633,16.5));
#5420=DIRECTION('',(-0.,-0.,-1.));
#5421=VECTOR('',#5420,3.);
#5422=LINE('',#5419,#5421);
#5423=EDGE_CURVE('',#1580,#5418,#5422,.T.);
#5424=ORIENTED_EDGE('',*,*,#5423,.F.);
#5425=ORIENTED_EDGE('',*,*,#1585,.T.);
#5426=CARTESIAN_POINT('',(11.,0.3,13.5));
#5427=VERTEX_POINT('',#5426);
#5428=CARTESIAN_POINT('',(11.,0.3,13.5));
#5429=DIRECTION('',(0.,0.,1.));
#5430=VECTOR('',#5429,3.);
#5431=LINE('',#5428,#5430);
#5432=EDGE_CURVE('',#5427,#1572,#5431,.T.);
#5433=ORIENTED_EDGE('',*,*,#5432,.F.);
#5434=CARTESIAN_POINT('',(11.,3.611895633,13.5));
#5435=DIRECTION('',(0.,-1.,0.));
#5436=VECTOR('',#5435,3.311895633);
#5437=LINE('',#5434,#5436);
#5438=EDGE_CURVE('',#5418,#5427,#5437,.T.);
#5439=ORIENTED_EDGE('',*,*,#5438,.F.);
#5440=EDGE_LOOP('',(#5424,#5425,#5433,#5439));
#5441=FACE_BOUND('',#5440,.T.);
#5442=ADVANCED_FACE('',(#5441),#5416,.F.);
#5443=CARTESIAN_POINT('',(5.,2.1,13.5));
#5444=DIRECTION('',(-1.,0.,0.));
#5445=DIRECTION('',(0.,0.,1.));
#5446=AXIS2_PLACEMENT_3D('',#5443,#5444,#5445);
#5447=PLANE('',#5446);
#5448=ORIENTED_EDGE('',*,*,#1569,.F.);
#5449=ORIENTED_EDGE('',*,*,#1969,.T.);
#5450=CARTESIAN_POINT('',(5.,0.3,13.5));
#5451=VERTEX_POINT('',#5450);
#5452=CARTESIAN_POINT('',(5.,3.611895633,13.5));
#5453=DIRECTION('',(0.,-1.,0.));
#5454=VECTOR('',#5453,3.311895633);
#5455=LINE('',#5452,#5454);
#5456=EDGE_CURVE('',#1957,#5451,#5455,.T.);
#5457=ORIENTED_EDGE('',*,*,#5456,.T.);
#5458=CARTESIAN_POINT('',(5.,0.3,13.5));
#5459=DIRECTION('',(0.,0.,1.));
#5460=VECTOR('',#5459,3.);
#5461=LINE('',#5458,#5460);
#5462=EDGE_CURVE('',#5451,#1564,#5461,.T.);
#5463=ORIENTED_EDGE('',*,*,#5462,.T.);
#5464=EDGE_LOOP('',(#5448,#5449,#5457,#5463));
#5465=FACE_BOUND('',#5464,.T.);
#5466=ADVANCED_FACE('',(#5465),#5447,.T.);
#5467=CARTESIAN_POINT('',(51.,2.1,13.5));
#5468=DIRECTION('',(-1.,0.,0.));
#5469=DIRECTION('',(0.,0.,1.));
#5470=AXIS2_PLACEMENT_3D('',#5467,#5468,#5469);
#5471=PLANE('',#5470);
#5472=CARTESIAN_POINT('',(51.,3.611895633,13.5));
#5473=VERTEX_POINT('',#5472);
#5474=CARTESIAN_POINT('',(51.,3.611895633,16.5));
#5475=DIRECTION('',(-0.,-0.,-1.));
#5476=VECTOR('',#5475,3.);
#5477=LINE('',#5474,#5476);
#5478=EDGE_CURVE('',#1687,#5473,#5477,.T.);
#5479=ORIENTED_EDGE('',*,*,#5478,.F.);
#5480=ORIENTED_EDGE('',*,*,#1692,.T.);
#5481=CARTESIAN_POINT('',(51.,0.3,13.5));
#5482=VERTEX_POINT('',#5481);
#5483=CARTESIAN_POINT('',(51.,0.3,13.5));
#5484=DIRECTION('',(0.,0.,1.));
#5485=VECTOR('',#5484,3.);
#5486=LINE('',#5483,#5485);
#5487=EDGE_CURVE('',#5482,#1679,#5486,.T.);
#5488=ORIENTED_EDGE('',*,*,#5487,.F.);
#5489=CARTESIAN_POINT('',(51.,3.611895633,13.5));
#5490=DIRECTION('',(0.,-1.,0.));
#5491=VECTOR('',#5490,3.311895633);
#5492=LINE('',#5489,#5491);
#5493=EDGE_CURVE('',#5473,#5482,#5492,.T.);
#5494=ORIENTED_EDGE('',*,*,#5493,.F.);
#5495=EDGE_LOOP('',(#5479,#5480,#5488,#5494));
#5496=FACE_BOUND('',#5495,.T.);
#5497=ADVANCED_FACE('',(#5496),#5471,.F.);
#5498=CARTESIAN_POINT('',(45.,2.1,13.5));
#5499=DIRECTION('',(-1.,0.,0.));
#5500=DIRECTION('',(0.,0.,1.));
#5501=AXIS2_PLACEMENT_3D('',#5498,#5499,#5500);
#5502=PLANE('',#5501);
#5503=ORIENTED_EDGE('',*,*,#1676,.F.);
#5504=ORIENTED_EDGE('',*,*,#2001,.T.);
#5505=CARTESIAN_POINT('',(45.,0.3,13.5));
#5506=VERTEX_POINT('',#5505);
#5507=CARTESIAN_POINT('',(45.,3.611895633,13.5));
#5508=DIRECTION('',(0.,-1.,0.));
#5509=VECTOR('',#5508,3.311895633);
#5510=LINE('',#5507,#5509);
#5511=EDGE_CURVE('',#1989,#5506,#5510,.T.);
#5512=ORIENTED_EDGE('',*,*,#5511,.T.);
#5513=CARTESIAN_POINT('',(45.,0.3,13.5));
#5514=DIRECTION('',(0.,0.,1.));
#5515=VECTOR('',#5514,3.);
#5516=LINE('',#5513,#5515);
#5517=EDGE_CURVE('',#5506,#1671,#5516,.T.);
#5518=ORIENTED_EDGE('',*,*,#5517,.T.);
#5519=EDGE_LOOP('',(#5503,#5504,#5512,#5518));
#5520=FACE_BOUND('',#5519,.T.);
#5521=ADVANCED_FACE('',(#5520),#5502,.T.);
#5522=CARTESIAN_POINT('',(31.2,3.3,21.5));
#5523=DIRECTION('',(0.,-1.,0.));
#5524=DIRECTION('',(1.,0.,0.));
#5525=AXIS2_PLACEMENT_3D('',#5522,#5523,#5524);
#5526=PLANE('',#5525);
#5527=ORIENTED_EDGE('',*,*,#5040,.T.);
#5528=CARTESIAN_POINT('',(1.,3.3,22.5));
#5529=DIRECTION('',(-0.,-0.,-1.));
#5530=VECTOR('',#5529,3.2);
#5531=LINE('',#5528,#5530);
#5532=EDGE_CURVE('',#5026,#4875,#5531,.T.);
#5533=ORIENTED_EDGE('',*,*,#5532,.T.);
#5534=ORIENTED_EDGE('',*,*,#4908,.F.);
#5535=CARTESIAN_POINT('',(61.4,3.3,19.3));
#5536=DIRECTION('',(0.,0.,1.));
#5537=VECTOR('',#5536,3.2);
#5538=LINE('',#5535,#5537);
#5539=EDGE_CURVE('',#4896,#5035,#5538,.T.);
#5540=ORIENTED_EDGE('',*,*,#5539,.T.);
#5541=EDGE_LOOP('',(#5527,#5533,#5534,#5540));
#5542=FACE_BOUND('',#5541,.T.);
#5543=ADVANCED_FACE('',(#5542),#5526,.T.);
#5544=CARTESIAN_POINT('',(31.2,9.,2.));
#5545=DIRECTION('',(0.,-1.,0.));
#5546=DIRECTION('',(0.,0.,-1.));
#5547=AXIS2_PLACEMENT_3D('',#5544,#5545,#5546);
#5548=PLANE('',#5547);
#5549=ORIENTED_EDGE('',*,*,#924,.T.);
#5550=ORIENTED_EDGE('',*,*,#931,.T.);
#5551=EDGE_LOOP('',(#5549,#5550));
#5552=FACE_BOUND('',#5551,.T.);
#5553=ORIENTED_EDGE('',*,*,#823,.F.);
#5554=ORIENTED_EDGE('',*,*,#830,.F.);
#5555=EDGE_LOOP('',(#5553,#5554));
#5556=FACE_BOUND('',#5555,.T.);
#5557=ORIENTED_EDGE('',*,*,#882,.T.);
#5558=ORIENTED_EDGE('',*,*,#889,.T.);
#5559=EDGE_LOOP('',(#5557,#5558));
#5560=FACE_BOUND('',#5559,.T.);
#5561=ORIENTED_EDGE('',*,*,#747,.T.);
#5562=ORIENTED_EDGE('',*,*,#754,.T.);
#5563=EDGE_LOOP('',(#5561,#5562));
#5564=FACE_BOUND('',#5563,.T.);
#5565=ORIENTED_EDGE('',*,*,#789,.T.);
#5566=ORIENTED_EDGE('',*,*,#796,.T.);
#5567=EDGE_LOOP('',(#5565,#5566));
#5568=FACE_BOUND('',#5567,.T.);
#5569=CARTESIAN_POINT('',(63.4,9.,22.5));
#5570=DIRECTION('',(0.,0.,-1.));
#5571=VECTOR('',#5570,25.);
#5572=LINE('',#5569,#5571);
#5573=EDGE_CURVE('',#5084,#535,#5572,.T.);
#5574=ORIENTED_EDGE('',*,*,#5573,.T.);
#5575=ORIENTED_EDGE('',*,*,#540,.T.);
#5576=CARTESIAN_POINT('',(58.9,9.,-4.));
#5577=VERTEX_POINT('',#5576);
#5578=CARTESIAN_POINT('',(58.9,9.,-4.));
#5579=DIRECTION('',(0.,0.,1.));
#5580=VECTOR('',#5579,1.5);
#5581=LINE('',#5578,#5580);
#5582=EDGE_CURVE('',#5577,#527,#5581,.T.);
#5583=ORIENTED_EDGE('',*,*,#5582,.F.);
#5584=CARTESIAN_POINT('',(3.5,9.,-4.));
#5585=VERTEX_POINT('',#5584);
#5586=CARTESIAN_POINT('',(58.9,9.,-4.));
#5587=DIRECTION('',(-1.,0.,0.));
#5588=VECTOR('',#5587,55.4);
#5589=LINE('',#5586,#5588);
#5590=EDGE_CURVE('',#5577,#5585,#5589,.T.);
#5591=ORIENTED_EDGE('',*,*,#5590,.T.);
#5592=CARTESIAN_POINT('',(3.5,9.,-4.));
#5593=DIRECTION('',(0.,0.,1.));
#5594=VECTOR('',#5593,1.5);
#5595=LINE('',#5592,#5594);
#5596=EDGE_CURVE('',#5585,#503,#5595,.T.);
#5597=ORIENTED_EDGE('',*,*,#5596,.T.);
#5598=ORIENTED_EDGE('',*,*,#508,.T.);
#5599=CARTESIAN_POINT('',(-1.,9.,-2.5));
#5600=DIRECTION('',(-0.,-0.,1.));
#5601=VECTOR('',#5600,25.);
#5602=LINE('',#5599,#5601);
#5603=EDGE_CURVE('',#494,#5063,#5602,.T.);
#5604=ORIENTED_EDGE('',*,*,#5603,.T.);
#5605=ORIENTED_EDGE('',*,*,#5096,.F.);
#5606=EDGE_LOOP('',(#5574,#5575,#5583,#5591,#5597,#5598,#5604,#5605));
#5607=FACE_BOUND('',#5606,.T.);
#5608=ADVANCED_FACE('',(#5552,#5556,#5560,#5564,#5568,#5607),#5548,.F.);
#5609=CARTESIAN_POINT('',(0.,0.,18.5));
#5610=DIRECTION('',(0.,0.,-1.));
#5611=DIRECTION('',(1.,0.,0.));
#5612=AXIS2_PLACEMENT_3D('',#5609,#5610,#5611);
#5613=PLANE('',#5612);
#5614=CARTESIAN_POINT('',(41.7,0.5,18.5));
#5615=VERTEX_POINT('',#5614);
#5616=CARTESIAN_POINT('',(41.7,0.5,18.5));
#5617=DIRECTION('',(-0.,1.,0.));
#5618=VECTOR('',#5617,6.5);
#5619=LINE('',#5616,#5618);
#5620=EDGE_CURVE('',#5615,#1855,#5619,.T.);
#5621=ORIENTED_EDGE('',*,*,#5620,.F.);
#5622=CARTESIAN_POINT('',(20.7,0.5,18.5));
#5623=VERTEX_POINT('',#5622);
#5624=CARTESIAN_POINT('',(20.7,0.5,18.5));
#5625=DIRECTION('',(1.,0.,-0.));
#5626=VECTOR('',#5625,21.);
#5627=LINE('',#5624,#5626);
#5628=EDGE_CURVE('',#5623,#5615,#5627,.T.);
#5629=ORIENTED_EDGE('',*,*,#5628,.F.);
#5630=CARTESIAN_POINT('',(20.7,7.,18.5));
#5631=DIRECTION('',(0.,-1.,0.));
#5632=VECTOR('',#5631,6.5);
#5633=LINE('',#5630,#5632);
#5634=EDGE_CURVE('',#1863,#5623,#5633,.T.);
#5635=ORIENTED_EDGE('',*,*,#5634,.F.);
#5636=ORIENTED_EDGE('',*,*,#1868,.F.);
#5637=EDGE_LOOP('',(#5621,#5629,#5635,#5636));
#5638=FACE_BOUND('',#5637,.T.);
#5639=ADVANCED_FACE('',(#5638),#5613,.T.);
#5640=CARTESIAN_POINT('',(1.,1.,21.5));
#5641=DIRECTION('',(0.,0.,-1.));
#5642=DIRECTION('',(-1.,0.,0.));
#5643=AXIS2_PLACEMENT_3D('',#5640,#5641,#5642);
#5644=CYLINDRICAL_SURFACE('',#5643,2.3);
#5645=ORIENTED_EDGE('',*,*,#5032,.F.);
#5646=ORIENTED_EDGE('',*,*,#4839,.F.);
#5647=ORIENTED_EDGE('',*,*,#4881,.F.);
#5648=ORIENTED_EDGE('',*,*,#5532,.F.);
#5649=EDGE_LOOP('',(#5645,#5646,#5647,#5648));
#5650=FACE_BOUND('',#5649,.T.);
#5651=ADVANCED_FACE('',(#5650),#5644,.F.);
#5652=CARTESIAN_POINT('',(-2.,0.5,0.));
#5653=DIRECTION('',(0.,-1.,0.));
#5654=DIRECTION('',(1.,0.,0.));
#5655=AXIS2_PLACEMENT_3D('',#5652,#5653,#5654);
#5656=PLANE('',#5655);
#5657=ORIENTED_EDGE('',*,*,#5628,.T.);
#5658=CARTESIAN_POINT('',(41.7,0.5,18.5));
#5659=DIRECTION('',(0.,0.,-1.));
#5660=VECTOR('',#5659,1.);
#5661=LINE('',#5658,#5660);
#5662=EDGE_CURVE('',#5615,#4944,#5661,.T.);
#5663=ORIENTED_EDGE('',*,*,#5662,.T.);
#5664=ORIENTED_EDGE('',*,*,#4949,.T.);
#5665=ORIENTED_EDGE('',*,*,#4925,.F.);
#5666=ORIENTED_EDGE('',*,*,#4863,.T.);
#5667=ORIENTED_EDGE('',*,*,#4801,.T.);
#5668=ORIENTED_EDGE('',*,*,#4979,.T.);
#5669=CARTESIAN_POINT('',(20.7,0.5,18.5));
#5670=DIRECTION('',(0.,0.,-1.));
#5671=VECTOR('',#5670,1.);
#5672=LINE('',#5669,#5671);
#5673=EDGE_CURVE('',#5623,#4968,#5672,.T.);
#5674=ORIENTED_EDGE('',*,*,#5673,.F.);
#5675=EDGE_LOOP('',(#5657,#5663,#5664,#5665,#5666,#5667,#5668,#5674));
#5676=FACE_BOUND('',#5675,.T.);
#5677=ADVANCED_FACE('',(#5676),#5656,.T.);
#5678=CARTESIAN_POINT('',(41.7,3.75,18.5));
#5679=DIRECTION('',(-1.,-0.,0.));
#5680=DIRECTION('',(0.,-1.,0.));
#5681=AXIS2_PLACEMENT_3D('',#5678,#5679,#5680);
#5682=PLANE('',#5681);
#5683=ORIENTED_EDGE('',*,*,#1643,.F.);
#5684=CARTESIAN_POINT('',(41.7,-0.5,17.5));
#5685=DIRECTION('',(0.,0.,-1.));
#5686=VECTOR('',#5685,1.);
#5687=LINE('',#5684,#5686);
#5688=EDGE_CURVE('',#4952,#1630,#5687,.T.);
#5689=ORIENTED_EDGE('',*,*,#5688,.F.);
#5690=ORIENTED_EDGE('',*,*,#4957,.F.);
#5691=ORIENTED_EDGE('',*,*,#5662,.F.);
#5692=ORIENTED_EDGE('',*,*,#5620,.T.);
#5693=ORIENTED_EDGE('',*,*,#1860,.T.);
#5694=EDGE_LOOP('',(#5683,#5689,#5690,#5691,#5692,#5693));
#5695=FACE_BOUND('',#5694,.T.);
#5696=ADVANCED_FACE('',(#5695),#5682,.T.);
#5697=CARTESIAN_POINT('',(31.2,-0.5,18.5));
#5698=DIRECTION('',(0.,1.,0.));
#5699=DIRECTION('',(0.,0.,1.));
#5700=AXIS2_PLACEMENT_3D('',#5697,#5698,#5699);
#5701=PLANE('',#5700);
#5702=ORIENTED_EDGE('',*,*,#4965,.T.);
#5703=ORIENTED_EDGE('',*,*,#5688,.T.);
#5704=ORIENTED_EDGE('',*,*,#1635,.F.);
#5705=CARTESIAN_POINT('',(20.7,-0.5,17.5));
#5706=DIRECTION('',(0.,0.,-1.));
#5707=VECTOR('',#5706,1.);
#5708=LINE('',#5705,#5707);
#5709=EDGE_CURVE('',#4960,#1622,#5708,.T.);
#5710=ORIENTED_EDGE('',*,*,#5709,.F.);
#5711=EDGE_LOOP('',(#5702,#5703,#5704,#5710));
#5712=FACE_BOUND('',#5711,.T.);
#5713=ADVANCED_FACE('',(#5712),#5701,.T.);
#5714=CARTESIAN_POINT('',(20.7,3.75,18.5));
#5715=DIRECTION('',(1.,0.,0.));
#5716=DIRECTION('',(0.,0.,-1.));
#5717=AXIS2_PLACEMENT_3D('',#5714,#5715,#5716);
#5718=PLANE('',#5717);
#5719=ORIENTED_EDGE('',*,*,#1627,.F.);
#5720=ORIENTED_EDGE('',*,*,#1874,.F.);
#5721=ORIENTED_EDGE('',*,*,#5634,.T.);
#5722=ORIENTED_EDGE('',*,*,#5673,.T.);
#5723=ORIENTED_EDGE('',*,*,#4973,.T.);
#5724=ORIENTED_EDGE('',*,*,#5709,.T.);
#5725=EDGE_LOOP('',(#5719,#5720,#5721,#5722,#5723,#5724));
#5726=FACE_BOUND('',#5725,.T.);
#5727=ADVANCED_FACE('',(#5726),#5718,.T.);
#5728=CARTESIAN_POINT('',(60.177133473,-1.0351,1.086156944));
#5729=DIRECTION('',(0.,1.,0.));
#5730=DIRECTION('',(-1.,0.,0.));
#5731=AXIS2_PLACEMENT_3D('',#5728,#5729,#5730);
#5732=PLANE('',#5731);
#5733=CARTESIAN_POINT('',(60.177133473,-1.0351,6.2862));
#5734=VERTEX_POINT('',#5733);
#5735=CARTESIAN_POINT('',(60.177133473,-1.0351,0.0862));
#5736=VERTEX_POINT('',#5735);
#5737=CARTESIAN_POINT('',(60.177133473,-1.0351,6.2862));
#5738=DIRECTION('',(0.,0.,-1.));
#5739=VECTOR('',#5738,6.2);
#5740=LINE('',#5737,#5739);
#5741=EDGE_CURVE('',#5734,#5736,#5740,.T.);
#5742=ORIENTED_EDGE('',*,*,#5741,.T.);
#5743=CARTESIAN_POINT('',(64.4,-1.0351,0.0862));
#5744=VERTEX_POINT('',#5743);
#5745=CARTESIAN_POINT('',(64.4,-1.0351,0.0862));
#5746=DIRECTION('',(-1.,0.,0.));
#5747=VECTOR('',#5746,4.222866527);
#5748=LINE('',#5745,#5747);
#5749=EDGE_CURVE('',#5744,#5736,#5748,.T.);
#5750=ORIENTED_EDGE('',*,*,#5749,.F.);
#5751=CARTESIAN_POINT('',(64.4,-1.0351,6.2862));
#5752=VERTEX_POINT('',#5751);
#5753=CARTESIAN_POINT('',(64.4,-1.0351,0.0862));
#5754=DIRECTION('',(0.,0.,1.));
#5755=VECTOR('',#5754,6.2);
#5756=LINE('',#5753,#5755);
#5757=EDGE_CURVE('',#5744,#5752,#5756,.T.);
#5758=ORIENTED_EDGE('',*,*,#5757,.T.);
#5759=CARTESIAN_POINT('',(64.4,-1.0351,6.2862));
#5760=DIRECTION('',(-1.,0.,0.));
#5761=VECTOR('',#5760,4.222866527);
#5762=LINE('',#5759,#5761);
#5763=EDGE_CURVE('',#5752,#5734,#5762,.T.);
#5764=ORIENTED_EDGE('',*,*,#5763,.T.);
#5765=EDGE_LOOP('',(#5742,#5750,#5758,#5764));
#5766=FACE_BOUND('',#5765,.T.);
#5767=ADVANCED_FACE('',(#5766),#5732,.F.);
#5768=CARTESIAN_POINT('',(58.4,-0.03514097,3.186156944));
#5769=DIRECTION('',(-0.,1.,0.));
#5770=DIRECTION('',(-1.,-0.,0.));
#5771=AXIS2_PLACEMENT_3D('',#5768,#5769,#5770);
#5772=PLANE('',#5771);
#5773=ORIENTED_EDGE('',*,*,#1468,.F.);
#5774=CARTESIAN_POINT('',(58.7,-0.03514097,-1.9138));
#5775=DIRECTION('',(1.,0.,0.));
#5776=VECTOR('',#5775,4.7);
#5777=LINE('',#5774,#5776);
#5778=EDGE_CURVE('',#4675,#1455,#5777,.T.);
#5779=ORIENTED_EDGE('',*,*,#5778,.F.);
#5780=ORIENTED_EDGE('',*,*,#4680,.F.);
#5781=CARTESIAN_POINT('',(58.7,-0.03514097,5.786156944));
#5782=DIRECTION('',(1.,0.,0.));
#5783=VECTOR('',#5782,4.7);
#5784=LINE('',#5781,#5783);
#5785=EDGE_CURVE('',#4666,#1463,#5784,.T.);
#5786=ORIENTED_EDGE('',*,*,#5785,.T.);
#5787=EDGE_LOOP('',(#5773,#5779,#5780,#5786));
#5788=FACE_BOUND('',#5787,.T.);
#5789=ADVANCED_FACE('',(#5788),#5772,.T.);
#5790=CARTESIAN_POINT('',(58.4,-2.33514097,5.786156944));
#5791=DIRECTION('',(1.,0.,0.));
#5792=DIRECTION('',(-0.,1.,0.));
#5793=AXIS2_PLACEMENT_3D('',#5790,#5791,#5792);
#5794=CYLINDRICAL_SURFACE('',#5793,2.3);
#5795=ORIENTED_EDGE('',*,*,#4672,.F.);
#5796=CARTESIAN_POINT('',(58.7,-2.33514097,8.086156944));
#5797=DIRECTION('',(1.,0.,0.));
#5798=VECTOR('',#5797,4.7);
#5799=LINE('',#5796,#5798);
#5800=EDGE_CURVE('',#4658,#1471,#5799,.T.);
#5801=ORIENTED_EDGE('',*,*,#5800,.T.);
#5802=ORIENTED_EDGE('',*,*,#1477,.T.);
#5803=ORIENTED_EDGE('',*,*,#5785,.F.);
#5804=EDGE_LOOP('',(#5795,#5801,#5802,#5803));
#5805=FACE_BOUND('',#5804,.T.);
#5806=ADVANCED_FACE('',(#5805),#5794,.T.);
#5807=CARTESIAN_POINT('',(61.4,1.,21.5));
#5808=DIRECTION('',(0.,0.,-1.));
#5809=DIRECTION('',(-1.,0.,0.));
#5810=AXIS2_PLACEMENT_3D('',#5807,#5808,#5809);
#5811=CYLINDRICAL_SURFACE('',#5810,2.3);
#5812=ORIENTED_EDGE('',*,*,#5049,.F.);
#5813=ORIENTED_EDGE('',*,*,#5539,.F.);
#5814=ORIENTED_EDGE('',*,*,#4902,.F.);
#5815=ORIENTED_EDGE('',*,*,#5111,.F.);
#5816=EDGE_LOOP('',(#5812,#5813,#5814,#5815));
#5817=FACE_BOUND('',#5816,.T.);
#5818=ADVANCED_FACE('',(#5817),#5811,.F.);
#5819=CARTESIAN_POINT('',(48.,0.3,13.5));
#5820=DIRECTION('',(0.,1.,0.));
#5821=DIRECTION('',(-1.,0.,0.));
#5822=AXIS2_PLACEMENT_3D('',#5819,#5820,#5821);
#5823=PLANE('',#5822);
#5824=ORIENTED_EDGE('',*,*,#1684,.T.);
#5825=ORIENTED_EDGE('',*,*,#5517,.F.);
#5826=CARTESIAN_POINT('',(51.,0.3,13.5));
#5827=DIRECTION('',(-1.,0.,0.));
#5828=VECTOR('',#5827,6.);
#5829=LINE('',#5826,#5828);
#5830=EDGE_CURVE('',#5482,#5506,#5829,.T.);
#5831=ORIENTED_EDGE('',*,*,#5830,.F.);
#5832=ORIENTED_EDGE('',*,*,#5487,.T.);
#5833=EDGE_LOOP('',(#5824,#5825,#5831,#5832));
#5834=FACE_BOUND('',#5833,.T.);
#5835=ADVANCED_FACE('',(#5834),#5823,.F.);
#5836=CARTESIAN_POINT('',(0.,0.,13.5));
#5837=DIRECTION('',(0.,0.,-1.));
#5838=DIRECTION('',(0.,1.,0.));
#5839=AXIS2_PLACEMENT_3D('',#5836,#5837,#5838);
#5840=PLANE('',#5839);
#5841=ORIENTED_EDGE('',*,*,#1845,.T.);
#5842=CARTESIAN_POINT('',(51.,4.388104367,13.5));
#5843=VERTEX_POINT('',#5842);
#5844=CARTESIAN_POINT('',(51.,4.388104367,13.5));
#5845=DIRECTION('',(0.,1.,0.));
#5846=VECTOR('',#5845,2.611895633);
#5847=LINE('',#5844,#5846);
#5848=EDGE_CURVE('',#5843,#1832,#5847,.T.);
#5849=ORIENTED_EDGE('',*,*,#5848,.F.);
#5850=CARTESIAN_POINT('',(51.025,4.,13.5));
#5851=VERTEX_POINT('',#5850);
#5852=CARTESIAN_POINT('',(48.,4.,13.5));
#5853=DIRECTION('',(0.,0.,-1.));
#5854=DIRECTION('',(-1.,0.,0.));
#5855=AXIS2_PLACEMENT_3D('',#5852,#5853,#5854);
#5856=CIRCLE('',#5855,3.025);
#5857=EDGE_CURVE('',#5843,#5851,#5856,.T.);
#5858=ORIENTED_EDGE('',*,*,#5857,.T.);
#5859=CARTESIAN_POINT('',(48.,4.,13.5));
#5860=DIRECTION('',(0.,0.,-1.));
#5861=DIRECTION('',(-1.,0.,0.));
#5862=AXIS2_PLACEMENT_3D('',#5859,#5860,#5861);
#5863=CIRCLE('',#5862,3.025);
#5864=EDGE_CURVE('',#5851,#5473,#5863,.T.);
#5865=ORIENTED_EDGE('',*,*,#5864,.T.);
#5866=ORIENTED_EDGE('',*,*,#5493,.T.);
#5867=ORIENTED_EDGE('',*,*,#5830,.T.);
#5868=ORIENTED_EDGE('',*,*,#5511,.F.);
#5869=ORIENTED_EDGE('',*,*,#1995,.T.);
#5870=CARTESIAN_POINT('',(45.,4.388104367,13.5));
#5871=DIRECTION('',(0.,1.,0.));
#5872=VECTOR('',#5871,2.611895633);
#5873=LINE('',#5870,#5872);
#5874=EDGE_CURVE('',#1981,#1840,#5873,.T.);
#5875=ORIENTED_EDGE('',*,*,#5874,.T.);
#5876=EDGE_LOOP('',(#5841,#5849,#5858,#5865,#5866,#5867,#5868,#5869,#5875));
#5877=FACE_BOUND('',#5876,.T.);
#5878=CARTESIAN_POINT('',(49.4,4.,13.5));
#5879=VERTEX_POINT('',#5878);
#5880=CARTESIAN_POINT('',(48.,5.4,13.5));
#5881=VERTEX_POINT('',#5880);
#5882=CARTESIAN_POINT('',(48.,4.,13.5));
#5883=DIRECTION('',(0.,0.,-1.));
#5884=DIRECTION('',(0.,1.,0.));
#5885=AXIS2_PLACEMENT_3D('',#5882,#5883,#5884);
#5886=CIRCLE('',#5885,1.4);
#5887=EDGE_CURVE('',#5879,#5881,#5886,.T.);
#5888=ORIENTED_EDGE('',*,*,#5887,.F.);
#5889=CARTESIAN_POINT('',(48.,4.,13.5));
#5890=DIRECTION('',(0.,0.,-1.));
#5891=DIRECTION('',(0.,1.,0.));
#5892=AXIS2_PLACEMENT_3D('',#5889,#5890,#5891);
#5893=CIRCLE('',#5892,1.4);
#5894=EDGE_CURVE('',#5881,#5879,#5893,.T.);
#5895=ORIENTED_EDGE('',*,*,#5894,.F.);
#5896=EDGE_LOOP('',(#5888,#5895));
#5897=FACE_BOUND('',#5896,.T.);
#5898=ADVANCED_FACE('',(#5877,#5897),#5840,.T.);
#5899=CARTESIAN_POINT('',(8.,0.3,13.5));
#5900=DIRECTION('',(0.,-1.,0.));
#5901=DIRECTION('',(0.,0.,-1.));
#5902=AXIS2_PLACEMENT_3D('',#5899,#5900,#5901);
#5903=PLANE('',#5902);
#5904=ORIENTED_EDGE('',*,*,#1577,.F.);
#5905=ORIENTED_EDGE('',*,*,#5462,.F.);
#5906=CARTESIAN_POINT('',(5.,0.3,13.5));
#5907=DIRECTION('',(1.,0.,-0.));
#5908=VECTOR('',#5907,6.);
#5909=LINE('',#5906,#5908);
#5910=EDGE_CURVE('',#5451,#5427,#5909,.T.);
#5911=ORIENTED_EDGE('',*,*,#5910,.T.);
#5912=ORIENTED_EDGE('',*,*,#5432,.T.);
#5913=EDGE_LOOP('',(#5904,#5905,#5911,#5912));
#5914=FACE_BOUND('',#5913,.T.);
#5915=ADVANCED_FACE('',(#5914),#5903,.T.);
#5916=CARTESIAN_POINT('',(0.,0.,13.5));
#5917=DIRECTION('',(0.,0.,-1.));
#5918=DIRECTION('',(0.,1.,0.));
#5919=AXIS2_PLACEMENT_3D('',#5916,#5917,#5918);
#5920=PLANE('',#5919);
#5921=ORIENTED_EDGE('',*,*,#1891,.T.);
#5922=CARTESIAN_POINT('',(11.,4.388104367,13.5));
#5923=VERTEX_POINT('',#5922);
#5924=CARTESIAN_POINT('',(11.,4.388104367,13.5));
#5925=DIRECTION('',(0.,1.,0.));
#5926=VECTOR('',#5925,2.611895633);
#5927=LINE('',#5924,#5926);
#5928=EDGE_CURVE('',#5923,#1878,#5927,.T.);
#5929=ORIENTED_EDGE('',*,*,#5928,.F.);
#5930=CARTESIAN_POINT('',(11.025,4.,13.5));
#5931=VERTEX_POINT('',#5930);
#5932=CARTESIAN_POINT('',(8.,4.,13.5));
#5933=DIRECTION('',(0.,0.,-1.));
#5934=DIRECTION('',(-1.,0.,0.));
#5935=AXIS2_PLACEMENT_3D('',#5932,#5933,#5934);
#5936=CIRCLE('',#5935,3.025);
#5937=EDGE_CURVE('',#5923,#5931,#5936,.T.);
#5938=ORIENTED_EDGE('',*,*,#5937,.T.);
#5939=CARTESIAN_POINT('',(8.,4.,13.5));
#5940=DIRECTION('',(0.,0.,-1.));
#5941=DIRECTION('',(-1.,0.,0.));
#5942=AXIS2_PLACEMENT_3D('',#5939,#5940,#5941);
#5943=CIRCLE('',#5942,3.025);
#5944=EDGE_CURVE('',#5931,#5418,#5943,.T.);
#5945=ORIENTED_EDGE('',*,*,#5944,.T.);
#5946=ORIENTED_EDGE('',*,*,#5438,.T.);
#5947=ORIENTED_EDGE('',*,*,#5910,.F.);
#5948=ORIENTED_EDGE('',*,*,#5456,.F.);
#5949=ORIENTED_EDGE('',*,*,#1963,.T.);
#5950=CARTESIAN_POINT('',(5.,4.388104367,13.5));
#5951=DIRECTION('',(0.,1.,0.));
#5952=VECTOR('',#5951,2.611895633);
#5953=LINE('',#5950,#5952);
#5954=EDGE_CURVE('',#1949,#1886,#5953,.T.);
#5955=ORIENTED_EDGE('',*,*,#5954,.T.);
#5956=EDGE_LOOP('',(#5921,#5929,#5938,#5945,#5946,#5947,#5948,#5949,#5955));
#5957=FACE_BOUND('',#5956,.T.);
#5958=CARTESIAN_POINT('',(9.4,4.,13.5));
#5959=VERTEX_POINT('',#5958);
#5960=CARTESIAN_POINT('',(8.,5.4,13.5));
#5961=VERTEX_POINT('',#5960);
#5962=CARTESIAN_POINT('',(8.,4.,13.5));
#5963=DIRECTION('',(0.,0.,-1.));
#5964=DIRECTION('',(0.,1.,0.));
#5965=AXIS2_PLACEMENT_3D('',#5962,#5963,#5964);
#5966=CIRCLE('',#5965,1.4);
#5967=EDGE_CURVE('',#5959,#5961,#5966,.T.);
#5968=ORIENTED_EDGE('',*,*,#5967,.F.);
#5969=CARTESIAN_POINT('',(8.,4.,13.5));
#5970=DIRECTION('',(0.,0.,-1.));
#5971=DIRECTION('',(0.,1.,0.));
#5972=AXIS2_PLACEMENT_3D('',#5969,#5970,#5971);
#5973=CIRCLE('',#5972,1.4);
#5974=EDGE_CURVE('',#5961,#5959,#5973,.T.);
#5975=ORIENTED_EDGE('',*,*,#5974,.F.);
#5976=EDGE_LOOP('',(#5968,#5975));
#5977=FACE_BOUND('',#5976,.T.);
#5978=ADVANCED_FACE('',(#5957,#5977),#5920,.T.);
#5979=CARTESIAN_POINT('',(-0.,6.,5.5));
#5980=DIRECTION('',(0.,0.,-1.));
#5981=DIRECTION('',(-1.,0.,0.));
#5982=AXIS2_PLACEMENT_3D('',#5979,#5980,#5981);
#5983=CYLINDRICAL_SURFACE('',#5982,2.5);
#5984=CARTESIAN_POINT('',(-0.,3.5,5.5));
#5985=VERTEX_POINT('',#5984);
#5986=CARTESIAN_POINT('',(-0.,3.5,5.5));
#5987=DIRECTION('',(0.,0.,-1.));
#5988=VECTOR('',#5987,8.);
#5989=LINE('',#5986,#5988);
#5990=EDGE_CURVE('',#5985,#461,#5989,.T.);
#5991=ORIENTED_EDGE('',*,*,#5990,.T.);
#5992=ORIENTED_EDGE('',*,*,#640,.F.);
#5993=CARTESIAN_POINT('',(2.5,6.,5.5));
#5994=VERTEX_POINT('',#5993);
#5995=CARTESIAN_POINT('',(2.5,6.,-2.5));
#5996=DIRECTION('',(-0.,-0.,1.));
#5997=VECTOR('',#5996,8.);
#5998=LINE('',#5995,#5997);
#5999=EDGE_CURVE('',#627,#5994,#5998,.T.);
#6000=ORIENTED_EDGE('',*,*,#5999,.T.);
#6001=CARTESIAN_POINT('',(-0.,6.,5.5));
#6002=DIRECTION('',(0.,0.,-1.));
#6003=DIRECTION('',(-0.,1.,0.));
#6004=AXIS2_PLACEMENT_3D('',#6001,#6002,#6003);
#6005=CIRCLE('',#6004,2.5);
#6006=EDGE_CURVE('',#5994,#5985,#6005,.T.);
#6007=ORIENTED_EDGE('',*,*,#6006,.T.);
#6008=EDGE_LOOP('',(#5991,#5992,#6000,#6007));
#6009=FACE_BOUND('',#6008,.T.);
#6010=ADVANCED_FACE('',(#6009),#5983,.T.);
#6011=CARTESIAN_POINT('',(-0.,6.,5.5));
#6012=DIRECTION('',(0.,0.,-1.));
#6013=DIRECTION('',(-1.,0.,0.));
#6014=AXIS2_PLACEMENT_3D('',#6011,#6012,#6013);
#6015=CYLINDRICAL_SURFACE('',#6014,1.3);
#6016=CARTESIAN_POINT('',(-1.3,6.,5.5));
#6017=VERTEX_POINT('',#6016);
#6018=CARTESIAN_POINT('',(-1.3,6.,-2.5));
#6019=DIRECTION('',(-0.,-0.,1.));
#6020=VECTOR('',#6019,8.);
#6021=LINE('',#6018,#6020);
#6022=EDGE_CURVE('',#398,#6017,#6021,.T.);
#6023=ORIENTED_EDGE('',*,*,#6022,.F.);
#6024=ORIENTED_EDGE('',*,*,#404,.T.);
#6025=ORIENTED_EDGE('',*,*,#72,.F.);
#6026=CARTESIAN_POINT('',(-0.,6.,5.5));
#6027=DIRECTION('',(0.,0.,-1.));
#6028=DIRECTION('',(-1.,0.,0.));
#6029=AXIS2_PLACEMENT_3D('',#6026,#6027,#6028);
#6030=CIRCLE('',#6029,1.3);
#6031=EDGE_CURVE('',#6017,#59,#6030,.T.);
#6032=ORIENTED_EDGE('',*,*,#6031,.F.);
#6033=EDGE_LOOP('',(#6023,#6024,#6025,#6032));
#6034=FACE_BOUND('',#6033,.T.);
#6035=ADVANCED_FACE('',(#6034),#6015,.F.);
#6036=CARTESIAN_POINT('',(0.,0.,5.5));
#6037=DIRECTION('',(0.,0.,-1.));
#6038=DIRECTION('',(0.,1.,0.));
#6039=AXIS2_PLACEMENT_3D('',#6036,#6037,#6038);
#6040=PLANE('',#6039);
#6041=ORIENTED_EDGE('',*,*,#1922,.T.);
#6042=CARTESIAN_POINT('',(-0.,6.,5.5));
#6043=DIRECTION('',(0.,0.,-1.));
#6044=DIRECTION('',(-1.,0.,0.));
#6045=AXIS2_PLACEMENT_3D('',#6042,#6043,#6044);
#6046=CIRCLE('',#6045,1.3);
#6047=EDGE_CURVE('',#1911,#51,#6046,.T.);
#6048=ORIENTED_EDGE('',*,*,#6047,.T.);
#6049=ORIENTED_EDGE('',*,*,#56,.F.);
#6050=CARTESIAN_POINT('',(-0.,2.5,5.5));
#6051=DIRECTION('',(0.,0.,-1.));
#6052=DIRECTION('',(-1.,0.,0.));
#6053=AXIS2_PLACEMENT_3D('',#6050,#6051,#6052);
#6054=CIRCLE('',#6053,1.);
#6055=EDGE_CURVE('',#43,#5985,#6054,.T.);
#6056=ORIENTED_EDGE('',*,*,#6055,.T.);
#6057=ORIENTED_EDGE('',*,*,#6006,.F.);
#6058=CARTESIAN_POINT('',(3.5,6.,5.5));
#6059=DIRECTION('',(0.,0.,-1.));
#6060=DIRECTION('',(-1.,0.,0.));
#6061=AXIS2_PLACEMENT_3D('',#6058,#6059,#6060);
#6062=CIRCLE('',#6061,1.);
#6063=EDGE_CURVE('',#5994,#1790,#6062,.T.);
#6064=ORIENTED_EDGE('',*,*,#6063,.T.);
#6065=EDGE_LOOP('',(#6041,#6048,#6049,#6056,#6057,#6064));
#6066=FACE_BOUND('',#6065,.T.);
#6067=ADVANCED_FACE('',(#6066),#6040,.F.);
#6068=CARTESIAN_POINT('',(62.4,6.,5.5));
#6069=DIRECTION('',(0.,0.,-1.));
#6070=DIRECTION('',(-1.,0.,0.));
#6071=AXIS2_PLACEMENT_3D('',#6068,#6069,#6070);
#6072=CYLINDRICAL_SURFACE('',#6071,1.3);
#6073=CARTESIAN_POINT('',(61.1,6.,5.5));
#6074=VERTEX_POINT('',#6073);
#6075=CARTESIAN_POINT('',(61.1,6.,-2.5));
#6076=DIRECTION('',(-0.,-0.,1.));
#6077=VECTOR('',#6076,8.);
#6078=LINE('',#6075,#6077);
#6079=EDGE_CURVE('',#435,#6074,#6078,.T.);
#6080=ORIENTED_EDGE('',*,*,#6079,.F.);
#6081=ORIENTED_EDGE('',*,*,#441,.T.);
#6082=ORIENTED_EDGE('',*,*,#1826,.F.);
#6083=CARTESIAN_POINT('',(62.4,6.,5.5));
#6084=DIRECTION('',(0.,0.,-1.));
#6085=DIRECTION('',(-1.,0.,0.));
#6086=AXIS2_PLACEMENT_3D('',#6083,#6084,#6085);
#6087=CIRCLE('',#6086,1.3);
#6088=EDGE_CURVE('',#1807,#1815,#6087,.T.);
#6089=ORIENTED_EDGE('',*,*,#6088,.F.);
#6090=CARTESIAN_POINT('',(62.4,6.,5.5));
#6091=DIRECTION('',(0.,0.,-1.));
#6092=DIRECTION('',(-1.,0.,0.));
#6093=AXIS2_PLACEMENT_3D('',#6090,#6091,#6092);
#6094=CIRCLE('',#6093,1.3);
#6095=EDGE_CURVE('',#6074,#1807,#6094,.T.);
#6096=ORIENTED_EDGE('',*,*,#6095,.F.);
#6097=EDGE_LOOP('',(#6080,#6081,#6082,#6089,#6096));
#6098=FACE_BOUND('',#6097,.T.);
#6099=ADVANCED_FACE('',(#6098),#6072,.F.);
#6100=CARTESIAN_POINT('',(62.4,6.,5.5));
#6101=DIRECTION('',(0.,0.,-1.));
#6102=DIRECTION('',(-1.,0.,0.));
#6103=AXIS2_PLACEMENT_3D('',#6100,#6101,#6102);
#6104=CYLINDRICAL_SURFACE('',#6103,2.5);
#6105=CARTESIAN_POINT('',(59.9,6.,5.5));
#6106=VERTEX_POINT('',#6105);
#6107=CARTESIAN_POINT('',(59.9,6.,5.5));
#6108=DIRECTION('',(0.,0.,-1.));
#6109=VECTOR('',#6108,8.);
#6110=LINE('',#6107,#6109);
#6111=EDGE_CURVE('',#6106,#601,#6110,.T.);
#6112=ORIENTED_EDGE('',*,*,#6111,.T.);
#6113=ORIENTED_EDGE('',*,*,#607,.F.);
#6114=CARTESIAN_POINT('',(62.4,3.5,5.5));
#6115=VERTEX_POINT('',#6114);
#6116=CARTESIAN_POINT('',(62.4,3.5,-2.5));
#6117=DIRECTION('',(-0.,-0.,1.));
#6118=VECTOR('',#6117,8.);
#6119=LINE('',#6116,#6118);
#6120=EDGE_CURVE('',#592,#6115,#6119,.T.);
#6121=ORIENTED_EDGE('',*,*,#6120,.T.);
#6122=CARTESIAN_POINT('',(62.4,6.,5.5));
#6123=DIRECTION('',(0.,0.,-1.));
#6124=DIRECTION('',(0.,1.,0.));
#6125=AXIS2_PLACEMENT_3D('',#6122,#6123,#6124);
#6126=CIRCLE('',#6125,2.5);
#6127=EDGE_CURVE('',#6115,#6106,#6126,.T.);
#6128=ORIENTED_EDGE('',*,*,#6127,.T.);
#6129=EDGE_LOOP('',(#6112,#6113,#6121,#6128));
#6130=FACE_BOUND('',#6129,.T.);
#6131=ADVANCED_FACE('',(#6130),#6104,.T.);
#6132=CARTESIAN_POINT('',(0.,0.,5.5));
#6133=DIRECTION('',(0.,0.,-1.));
#6134=DIRECTION('',(0.,1.,0.));
#6135=AXIS2_PLACEMENT_3D('',#6132,#6133,#6134);
#6136=PLANE('',#6135);
#6137=ORIENTED_EDGE('',*,*,#1812,.T.);
#6138=CARTESIAN_POINT('',(58.9,6.,5.5));
#6139=DIRECTION('',(0.,0.,-1.));
#6140=DIRECTION('',(-1.,0.,0.));
#6141=AXIS2_PLACEMENT_3D('',#6138,#6139,#6140);
#6142=CIRCLE('',#6141,1.);
#6143=EDGE_CURVE('',#1799,#6106,#6142,.T.);
#6144=ORIENTED_EDGE('',*,*,#6143,.T.);
#6145=ORIENTED_EDGE('',*,*,#6127,.F.);
#6146=CARTESIAN_POINT('',(62.4,2.5,5.5));
#6147=DIRECTION('',(0.,0.,-1.));
#6148=DIRECTION('',(-1.,0.,0.));
#6149=AXIS2_PLACEMENT_3D('',#6146,#6147,#6148);
#6150=CIRCLE('',#6149,1.);
#6151=EDGE_CURVE('',#6115,#1432,#6150,.T.);
#6152=ORIENTED_EDGE('',*,*,#6151,.T.);
#6153=ORIENTED_EDGE('',*,*,#1437,.F.);
#6154=CARTESIAN_POINT('',(62.4,6.,5.5));
#6155=DIRECTION('',(0.,0.,-1.));
#6156=DIRECTION('',(-1.,0.,0.));
#6157=AXIS2_PLACEMENT_3D('',#6154,#6155,#6156);
#6158=CIRCLE('',#6157,1.3);
#6159=EDGE_CURVE('',#1424,#6074,#6158,.T.);
#6160=ORIENTED_EDGE('',*,*,#6159,.T.);
#6161=ORIENTED_EDGE('',*,*,#6095,.T.);
#6162=EDGE_LOOP('',(#6137,#6144,#6145,#6152,#6153,#6160,#6161));
#6163=FACE_BOUND('',#6162,.T.);
#6164=ADVANCED_FACE('',(#6163),#6136,.F.);
#6165=CARTESIAN_POINT('',(58.9,6.,5.5));
#6166=DIRECTION('',(0.,0.,-1.));
#6167=DIRECTION('',(-1.,0.,0.));
#6168=AXIS2_PLACEMENT_3D('',#6165,#6166,#6167);
#6169=CYLINDRICAL_SURFACE('',#6168,1.);
#6170=ORIENTED_EDGE('',*,*,#1804,.F.);
#6171=ORIENTED_EDGE('',*,*,#616,.T.);
#6172=ORIENTED_EDGE('',*,*,#6111,.F.);
#6173=ORIENTED_EDGE('',*,*,#6143,.F.);
#6174=EDGE_LOOP('',(#6170,#6171,#6172,#6173));
#6175=FACE_BOUND('',#6174,.T.);
#6176=ADVANCED_FACE('',(#6175),#6169,.F.);
#6177=CARTESIAN_POINT('',(62.4,2.5,5.5));
#6178=DIRECTION('',(0.,0.,-1.));
#6179=DIRECTION('',(-1.,0.,0.));
#6180=AXIS2_PLACEMENT_3D('',#6177,#6178,#6179);
#6181=CYLINDRICAL_SURFACE('',#6180,1.);
#6182=ORIENTED_EDGE('',*,*,#6120,.F.);
#6183=ORIENTED_EDGE('',*,*,#598,.T.);
#6184=ORIENTED_EDGE('',*,*,#1443,.F.);
#6185=ORIENTED_EDGE('',*,*,#6151,.F.);
#6186=EDGE_LOOP('',(#6182,#6183,#6184,#6185));
#6187=FACE_BOUND('',#6186,.T.);
#6188=ADVANCED_FACE('',(#6187),#6181,.F.);
#6189=CARTESIAN_POINT('',(-0.,2.5,5.5));
#6190=DIRECTION('',(0.,0.,-1.));
#6191=DIRECTION('',(-1.,0.,0.));
#6192=AXIS2_PLACEMENT_3D('',#6189,#6190,#6191);
#6193=CYLINDRICAL_SURFACE('',#6192,1.);
#6194=ORIENTED_EDGE('',*,*,#48,.F.);
#6195=ORIENTED_EDGE('',*,*,#467,.T.);
#6196=ORIENTED_EDGE('',*,*,#5990,.F.);
#6197=ORIENTED_EDGE('',*,*,#6055,.F.);
#6198=EDGE_LOOP('',(#6194,#6195,#6196,#6197));
#6199=FACE_BOUND('',#6198,.T.);
#6200=ADVANCED_FACE('',(#6199),#6193,.F.);
#6201=CARTESIAN_POINT('',(3.5,6.,5.5));
#6202=DIRECTION('',(0.,0.,-1.));
#6203=DIRECTION('',(-1.,0.,0.));
#6204=AXIS2_PLACEMENT_3D('',#6201,#6202,#6203);
#6205=CYLINDRICAL_SURFACE('',#6204,1.);
#6206=ORIENTED_EDGE('',*,*,#5999,.F.);
#6207=ORIENTED_EDGE('',*,*,#633,.T.);
#6208=ORIENTED_EDGE('',*,*,#1795,.F.);
#6209=ORIENTED_EDGE('',*,*,#6063,.F.);
#6210=EDGE_LOOP('',(#6206,#6207,#6208,#6209));
#6211=FACE_BOUND('',#6210,.T.);
#6212=ADVANCED_FACE('',(#6211),#6205,.F.);
#6213=CARTESIAN_POINT('',(0.,0.,5.5));
#6214=DIRECTION('',(0.,0.,-1.));
#6215=DIRECTION('',(0.,1.,0.));
#6216=AXIS2_PLACEMENT_3D('',#6213,#6214,#6215);
#6217=PLANE('',#6216);
#6218=CARTESIAN_POINT('',(-0.,6.,5.5));
#6219=DIRECTION('',(0.,0.,-1.));
#6220=DIRECTION('',(-1.,0.,0.));
#6221=AXIS2_PLACEMENT_3D('',#6218,#6219,#6220);
#6222=CIRCLE('',#6221,1.3);
#6223=EDGE_CURVE('',#1903,#1911,#6222,.T.);
#6224=ORIENTED_EDGE('',*,*,#6223,.T.);
#6225=ORIENTED_EDGE('',*,*,#1916,.T.);
#6226=EDGE_LOOP('',(#6224,#6225));
#6227=FACE_BOUND('',#6226,.T.);
#6228=ADVANCED_FACE('',(#6227),#6217,.T.);
#6229=CARTESIAN_POINT('',(0.,0.,5.5));
#6230=DIRECTION('',(0.,0.,-1.));
#6231=DIRECTION('',(0.,1.,0.));
#6232=AXIS2_PLACEMENT_3D('',#6229,#6230,#6231);
#6233=PLANE('',#6232);
#6234=ORIENTED_EDGE('',*,*,#64,.F.);
#6235=CARTESIAN_POINT('',(-0.,6.,5.5));
#6236=DIRECTION('',(0.,0.,-1.));
#6237=DIRECTION('',(-1.,0.,0.));
#6238=AXIS2_PLACEMENT_3D('',#6235,#6236,#6237);
#6239=CIRCLE('',#6238,1.3);
#6240=EDGE_CURVE('',#51,#6017,#6239,.T.);
#6241=ORIENTED_EDGE('',*,*,#6240,.T.);
#6242=ORIENTED_EDGE('',*,*,#6031,.T.);
#6243=EDGE_LOOP('',(#6234,#6241,#6242));
#6244=FACE_BOUND('',#6243,.T.);
#6245=ADVANCED_FACE('',(#6244),#6233,.T.);
#6246=CARTESIAN_POINT('',(0.,0.,5.5));
#6247=DIRECTION('',(0.,0.,-1.));
#6248=DIRECTION('',(0.,1.,0.));
#6249=AXIS2_PLACEMENT_3D('',#6246,#6247,#6248);
#6250=PLANE('',#6249);
#6251=ORIENTED_EDGE('',*,*,#1429,.F.);
#6252=CARTESIAN_POINT('',(62.4,6.,5.5));
#6253=DIRECTION('',(0.,0.,-1.));
#6254=DIRECTION('',(-1.,0.,0.));
#6255=AXIS2_PLACEMENT_3D('',#6252,#6253,#6254);
#6256=CIRCLE('',#6255,1.3);
#6257=EDGE_CURVE('',#1416,#1424,#6256,.T.);
#6258=ORIENTED_EDGE('',*,*,#6257,.T.);
#6259=EDGE_LOOP('',(#6251,#6258));
#6260=FACE_BOUND('',#6259,.T.);
#6261=ADVANCED_FACE('',(#6260),#6250,.T.);
#6262=CARTESIAN_POINT('',(0.,0.,5.5));
#6263=DIRECTION('',(0.,0.,-1.));
#6264=DIRECTION('',(0.,1.,0.));
#6265=AXIS2_PLACEMENT_3D('',#6262,#6263,#6264);
#6266=PLANE('',#6265);
#6267=ORIENTED_EDGE('',*,*,#6088,.T.);
#6268=ORIENTED_EDGE('',*,*,#1820,.T.);
#6269=EDGE_LOOP('',(#6267,#6268));
#6270=FACE_BOUND('',#6269,.T.);
#6271=ADVANCED_FACE('',(#6270),#6266,.T.);
#6272=CARTESIAN_POINT('',(48.,4.,13.5));
#6273=DIRECTION('',(0.,0.,1.));
#6274=DIRECTION('',(1.,0.,-0.));
#6275=AXIS2_PLACEMENT_3D('',#6272,#6273,#6274);
#6276=CYLINDRICAL_SURFACE('',#6275,3.025);
#6277=CARTESIAN_POINT('',(51.025,4.,16.5));
#6278=DIRECTION('',(-0.,-0.,-1.));
#6279=VECTOR('',#6278,3.);
#6280=LINE('',#6277,#6279);
#6281=EDGE_CURVE('',#1695,#5851,#6280,.T.);
#6282=ORIENTED_EDGE('',*,*,#6281,.T.);
#6283=ORIENTED_EDGE('',*,*,#5857,.F.);
#6284=CARTESIAN_POINT('',(51.,4.388104367,13.5));
#6285=DIRECTION('',(0.,0.,1.));
#6286=VECTOR('',#6285,3.);
#6287=LINE('',#6284,#6286);
#6288=EDGE_CURVE('',#5843,#1704,#6287,.T.);
#6289=ORIENTED_EDGE('',*,*,#6288,.T.);
#6290=ORIENTED_EDGE('',*,*,#1710,.T.);
#6291=EDGE_LOOP('',(#6282,#6283,#6289,#6290));
#6292=FACE_BOUND('',#6291,.T.);
#6293=ADVANCED_FACE('',(#6292),#6276,.T.);
#6294=CARTESIAN_POINT('',(-0.6,-19.35,18.5));
#6295=DIRECTION('',(0.,0.,1.));
#6296=DIRECTION('',(1.,0.,0.));
#6297=AXIS2_PLACEMENT_3D('',#6294,#6295,#6296);
#6298=PLANE('',#6297);
#6299=CARTESIAN_POINT('',(49.4,4.,18.5));
#6300=VERTEX_POINT('',#6299);
#6301=CARTESIAN_POINT('',(48.,4.,18.5));
#6302=DIRECTION('',(-0.,-0.,-1.));
#6303=DIRECTION('',(1.,0.,-0.));
#6304=AXIS2_PLACEMENT_3D('',#6301,#6302,#6303);
#6305=CIRCLE('',#6304,1.4);
#6306=EDGE_CURVE('',#6300,#6300,#6305,.T.);
#6307=ORIENTED_EDGE('',*,*,#6306,.T.);
#6308=EDGE_LOOP('',(#6307));
#6309=FACE_BOUND('',#6308,.T.);
#6310=ADVANCED_FACE('',(#6309),#6298,.F.);
#6311=CARTESIAN_POINT('',(48.,4.,13.5));
#6312=DIRECTION('',(0.,0.,1.));
#6313=DIRECTION('',(1.,0.,-0.));
#6314=AXIS2_PLACEMENT_3D('',#6311,#6312,#6313);
#6315=CYLINDRICAL_SURFACE('',#6314,1.4);
#6316=CARTESIAN_POINT('',(49.4,4.,18.5));
#6317=DIRECTION('',(-0.,-0.,-1.));
#6318=VECTOR('',#6317,5.);
#6319=LINE('',#6316,#6318);
#6320=EDGE_CURVE('',#6300,#5879,#6319,.T.);
#6321=ORIENTED_EDGE('',*,*,#6320,.F.);
#6322=ORIENTED_EDGE('',*,*,#6306,.F.);
#6323=ORIENTED_EDGE('',*,*,#6320,.T.);
#6324=ORIENTED_EDGE('',*,*,#5887,.T.);
#6325=ORIENTED_EDGE('',*,*,#5894,.T.);
#6326=EDGE_LOOP('',(#6321,#6322,#6323,#6324,#6325));
#6327=FACE_BOUND('',#6326,.T.);
#6328=ADVANCED_FACE('',(#6327),#6315,.F.);
#6329=CARTESIAN_POINT('',(8.,4.,13.5));
#6330=DIRECTION('',(0.,0.,1.));
#6331=DIRECTION('',(1.,0.,-0.));
#6332=AXIS2_PLACEMENT_3D('',#6329,#6330,#6331);
#6333=CYLINDRICAL_SURFACE('',#6332,3.025);
#6334=CARTESIAN_POINT('',(11.025,4.,16.5));
#6335=DIRECTION('',(-0.,-0.,-1.));
#6336=VECTOR('',#6335,3.);
#6337=LINE('',#6334,#6336);
#6338=EDGE_CURVE('',#1588,#5931,#6337,.T.);
#6339=ORIENTED_EDGE('',*,*,#6338,.T.);
#6340=ORIENTED_EDGE('',*,*,#5937,.F.);
#6341=CARTESIAN_POINT('',(11.,4.388104367,13.5));
#6342=DIRECTION('',(0.,0.,1.));
#6343=VECTOR('',#6342,3.);
#6344=LINE('',#6341,#6343);
#6345=EDGE_CURVE('',#5923,#1597,#6344,.T.);
#6346=ORIENTED_EDGE('',*,*,#6345,.T.);
#6347=ORIENTED_EDGE('',*,*,#1603,.T.);
#6348=EDGE_LOOP('',(#6339,#6340,#6346,#6347));
#6349=FACE_BOUND('',#6348,.T.);
#6350=ADVANCED_FACE('',(#6349),#6333,.T.);
#6351=CARTESIAN_POINT('',(-0.6,-19.35,18.5));
#6352=DIRECTION('',(0.,0.,1.));
#6353=DIRECTION('',(1.,0.,0.));
#6354=AXIS2_PLACEMENT_3D('',#6351,#6352,#6353);
#6355=PLANE('',#6354);
#6356=CARTESIAN_POINT('',(9.4,4.,18.5));
#6357=VERTEX_POINT('',#6356);
#6358=CARTESIAN_POINT('',(8.,4.,18.5));
#6359=DIRECTION('',(-0.,-0.,-1.));
#6360=DIRECTION('',(1.,0.,-0.));
#6361=AXIS2_PLACEMENT_3D('',#6358,#6359,#6360);
#6362=CIRCLE('',#6361,1.4);
#6363=EDGE_CURVE('',#6357,#6357,#6362,.T.);
#6364=ORIENTED_EDGE('',*,*,#6363,.T.);
#6365=EDGE_LOOP('',(#6364));
#6366=FACE_BOUND('',#6365,.T.);
#6367=ADVANCED_FACE('',(#6366),#6355,.F.);
#6368=CARTESIAN_POINT('',(8.,4.,13.5));
#6369=DIRECTION('',(0.,0.,1.));
#6370=DIRECTION('',(1.,0.,-0.));
#6371=AXIS2_PLACEMENT_3D('',#6368,#6369,#6370);
#6372=CYLINDRICAL_SURFACE('',#6371,1.4);
#6373=CARTESIAN_POINT('',(9.4,4.,18.5));
#6374=DIRECTION('',(-0.,-0.,-1.));
#6375=VECTOR('',#6374,5.);
#6376=LINE('',#6373,#6375);
#6377=EDGE_CURVE('',#6357,#5959,#6376,.T.);
#6378=ORIENTED_EDGE('',*,*,#6377,.F.);
#6379=ORIENTED_EDGE('',*,*,#6363,.F.);
#6380=ORIENTED_EDGE('',*,*,#6377,.T.);
#6381=ORIENTED_EDGE('',*,*,#5967,.T.);
#6382=ORIENTED_EDGE('',*,*,#5974,.T.);
#6383=EDGE_LOOP('',(#6378,#6379,#6380,#6381,#6382));
#6384=FACE_BOUND('',#6383,.T.);
#6385=ADVANCED_FACE('',(#6384),#6372,.F.);
#6386=CARTESIAN_POINT('',(65.4,-1.8351,6.2862));
#6387=DIRECTION('',(1.,0.,0.));
#6388=DIRECTION('',(0.,0.,-1.));
#6389=AXIS2_PLACEMENT_3D('',#6386,#6387,#6388);
#6390=CONICAL_SURFACE('',#6389,1.8,45.);
#6391=ORIENTED_EDGE('',*,*,#5197,.F.);
#6392=CARTESIAN_POINT('',(64.4,-1.8351,7.0862));
#6393=VERTEX_POINT('',#6392);
#6394=CARTESIAN_POINT('',(65.4,-1.8351,8.0862));
#6395=DIRECTION('',(-0.707106781,0.,-0.707106781));
#6396=VECTOR('',#6395,1.414213562);
#6397=LINE('',#6394,#6396);
#6398=EDGE_CURVE('',#5183,#6393,#6397,.T.);
#6399=ORIENTED_EDGE('',*,*,#6398,.T.);
#6400=CARTESIAN_POINT('',(64.4,-1.8351,6.2862));
#6401=DIRECTION('',(1.,-0.,-0.));
#6402=DIRECTION('',(0.,0.,1.));
#6403=AXIS2_PLACEMENT_3D('',#6400,#6401,#6402);
#6404=CIRCLE('',#6403,0.8);
#6405=EDGE_CURVE('',#5752,#6393,#6404,.T.);
#6406=ORIENTED_EDGE('',*,*,#6405,.F.);
#6407=CARTESIAN_POINT('',(65.4,-0.0351,6.2862));
#6408=DIRECTION('',(-0.707106781,-0.707106781,0.));
#6409=VECTOR('',#6408,1.414213562);
#6410=LINE('',#6407,#6409);
#6411=EDGE_CURVE('',#5191,#5752,#6410,.T.);
#6412=ORIENTED_EDGE('',*,*,#6411,.F.);
#6413=EDGE_LOOP('',(#6391,#6399,#6406,#6412));
#6414=FACE_BOUND('',#6413,.T.);
#6415=ADVANCED_FACE('',(#6414),#6390,.F.);
#6416=CARTESIAN_POINT('',(65.4,-0.0351,2.));
#6417=DIRECTION('',(-0.707106781,0.707106781,0.));
#6418=DIRECTION('',(0.,0.,-1.));
#6419=AXIS2_PLACEMENT_3D('',#6416,#6417,#6418);
#6420=PLANE('',#6419);
#6421=ORIENTED_EDGE('',*,*,#5757,.F.);
#6422=CARTESIAN_POINT('',(64.4,-1.0351,0.0862));
#6423=DIRECTION('',(0.577350269,0.577350269,-0.577350269));
#6424=VECTOR('',#6423,1.732050808);
#6425=LINE('',#6422,#6424);
#6426=EDGE_CURVE('',#5744,#5200,#6425,.T.);
#6427=ORIENTED_EDGE('',*,*,#6426,.T.);
#6428=ORIENTED_EDGE('',*,*,#5205,.F.);
#6429=ORIENTED_EDGE('',*,*,#6411,.T.);
#6430=EDGE_LOOP('',(#6421,#6427,#6428,#6429));
#6431=FACE_BOUND('',#6430,.T.);
#6432=ADVANCED_FACE('',(#6431),#6420,.F.);
#6433=CARTESIAN_POINT('',(63.4,7.,2.));
#6434=DIRECTION('',(0.,0.,-1.));
#6435=DIRECTION('',(-1.,0.,0.));
#6436=AXIS2_PLACEMENT_3D('',#6433,#6434,#6435);
#6437=CYLINDRICAL_SURFACE('',#6436,2.);
#6438=ORIENTED_EDGE('',*,*,#5242,.F.);
#6439=ORIENTED_EDGE('',*,*,#549,.F.);
#6440=ORIENTED_EDGE('',*,*,#5573,.F.);
#6441=ORIENTED_EDGE('',*,*,#5090,.F.);
#6442=EDGE_LOOP('',(#6438,#6439,#6440,#6441));
#6443=FACE_BOUND('',#6442,.T.);
#6444=ADVANCED_FACE('',(#6443),#6437,.T.);
#6445=CARTESIAN_POINT('',(-1.,7.,2.));
#6446=DIRECTION('',(0.,0.,-1.));
#6447=DIRECTION('',(-1.,0.,0.));
#6448=AXIS2_PLACEMENT_3D('',#6445,#6446,#6447);
#6449=CYLINDRICAL_SURFACE('',#6448,2.);
#6450=ORIENTED_EDGE('',*,*,#5603,.F.);
#6451=ORIENTED_EDGE('',*,*,#500,.F.);
#6452=ORIENTED_EDGE('',*,*,#2193,.F.);
#6453=ORIENTED_EDGE('',*,*,#5069,.F.);
#6454=EDGE_LOOP('',(#6450,#6451,#6452,#6453));
#6455=FACE_BOUND('',#6454,.T.);
#6456=ADVANCED_FACE('',(#6455),#6449,.T.);
#6457=CARTESIAN_POINT('',(-0.5,-9.,5.086154543));
#6458=DIRECTION('',(0.,1.,0.));
#6459=DIRECTION('',(0.,0.,1.));
#6460=AXIS2_PLACEMENT_3D('',#6457,#6458,#6459);
#6461=PLANE('',#6460);
#6462=ORIENTED_EDGE('',*,*,#5359,.T.);
#6463=ORIENTED_EDGE('',*,*,#5388,.T.);
#6464=CARTESIAN_POINT('',(-1.,-9.,1.086154543));
#6465=DIRECTION('',(1.,0.,-0.));
#6466=VECTOR('',#6465,1.);
#6467=LINE('',#6464,#6466);
#6468=EDGE_CURVE('',#269,#5377,#6467,.T.);
#6469=ORIENTED_EDGE('',*,*,#6468,.F.);
#6470=ORIENTED_EDGE('',*,*,#274,.F.);
#6471=ORIENTED_EDGE('',*,*,#5405,.T.);
#6472=EDGE_LOOP('',(#6462,#6463,#6469,#6470,#6471));
#6473=FACE_BOUND('',#6472,.T.);
#6474=ADVANCED_FACE('',(#6473),#6461,.T.);
#6475=CARTESIAN_POINT('',(0.,-8.5,0.));
#6476=DIRECTION('',(0.,-1.,0.));
#6477=DIRECTION('',(1.,0.,0.));
#6478=AXIS2_PLACEMENT_3D('',#6475,#6476,#6477);
#6479=PLANE('',#6478);
#6480=ORIENTED_EDGE('',*,*,#5012,.F.);
#6481=ORIENTED_EDGE('',*,*,#4988,.F.);
#6482=ORIENTED_EDGE('',*,*,#4785,.F.);
#6483=ORIENTED_EDGE('',*,*,#1518,.T.);
#6484=EDGE_LOOP('',(#6480,#6481,#6482,#6483));
#6485=FACE_BOUND('',#6484,.T.);
#6486=ADVANCED_FACE('',(#6485),#6479,.T.);
#6487=CARTESIAN_POINT('',(39.444733473,-12.1351,6.2862));
#6488=DIRECTION('',(1.,0.,-0.));
#6489=DIRECTION('',(0.,0.,1.));
#6490=AXIS2_PLACEMENT_3D('',#6487,#6488,#6489);
#6491=CYLINDRICAL_SURFACE('',#6490,0.8);
#6492=CARTESIAN_POINT('',(60.177133473,-12.1351,7.0862));
#6493=VERTEX_POINT('',#6492);
#6494=CARTESIAN_POINT('',(60.177133473,-12.1351,7.0862));
#6495=DIRECTION('',(1.,0.,-0.));
#6496=VECTOR('',#6495,4.222866527);
#6497=LINE('',#6494,#6496);
#6498=EDGE_CURVE('',#6493,#5125,#6497,.T.);
#6499=ORIENTED_EDGE('',*,*,#6498,.T.);
#6500=ORIENTED_EDGE('',*,*,#5131,.T.);
#6501=ORIENTED_EDGE('',*,*,#4557,.F.);
#6502=CARTESIAN_POINT('',(60.177133473,-12.1351,6.2862));
#6503=DIRECTION('',(-1.,-0.,-0.));
#6504=DIRECTION('',(0.,0.,-1.));
#6505=AXIS2_PLACEMENT_3D('',#6502,#6503,#6504);
#6506=CIRCLE('',#6505,0.8);
#6507=EDGE_CURVE('',#4546,#6493,#6506,.T.);
#6508=ORIENTED_EDGE('',*,*,#6507,.T.);
#6509=EDGE_LOOP('',(#6499,#6500,#6501,#6508));
#6510=FACE_BOUND('',#6509,.T.);
#6511=ADVANCED_FACE('',(#6510),#6491,.F.);
#6512=CARTESIAN_POINT('',(71.909533473,-2.73514097,5.386156944));
#6513=DIRECTION('',(-1.,0.,0.));
#6514=DIRECTION('',(0.,0.,1.));
#6515=AXIS2_PLACEMENT_3D('',#6512,#6513,#6514);
#6516=CYLINDRICAL_SURFACE('',#6515,0.8);
#6517=CARTESIAN_POINT('',(60.177133473,-2.73514097,6.186156944));
#6518=VERTEX_POINT('',#6517);
#6519=CARTESIAN_POINT('',(60.177133473,-1.93514097,5.386156944));
#6520=VERTEX_POINT('',#6519);
#6521=CARTESIAN_POINT('',(60.177133473,-2.73514097,5.386156944));
#6522=DIRECTION('',(-1.,-0.,-0.));
#6523=DIRECTION('',(0.,0.,-1.));
#6524=AXIS2_PLACEMENT_3D('',#6521,#6522,#6523);
#6525=CIRCLE('',#6524,0.8);
#6526=EDGE_CURVE('',#6518,#6520,#6525,.T.);
#6527=ORIENTED_EDGE('',*,*,#6526,.F.);
#6528=CARTESIAN_POINT('',(60.177133473,-2.73514097,6.186156944));
#6529=DIRECTION('',(-1.,0.,0.));
#6530=VECTOR('',#6529,1.477133473);
#6531=LINE('',#6528,#6530);
#6532=EDGE_CURVE('',#6518,#4731,#6531,.T.);
#6533=ORIENTED_EDGE('',*,*,#6532,.T.);
#6534=ORIENTED_EDGE('',*,*,#4737,.T.);
#6535=CARTESIAN_POINT('',(60.177133473,-1.93514097,5.386156944));
#6536=DIRECTION('',(-1.,0.,0.));
#6537=VECTOR('',#6536,1.477133473);
#6538=LINE('',#6535,#6537);
#6539=EDGE_CURVE('',#6520,#4723,#6538,.T.);
#6540=ORIENTED_EDGE('',*,*,#6539,.F.);
#6541=EDGE_LOOP('',(#6527,#6533,#6534,#6540));
#6542=FACE_BOUND('',#6541,.T.);
#6543=ADVANCED_FACE('',(#6542),#6516,.F.);
#6544=CARTESIAN_POINT('',(55.677133473,-6.98514097,6.186156944));
#6545=DIRECTION('',(0.,0.,1.));
#6546=DIRECTION('',(0.,1.,0.));
#6547=AXIS2_PLACEMENT_3D('',#6544,#6545,#6546);
#6548=PLANE('',#6547);
#6549=CARTESIAN_POINT('',(60.177133473,-11.23514097,6.186156944));
#6550=VERTEX_POINT('',#6549);
#6551=CARTESIAN_POINT('',(60.177133473,-11.23514097,6.186156944));
#6552=DIRECTION('',(0.,1.,0.));
#6553=VECTOR('',#6552,8.5);
#6554=LINE('',#6551,#6553);
#6555=EDGE_CURVE('',#6550,#6518,#6554,.T.);
#6556=ORIENTED_EDGE('',*,*,#6555,.F.);
#6557=CARTESIAN_POINT('',(58.7,-11.23514097,6.186156944));
#6558=DIRECTION('',(1.,0.,-0.));
#6559=VECTOR('',#6558,1.477133473);
#6560=LINE('',#6557,#6559);
#6561=EDGE_CURVE('',#4740,#6550,#6560,.T.);
#6562=ORIENTED_EDGE('',*,*,#6561,.F.);
#6563=ORIENTED_EDGE('',*,*,#4745,.F.);
#6564=ORIENTED_EDGE('',*,*,#6532,.F.);
#6565=EDGE_LOOP('',(#6556,#6562,#6563,#6564));
#6566=FACE_BOUND('',#6565,.T.);
#6567=ADVANCED_FACE('',(#6566),#6548,.F.);
#6568=CARTESIAN_POINT('',(39.444733473,-11.23514097,5.386156944));
#6569=DIRECTION('',(1.,0.,-0.));
#6570=DIRECTION('',(0.,0.,1.));
#6571=AXIS2_PLACEMENT_3D('',#6568,#6569,#6570);
#6572=CYLINDRICAL_SURFACE('',#6571,0.8);
#6573=CARTESIAN_POINT('',(60.177133473,-12.03514097,5.386156944));
#6574=VERTEX_POINT('',#6573);
#6575=CARTESIAN_POINT('',(60.177133473,-11.23514097,5.386156944));
#6576=DIRECTION('',(-1.,-0.,-0.));
#6577=DIRECTION('',(0.,0.,-1.));
#6578=AXIS2_PLACEMENT_3D('',#6575,#6576,#6577);
#6579=CIRCLE('',#6578,0.8);
#6580=EDGE_CURVE('',#6574,#6550,#6579,.T.);
#6581=ORIENTED_EDGE('',*,*,#6580,.F.);
#6582=CARTESIAN_POINT('',(58.7,-12.03514097,5.386156944));
#6583=DIRECTION('',(1.,0.,-0.));
#6584=VECTOR('',#6583,1.477133473);
#6585=LINE('',#6582,#6584);
#6586=EDGE_CURVE('',#4748,#6574,#6585,.T.);
#6587=ORIENTED_EDGE('',*,*,#6586,.F.);
#6588=ORIENTED_EDGE('',*,*,#4754,.T.);
#6589=ORIENTED_EDGE('',*,*,#6561,.T.);
#6590=EDGE_LOOP('',(#6581,#6587,#6588,#6589));
#6591=FACE_BOUND('',#6590,.T.);
#6592=ADVANCED_FACE('',(#6591),#6572,.F.);
#6593=CARTESIAN_POINT('',(60.177133473,-1.93514097,1.086156944));
#6594=DIRECTION('',(0.,1.,0.));
#6595=DIRECTION('',(-1.,0.,0.));
#6596=AXIS2_PLACEMENT_3D('',#6593,#6594,#6595);
#6597=PLANE('',#6596);
#6598=ORIENTED_EDGE('',*,*,#4728,.F.);
#6599=CARTESIAN_POINT('',(60.177133473,-1.93514097,1.4862));
#6600=VERTEX_POINT('',#6599);
#6601=CARTESIAN_POINT('',(58.7,-1.93514097,1.4862));
#6602=DIRECTION('',(1.,0.,-0.));
#6603=VECTOR('',#6602,1.477133473);
#6604=LINE('',#6601,#6603);
#6605=EDGE_CURVE('',#4715,#6600,#6604,.T.);
#6606=ORIENTED_EDGE('',*,*,#6605,.T.);
#6607=CARTESIAN_POINT('',(60.177133473,-1.93514097,5.386156944));
#6608=DIRECTION('',(0.,0.,-1.));
#6609=VECTOR('',#6608,3.899956944);
#6610=LINE('',#6607,#6609);
#6611=EDGE_CURVE('',#6520,#6600,#6610,.T.);
#6612=ORIENTED_EDGE('',*,*,#6611,.F.);
#6613=ORIENTED_EDGE('',*,*,#6539,.T.);
#6614=EDGE_LOOP('',(#6598,#6606,#6612,#6613));
#6615=FACE_BOUND('',#6614,.T.);
#6616=ADVANCED_FACE('',(#6615),#6597,.F.);
#6617=CARTESIAN_POINT('',(51.177133473,-12.03514097,1.086156944));
#6618=DIRECTION('',(0.,-1.,0.));
#6619=DIRECTION('',(0.,0.,1.));
#6620=AXIS2_PLACEMENT_3D('',#6617,#6618,#6619);
#6621=PLANE('',#6620);
#6622=CARTESIAN_POINT('',(60.177133473,-12.03514097,1.4862));
#6623=VERTEX_POINT('',#6622);
#6624=CARTESIAN_POINT('',(60.177133473,-12.03514097,1.4862));
#6625=DIRECTION('',(0.,0.,1.));
#6626=VECTOR('',#6625,3.899956944);
#6627=LINE('',#6624,#6626);
#6628=EDGE_CURVE('',#6623,#6574,#6627,.T.);
#6629=ORIENTED_EDGE('',*,*,#6628,.F.);
#6630=CARTESIAN_POINT('',(60.177133473,-12.03514097,1.4862));
#6631=DIRECTION('',(-1.,0.,0.));
#6632=VECTOR('',#6631,1.477133473);
#6633=LINE('',#6630,#6632);
#6634=EDGE_CURVE('',#6623,#4757,#6633,.T.);
#6635=ORIENTED_EDGE('',*,*,#6634,.T.);
#6636=ORIENTED_EDGE('',*,*,#4762,.F.);
#6637=ORIENTED_EDGE('',*,*,#6586,.T.);
#6638=EDGE_LOOP('',(#6629,#6635,#6636,#6637));
#6639=FACE_BOUND('',#6638,.T.);
#6640=ADVANCED_FACE('',(#6639),#6621,.F.);
#6641=CARTESIAN_POINT('',(58.4,-6.98514097,8.086156944));
#6642=DIRECTION('',(0.,0.,-1.));
#6643=DIRECTION('',(-1.,0.,0.));
#6644=AXIS2_PLACEMENT_3D('',#6641,#6642,#6643);
#6645=PLANE('',#6644);
#6646=ORIENTED_EDGE('',*,*,#4621,.T.);
#6647=ORIENTED_EDGE('',*,*,#1485,.T.);
#6648=ORIENTED_EDGE('',*,*,#5800,.F.);
#6649=ORIENTED_EDGE('',*,*,#4663,.F.);
#6650=EDGE_LOOP('',(#6646,#6647,#6648,#6649));
#6651=FACE_BOUND('',#6650,.T.);
#6652=ADVANCED_FACE('',(#6651),#6645,.F.);
#6653=CARTESIAN_POINT('',(55.677133473,-6.98514097,7.0862));
#6654=DIRECTION('',(0.,0.,1.));
#6655=DIRECTION('',(0.,1.,0.));
#6656=AXIS2_PLACEMENT_3D('',#6653,#6654,#6655);
#6657=PLANE('',#6656);
#6658=CARTESIAN_POINT('',(60.177133473,-1.8351,7.0862));
#6659=VERTEX_POINT('',#6658);
#6660=CARTESIAN_POINT('',(64.4,-1.8351,7.0862));
#6661=DIRECTION('',(-1.,0.,0.));
#6662=VECTOR('',#6661,4.222866527);
#6663=LINE('',#6660,#6662);
#6664=EDGE_CURVE('',#6393,#6659,#6663,.T.);
#6665=ORIENTED_EDGE('',*,*,#6664,.F.);
#6666=CARTESIAN_POINT('',(64.4,-1.8351,7.0862));
#6667=DIRECTION('',(0.,-1.,0.));
#6668=VECTOR('',#6667,10.3);
#6669=LINE('',#6666,#6668);
#6670=EDGE_CURVE('',#6393,#5125,#6669,.T.);
#6671=ORIENTED_EDGE('',*,*,#6670,.T.);
#6672=ORIENTED_EDGE('',*,*,#6498,.F.);
#6673=CARTESIAN_POINT('',(60.177133473,-12.1351,7.0862));
#6674=DIRECTION('',(0.,1.,0.));
#6675=VECTOR('',#6674,10.3);
#6676=LINE('',#6673,#6675);
#6677=EDGE_CURVE('',#6493,#6659,#6676,.T.);
#6678=ORIENTED_EDGE('',*,*,#6677,.T.);
#6679=EDGE_LOOP('',(#6665,#6671,#6672,#6678));
#6680=FACE_BOUND('',#6679,.T.);
#6681=ADVANCED_FACE('',(#6680),#6657,.F.);
#6682=CARTESIAN_POINT('',(65.4,-20.35,8.0862));
#6683=DIRECTION('',(-0.707106781,0.,0.707106781));
#6684=DIRECTION('',(0.,1.,0.));
#6685=AXIS2_PLACEMENT_3D('',#6682,#6683,#6684);
#6686=PLANE('',#6685);
#6687=ORIENTED_EDGE('',*,*,#5139,.T.);
#6688=ORIENTED_EDGE('',*,*,#6670,.F.);
#6689=ORIENTED_EDGE('',*,*,#6398,.F.);
#6690=ORIENTED_EDGE('',*,*,#5188,.F.);
#6691=EDGE_LOOP('',(#6687,#6688,#6689,#6690));
#6692=FACE_BOUND('',#6691,.T.);
#6693=ADVANCED_FACE('',(#6692),#6686,.F.);
#6694=CARTESIAN_POINT('',(71.909533473,-1.8351,6.2862));
#6695=DIRECTION('',(-1.,0.,0.));
#6696=DIRECTION('',(0.,0.,1.));
#6697=AXIS2_PLACEMENT_3D('',#6694,#6695,#6696);
#6698=CYLINDRICAL_SURFACE('',#6697,0.8);
#6699=ORIENTED_EDGE('',*,*,#5763,.F.);
#6700=ORIENTED_EDGE('',*,*,#6405,.T.);
#6701=ORIENTED_EDGE('',*,*,#6664,.T.);
#6702=CARTESIAN_POINT('',(60.177133473,-1.8351,6.2862));
#6703=DIRECTION('',(-1.,-0.,-0.));
#6704=DIRECTION('',(0.,0.,-1.));
#6705=AXIS2_PLACEMENT_3D('',#6702,#6703,#6704);
#6706=CIRCLE('',#6705,0.8);
#6707=EDGE_CURVE('',#6659,#5734,#6706,.T.);
#6708=ORIENTED_EDGE('',*,*,#6707,.T.);
#6709=EDGE_LOOP('',(#6699,#6700,#6701,#6708));
#6710=FACE_BOUND('',#6709,.T.);
#6711=ADVANCED_FACE('',(#6710),#6698,.F.);
#6712=CARTESIAN_POINT('',(60.177133473,-11.93514097,1.086156944));
#6713=DIRECTION('',(1.,0.,0.));
#6714=DIRECTION('',(0.,0.,-1.));
#6715=AXIS2_PLACEMENT_3D('',#6712,#6713,#6714);
#6716=PLANE('',#6715);
#6717=CARTESIAN_POINT('',(60.177133473,-1.03514097,0.0862));
#6718=VERTEX_POINT('',#6717);
#6719=CARTESIAN_POINT('',(60.177133473,-1.03514097,1.4862));
#6720=VERTEX_POINT('',#6719);
#6721=CARTESIAN_POINT('',(60.177133473,-1.03514097,0.0862));
#6722=DIRECTION('',(0.,0.,1.));
#6723=VECTOR('',#6722,1.4);
#6724=LINE('',#6721,#6723);
#6725=EDGE_CURVE('',#6718,#6720,#6724,.T.);
#6726=ORIENTED_EDGE('',*,*,#6725,.F.);
#6727=CARTESIAN_POINT('',(60.177133473,-1.03514097,0.0862));
#6728=DIRECTION('',(0.,1.,0.));
#6729=VECTOR('',#6728,0.00004097);
#6730=LINE('',#6727,#6729);
#6731=EDGE_CURVE('',#6718,#5736,#6730,.T.);
#6732=ORIENTED_EDGE('',*,*,#6731,.T.);
#6733=ORIENTED_EDGE('',*,*,#5741,.F.);
#6734=ORIENTED_EDGE('',*,*,#6707,.F.);
#6735=ORIENTED_EDGE('',*,*,#6677,.F.);
#6736=ORIENTED_EDGE('',*,*,#6507,.F.);
#6737=ORIENTED_EDGE('',*,*,#4551,.F.);
#6738=CARTESIAN_POINT('',(60.177133473,-12.03514097,1.4862));
#6739=DIRECTION('',(0.,-1.,0.));
#6740=VECTOR('',#6739,0.89995903);
#6741=LINE('',#6738,#6740);
#6742=EDGE_CURVE('',#6623,#4538,#6741,.T.);
#6743=ORIENTED_EDGE('',*,*,#6742,.F.);
#6744=ORIENTED_EDGE('',*,*,#6628,.T.);
#6745=ORIENTED_EDGE('',*,*,#6580,.T.);
#6746=ORIENTED_EDGE('',*,*,#6555,.T.);
#6747=ORIENTED_EDGE('',*,*,#6526,.T.);
#6748=ORIENTED_EDGE('',*,*,#6611,.T.);
#6749=CARTESIAN_POINT('',(60.177133473,-1.03514097,1.4862));
#6750=DIRECTION('',(0.,-1.,0.));
#6751=VECTOR('',#6750,0.9);
#6752=LINE('',#6749,#6751);
#6753=EDGE_CURVE('',#6720,#6600,#6752,.T.);
#6754=ORIENTED_EDGE('',*,*,#6753,.F.);
#6755=EDGE_LOOP('',(#6726,#6732,#6733,#6734,#6735,#6736,#6737,#6743,#6744,#6745,#6746,#6747,#6748,#6754));
#6756=FACE_BOUND('',#6755,.T.);
#6757=ADVANCED_FACE('',(#6756),#6716,.T.);
#6758=CARTESIAN_POINT('',(22.,-44.3,13.5));
#6759=DIRECTION('',(-1.,0.,0.));
#6760=DIRECTION('',(0.,0.,1.));
#6761=AXIS2_PLACEMENT_3D('',#6758,#6759,#6760);
#6762=PLANE('',#6761);
#6763=ORIENTED_EDGE('',*,*,#1757,.T.);
#6764=ORIENTED_EDGE('',*,*,#1091,.F.);
#6765=CARTESIAN_POINT('',(22.,-42.7,13.5));
#6766=VERTEX_POINT('',#6765);
#6767=CARTESIAN_POINT('',(22.,-42.7,13.5));
#6768=DIRECTION('',(0.,-1.,0.));
#6769=VECTOR('',#6768,3.);
#6770=LINE('',#6767,#6769);
#6771=EDGE_CURVE('',#6766,#1078,#6770,.T.);
#6772=ORIENTED_EDGE('',*,*,#6771,.F.);
#6773=CARTESIAN_POINT('',(22.,-42.7,13.5));
#6774=DIRECTION('',(0.,0.,1.));
#6775=VECTOR('',#6774,3.);
#6776=LINE('',#6773,#6775);
#6777=EDGE_CURVE('',#6766,#1752,#6776,.T.);
#6778=ORIENTED_EDGE('',*,*,#6777,.T.);
#6779=EDGE_LOOP('',(#6763,#6764,#6772,#6778));
#6780=FACE_BOUND('',#6779,.T.);
#6781=ADVANCED_FACE('',(#6780),#6762,.F.);
#6782=CARTESIAN_POINT('',(10.,-44.3,13.5));
#6783=DIRECTION('',(-1.,0.,0.));
#6784=DIRECTION('',(0.,0.,1.));
#6785=AXIS2_PLACEMENT_3D('',#6782,#6783,#6784);
#6786=PLANE('',#6785);
#6787=ORIENTED_EDGE('',*,*,#1771,.F.);
#6788=CARTESIAN_POINT('',(10.,-42.7,13.5));
#6789=VERTEX_POINT('',#6788);
#6790=CARTESIAN_POINT('',(10.,-42.7,13.5));
#6791=DIRECTION('',(0.,0.,1.));
#6792=VECTOR('',#6791,3.);
#6793=LINE('',#6790,#6792);
#6794=EDGE_CURVE('',#6789,#1760,#6793,.T.);
#6795=ORIENTED_EDGE('',*,*,#6794,.F.);
#6796=CARTESIAN_POINT('',(10.,-42.7,13.5));
#6797=DIRECTION('',(0.,-1.,0.));
#6798=VECTOR('',#6797,3.);
#6799=LINE('',#6796,#6798);
#6800=EDGE_CURVE('',#6789,#1070,#6799,.T.);
#6801=ORIENTED_EDGE('',*,*,#6800,.T.);
#6802=ORIENTED_EDGE('',*,*,#1075,.T.);
#6803=EDGE_LOOP('',(#6787,#6795,#6801,#6802));
#6804=FACE_BOUND('',#6803,.T.);
#6805=ADVANCED_FACE('',(#6804),#6786,.T.);
#6806=CARTESIAN_POINT('',(16.,-42.7,13.5));
#6807=DIRECTION('',(0.,1.,0.));
#6808=DIRECTION('',(0.,0.,1.));
#6809=AXIS2_PLACEMENT_3D('',#6806,#6807,#6808);
#6810=PLANE('',#6809);
#6811=ORIENTED_EDGE('',*,*,#1765,.F.);
#6812=ORIENTED_EDGE('',*,*,#6777,.F.);
#6813=CARTESIAN_POINT('',(22.,-42.7,13.5));
#6814=DIRECTION('',(-1.,0.,0.));
#6815=VECTOR('',#6814,12.);
#6816=LINE('',#6813,#6815);
#6817=EDGE_CURVE('',#6766,#6789,#6816,.T.);
#6818=ORIENTED_EDGE('',*,*,#6817,.T.);
#6819=ORIENTED_EDGE('',*,*,#6794,.T.);
#6820=EDGE_LOOP('',(#6811,#6812,#6818,#6819));
#6821=FACE_BOUND('',#6820,.T.);
#6822=ADVANCED_FACE('',(#6821),#6810,.T.);
#6823=CARTESIAN_POINT('',(0.,0.,13.5));
#6824=DIRECTION('',(0.,0.,-1.));
#6825=DIRECTION('',(-1.,0.,0.));
#6826=AXIS2_PLACEMENT_3D('',#6823,#6824,#6825);
#6827=PLANE('',#6826);
#6828=ORIENTED_EDGE('',*,*,#6771,.T.);
#6829=ORIENTED_EDGE('',*,*,#1083,.T.);
#6830=ORIENTED_EDGE('',*,*,#6800,.F.);
#6831=ORIENTED_EDGE('',*,*,#6817,.F.);
#6832=EDGE_LOOP('',(#6828,#6829,#6830,#6831));
#6833=FACE_BOUND('',#6832,.T.);
#6834=ADVANCED_FACE('',(#6833),#6827,.T.);
#6835=CARTESIAN_POINT('',(51.,5.305947816,13.5));
#6836=DIRECTION('',(1.,0.,0.));
#6837=DIRECTION('',(0.,0.,-1.));
#6838=AXIS2_PLACEMENT_3D('',#6835,#6836,#6837);
#6839=PLANE('',#6838);
#6840=ORIENTED_EDGE('',*,*,#1718,.F.);
#6841=ORIENTED_EDGE('',*,*,#6288,.F.);
#6842=ORIENTED_EDGE('',*,*,#5848,.T.);
#6843=ORIENTED_EDGE('',*,*,#1837,.T.);
#6844=EDGE_LOOP('',(#6840,#6841,#6842,#6843));
#6845=FACE_BOUND('',#6844,.T.);
#6846=ADVANCED_FACE('',(#6845),#6839,.T.);
#6847=CARTESIAN_POINT('',(45.,5.305947816,13.5));
#6848=DIRECTION('',(1.,0.,0.));
#6849=DIRECTION('',(0.,0.,-1.));
#6850=AXIS2_PLACEMENT_3D('',#6847,#6848,#6849);
#6851=PLANE('',#6850);
#6852=ORIENTED_EDGE('',*,*,#1659,.T.);
#6853=ORIENTED_EDGE('',*,*,#1851,.F.);
#6854=ORIENTED_EDGE('',*,*,#5874,.F.);
#6855=ORIENTED_EDGE('',*,*,#1986,.T.);
#6856=EDGE_LOOP('',(#6852,#6853,#6854,#6855));
#6857=FACE_BOUND('',#6856,.T.);
#6858=ADVANCED_FACE('',(#6857),#6851,.F.);
#6859=CARTESIAN_POINT('',(11.,5.305947816,13.5));
#6860=DIRECTION('',(1.,0.,0.));
#6861=DIRECTION('',(0.,0.,-1.));
#6862=AXIS2_PLACEMENT_3D('',#6859,#6860,#6861);
#6863=PLANE('',#6862);
#6864=ORIENTED_EDGE('',*,*,#1611,.F.);
#6865=ORIENTED_EDGE('',*,*,#6345,.F.);
#6866=ORIENTED_EDGE('',*,*,#5928,.T.);
#6867=ORIENTED_EDGE('',*,*,#1883,.T.);
#6868=EDGE_LOOP('',(#6864,#6865,#6866,#6867));
#6869=FACE_BOUND('',#6868,.T.);
#6870=ADVANCED_FACE('',(#6869),#6863,.T.);
#6871=CARTESIAN_POINT('',(5.,5.305947816,13.5));
#6872=DIRECTION('',(1.,0.,0.));
#6873=DIRECTION('',(0.,0.,-1.));
#6874=AXIS2_PLACEMENT_3D('',#6871,#6872,#6873);
#6875=PLANE('',#6874);
#6876=ORIENTED_EDGE('',*,*,#1552,.T.);
#6877=ORIENTED_EDGE('',*,*,#1897,.F.);
#6878=ORIENTED_EDGE('',*,*,#5954,.F.);
#6879=ORIENTED_EDGE('',*,*,#1954,.T.);
#6880=EDGE_LOOP('',(#6876,#6877,#6878,#6879));
#6881=FACE_BOUND('',#6880,.T.);
#6882=ADVANCED_FACE('',(#6881),#6875,.F.);
#6883=CARTESIAN_POINT('',(61.05,-39.1,2.086154543));
#6884=DIRECTION('',(0.,0.,1.));
#6885=DIRECTION('',(1.,0.,0.));
#6886=AXIS2_PLACEMENT_3D('',#6883,#6884,#6885);
#6887=PLANE('',#6886);
#6888=ORIENTED_EDGE('',*,*,#995,.T.);
#6889=ORIENTED_EDGE('',*,*,#1182,.T.);
#6890=ORIENTED_EDGE('',*,*,#3566,.F.);
#6891=ORIENTED_EDGE('',*,*,#1225,.F.);
#6892=ORIENTED_EDGE('',*,*,#1366,.T.);
#6893=ORIENTED_EDGE('',*,*,#1273,.F.);
#6894=ORIENTED_EDGE('',*,*,#682,.F.);
#6895=EDGE_LOOP('',(#6888,#6889,#6890,#6891,#6892,#6893,#6894));
#6896=FACE_BOUND('',#6895,.T.);
#6897=ADVANCED_FACE('',(#6896),#6887,.T.);
#6898=CARTESIAN_POINT('',(4.24500889,-36.830578542,1.086154543));
#6899=DIRECTION('',(0.,0.,1.));
#6900=DIRECTION('',(0.,-1.,0.));
#6901=AXIS2_PLACEMENT_3D('',#6898,#6899,#6900);
#6902=PLANE('',#6901);
#6903=ORIENTED_EDGE('',*,*,#4224,.T.);
#6904=ORIENTED_EDGE('',*,*,#2139,.F.);
#6905=ORIENTED_EDGE('',*,*,#4259,.T.);
#6906=ORIENTED_EDGE('',*,*,#3224,.T.);
#6907=ORIENTED_EDGE('',*,*,#4241,.T.);
#6908=ORIENTED_EDGE('',*,*,#184,.F.);
#6909=EDGE_LOOP('',(#6903,#6904,#6905,#6906,#6907,#6908));
#6910=FACE_BOUND('',#6909,.T.);
#6911=ADVANCED_FACE('',(#6910),#6902,.F.);
#6912=CARTESIAN_POINT('',(64.5,0.73245,-4.));
#6913=DIRECTION('',(1.,-0.,0.));
#6914=DIRECTION('',(0.,1.,0.));
#6915=AXIS2_PLACEMENT_3D('',#6912,#6913,#6914);
#6916=PLANE('',#6915);
#6917=ORIENTED_EDGE('',*,*,#573,.T.);
#6918=CARTESIAN_POINT('',(64.5,2.5,-4.));
#6919=VERTEX_POINT('',#6918);
#6920=CARTESIAN_POINT('',(64.5,2.5,-4.));
#6921=DIRECTION('',(0.,0.,1.));
#6922=VECTOR('',#6921,1.5);
#6923=LINE('',#6920,#6922);
#6924=EDGE_CURVE('',#6919,#560,#6923,.T.);
#6925=ORIENTED_EDGE('',*,*,#6924,.F.);
#6926=CARTESIAN_POINT('',(64.5,-1.0351,-4.));
#6927=VERTEX_POINT('',#6926);
#6928=CARTESIAN_POINT('',(64.5,-1.0351,-4.));
#6929=DIRECTION('',(0.,1.,0.));
#6930=VECTOR('',#6929,3.5351);
#6931=LINE('',#6928,#6930);
#6932=EDGE_CURVE('',#6927,#6919,#6931,.T.);
#6933=ORIENTED_EDGE('',*,*,#6932,.F.);
#6934=CARTESIAN_POINT('',(64.5,-1.0351,-4.));
#6935=DIRECTION('',(0.,0.,1.));
#6936=VECTOR('',#6935,1.5);
#6937=LINE('',#6934,#6936);
#6938=EDGE_CURVE('',#6927,#568,#6937,.T.);
#6939=ORIENTED_EDGE('',*,*,#6938,.T.);
#6940=EDGE_LOOP('',(#6917,#6925,#6933,#6939));
#6941=FACE_BOUND('',#6940,.T.);
#6942=ADVANCED_FACE('',(#6941),#6916,.F.);
#6943=CARTESIAN_POINT('',(31.2,8.1,-4.));
#6944=DIRECTION('',(0.,-1.,0.));
#6945=DIRECTION('',(0.,0.,-1.));
#6946=AXIS2_PLACEMENT_3D('',#6943,#6944,#6945);
#6947=PLANE('',#6946);
#6948=ORIENTED_EDGE('',*,*,#524,.F.);
#6949=CARTESIAN_POINT('',(3.5,8.1,-4.));
#6950=VERTEX_POINT('',#6949);
#6951=CARTESIAN_POINT('',(3.5,8.1,-4.));
#6952=DIRECTION('',(0.,0.,1.));
#6953=VECTOR('',#6952,1.5);
#6954=LINE('',#6951,#6953);
#6955=EDGE_CURVE('',#6950,#511,#6954,.T.);
#6956=ORIENTED_EDGE('',*,*,#6955,.F.);
#6957=CARTESIAN_POINT('',(58.9,8.1,-4.));
#6958=VERTEX_POINT('',#6957);
#6959=CARTESIAN_POINT('',(3.5,8.1,-4.));
#6960=DIRECTION('',(1.,0.,-0.));
#6961=VECTOR('',#6960,55.4);
#6962=LINE('',#6959,#6961);
#6963=EDGE_CURVE('',#6950,#6958,#6962,.T.);
#6964=ORIENTED_EDGE('',*,*,#6963,.T.);
#6965=CARTESIAN_POINT('',(58.9,8.1,-4.));
#6966=DIRECTION('',(0.,0.,1.));
#6967=VECTOR('',#6966,1.5);
#6968=LINE('',#6965,#6967);
#6969=EDGE_CURVE('',#6958,#519,#6968,.T.);
#6970=ORIENTED_EDGE('',*,*,#6969,.T.);
#6971=EDGE_LOOP('',(#6948,#6956,#6964,#6970));
#6972=FACE_BOUND('',#6971,.T.);
#6973=ADVANCED_FACE('',(#6972),#6947,.T.);
#6974=CARTESIAN_POINT('',(0.,0.,-4.));
#6975=DIRECTION('',(0.,0.,-1.));
#6976=DIRECTION('',(0.,-1.,0.));
#6977=AXIS2_PLACEMENT_3D('',#6974,#6975,#6976);
#6978=PLANE('',#6977);
#6979=ORIENTED_EDGE('',*,*,#2054,.F.);
#6980=CARTESIAN_POINT('',(-2.1,-11.618033989,-4.));
#6981=DIRECTION('',(-1.,-0.,0.));
#6982=VECTOR('',#6981,0.9);
#6983=LINE('',#6980,#6982);
#6984=EDGE_CURVE('',#342,#2040,#6983,.T.);
#6985=ORIENTED_EDGE('',*,*,#6984,.F.);
#6986=ORIENTED_EDGE('',*,*,#347,.F.);
#6987=CARTESIAN_POINT('',(-3.,-15.381966011,-4.));
#6988=DIRECTION('',(1.,0.,-0.));
#6989=VECTOR('',#6988,0.9);
#6990=LINE('',#6987,#6989);
#6991=EDGE_CURVE('',#2049,#333,#6990,.T.);
#6992=ORIENTED_EDGE('',*,*,#6991,.F.);
#6993=EDGE_LOOP('',(#6979,#6985,#6986,#6992));
#6994=FACE_BOUND('',#6993,.T.);
#6995=ADVANCED_FACE('',(#6994),#6978,.T.);
#6996=CARTESIAN_POINT('',(0.,0.,-4.));
#6997=DIRECTION('',(0.,0.,-1.));
#6998=DIRECTION('',(0.,-1.,0.));
#6999=AXIS2_PLACEMENT_3D('',#6996,#6997,#6998);
#7000=PLANE('',#6999);
#7001=ORIENTED_EDGE('',*,*,#381,.F.);
#7002=CARTESIAN_POINT('',(-3.,-3.381966011,-4.));
#7003=DIRECTION('',(1.,0.,-0.));
#7004=VECTOR('',#7003,0.9);
#7005=LINE('',#7002,#7004);
#7006=EDGE_CURVE('',#2015,#367,#7005,.T.);
#7007=ORIENTED_EDGE('',*,*,#7006,.F.);
#7008=ORIENTED_EDGE('',*,*,#2020,.F.);
#7009=CARTESIAN_POINT('',(-2.1,2.5,-4.));
#7010=DIRECTION('',(-1.,-0.,0.));
#7011=VECTOR('',#7010,0.9);
#7012=LINE('',#7009,#7011);
#7013=EDGE_CURVE('',#376,#2013,#7012,.T.);
#7014=ORIENTED_EDGE('',*,*,#7013,.F.);
#7015=EDGE_LOOP('',(#7001,#7007,#7008,#7014));
#7016=FACE_BOUND('',#7015,.T.);
#7017=ADVANCED_FACE('',(#7016),#7000,.T.);
#7018=CARTESIAN_POINT('',(-2.5,2.5,-4.));
#7019=DIRECTION('',(-0.,1.,0.));
#7020=DIRECTION('',(-1.,-0.,0.));
#7021=AXIS2_PLACEMENT_3D('',#7018,#7019,#7020);
#7022=PLANE('',#7021);
#7023=ORIENTED_EDGE('',*,*,#483,.F.);
#7024=ORIENTED_EDGE('',*,*,#387,.F.);
#7025=ORIENTED_EDGE('',*,*,#7013,.T.);
#7026=ORIENTED_EDGE('',*,*,#2200,.T.);
#7027=EDGE_LOOP('',(#7023,#7024,#7025,#7026));
#7028=FACE_BOUND('',#7027,.T.);
#7029=ADVANCED_FACE('',(#7028),#7022,.T.);
#7030=CARTESIAN_POINT('',(63.4,-16.5,-5.));
#7031=DIRECTION('',(1.,0.,0.));
#7032=DIRECTION('',(0.,0.,-1.));
#7033=AXIS2_PLACEMENT_3D('',#7030,#7031,#7032);
#7034=CYLINDRICAL_SURFACE('',#7033,1.5);
#7035=ORIENTED_EDGE('',*,*,#6991,.T.);
#7036=ORIENTED_EDGE('',*,*,#339,.T.);
#7037=ORIENTED_EDGE('',*,*,#4420,.T.);
#7038=ORIENTED_EDGE('',*,*,#2063,.F.);
#7039=EDGE_LOOP('',(#7035,#7036,#7037,#7038));
#7040=FACE_BOUND('',#7039,.T.);
#7041=ADVANCED_FACE('',(#7040),#7034,.F.);
#7042=CARTESIAN_POINT('',(64.9,2.5,-4.));
#7043=DIRECTION('',(-0.,-1.,0.));
#7044=DIRECTION('',(1.,-0.,0.));
#7045=AXIS2_PLACEMENT_3D('',#7042,#7043,#7044);
#7046=PLANE('',#7045);
#7047=ORIENTED_EDGE('',*,*,#565,.T.);
#7048=ORIENTED_EDGE('',*,*,#5235,.F.);
#7049=CARTESIAN_POINT('',(64.5,2.5,-4.));
#7050=DIRECTION('',(1.,-0.,0.));
#7051=VECTOR('',#7050,0.9);
#7052=LINE('',#7049,#7051);
#7053=EDGE_CURVE('',#6919,#5224,#7052,.T.);
#7054=ORIENTED_EDGE('',*,*,#7053,.F.);
#7055=ORIENTED_EDGE('',*,*,#6924,.T.);
#7056=EDGE_LOOP('',(#7047,#7048,#7054,#7055));
#7057=FACE_BOUND('',#7056,.T.);
#7058=ADVANCED_FACE('',(#7057),#7046,.F.);
#7059=CARTESIAN_POINT('',(0.,0.,-4.));
#7060=DIRECTION('',(0.,0.,-1.));
#7061=DIRECTION('',(0.,-1.,0.));
#7062=AXIS2_PLACEMENT_3D('',#7059,#7060,#7061);
#7063=PLANE('',#7062);
#7064=ORIENTED_EDGE('',*,*,#5229,.F.);
#7065=CARTESIAN_POINT('',(65.4,-1.0351,-4.));
#7066=DIRECTION('',(-1.,0.,0.));
#7067=VECTOR('',#7066,0.9);
#7068=LINE('',#7065,#7067);
#7069=EDGE_CURVE('',#5216,#6927,#7068,.T.);
#7070=ORIENTED_EDGE('',*,*,#7069,.T.);
#7071=ORIENTED_EDGE('',*,*,#6932,.T.);
#7072=ORIENTED_EDGE('',*,*,#7053,.T.);
#7073=EDGE_LOOP('',(#7064,#7070,#7071,#7072));
#7074=FACE_BOUND('',#7073,.T.);
#7075=ADVANCED_FACE('',(#7074),#7063,.T.);
#7076=CARTESIAN_POINT('',(-0.,-25.739042418,-1.013843014));
#7077=DIRECTION('',(0.,0.,-1.));
#7078=DIRECTION('',(-1.,0.,0.));
#7079=AXIS2_PLACEMENT_3D('',#7076,#7077,#7078);
#7080=PLANE('',#7079);
#7081=ORIENTED_EDGE('',*,*,#298,.F.);
#7082=CARTESIAN_POINT('',(-0.,-1.739042418,-1.013843014));
#7083=VERTEX_POINT('',#7082);
#7084=CARTESIAN_POINT('',(-0.,-1.739042418,-1.013843014));
#7085=DIRECTION('',(-1.,0.,0.));
#7086=VECTOR('',#7085,1.);
#7087=LINE('',#7084,#7086);
#7088=EDGE_CURVE('',#7083,#285,#7087,.T.);
#7089=ORIENTED_EDGE('',*,*,#7088,.F.);
#7090=CARTESIAN_POINT('',(-0.,-1.739042418,-1.013843014));
#7091=DIRECTION('',(0.,-1.,0.));
#7092=VECTOR('',#7091,14.899957582);
#7093=LINE('',#7090,#7092);
#7094=EDGE_CURVE('',#7083,#4426,#7093,.T.);
#7095=ORIENTED_EDGE('',*,*,#7094,.T.);
#7096=ORIENTED_EDGE('',*,*,#4431,.T.);
#7097=EDGE_LOOP('',(#7081,#7089,#7095,#7096));
#7098=FACE_BOUND('',#7097,.T.);
#7099=ADVANCED_FACE('',(#7098),#7080,.T.);
#7100=CARTESIAN_POINT('',(3.5,8.5,-4.));
#7101=DIRECTION('',(1.,0.,0.));
#7102=DIRECTION('',(-0.,1.,0.));
#7103=AXIS2_PLACEMENT_3D('',#7100,#7101,#7102);
#7104=PLANE('',#7103);
#7105=ORIENTED_EDGE('',*,*,#516,.T.);
#7106=ORIENTED_EDGE('',*,*,#5596,.F.);
#7107=CARTESIAN_POINT('',(3.5,8.1,-4.));
#7108=DIRECTION('',(-0.,1.,0.));
#7109=VECTOR('',#7108,0.9);
#7110=LINE('',#7107,#7109);
#7111=EDGE_CURVE('',#6950,#5585,#7110,.T.);
#7112=ORIENTED_EDGE('',*,*,#7111,.F.);
#7113=ORIENTED_EDGE('',*,*,#6955,.T.);
#7114=EDGE_LOOP('',(#7105,#7106,#7112,#7113));
#7115=FACE_BOUND('',#7114,.T.);
#7116=ADVANCED_FACE('',(#7115),#7104,.F.);
#7117=CARTESIAN_POINT('',(0.,0.,-4.));
#7118=DIRECTION('',(0.,0.,-1.));
#7119=DIRECTION('',(0.,-1.,0.));
#7120=AXIS2_PLACEMENT_3D('',#7117,#7118,#7119);
#7121=PLANE('',#7120);
#7122=ORIENTED_EDGE('',*,*,#5590,.F.);
#7123=CARTESIAN_POINT('',(58.9,8.1,-4.));
#7124=DIRECTION('',(0.,1.,0.));
#7125=VECTOR('',#7124,0.9);
#7126=LINE('',#7123,#7125);
#7127=EDGE_CURVE('',#6958,#5577,#7126,.T.);
#7128=ORIENTED_EDGE('',*,*,#7127,.F.);
#7129=ORIENTED_EDGE('',*,*,#6963,.F.);
#7130=ORIENTED_EDGE('',*,*,#7111,.T.);
#7131=EDGE_LOOP('',(#7122,#7128,#7129,#7130));
#7132=FACE_BOUND('',#7131,.T.);
#7133=ADVANCED_FACE('',(#7132),#7121,.T.);
#7134=CARTESIAN_POINT('',(58.9,8.5,-4.));
#7135=DIRECTION('',(1.,0.,0.));
#7136=DIRECTION('',(0.,0.,-1.));
#7137=AXIS2_PLACEMENT_3D('',#7134,#7135,#7136);
#7138=PLANE('',#7137);
#7139=ORIENTED_EDGE('',*,*,#532,.F.);
#7140=ORIENTED_EDGE('',*,*,#6969,.F.);
#7141=ORIENTED_EDGE('',*,*,#7127,.T.);
#7142=ORIENTED_EDGE('',*,*,#5582,.T.);
#7143=EDGE_LOOP('',(#7139,#7140,#7141,#7142));
#7144=FACE_BOUND('',#7143,.T.);
#7145=ADVANCED_FACE('',(#7144),#7138,.T.);
#7146=CARTESIAN_POINT('',(60.177133473,-1.0351,1.086156944));
#7147=DIRECTION('',(0.,1.,0.));
#7148=DIRECTION('',(-1.,0.,0.));
#7149=AXIS2_PLACEMENT_3D('',#7146,#7147,#7148);
#7150=PLANE('',#7149);
#7151=CARTESIAN_POINT('',(58.7,-1.0351,0.0862));
#7152=DIRECTION('',(1.,0.,-0.));
#7153=VECTOR('',#7152,1.477133473);
#7154=LINE('',#7151,#7153);
#7155=EDGE_CURVE('',#4691,#5736,#7154,.T.);
#7156=ORIENTED_EDGE('',*,*,#7155,.F.);
#7157=ORIENTED_EDGE('',*,*,#4696,.F.);
#7158=CARTESIAN_POINT('',(63.4,-1.0351,-1.9138));
#7159=DIRECTION('',(-1.,0.,0.));
#7160=VECTOR('',#7159,4.7);
#7161=LINE('',#7158,#7160);
#7162=EDGE_CURVE('',#1447,#4683,#7161,.T.);
#7163=ORIENTED_EDGE('',*,*,#7162,.F.);
#7164=ORIENTED_EDGE('',*,*,#1452,.F.);
#7165=ORIENTED_EDGE('',*,*,#581,.F.);
#7166=ORIENTED_EDGE('',*,*,#6938,.F.);
#7167=ORIENTED_EDGE('',*,*,#7069,.F.);
#7168=ORIENTED_EDGE('',*,*,#5221,.F.);
#7169=CARTESIAN_POINT('',(65.4,-1.0351,-0.9138));
#7170=DIRECTION('',(-0.707106781,0.,0.707106781));
#7171=VECTOR('',#7170,1.414213562);
#7172=LINE('',#7169,#7171);
#7173=EDGE_CURVE('',#5208,#5744,#7172,.T.);
#7174=ORIENTED_EDGE('',*,*,#7173,.T.);
#7175=ORIENTED_EDGE('',*,*,#5749,.T.);
#7176=EDGE_LOOP('',(#7156,#7157,#7163,#7164,#7165,#7166,#7167,#7168,#7174,#7175));
#7177=FACE_BOUND('',#7176,.T.);
#7178=ADVANCED_FACE('',(#7177),#7150,.F.);
#7179=CARTESIAN_POINT('',(58.4,-12.68514097,-1.9138));
#7180=DIRECTION('',(0.,0.,1.));
#7181=DIRECTION('',(1.,0.,0.));
#7182=AXIS2_PLACEMENT_3D('',#7179,#7180,#7181);
#7183=PLANE('',#7182);
#7184=ORIENTED_EDGE('',*,*,#1460,.T.);
#7185=ORIENTED_EDGE('',*,*,#7162,.T.);
#7186=ORIENTED_EDGE('',*,*,#4688,.T.);
#7187=ORIENTED_EDGE('',*,*,#5778,.T.);
#7188=EDGE_LOOP('',(#7184,#7185,#7186,#7187));
#7189=FACE_BOUND('',#7188,.T.);
#7190=ADVANCED_FACE('',(#7189),#7183,.F.);
#7191=CARTESIAN_POINT('',(64.4,-6.98514097,0.0862));
#7192=DIRECTION('',(0.707106781,0.,0.707106781));
#7193=DIRECTION('',(0.,-1.,0.));
#7194=AXIS2_PLACEMENT_3D('',#7191,#7192,#7193);
#7195=PLANE('',#7194);
#7196=ORIENTED_EDGE('',*,*,#7173,.F.);
#7197=ORIENTED_EDGE('',*,*,#5213,.F.);
#7198=ORIENTED_EDGE('',*,*,#6426,.F.);
#7199=EDGE_LOOP('',(#7196,#7197,#7198));
#7200=FACE_BOUND('',#7199,.T.);
#7201=ADVANCED_FACE('',(#7200),#7195,.T.);
#7202=CARTESIAN_POINT('',(55.677133473,-6.98514097,0.0862));
#7203=DIRECTION('',(0.,0.,1.));
#7204=DIRECTION('',(0.,1.,0.));
#7205=AXIS2_PLACEMENT_3D('',#7202,#7203,#7204);
#7206=PLANE('',#7205);
#7207=ORIENTED_EDGE('',*,*,#6731,.F.);
#7208=CARTESIAN_POINT('',(60.177133473,-1.03514097,0.0862));
#7209=DIRECTION('',(-1.,0.,0.));
#7210=VECTOR('',#7209,1.477133473);
#7211=LINE('',#7208,#7210);
#7212=EDGE_CURVE('',#6718,#4699,#7211,.T.);
#7213=ORIENTED_EDGE('',*,*,#7212,.T.);
#7214=ORIENTED_EDGE('',*,*,#4704,.F.);
#7215=ORIENTED_EDGE('',*,*,#7155,.T.);
#7216=EDGE_LOOP('',(#7207,#7213,#7214,#7215));
#7217=FACE_BOUND('',#7216,.T.);
#7218=ADVANCED_FACE('',(#7217),#7206,.F.);
#7219=CARTESIAN_POINT('',(-0.,0.,0.));
#7220=DIRECTION('',(1.,0.,0.));
#7221=DIRECTION('',(0.,-1.,0.));
#7222=AXIS2_PLACEMENT_3D('',#7219,#7220,#7221);
#7223=PLANE('',#7222);
#7224=ORIENTED_EDGE('',*,*,#7094,.F.);
#7225=CARTESIAN_POINT('',(-0.,-1.739042418,1.086156986));
#7226=VERTEX_POINT('',#7225);
#7227=CARTESIAN_POINT('',(-0.,-1.739042418,1.086156986));
#7228=DIRECTION('',(0.,0.,-1.));
#7229=VECTOR('',#7228,2.1);
#7230=LINE('',#7227,#7229);
#7231=EDGE_CURVE('',#7226,#7083,#7230,.T.);
#7232=ORIENTED_EDGE('',*,*,#7231,.F.);
#7233=CARTESIAN_POINT('',(-0.,-9.,1.086156986));
#7234=DIRECTION('',(0.,1.,0.));
#7235=VECTOR('',#7234,7.260957582);
#7236=LINE('',#7233,#7235);
#7237=EDGE_CURVE('',#5377,#7226,#7236,.T.);
#7238=ORIENTED_EDGE('',*,*,#7237,.F.);
#7239=ORIENTED_EDGE('',*,*,#5382,.F.);
#7240=CARTESIAN_POINT('',(-0.,-16.639,1.086156986));
#7241=DIRECTION('',(0.,1.,0.));
#7242=VECTOR('',#7241,1.639);
#7243=LINE('',#7240,#7242);
#7244=EDGE_CURVE('',#4434,#4458,#7243,.T.);
#7245=ORIENTED_EDGE('',*,*,#7244,.F.);
#7246=ORIENTED_EDGE('',*,*,#4439,.T.);
#7247=EDGE_LOOP('',(#7224,#7232,#7238,#7239,#7245,#7246));
#7248=FACE_BOUND('',#7247,.T.);
#7249=ADVANCED_FACE('',(#7248),#7223,.T.);
#7250=CARTESIAN_POINT('',(4.24500889,-36.830578542,1.086154543));
#7251=DIRECTION('',(0.,0.,1.));
#7252=DIRECTION('',(0.,-1.,0.));
#7253=AXIS2_PLACEMENT_3D('',#7250,#7251,#7252);
#7254=PLANE('',#7253);
#7255=ORIENTED_EDGE('',*,*,#250,.F.);
#7256=ORIENTED_EDGE('',*,*,#4445,.T.);
#7257=ORIENTED_EDGE('',*,*,#7244,.T.);
#7258=ORIENTED_EDGE('',*,*,#4463,.T.);
#7259=EDGE_LOOP('',(#7255,#7256,#7257,#7258));
#7260=FACE_BOUND('',#7259,.T.);
#7261=ADVANCED_FACE('',(#7260),#7254,.T.);
#7262=CARTESIAN_POINT('',(64.5,-27.06755,-4.));
#7263=DIRECTION('',(-1.,0.,0.));
#7264=DIRECTION('',(0.,0.,1.));
#7265=AXIS2_PLACEMENT_3D('',#7262,#7263,#7264);
#7266=PLANE('',#7265);
#7267=CARTESIAN_POINT('',(64.5,-12.93514097,-4.));
#7268=VERTEX_POINT('',#7267);
#7269=CARTESIAN_POINT('',(64.5,-12.93514097,-2.5));
#7270=VERTEX_POINT('',#7269);
#7271=CARTESIAN_POINT('',(64.5,-12.93514097,-4.));
#7272=DIRECTION('',(0.,0.,1.));
#7273=VECTOR('',#7272,1.5);
#7274=LINE('',#7271,#7273);
#7275=EDGE_CURVE('',#7268,#7270,#7274,.T.);
#7276=ORIENTED_EDGE('',*,*,#7275,.F.);
#7277=CARTESIAN_POINT('',(64.5,-15.381966011,-4.));
#7278=VERTEX_POINT('',#7277);
#7279=CARTESIAN_POINT('',(64.5,-12.93514097,-4.));
#7280=DIRECTION('',(0.,-1.,0.));
#7281=VECTOR('',#7280,2.446825041);
#7282=LINE('',#7279,#7281);
#7283=EDGE_CURVE('',#7268,#7278,#7282,.T.);
#7284=ORIENTED_EDGE('',*,*,#7283,.T.);
#7285=CARTESIAN_POINT('',(64.5,-17.618033989,-4.));
#7286=VERTEX_POINT('',#7285);
#7287=CARTESIAN_POINT('',(64.5,-16.5,-5.));
#7288=DIRECTION('',(-1.,0.,0.));
#7289=DIRECTION('',(0.,0.,1.));
#7290=AXIS2_PLACEMENT_3D('',#7287,#7288,#7289);
#7291=CIRCLE('',#7290,1.5);
#7292=EDGE_CURVE('',#7286,#7278,#7291,.T.);
#7293=ORIENTED_EDGE('',*,*,#7292,.F.);
#7294=CARTESIAN_POINT('',(64.5,-21.381966011,-4.));
#7295=VERTEX_POINT('',#7294);
#7296=CARTESIAN_POINT('',(64.5,-17.618033989,-4.));
#7297=DIRECTION('',(0.,-1.,0.));
#7298=VECTOR('',#7297,3.763932023);
#7299=LINE('',#7296,#7298);
#7300=EDGE_CURVE('',#7286,#7295,#7299,.T.);
#7301=ORIENTED_EDGE('',*,*,#7300,.T.);
#7302=CARTESIAN_POINT('',(64.5,-23.618033989,-4.));
#7303=VERTEX_POINT('',#7302);
#7304=CARTESIAN_POINT('',(64.5,-22.5,-5.));
#7305=DIRECTION('',(-1.,0.,0.));
#7306=DIRECTION('',(0.,0.,1.));
#7307=AXIS2_PLACEMENT_3D('',#7304,#7305,#7306);
#7308=CIRCLE('',#7307,1.5);
#7309=EDGE_CURVE('',#7303,#7295,#7308,.T.);
#7310=ORIENTED_EDGE('',*,*,#7309,.F.);
#7311=CARTESIAN_POINT('',(64.5,-27.381966011,-4.));
#7312=VERTEX_POINT('',#7311);
#7313=CARTESIAN_POINT('',(64.5,-23.618033989,-4.));
#7314=DIRECTION('',(0.,-1.,0.));
#7315=VECTOR('',#7314,3.763932023);
#7316=LINE('',#7313,#7315);
#7317=EDGE_CURVE('',#7303,#7312,#7316,.T.);
#7318=ORIENTED_EDGE('',*,*,#7317,.T.);
#7319=CARTESIAN_POINT('',(64.5,-29.618033989,-4.));
#7320=VERTEX_POINT('',#7319);
#7321=CARTESIAN_POINT('',(64.5,-28.5,-5.));
#7322=DIRECTION('',(-1.,0.,0.));
#7323=DIRECTION('',(0.,0.,1.));
#7324=AXIS2_PLACEMENT_3D('',#7321,#7322,#7323);
#7325=CIRCLE('',#7324,1.5);
#7326=EDGE_CURVE('',#7320,#7312,#7325,.T.);
#7327=ORIENTED_EDGE('',*,*,#7326,.F.);
#7328=CARTESIAN_POINT('',(64.5,-33.381966011,-4.));
#7329=VERTEX_POINT('',#7328);
#7330=CARTESIAN_POINT('',(64.5,-29.618033989,-4.));
#7331=DIRECTION('',(0.,-1.,0.));
#7332=VECTOR('',#7331,3.763932023);
#7333=LINE('',#7330,#7332);
#7334=EDGE_CURVE('',#7320,#7329,#7333,.T.);
#7335=ORIENTED_EDGE('',*,*,#7334,.T.);
#7336=CARTESIAN_POINT('',(64.5,-35.618033989,-4.));
#7337=VERTEX_POINT('',#7336);
#7338=CARTESIAN_POINT('',(64.5,-34.5,-5.));
#7339=DIRECTION('',(-1.,0.,0.));
#7340=DIRECTION('',(0.,0.,1.));
#7341=AXIS2_PLACEMENT_3D('',#7338,#7339,#7340);
#7342=CIRCLE('',#7341,1.5);
#7343=EDGE_CURVE('',#7337,#7329,#7342,.T.);
#7344=ORIENTED_EDGE('',*,*,#7343,.F.);
#7345=CARTESIAN_POINT('',(64.5,-39.381966011,-4.));
#7346=VERTEX_POINT('',#7345);
#7347=CARTESIAN_POINT('',(64.5,-35.618033989,-4.));
#7348=DIRECTION('',(0.,-1.,0.));
#7349=VECTOR('',#7348,3.763932023);
#7350=LINE('',#7347,#7349);
#7351=EDGE_CURVE('',#7337,#7346,#7350,.T.);
#7352=ORIENTED_EDGE('',*,*,#7351,.T.);
#7353=CARTESIAN_POINT('',(64.5,-41.2,-3.673350084));
#7354=VERTEX_POINT('',#7353);
#7355=CARTESIAN_POINT('',(64.5,-40.5,-5.));
#7356=DIRECTION('',(-1.,0.,0.));
#7357=DIRECTION('',(0.,0.,1.));
#7358=AXIS2_PLACEMENT_3D('',#7355,#7356,#7357);
#7359=CIRCLE('',#7358,1.5);
#7360=EDGE_CURVE('',#7354,#7346,#7359,.T.);
#7361=ORIENTED_EDGE('',*,*,#7360,.F.);
#7362=CARTESIAN_POINT('',(64.5,-41.2,-2.5));
#7363=VERTEX_POINT('',#7362);
#7364=CARTESIAN_POINT('',(64.5,-41.2,-3.673350084));
#7365=DIRECTION('',(0.,0.,1.));
#7366=VECTOR('',#7365,1.173350084);
#7367=LINE('',#7364,#7366);
#7368=EDGE_CURVE('',#7354,#7363,#7367,.T.);
#7369=ORIENTED_EDGE('',*,*,#7368,.T.);
#7370=CARTESIAN_POINT('',(64.5,-12.93514097,-2.5));
#7371=DIRECTION('',(0.,-1.,0.));
#7372=VECTOR('',#7371,28.26485903);
#7373=LINE('',#7370,#7372);
#7374=EDGE_CURVE('',#7270,#7363,#7373,.T.);
#7375=ORIENTED_EDGE('',*,*,#7374,.F.);
#7376=EDGE_LOOP('',(#7276,#7284,#7293,#7301,#7310,#7318,#7327,#7335,#7344,#7352,#7361,#7369,#7375));
#7377=FACE_BOUND('',#7376,.T.);
#7378=ADVANCED_FACE('',(#7377),#7266,.T.);
#7379=CARTESIAN_POINT('',(62.4,-44.7,5.5));
#7380=DIRECTION('',(0.,0.,-1.));
#7381=DIRECTION('',(-1.,0.,0.));
#7382=AXIS2_PLACEMENT_3D('',#7379,#7380,#7381);
#7383=CYLINDRICAL_SURFACE('',#7382,2.5);
#7384=CARTESIAN_POINT('',(59.9,-44.7,-2.5));
#7385=VERTEX_POINT('',#7384);
#7386=CARTESIAN_POINT('',(59.9,-44.7,0.086154543));
#7387=VERTEX_POINT('',#7386);
#7388=CARTESIAN_POINT('',(59.9,-44.7,-2.5));
#7389=DIRECTION('',(-0.,-0.,1.));
#7390=VECTOR('',#7389,2.586154543);
#7391=LINE('',#7388,#7390);
#7392=EDGE_CURVE('',#7385,#7387,#7391,.T.);
#7393=ORIENTED_EDGE('',*,*,#7392,.T.);
#7394=CARTESIAN_POINT('',(62.4,-42.2,0.086154543));
#7395=VERTEX_POINT('',#7394);
#7396=CARTESIAN_POINT('',(62.4,-44.7,0.086154543));
#7397=DIRECTION('',(0.,0.,-1.));
#7398=DIRECTION('',(-1.,0.,0.));
#7399=AXIS2_PLACEMENT_3D('',#7396,#7397,#7398);
#7400=CIRCLE('',#7399,2.5);
#7401=EDGE_CURVE('',#7387,#7395,#7400,.T.);
#7402=ORIENTED_EDGE('',*,*,#7401,.T.);
#7403=CARTESIAN_POINT('',(62.4,-42.2,-2.5));
#7404=VERTEX_POINT('',#7403);
#7405=CARTESIAN_POINT('',(62.4,-42.2,0.086154543));
#7406=DIRECTION('',(0.,0.,-1.));
#7407=VECTOR('',#7406,2.586154543);
#7408=LINE('',#7405,#7407);
#7409=EDGE_CURVE('',#7395,#7404,#7408,.T.);
#7410=ORIENTED_EDGE('',*,*,#7409,.T.);
#7411=CARTESIAN_POINT('',(62.4,-44.7,-2.5));
#7412=DIRECTION('',(-0.,-0.,-1.));
#7413=DIRECTION('',(1.,0.,-0.));
#7414=AXIS2_PLACEMENT_3D('',#7411,#7412,#7413);
#7415=CIRCLE('',#7414,2.5);
#7416=EDGE_CURVE('',#7385,#7404,#7415,.T.);
#7417=ORIENTED_EDGE('',*,*,#7416,.F.);
#7418=EDGE_LOOP('',(#7393,#7402,#7410,#7417));
#7419=FACE_BOUND('',#7418,.T.);
#7420=ADVANCED_FACE('',(#7419),#7383,.T.);
#7421=CARTESIAN_POINT('',(17.35,-46.8,-4.));
#7422=DIRECTION('',(0.,1.,0.));
#7423=DIRECTION('',(0.,0.,1.));
#7424=AXIS2_PLACEMENT_3D('',#7421,#7422,#7423);
#7425=PLANE('',#7424);
#7426=CARTESIAN_POINT('',(58.9,-46.8,-2.5));
#7427=VERTEX_POINT('',#7426);
#7428=CARTESIAN_POINT('',(3.5,-46.8,-2.5));
#7429=VERTEX_POINT('',#7428);
#7430=CARTESIAN_POINT('',(58.9,-46.8,-2.5));
#7431=DIRECTION('',(-1.,0.,0.));
#7432=VECTOR('',#7431,55.4);
#7433=LINE('',#7430,#7432);
#7434=EDGE_CURVE('',#7427,#7429,#7433,.T.);
#7435=ORIENTED_EDGE('',*,*,#7434,.F.);
#7436=CARTESIAN_POINT('',(58.9,-46.8,-4.));
#7437=VERTEX_POINT('',#7436);
#7438=CARTESIAN_POINT('',(58.9,-46.8,-4.));
#7439=DIRECTION('',(0.,0.,1.));
#7440=VECTOR('',#7439,1.5);
#7441=LINE('',#7438,#7440);
#7442=EDGE_CURVE('',#7437,#7427,#7441,.T.);
#7443=ORIENTED_EDGE('',*,*,#7442,.F.);
#7444=CARTESIAN_POINT('',(3.5,-46.8,-4.));
#7445=VERTEX_POINT('',#7444);
#7446=CARTESIAN_POINT('',(58.9,-46.8,-4.));
#7447=DIRECTION('',(-1.,0.,0.));
#7448=VECTOR('',#7447,55.4);
#7449=LINE('',#7446,#7448);
#7450=EDGE_CURVE('',#7437,#7445,#7449,.T.);
#7451=ORIENTED_EDGE('',*,*,#7450,.T.);
#7452=CARTESIAN_POINT('',(3.5,-46.8,-4.));
#7453=DIRECTION('',(0.,0.,1.));
#7454=VECTOR('',#7453,1.5);
#7455=LINE('',#7452,#7454);
#7456=EDGE_CURVE('',#7445,#7429,#7455,.T.);
#7457=ORIENTED_EDGE('',*,*,#7456,.T.);
#7458=EDGE_LOOP('',(#7435,#7443,#7451,#7457));
#7459=FACE_BOUND('',#7458,.T.);
#7460=ADVANCED_FACE('',(#7459),#7425,.T.);
#7461=CARTESIAN_POINT('',(58.9,-44.7,5.5));
#7462=DIRECTION('',(0.,0.,-1.));
#7463=DIRECTION('',(-1.,0.,0.));
#7464=AXIS2_PLACEMENT_3D('',#7461,#7462,#7463);
#7465=CYLINDRICAL_SURFACE('',#7464,1.);
#7466=ORIENTED_EDGE('',*,*,#1012,.F.);
#7467=CARTESIAN_POINT('',(58.9,-44.7,0.086154543));
#7468=DIRECTION('',(0.,0.,-1.));
#7469=DIRECTION('',(-1.,0.,0.));
#7470=AXIS2_PLACEMENT_3D('',#7467,#7468,#7469);
#7471=CIRCLE('',#7470,1.);
#7472=EDGE_CURVE('',#7387,#999,#7471,.T.);
#7473=ORIENTED_EDGE('',*,*,#7472,.F.);
#7474=ORIENTED_EDGE('',*,*,#7392,.F.);
#7475=CARTESIAN_POINT('',(58.9,-44.7,-2.5));
#7476=DIRECTION('',(-0.,-0.,-1.));
#7477=DIRECTION('',(1.,0.,-0.));
#7478=AXIS2_PLACEMENT_3D('',#7475,#7476,#7477);
#7479=CIRCLE('',#7478,1.);
#7480=EDGE_CURVE('',#7385,#1007,#7479,.T.);
#7481=ORIENTED_EDGE('',*,*,#7480,.T.);
#7482=EDGE_LOOP('',(#7466,#7473,#7474,#7481));
#7483=FACE_BOUND('',#7482,.T.);
#7484=ADVANCED_FACE('',(#7483),#7465,.F.);
#7485=CARTESIAN_POINT('',(62.4,-41.2,5.5));
#7486=DIRECTION('',(0.,0.,-1.));
#7487=DIRECTION('',(-1.,0.,0.));
#7488=AXIS2_PLACEMENT_3D('',#7485,#7486,#7487);
#7489=CYLINDRICAL_SURFACE('',#7488,1.);
#7490=CARTESIAN_POINT('',(62.4,-41.2,0.086154543));
#7491=DIRECTION('',(0.,0.,-1.));
#7492=DIRECTION('',(-1.,0.,0.));
#7493=AXIS2_PLACEMENT_3D('',#7490,#7491,#7492);
#7494=CIRCLE('',#7493,1.);
#7495=EDGE_CURVE('',#1332,#7395,#7494,.T.);
#7496=ORIENTED_EDGE('',*,*,#7495,.F.);
#7497=ORIENTED_EDGE('',*,*,#1337,.F.);
#7498=CARTESIAN_POINT('',(62.4,-41.2,-2.5));
#7499=DIRECTION('',(-0.,-0.,-1.));
#7500=DIRECTION('',(1.,0.,-0.));
#7501=AXIS2_PLACEMENT_3D('',#7498,#7499,#7500);
#7502=CIRCLE('',#7501,1.);
#7503=EDGE_CURVE('',#1324,#7404,#7502,.T.);
#7504=ORIENTED_EDGE('',*,*,#7503,.T.);
#7505=ORIENTED_EDGE('',*,*,#7409,.F.);
#7506=EDGE_LOOP('',(#7496,#7497,#7504,#7505));
#7507=FACE_BOUND('',#7506,.T.);
#7508=ADVANCED_FACE('',(#7507),#7489,.F.);
#7509=CARTESIAN_POINT('',(58.4,-12.68514097,1.));
#7510=DIRECTION('',(0.,0.,1.));
#7511=DIRECTION('',(1.,0.,0.));
#7512=AXIS2_PLACEMENT_3D('',#7509,#7510,#7511);
#7513=PLANE('',#7512);
#7514=ORIENTED_EDGE('',*,*,#698,.T.);
#7515=ORIENTED_EDGE('',*,*,#1264,.F.);
#7516=ORIENTED_EDGE('',*,*,#2566,.T.);
#7517=ORIENTED_EDGE('',*,*,#2612,.T.);
#7518=EDGE_LOOP('',(#7514,#7515,#7516,#7517));
#7519=FACE_BOUND('',#7518,.T.);
#7520=ADVANCED_FACE('',(#7519),#7513,.F.);
#7521=CARTESIAN_POINT('',(0.,0.,0.086154543));
#7522=DIRECTION('',(0.,0.,-1.));
#7523=DIRECTION('',(-1.,0.,0.));
#7524=AXIS2_PLACEMENT_3D('',#7521,#7522,#7523);
#7525=PLANE('',#7524);
#7526=ORIENTED_EDGE('',*,*,#2645,.F.);
#7527=EDGE_LOOP('',(#7526));
#7528=FACE_BOUND('',#7527,.T.);
#7529=ORIENTED_EDGE('',*,*,#7401,.F.);
#7530=ORIENTED_EDGE('',*,*,#7472,.T.);
#7531=ORIENTED_EDGE('',*,*,#1004,.F.);
#7532=ORIENTED_EDGE('',*,*,#666,.F.);
#7533=ORIENTED_EDGE('',*,*,#3753,.T.);
#7534=ORIENTED_EDGE('',*,*,#1345,.F.);
#7535=ORIENTED_EDGE('',*,*,#7495,.T.);
#7536=EDGE_LOOP('',(#7529,#7530,#7531,#7532,#7533,#7534,#7535));
#7537=FACE_BOUND('',#7536,.T.);
#7538=ADVANCED_FACE('',(#7528,#7537),#7525,.T.);
#7539=CARTESIAN_POINT('',(58.9,-47.2,-4.));
#7540=DIRECTION('',(-1.,0.,0.));
#7541=DIRECTION('',(0.,0.,1.));
#7542=AXIS2_PLACEMENT_3D('',#7539,#7540,#7541);
#7543=PLANE('',#7542);
#7544=CARTESIAN_POINT('',(58.9,-46.8,-2.5));
#7545=DIRECTION('',(0.,-1.,0.));
#7546=VECTOR('',#7545,0.9);
#7547=LINE('',#7544,#7546);
#7548=EDGE_CURVE('',#7427,#3923,#7547,.T.);
#7549=ORIENTED_EDGE('',*,*,#7548,.T.);
#7550=ORIENTED_EDGE('',*,*,#3928,.F.);
#7551=CARTESIAN_POINT('',(58.9,-46.8,-4.));
#7552=DIRECTION('',(0.,-1.,0.));
#7553=VECTOR('',#7552,0.9);
#7554=LINE('',#7551,#7553);
#7555=EDGE_CURVE('',#7437,#3915,#7554,.T.);
#7556=ORIENTED_EDGE('',*,*,#7555,.F.);
#7557=ORIENTED_EDGE('',*,*,#7442,.T.);
#7558=EDGE_LOOP('',(#7549,#7550,#7556,#7557));
#7559=FACE_BOUND('',#7558,.T.);
#7560=ADVANCED_FACE('',(#7559),#7543,.F.);
#7561=CARTESIAN_POINT('',(0.,0.,-4.));
#7562=DIRECTION('',(0.,0.,-1.));
#7563=DIRECTION('',(0.,-1.,0.));
#7564=AXIS2_PLACEMENT_3D('',#7561,#7562,#7563);
#7565=PLANE('',#7564);
#7566=ORIENTED_EDGE('',*,*,#3920,.F.);
#7567=CARTESIAN_POINT('',(3.5,-46.8,-4.));
#7568=DIRECTION('',(0.,-1.,0.));
#7569=VECTOR('',#7568,0.9);
#7570=LINE('',#7567,#7569);
#7571=EDGE_CURVE('',#7445,#3907,#7570,.T.);
#7572=ORIENTED_EDGE('',*,*,#7571,.F.);
#7573=ORIENTED_EDGE('',*,*,#7450,.F.);
#7574=ORIENTED_EDGE('',*,*,#7555,.T.);
#7575=EDGE_LOOP('',(#7566,#7572,#7573,#7574));
#7576=FACE_BOUND('',#7575,.T.);
#7577=ADVANCED_FACE('',(#7576),#7565,.T.);
#7578=CARTESIAN_POINT('',(3.5,-47.2,-4.));
#7579=DIRECTION('',(-1.,-0.,0.));
#7580=DIRECTION('',(0.,-1.,0.));
#7581=AXIS2_PLACEMENT_3D('',#7578,#7579,#7580);
#7582=PLANE('',#7581);
#7583=CARTESIAN_POINT('',(3.5,-46.8,-2.5));
#7584=DIRECTION('',(0.,-1.,0.));
#7585=VECTOR('',#7584,0.9);
#7586=LINE('',#7583,#7585);
#7587=EDGE_CURVE('',#7429,#3899,#7586,.T.);
#7588=ORIENTED_EDGE('',*,*,#7587,.F.);
#7589=ORIENTED_EDGE('',*,*,#7456,.F.);
#7590=ORIENTED_EDGE('',*,*,#7571,.T.);
#7591=ORIENTED_EDGE('',*,*,#3912,.T.);
#7592=EDGE_LOOP('',(#7588,#7589,#7590,#7591));
#7593=FACE_BOUND('',#7592,.T.);
#7594=ADVANCED_FACE('',(#7593),#7582,.T.);
#7595=CARTESIAN_POINT('',(58.4,-12.68514097,-1.9138));
#7596=DIRECTION('',(0.,0.,1.));
#7597=DIRECTION('',(1.,0.,0.));
#7598=AXIS2_PLACEMENT_3D('',#7595,#7596,#7597);
#7599=PLANE('',#7598);
#7600=ORIENTED_EDGE('',*,*,#4653,.T.);
#7601=CARTESIAN_POINT('',(58.7,-12.93514097,-1.9138));
#7602=DIRECTION('',(1.,0.,-0.));
#7603=VECTOR('',#7602,4.7);
#7604=LINE('',#7601,#7603);
#7605=EDGE_CURVE('',#4642,#1306,#7604,.T.);
#7606=ORIENTED_EDGE('',*,*,#7605,.T.);
#7607=ORIENTED_EDGE('',*,*,#1313,.T.);
#7608=ORIENTED_EDGE('',*,*,#4510,.F.);
#7609=EDGE_LOOP('',(#7600,#7606,#7607,#7608));
#7610=FACE_BOUND('',#7609,.T.);
#7611=ADVANCED_FACE('',(#7610),#7599,.F.);
#7612=CARTESIAN_POINT('',(64.4,-6.98514097,0.0862));
#7613=DIRECTION('',(0.707106781,0.,0.707106781));
#7614=DIRECTION('',(0.,-1.,0.));
#7615=AXIS2_PLACEMENT_3D('',#7612,#7613,#7614);
#7616=PLANE('',#7615);
#7617=CARTESIAN_POINT('',(64.40004097,-12.93514097,0.08615903));
#7618=DIRECTION('',(0.707106781,0.,-0.707106781));
#7619=VECTOR('',#7618,1.414155622);
#7620=LINE('',#7617,#7619);
#7621=EDGE_CURVE('',#4570,#5167,#7620,.T.);
#7622=ORIENTED_EDGE('',*,*,#7621,.F.);
#7623=ORIENTED_EDGE('',*,*,#4604,.F.);
#7624=ORIENTED_EDGE('',*,*,#5178,.F.);
#7625=EDGE_LOOP('',(#7622,#7623,#7624));
#7626=FACE_BOUND('',#7625,.T.);
#7627=ADVANCED_FACE('',(#7626),#7616,.T.);
#7628=CARTESIAN_POINT('',(0.,0.,-4.));
#7629=DIRECTION('',(0.,0.,-1.));
#7630=DIRECTION('',(0.,-1.,0.));
#7631=AXIS2_PLACEMENT_3D('',#7628,#7629,#7630);
#7632=PLANE('',#7631);
#7633=CARTESIAN_POINT('',(65.4,-12.93514097,-4.));
#7634=DIRECTION('',(-1.,0.,0.));
#7635=VECTOR('',#7634,0.9);
#7636=LINE('',#7633,#7635);
#7637=EDGE_CURVE('',#5159,#7268,#7636,.T.);
#7638=ORIENTED_EDGE('',*,*,#7637,.F.);
#7639=ORIENTED_EDGE('',*,*,#5164,.F.);
#7640=CARTESIAN_POINT('',(64.5,-15.381966011,-4.));
#7641=DIRECTION('',(1.,0.,-0.));
#7642=VECTOR('',#7641,0.9);
#7643=LINE('',#7640,#7642);
#7644=EDGE_CURVE('',#7278,#5157,#7643,.T.);
#7645=ORIENTED_EDGE('',*,*,#7644,.F.);
#7646=ORIENTED_EDGE('',*,*,#7283,.F.);
#7647=EDGE_LOOP('',(#7638,#7639,#7645,#7646));
#7648=FACE_BOUND('',#7647,.T.);
#7649=ADVANCED_FACE('',(#7648),#7632,.T.);
#7650=CARTESIAN_POINT('',(63.4,-16.5,-5.));
#7651=DIRECTION('',(1.,0.,0.));
#7652=DIRECTION('',(0.,0.,-1.));
#7653=AXIS2_PLACEMENT_3D('',#7650,#7651,#7652);
#7654=CYLINDRICAL_SURFACE('',#7653,1.5);
#7655=CARTESIAN_POINT('',(65.4,-17.618033989,-4.));
#7656=DIRECTION('',(-1.,-0.,0.));
#7657=VECTOR('',#7656,0.9);
#7658=LINE('',#7655,#7657);
#7659=EDGE_CURVE('',#5323,#7286,#7658,.T.);
#7660=ORIENTED_EDGE('',*,*,#7659,.T.);
#7661=ORIENTED_EDGE('',*,*,#7292,.T.);
#7662=ORIENTED_EDGE('',*,*,#7644,.T.);
#7663=ORIENTED_EDGE('',*,*,#5335,.F.);
#7664=EDGE_LOOP('',(#7660,#7661,#7662,#7663));
#7665=FACE_BOUND('',#7664,.T.);
#7666=ADVANCED_FACE('',(#7665),#7654,.F.);
#7667=CARTESIAN_POINT('',(0.,0.,-4.));
#7668=DIRECTION('',(0.,0.,-1.));
#7669=DIRECTION('',(0.,-1.,0.));
#7670=AXIS2_PLACEMENT_3D('',#7667,#7668,#7669);
#7671=PLANE('',#7670);
#7672=ORIENTED_EDGE('',*,*,#7659,.F.);
#7673=ORIENTED_EDGE('',*,*,#5328,.F.);
#7674=CARTESIAN_POINT('',(64.5,-21.381966011,-4.));
#7675=DIRECTION('',(1.,0.,-0.));
#7676=VECTOR('',#7675,0.9);
#7677=LINE('',#7674,#7676);
#7678=EDGE_CURVE('',#7295,#5314,#7677,.T.);
#7679=ORIENTED_EDGE('',*,*,#7678,.F.);
#7680=ORIENTED_EDGE('',*,*,#7300,.F.);
#7681=EDGE_LOOP('',(#7672,#7673,#7679,#7680));
#7682=FACE_BOUND('',#7681,.T.);
#7683=ADVANCED_FACE('',(#7682),#7671,.T.);
#7684=CARTESIAN_POINT('',(63.4,-22.5,-5.));
#7685=DIRECTION('',(1.,0.,0.));
#7686=DIRECTION('',(0.,0.,-1.));
#7687=AXIS2_PLACEMENT_3D('',#7684,#7685,#7686);
#7688=CYLINDRICAL_SURFACE('',#7687,1.5);
#7689=CARTESIAN_POINT('',(65.4,-23.618033989,-4.));
#7690=DIRECTION('',(-1.,-0.,0.));
#7691=VECTOR('',#7690,0.9);
#7692=LINE('',#7689,#7691);
#7693=EDGE_CURVE('',#5306,#7303,#7692,.T.);
#7694=ORIENTED_EDGE('',*,*,#7693,.T.);
#7695=ORIENTED_EDGE('',*,*,#7309,.T.);
#7696=ORIENTED_EDGE('',*,*,#7678,.T.);
#7697=ORIENTED_EDGE('',*,*,#5320,.F.);
#7698=EDGE_LOOP('',(#7694,#7695,#7696,#7697));
#7699=FACE_BOUND('',#7698,.T.);
#7700=ADVANCED_FACE('',(#7699),#7688,.F.);
#7701=CARTESIAN_POINT('',(0.,0.,-4.));
#7702=DIRECTION('',(0.,0.,-1.));
#7703=DIRECTION('',(0.,-1.,0.));
#7704=AXIS2_PLACEMENT_3D('',#7701,#7702,#7703);
#7705=PLANE('',#7704);
#7706=ORIENTED_EDGE('',*,*,#7693,.F.);
#7707=ORIENTED_EDGE('',*,*,#5311,.F.);
#7708=CARTESIAN_POINT('',(64.5,-27.381966011,-4.));
#7709=DIRECTION('',(1.,0.,-0.));
#7710=VECTOR('',#7709,0.9);
#7711=LINE('',#7708,#7710);
#7712=EDGE_CURVE('',#7312,#5297,#7711,.T.);
#7713=ORIENTED_EDGE('',*,*,#7712,.F.);
#7714=ORIENTED_EDGE('',*,*,#7317,.F.);
#7715=EDGE_LOOP('',(#7706,#7707,#7713,#7714));
#7716=FACE_BOUND('',#7715,.T.);
#7717=ADVANCED_FACE('',(#7716),#7705,.T.);
#7718=CARTESIAN_POINT('',(63.4,-28.5,-5.));
#7719=DIRECTION('',(1.,0.,0.));
#7720=DIRECTION('',(0.,0.,-1.));
#7721=AXIS2_PLACEMENT_3D('',#7718,#7719,#7720);
#7722=CYLINDRICAL_SURFACE('',#7721,1.5);
#7723=CARTESIAN_POINT('',(65.4,-29.618033989,-4.));
#7724=DIRECTION('',(-1.,-0.,0.));
#7725=VECTOR('',#7724,0.9);
#7726=LINE('',#7723,#7725);
#7727=EDGE_CURVE('',#5289,#7320,#7726,.T.);
#7728=ORIENTED_EDGE('',*,*,#7727,.T.);
#7729=ORIENTED_EDGE('',*,*,#7326,.T.);
#7730=ORIENTED_EDGE('',*,*,#7712,.T.);
#7731=ORIENTED_EDGE('',*,*,#5303,.F.);
#7732=EDGE_LOOP('',(#7728,#7729,#7730,#7731));
#7733=FACE_BOUND('',#7732,.T.);
#7734=ADVANCED_FACE('',(#7733),#7722,.F.);
#7735=CARTESIAN_POINT('',(0.,0.,-4.));
#7736=DIRECTION('',(0.,0.,-1.));
#7737=DIRECTION('',(0.,-1.,0.));
#7738=AXIS2_PLACEMENT_3D('',#7735,#7736,#7737);
#7739=PLANE('',#7738);
#7740=ORIENTED_EDGE('',*,*,#7727,.F.);
#7741=ORIENTED_EDGE('',*,*,#5294,.F.);
#7742=CARTESIAN_POINT('',(64.5,-33.381966011,-4.));
#7743=DIRECTION('',(1.,0.,-0.));
#7744=VECTOR('',#7743,0.9);
#7745=LINE('',#7742,#7744);
#7746=EDGE_CURVE('',#7329,#5280,#7745,.T.);
#7747=ORIENTED_EDGE('',*,*,#7746,.F.);
#7748=ORIENTED_EDGE('',*,*,#7334,.F.);
#7749=EDGE_LOOP('',(#7740,#7741,#7747,#7748));
#7750=FACE_BOUND('',#7749,.T.);
#7751=ADVANCED_FACE('',(#7750),#7739,.T.);
#7752=CARTESIAN_POINT('',(63.4,-34.5,-5.));
#7753=DIRECTION('',(1.,0.,0.));
#7754=DIRECTION('',(0.,0.,-1.));
#7755=AXIS2_PLACEMENT_3D('',#7752,#7753,#7754);
#7756=CYLINDRICAL_SURFACE('',#7755,1.5);
#7757=ORIENTED_EDGE('',*,*,#7746,.T.);
#7758=ORIENTED_EDGE('',*,*,#5286,.F.);
#7759=CARTESIAN_POINT('',(65.4,-35.618033989,-4.));
#7760=DIRECTION('',(-1.,-0.,0.));
#7761=VECTOR('',#7760,0.9);
#7762=LINE('',#7759,#7761);
#7763=EDGE_CURVE('',#5272,#7337,#7762,.T.);
#7764=ORIENTED_EDGE('',*,*,#7763,.T.);
#7765=ORIENTED_EDGE('',*,*,#7343,.T.);
#7766=EDGE_LOOP('',(#7757,#7758,#7764,#7765));
#7767=FACE_BOUND('',#7766,.T.);
#7768=ADVANCED_FACE('',(#7767),#7756,.F.);
#7769=CARTESIAN_POINT('',(0.,0.,-4.));
#7770=DIRECTION('',(0.,0.,-1.));
#7771=DIRECTION('',(0.,-1.,0.));
#7772=AXIS2_PLACEMENT_3D('',#7769,#7770,#7771);
#7773=PLANE('',#7772);
#7774=CARTESIAN_POINT('',(64.5,-39.381966011,-4.));
#7775=DIRECTION('',(1.,0.,-0.));
#7776=VECTOR('',#7775,0.9);
#7777=LINE('',#7774,#7776);
#7778=EDGE_CURVE('',#7346,#5263,#7777,.T.);
#7779=ORIENTED_EDGE('',*,*,#7778,.F.);
#7780=ORIENTED_EDGE('',*,*,#7351,.F.);
#7781=ORIENTED_EDGE('',*,*,#7763,.F.);
#7782=ORIENTED_EDGE('',*,*,#5277,.F.);
#7783=EDGE_LOOP('',(#7779,#7780,#7781,#7782));
#7784=FACE_BOUND('',#7783,.T.);
#7785=ADVANCED_FACE('',(#7784),#7773,.T.);
#7786=CARTESIAN_POINT('',(62.4,-40.5,-5.));
#7787=DIRECTION('',(1.,0.,0.));
#7788=DIRECTION('',(0.,0.,-1.));
#7789=AXIS2_PLACEMENT_3D('',#7786,#7787,#7788);
#7790=CYLINDRICAL_SURFACE('',#7789,1.5);
#7791=CARTESIAN_POINT('',(65.4,-41.2,-3.673350084));
#7792=DIRECTION('',(-1.,-0.,0.));
#7793=VECTOR('',#7792,0.9);
#7794=LINE('',#7791,#7793);
#7795=EDGE_CURVE('',#5255,#7354,#7794,.T.);
#7796=ORIENTED_EDGE('',*,*,#7795,.T.);
#7797=ORIENTED_EDGE('',*,*,#7360,.T.);
#7798=ORIENTED_EDGE('',*,*,#7778,.T.);
#7799=ORIENTED_EDGE('',*,*,#5269,.F.);
#7800=EDGE_LOOP('',(#7796,#7797,#7798,#7799));
#7801=FACE_BOUND('',#7800,.T.);
#7802=ADVANCED_FACE('',(#7801),#7790,.F.);
#7803=CARTESIAN_POINT('',(64.9,-41.2,-4.));
#7804=DIRECTION('',(0.,-1.,0.));
#7805=DIRECTION('',(0.,0.,-1.));
#7806=AXIS2_PLACEMENT_3D('',#7803,#7804,#7805);
#7807=PLANE('',#7806);
#7808=ORIENTED_EDGE('',*,*,#7795,.F.);
#7809=ORIENTED_EDGE('',*,*,#5260,.T.);
#7810=CARTESIAN_POINT('',(64.5,-41.2,-2.5));
#7811=DIRECTION('',(1.,0.,-0.));
#7812=VECTOR('',#7811,0.9);
#7813=LINE('',#7810,#7812);
#7814=EDGE_CURVE('',#7363,#5247,#7813,.T.);
#7815=ORIENTED_EDGE('',*,*,#7814,.F.);
#7816=ORIENTED_EDGE('',*,*,#7368,.F.);
#7817=EDGE_LOOP('',(#7808,#7809,#7815,#7816));
#7818=FACE_BOUND('',#7817,.T.);
#7819=ADVANCED_FACE('',(#7818),#7807,.T.);
#7820=CARTESIAN_POINT('',(0.,0.,-2.5));
#7821=DIRECTION('',(0.,0.,1.));
#7822=DIRECTION('',(-1.,0.,0.));
#7823=AXIS2_PLACEMENT_3D('',#7820,#7821,#7822);
#7824=PLANE('',#7823);
#7825=ORIENTED_EDGE('',*,*,#3780,.F.);
#7826=CARTESIAN_POINT('',(62.4,-44.7,-2.5));
#7827=DIRECTION('',(-0.,-0.,-1.));
#7828=DIRECTION('',(1.,0.,-0.));
#7829=AXIS2_PLACEMENT_3D('',#7826,#7827,#7828);
#7830=CIRCLE('',#7829,1.3);
#7831=EDGE_CURVE('',#952,#3766,#7830,.T.);
#7832=ORIENTED_EDGE('',*,*,#7831,.F.);
#7833=ORIENTED_EDGE('',*,*,#957,.F.);
#7834=ORIENTED_EDGE('',*,*,#1397,.F.);
#7835=EDGE_LOOP('',(#7825,#7832,#7833,#7834));
#7836=FACE_BOUND('',#7835,.T.);
#7837=ORIENTED_EDGE('',*,*,#112,.F.);
#7838=ORIENTED_EDGE('',*,*,#1058,.F.);
#7839=ORIENTED_EDGE('',*,*,#3546,.F.);
#7840=CARTESIAN_POINT('',(-0.,-44.7,-2.5));
#7841=DIRECTION('',(-0.,-0.,-1.));
#7842=DIRECTION('',(1.,0.,-0.));
#7843=AXIS2_PLACEMENT_3D('',#7840,#7841,#7842);
#7844=CIRCLE('',#7843,1.3);
#7845=EDGE_CURVE('',#107,#3534,#7844,.T.);
#7846=ORIENTED_EDGE('',*,*,#7845,.F.);
#7847=EDGE_LOOP('',(#7837,#7838,#7839,#7846));
#7848=FACE_BOUND('',#7847,.T.);
#7849=ORIENTED_EDGE('',*,*,#1329,.F.);
#7850=CARTESIAN_POINT('',(63.4,-12.93514097,-2.5));
#7851=DIRECTION('',(1.,0.,-0.));
#7852=VECTOR('',#7851,1.1);
#7853=LINE('',#7850,#7852);
#7854=EDGE_CURVE('',#1316,#7270,#7853,.T.);
#7855=ORIENTED_EDGE('',*,*,#7854,.T.);
#7856=ORIENTED_EDGE('',*,*,#7374,.T.);
#7857=ORIENTED_EDGE('',*,*,#7814,.T.);
#7858=ORIENTED_EDGE('',*,*,#5252,.F.);
#7859=ORIENTED_EDGE('',*,*,#3853,.T.);
#7860=ORIENTED_EDGE('',*,*,#3934,.F.);
#7861=ORIENTED_EDGE('',*,*,#7548,.F.);
#7862=ORIENTED_EDGE('',*,*,#7434,.T.);
#7863=ORIENTED_EDGE('',*,*,#7587,.T.);
#7864=ORIENTED_EDGE('',*,*,#3904,.F.);
#7865=ORIENTED_EDGE('',*,*,#4163,.T.);
#7866=ORIENTED_EDGE('',*,*,#2171,.F.);
#7867=ORIENTED_EDGE('',*,*,#4192,.F.);
#7868=ORIENTED_EDGE('',*,*,#152,.F.);
#7869=ORIENTED_EDGE('',*,*,#3714,.F.);
#7870=ORIENTED_EDGE('',*,*,#3691,.T.);
#7871=ORIENTED_EDGE('',*,*,#3666,.F.);
#7872=ORIENTED_EDGE('',*,*,#3641,.F.);
#7873=ORIENTED_EDGE('',*,*,#3617,.T.);
#7874=ORIENTED_EDGE('',*,*,#3592,.F.);
#7875=ORIENTED_EDGE('',*,*,#1020,.F.);
#7876=ORIENTED_EDGE('',*,*,#7480,.F.);
#7877=ORIENTED_EDGE('',*,*,#7416,.T.);
#7878=ORIENTED_EDGE('',*,*,#7503,.F.);
#7879=EDGE_LOOP('',(#7849,#7855,#7856,#7857,#7858,#7859,#7860,#7861,#7862,#7863,#7864,#7865,#7866,#7867,#7868,#7869,#7870,#7871,#7872,#7873,#7874,#7875,#7876,#7877,#7878));
#7880=FACE_BOUND('',#7879,.T.);
#7881=ADVANCED_FACE('',(#7836,#7848,#7880),#7824,.F.);
#7882=CARTESIAN_POINT('',(51.177133473,-12.93514097,1.086156944));
#7883=DIRECTION('',(0.,-1.,0.));
#7884=DIRECTION('',(0.,0.,1.));
#7885=AXIS2_PLACEMENT_3D('',#7882,#7883,#7884);
#7886=PLANE('',#7885);
#7887=CARTESIAN_POINT('',(64.40004097,-12.93514097,1.4862));
#7888=DIRECTION('',(-1.,0.,0.));
#7889=VECTOR('',#7888,5.70004097);
#7890=LINE('',#7887,#7889);
#7891=EDGE_CURVE('',#4568,#4640,#7890,.T.);
#7892=ORIENTED_EDGE('',*,*,#7891,.F.);
#7893=ORIENTED_EDGE('',*,*,#4575,.T.);
#7894=ORIENTED_EDGE('',*,*,#7621,.T.);
#7895=ORIENTED_EDGE('',*,*,#5172,.F.);
#7896=ORIENTED_EDGE('',*,*,#7637,.T.);
#7897=ORIENTED_EDGE('',*,*,#7275,.T.);
#7898=ORIENTED_EDGE('',*,*,#7854,.F.);
#7899=ORIENTED_EDGE('',*,*,#1321,.F.);
#7900=ORIENTED_EDGE('',*,*,#7605,.F.);
#7901=ORIENTED_EDGE('',*,*,#4647,.F.);
#7902=EDGE_LOOP('',(#7892,#7893,#7894,#7895,#7896,#7897,#7898,#7899,#7900,#7901));
#7903=FACE_BOUND('',#7902,.T.);
#7904=ADVANCED_FACE('',(#7903),#7886,.F.);
#7905=CARTESIAN_POINT('',(0.,0.,1.4862));
#7906=DIRECTION('',(0.,0.,1.));
#7907=DIRECTION('',(0.,1.,0.));
#7908=AXIS2_PLACEMENT_3D('',#7905,#7906,#7907);
#7909=PLANE('',#7908);
#7910=ORIENTED_EDGE('',*,*,#6742,.T.);
#7911=ORIENTED_EDGE('',*,*,#4543,.F.);
#7912=ORIENTED_EDGE('',*,*,#4581,.T.);
#7913=ORIENTED_EDGE('',*,*,#7891,.T.);
#7914=ORIENTED_EDGE('',*,*,#4768,.F.);
#7915=ORIENTED_EDGE('',*,*,#6634,.F.);
#7916=EDGE_LOOP('',(#7910,#7911,#7912,#7913,#7914,#7915));
#7917=FACE_BOUND('',#7916,.T.);
#7918=ADVANCED_FACE('',(#7917),#7909,.F.);
#7919=CARTESIAN_POINT('',(0.,0.,1.4862));
#7920=DIRECTION('',(0.,0.,1.));
#7921=DIRECTION('',(0.,1.,0.));
#7922=AXIS2_PLACEMENT_3D('',#7919,#7920,#7921);
#7923=PLANE('',#7922);
#7924=CARTESIAN_POINT('',(58.7,-1.03514097,1.4862));
#7925=DIRECTION('',(1.,0.,-0.));
#7926=VECTOR('',#7925,1.477133473);
#7927=LINE('',#7924,#7926);
#7928=EDGE_CURVE('',#4707,#6720,#7927,.T.);
#7929=ORIENTED_EDGE('',*,*,#7928,.T.);
#7930=ORIENTED_EDGE('',*,*,#6753,.T.);
#7931=ORIENTED_EDGE('',*,*,#6605,.F.);
#7932=ORIENTED_EDGE('',*,*,#4720,.F.);
#7933=EDGE_LOOP('',(#7929,#7930,#7931,#7932));
#7934=FACE_BOUND('',#7933,.T.);
#7935=ADVANCED_FACE('',(#7934),#7923,.F.);
#7936=CARTESIAN_POINT('',(60.177133473,-1.03514097,1.086156944));
#7937=DIRECTION('',(0.,1.,0.));
#7938=DIRECTION('',(-1.,0.,0.));
#7939=AXIS2_PLACEMENT_3D('',#7936,#7937,#7938);
#7940=PLANE('',#7939);
#7941=ORIENTED_EDGE('',*,*,#7212,.F.);
#7942=ORIENTED_EDGE('',*,*,#6725,.T.);
#7943=ORIENTED_EDGE('',*,*,#7928,.F.);
#7944=ORIENTED_EDGE('',*,*,#4712,.F.);
#7945=EDGE_LOOP('',(#7941,#7942,#7943,#7944));
#7946=FACE_BOUND('',#7945,.T.);
#7947=ADVANCED_FACE('',(#7946),#7940,.F.);
#7948=CARTESIAN_POINT('',(63.4,-4.5,-5.));
#7949=DIRECTION('',(1.,0.,0.));
#7950=DIRECTION('',(0.,0.,-1.));
#7951=AXIS2_PLACEMENT_3D('',#7948,#7949,#7950);
#7952=CYLINDRICAL_SURFACE('',#7951,1.5);
#7953=ORIENTED_EDGE('',*,*,#7006,.T.);
#7954=ORIENTED_EDGE('',*,*,#373,.T.);
#7955=CARTESIAN_POINT('',(-2.1,-5.618033989,-4.));
#7956=DIRECTION('',(-1.,-0.,0.));
#7957=VECTOR('',#7956,0.9);
#7958=LINE('',#7955,#7957);
#7959=EDGE_CURVE('',#359,#2023,#7958,.T.);
#7960=ORIENTED_EDGE('',*,*,#7959,.T.);
#7961=ORIENTED_EDGE('',*,*,#2029,.F.);
#7962=EDGE_LOOP('',(#7953,#7954,#7960,#7961));
#7963=FACE_BOUND('',#7962,.T.);
#7964=ADVANCED_FACE('',(#7963),#7952,.F.);
#7965=CARTESIAN_POINT('',(0.,0.,-4.));
#7966=DIRECTION('',(0.,0.,-1.));
#7967=DIRECTION('',(0.,-1.,0.));
#7968=AXIS2_PLACEMENT_3D('',#7965,#7966,#7967);
#7969=PLANE('',#7968);
#7970=CARTESIAN_POINT('',(-3.,-9.381966011,-4.));
#7971=DIRECTION('',(1.,0.,-0.));
#7972=VECTOR('',#7971,0.9);
#7973=LINE('',#7970,#7972);
#7974=EDGE_CURVE('',#2032,#350,#7973,.T.);
#7975=ORIENTED_EDGE('',*,*,#7974,.F.);
#7976=ORIENTED_EDGE('',*,*,#2037,.F.);
#7977=ORIENTED_EDGE('',*,*,#7959,.F.);
#7978=ORIENTED_EDGE('',*,*,#364,.F.);
#7979=EDGE_LOOP('',(#7975,#7976,#7977,#7978));
#7980=FACE_BOUND('',#7979,.T.);
#7981=ADVANCED_FACE('',(#7980),#7969,.T.);
#7982=CARTESIAN_POINT('',(63.4,-10.5,-5.));
#7983=DIRECTION('',(1.,0.,0.));
#7984=DIRECTION('',(0.,0.,-1.));
#7985=AXIS2_PLACEMENT_3D('',#7982,#7983,#7984);
#7986=CYLINDRICAL_SURFACE('',#7985,1.5);
#7987=ORIENTED_EDGE('',*,*,#7974,.T.);
#7988=ORIENTED_EDGE('',*,*,#356,.T.);
#7989=ORIENTED_EDGE('',*,*,#6984,.T.);
#7990=ORIENTED_EDGE('',*,*,#2046,.F.);
#7991=EDGE_LOOP('',(#7987,#7988,#7989,#7990));
#7992=FACE_BOUND('',#7991,.T.);
#7993=ADVANCED_FACE('',(#7992),#7986,.F.);
#7994=CARTESIAN_POINT('',(4.24500889,-36.830578542,1.086154543));
#7995=DIRECTION('',(0.,0.,1.));
#7996=DIRECTION('',(0.,-1.,0.));
#7997=AXIS2_PLACEMENT_3D('',#7994,#7995,#7996);
#7998=PLANE('',#7997);
#7999=ORIENTED_EDGE('',*,*,#282,.F.);
#8000=ORIENTED_EDGE('',*,*,#6468,.T.);
#8001=ORIENTED_EDGE('',*,*,#7237,.T.);
#8002=CARTESIAN_POINT('',(-0.,-1.739042418,1.086156986));
#8003=DIRECTION('',(-1.,0.,0.));
#8004=VECTOR('',#8003,1.);
#8005=LINE('',#8002,#8004);
#8006=EDGE_CURVE('',#7226,#277,#8005,.T.);
#8007=ORIENTED_EDGE('',*,*,#8006,.T.);
#8008=EDGE_LOOP('',(#7999,#8000,#8001,#8007));
#8009=FACE_BOUND('',#8008,.T.);
#8010=ADVANCED_FACE('',(#8009),#7998,.T.);
#8011=CARTESIAN_POINT('',(-0.,-1.739042418,-0.013843014));
#8012=DIRECTION('',(0.,1.,0.));
#8013=DIRECTION('',(0.,0.,1.));
#8014=AXIS2_PLACEMENT_3D('',#8011,#8012,#8013);
#8015=PLANE('',#8014);
#8016=ORIENTED_EDGE('',*,*,#290,.F.);
#8017=ORIENTED_EDGE('',*,*,#8006,.F.);
#8018=ORIENTED_EDGE('',*,*,#7231,.T.);
#8019=ORIENTED_EDGE('',*,*,#7088,.T.);
#8020=EDGE_LOOP('',(#8016,#8017,#8018,#8019));
#8021=FACE_BOUND('',#8020,.T.);
#8022=ADVANCED_FACE('',(#8021),#8015,.T.);
#8023=CARTESIAN_POINT('',(-0.,-44.7,5.5));
#8024=DIRECTION('',(0.,0.,-1.));
#8025=DIRECTION('',(-1.,0.,0.));
#8026=AXIS2_PLACEMENT_3D('',#8023,#8024,#8025);
#8027=CYLINDRICAL_SURFACE('',#8026,1.3);
#8028=ORIENTED_EDGE('',*,*,#3539,.T.);
#8029=ORIENTED_EDGE('',*,*,#3516,.F.);
#8030=ORIENTED_EDGE('',*,*,#120,.T.);
#8031=ORIENTED_EDGE('',*,*,#7845,.T.);
#8032=EDGE_LOOP('',(#8028,#8029,#8030,#8031));
#8033=FACE_BOUND('',#8032,.T.);
#8034=ADVANCED_FACE('',(#8033),#8027,.F.);
#8035=CARTESIAN_POINT('',(62.4,-44.7,5.5));
#8036=DIRECTION('',(0.,0.,-1.));
#8037=DIRECTION('',(-1.,0.,0.));
#8038=AXIS2_PLACEMENT_3D('',#8035,#8036,#8037);
#8039=CYLINDRICAL_SURFACE('',#8038,1.3);
#8040=ORIENTED_EDGE('',*,*,#3773,.T.);
#8041=ORIENTED_EDGE('',*,*,#3825,.F.);
#8042=ORIENTED_EDGE('',*,*,#3206,.F.);
#8043=ORIENTED_EDGE('',*,*,#965,.T.);
#8044=ORIENTED_EDGE('',*,*,#7831,.T.);
#8045=EDGE_LOOP('',(#8040,#8041,#8042,#8043,#8044));
#8046=FACE_BOUND('',#8045,.T.);
#8047=ADVANCED_FACE('',(#8046),#8039,.F.);
#8048=CARTESIAN_POINT('',(-0.,6.,5.5));
#8049=DIRECTION('',(0.,0.,-1.));
#8050=DIRECTION('',(-1.,0.,0.));
#8051=AXIS2_PLACEMENT_3D('',#8048,#8049,#8050);
#8052=CYLINDRICAL_SURFACE('',#8051,1.3);
#8053=ORIENTED_EDGE('',*,*,#6022,.T.);
#8054=ORIENTED_EDGE('',*,*,#6240,.F.);
#8055=ORIENTED_EDGE('',*,*,#6047,.F.);
#8056=ORIENTED_EDGE('',*,*,#6223,.F.);
#8057=ORIENTED_EDGE('',*,*,#1908,.T.);
#8058=ORIENTED_EDGE('',*,*,#413,.T.);
#8059=EDGE_LOOP('',(#8053,#8054,#8055,#8056,#8057,#8058));
#8060=FACE_BOUND('',#8059,.T.);
#8061=ADVANCED_FACE('',(#8060),#8052,.F.);
#8062=CARTESIAN_POINT('',(62.4,6.,5.5));
#8063=DIRECTION('',(0.,0.,-1.));
#8064=DIRECTION('',(-1.,0.,0.));
#8065=AXIS2_PLACEMENT_3D('',#8062,#8063,#8064);
#8066=CYLINDRICAL_SURFACE('',#8065,1.3);
#8067=ORIENTED_EDGE('',*,*,#6079,.T.);
#8068=ORIENTED_EDGE('',*,*,#6159,.F.);
#8069=ORIENTED_EDGE('',*,*,#6257,.F.);
#8070=ORIENTED_EDGE('',*,*,#1421,.T.);
#8071=ORIENTED_EDGE('',*,*,#450,.T.);
#8072=EDGE_LOOP('',(#8067,#8068,#8069,#8070,#8071));
#8073=FACE_BOUND('',#8072,.T.);
#8074=ADVANCED_FACE('',(#8073),#8066,.F.);
#8075=CARTESIAN_POINT('',(48.,4.,13.5));
#8076=DIRECTION('',(0.,0.,1.));
#8077=DIRECTION('',(1.,0.,-0.));
#8078=AXIS2_PLACEMENT_3D('',#8075,#8076,#8077);
#8079=CYLINDRICAL_SURFACE('',#8078,3.025);
#8080=ORIENTED_EDGE('',*,*,#6281,.F.);
#8081=ORIENTED_EDGE('',*,*,#1701,.T.);
#8082=ORIENTED_EDGE('',*,*,#5478,.T.);
#8083=ORIENTED_EDGE('',*,*,#5864,.F.);
#8084=EDGE_LOOP('',(#8080,#8081,#8082,#8083));
#8085=FACE_BOUND('',#8084,.T.);
#8086=ADVANCED_FACE('',(#8085),#8079,.T.);
#8087=CARTESIAN_POINT('',(8.,4.,13.5));
#8088=DIRECTION('',(0.,0.,1.));
#8089=DIRECTION('',(1.,0.,-0.));
#8090=AXIS2_PLACEMENT_3D('',#8087,#8088,#8089);
#8091=CYLINDRICAL_SURFACE('',#8090,3.025);
#8092=ORIENTED_EDGE('',*,*,#6338,.F.);
#8093=ORIENTED_EDGE('',*,*,#1594,.T.);
#8094=ORIENTED_EDGE('',*,*,#5423,.T.);
#8095=ORIENTED_EDGE('',*,*,#5944,.F.);
#8096=EDGE_LOOP('',(#8092,#8093,#8094,#8095));
#8097=FACE_BOUND('',#8096,.T.);
#8098=ADVANCED_FACE('',(#8097),#8091,.T.);
#8099=CLOSED_SHELL('',(#308,#391,#644,#716,#758,#800,#851,#893,#935,#1169,#1202,#1244,#1299,#1504,#1783,#1942,#1974,#2006,#2204,#2244,#2277,#2308,#2341,#2372,#2405,#2436,
#2460,#2546,#2577,#2601,#2624,#2657,#2688,#2713,#2737,#2762,#2786,#2811,#2835,#2853,#2884,#2909,#2933,#2958,#2982,#3007,#3031,#3049,#3080,#3105,#3129,
#3154,#3178,#3194,#3210,#3344,#3366,#3383,#3400,#3417,#3434,#3502,#3527,#3554,#3578,#3603,#3628,#3652,#3677,#3702,#3720,#3742,#3759,#3799,#3809,#3830,
#3872,#3945,#3963,#3995,#4007,#4049,#4080,#4111,#4151,#4175,#4197,#4214,#4231,#4248,#4271,#4288,#4305,#4322,#4339,#4356,#4374,#4407,#4451,#4490,#4521,
#4561,#4608,#4633,#4772,#4819,#4850,#4912,#4936,#5001,#5018,#5100,#5117,#5150,#5339,#5370,#5394,#5411,#5442,#5466,#5497,#5521,#5543,#5608,#5639,#5651,
#5677,#5696,#5713,#5727,#5767,#5789,#5806,#5818,#5835,#5898,#5915,#5978,#6010,#6035,#6067,#6099,#6131,#6164,#6176,#6188,#6200,#6212,#6228,#6245,#6261,
#6271,#6293,#6310,#6328,#6350,#6367,#6385,#6415,#6432,#6444,#6456,#6474,#6486,#6511,#6543,#6567,#6592,#6616,#6640,#6652,#6681,#6693,#6711,#6757,#6781,
#6805,#6822,#6834,#6846,#6858,#6870,#6882,#6897,#6911,#6942,#6973,#6995,#7017,#7029,#7041,#7058,#7075,#7099,#7116,#7133,#7145,#7178,#7190,#7201,#7218,
#7249,#7261,#7378,#7420,#7460,#7484,#7508,#7520,#7538,#7560,#7577,#7594,#7611,#7627,#7649,#7666,#7683,#7700,#7717,#7734,#7751,#7768,#7785,#7802,#7819,
#7881,#7904,#7918,#7935,#7947,#7964,#7981,#7993,#8010,#8022,#8034,#8047,#8061,#8074,#8086,#8098));
#8100=MANIFOLD_SOLID_BREP('\X2\591658F34E0A\X0\',#8099);
#8101=COLOUR_RGB('',0.627451003,0.627451003,0.643137276);
#8102=FILL_AREA_STYLE_COLOUR('',#8101);
#8103=FILL_AREA_STYLE('',(#8102));
#8104=SURFACE_STYLE_FILL_AREA(#8103);
#8105=SURFACE_SIDE_STYLE('',(#8104));
#8106=SURFACE_STYLE_USAGE(.BOTH.,#8105);
#8107=PRESENTATION_STYLE_ASSIGNMENT((#8106));
#26=STYLED_ITEM('',(#8107),#8100);
#16=SHAPE_REPRESENTATION('root',(#15),#10);
#17=ADVANCED_BREP_SHAPE_REPRESENTATION('root',(#8100),#10);
#8115=SHAPE_REPRESENTATION_RELATIONSHIP('','',#16,#17);
#8116=CARTESIAN_POINT('',(0.,0.,0.));
#8117=DIRECTION('',(0.,0.,1.));
#8118=DIRECTION('',(1.,0.,0.));
#8119=AXIS2_PLACEMENT_3D('',#8116,#8117,#8118);
#8121=MAPPED_ITEM('',#8120,#8119);
#8120=REPRESENTATION_MAP(#8119,#16);
#8122=APPLICATION_CONTEXT('Managed model based 3d engineering');
#8123=APPLICATION_PROTOCOL_DEFINITION('international standard','ap242_managed_model_based_3d_engineering',2014,#8122);
#8124=PRODUCT_CONTEXT('',#8122,'mechanical');
#8125=PRODUCT_DEFINITION_CONTEXT('part definition',#8122,'design');
#24=PRODUCT('root','root','',(#8124));
#8126=PRODUCT_RELATED_PRODUCT_CATEGORY('part','',(#24));
#8127=PRODUCT_DEFINITION_FORMATION_WITH_SPECIFIED_SOURCE('','',#24,.NOT_KNOWN.);
#25=PRODUCT_DEFINITION('design','',#8127,#8125);
#23=PRODUCT_DEFINITION_SHAPE('','',#25);
#8128=SHAPE_DEFINITION_REPRESENTATION(#23,#16);
#11=DRAUGHTING_MODEL('',(#8121),#10);
#8129=DESCRIPTIVE_REPRESENTATION_ITEM('KEY','C:\\Users\\86180\\AppData\\Local\\Packages\\Shapr3D.Shapr3D_j403pzjkqtqbj\\TempState\\fef6321a-7c7f-451d-9389-492c5ff0bc22.tmp');
#8130=PROPERTY_DEFINITION('KEY','',#25);
#8131=REPRESENTATION('',(#8129),#10);
#8132=PROPERTY_DEFINITION_REPRESENTATION(#8130,#8131);
#8133=GENERAL_PROPERTY('','KEY','');
#8134=GENERAL_PROPERTY_ASSOCIATION('','',#8133,#8130);
#1=MECHANICAL_DESIGN_GEOMETRIC_PRESENTATION_REPRESENTATION('',(#26),#10);
ENDSEC;
END-ISO-10303-21;
